344	19	148
194	19	146
245	19	146
326	19	146
182	19	148
300	19	149
371	19	147
227	19	146
348	19	147
255	19	149
284	19	146
358	19	148
354	19	146
397	19	148
247	19	146
379	19	148
352	19	147
220	19	146
246	19	148
366	19	149
205	19	146
335	19	148
180	19	146
187	19	146
407	19	147
374	19	148
333	19	148
293	19	148
405	19	147
321	19	148
181	19	148
266	19	148
373	19	148
364	19	148
413	19	146
367	19	146
270	19	149
268	19	146
317	19	147
329	19	148
341	19	148
316	19	146
209	19	146
365	19	146
309	19	147
217	19	146
399	19	148
196	19	146
400	19	147
355	19	148
234	19	146
264	19	148
204	19	146
289	19	149
388	19	148
202	19	146
260	19	148
287	19	147
386	19	148
239	19	147
359	19	149
203	19	146
285	19	146
412	19	147
345	19	146
363	19	148
207	19	146
322	19	148
219	19	146
212	19	146
349	19	148
267	19	146
218	19	146
361	19	146
408	19	148
214	19	146
347	19	146
356	19	149
336	19	148
231	19	146
250	19	146
183	19	147
271	19	146
313	19	148
273	19	147
406	19	148
242	19	148
251	19	147
375	19	146
278	19	146
380	19	148
193	19	146
184	19	147
381	19	146
272	19	146
383	19	147
401	19	146
254	19	149
188	19	146
191	19	146
385	19	148
339	19	146
192	19	146
346	19	148
384	19	149
200	19	146
258	19	148
404	19	148
281	19	148
308	19	147
199	19	146
291	19	148
292	19	148
372	19	147
257	19	148
198	19	146
409	19	148
369	19	147
280	19	146
320	19	146
299	19	148
277	19	148
390	19	149
394	19	148
261	19	146
248	19	146
327	19	146
189	19	146
233	19	147
323	19	148
310	19	147
226	19	146
263	19	146
269	19	146
274	19	148
221	19	150
253	19	147
337	19	148
391	19	147
275	19	148
396	19	149
230	19	146
206	19	146
410	19	148
378	19	148
376	19	148
259	19	148
360	19	147
197	19	146
215	19	146
402	19	148
305	19	148
190	19	146
210	19	146
357	19	148
256	19	149
201	19	146
249	19	146
279	19	147
415	19	146
353	19	149
276	19	148
179	19	148
362	19	147
286	19	149
290	19	149
216	19	146
262	19	146
297	19	149
252	19	147
311	19	146
382	19	148
377	19	148
225	19	146
213	19	146
244	19	147
195	19	146
414	19	148
1737	20	363
1647	20	1283
2029	20	388
2038	20	373
1697	20	248
1360	20	293
2256	20	816
2470	20	906
1915	20	625
2251	20	293
1642	20	297
2120	20	385
1555	20	281
2308	20	388
2329	20	281
1370	20	291
2268	20	854
1506	20	414
2257	20	818
2424	20	293
2254	20	293
1425	20	399
1671	20	1263
1562	20	1238
2419	20	984
1918	20	397
1428	20	399
2356	20	277
1795	20	353
1780	20	388
1462	20	786
1968	20	362
1841	20	181
1348	20	613
2442	20	355
1747	20	363
1351	20	1090
1562	20	281
1344	20	743
2234	20	394
2447	20	299
2402	20	183
1352	20	266
2518	20	1029
2209	20	385
1646	20	322
2524	20	408
1934	20	361
1745	20	1262
2301	20	388
1791	20	371
2129	20	575
1342	20	388
1566	20	356
1366	20	1102
1735	20	397
1828	20	371
2339	20	259
2199	20	378
2095	20	385
1398	20	233
2050	20	1251
1616	20	414
2098	20	568
1319	20	277
1996	20	574
2043	20	388
1448	20	293
1772	20	373
2280	20	258
1438	20	281
1553	20	293
1795	20	564
1555	20	1190
2226	20	378
1449	20	289
1933	20	219
2438	20	873
2272	20	364
1360	20	409
1937	20	355
1457	20	938
1377	20	1109
1546	20	356
1595	20	250
1571	20	352
1895	20	248
2436	20	299
2004	20	355
2280	20	257
2466	20	293
1743	20	363
1856	20	587
2347	20	181
1873	20	408
2412	20	264
1954	20	280
1867	20	183
2221	20	385
2519	20	293
2003	20	373
1457	20	1160
2419	20	621
1736	20	388
1521	20	373
1910	20	238
1675	20	336
2096	20	385
1873	20	599
2296	20	858
1796	20	806
1361	20	293
2094	20	385
2058	20	233
2545	20	409
1680	20	1311
1753	20	293
2495	20	182
2326	20	182
1906	20	388
1724	20	1010
2239	20	402
1897	20	498
2284	20	378
1967	20	409
2076	20	378
1456	20	1192
1938	20	378
2456	20	261
2262	20	699
2116	20	347
2544	20	1042
1885	20	373
2438	20	876
2057	20	601
2222	20	772
2261	20	293
2304	20	864
1382	20	378
1573	20	183
1954	20	261
2437	20	281
1487	20	972
2131	20	567
2063	20	388
1787	20	380
1555	20	1025
2294	20	388
1664	20	323
2333	20	1175
2532	20	270
2522	20	281
1979	20	200
1904	20	399
2473	20	291
1522	20	277
2049	20	373
2268	20	385
2421	20	722
1417	20	254
2009	20	408
2265	20	852
2181	20	780
2259	20	808
2049	20	380
2108	20	385
2512	20	906
2104	20	385
2282	20	373
2283	20	355
2471	20	293
1410	20	183
1758	20	391
2490	20	361
1436	20	352
1968	20	754
2358	20	361
2143	20	179
1535	20	329
1963	20	361
1908	20	388
2375	20	920
1749	20	616
2384	20	933
1498	20	1184
1908	20	373
2460	20	299
1732	20	182
2433	20	399
1739	20	668
1557	20	242
1347	20	274
2541	20	276
2111	20	357
2527	20	1035
1749	20	1251
2131	20	771
1506	20	281
2275	20	385
1804	20	378
1754	20	371
1420	20	1134
1678	20	336
1337	20	1062
1447	20	293
2122	20	768
1354	20	743
2065	20	730
1459	20	1163
2356	20	877
1546	20	353
1841	20	388
1574	20	1246
2082	20	357
1989	20	402
2282	20	357
1555	20	592
2262	20	363
2452	20	414
2266	20	349
2048	20	357
2121	20	764
2063	20	378
1351	20	1085
2259	20	845
2407	20	388
2535	20	1304
1363	20	1100
2347	20	897
2421	20	968
1691	20	182
1637	20	353
2413	20	180
1604	20	242
2404	20	233
1919	20	1262
1336	20	1056
1538	20	711
1383	20	906
2069	20	743
2116	20	271
2077	20	720
2057	20	408
1749	20	1032
1366	20	1100
2422	20	181
1760	20	354
2396	20	953
2393	20	353
2374	20	919
1774	20	371
1620	20	281
1813	20	364
1333	20	276
1600	20	291
1479	20	242
2438	20	877
1461	20	997
1806	20	408
1740	20	363
1329	20	388
1722	20	408
1806	20	555
2529	20	293
2060	20	735
1891	20	355
2239	20	399
2506	20	299
1945	20	361
1752	20	345
1390	20	1112
2346	20	879
1744	20	363
2185	20	349
2088	20	570
1508	20	323
1475	20	1134
1968	20	352
1844	20	293
2421	20	969
1648	20	1286
1772	20	388
1790	20	786
1768	20	371
1555	20	397
2484	20	1075
1920	20	264
2414	20	281
1341	20	495
1708	20	394
1670	20	402
2123	20	377
2495	20	388
1430	20	1143
2126	20	385
1855	20	363
2485	20	281
1999	20	357
1576	20	1151
1761	20	1302
2501	20	415
1571	20	310
2464	20	293
2227	20	385
2239	20	514
2005	20	293
2415	20	619
2216	20	385
2465	20	361
1881	20	347
2023	20	378
1315	20	388
2114	20	357
2280	20	293
2428	20	276
1501	20	274
1916	20	373
1915	20	630
1967	20	293
1913	20	388
2380	20	394
2129	20	179
1481	20	677
1378	20	1110
1619	20	414
1544	20	414
1553	20	257
1425	20	1063
2287	20	239
2139	20	386
2153	20	385
2514	20	180
1948	20	374
2266	20	385
2232	20	355
1396	20	1116
1735	20	388
1554	20	200
2045	20	373
2410	20	965
1763	20	183
1902	20	181
1879	20	361
2127	20	576
2256	20	830
1787	20	378
2292	20	388
2143	20	378
2149	20	385
1517	20	299
1724	20	376
1890	20	376
2224	20	792
2518	20	257
1591	20	323
2062	20	408
2195	20	352
2494	20	269
1316	20	206
1478	20	388
2202	20	293
2462	20	388
1487	20	1177
2219	20	385
2349	20	281
1578	20	363
1487	20	1034
2123	20	386
1726	20	378
2136	20	378
1704	20	351
2484	20	1004
2135	20	388
2060	20	734
2253	20	593
2416	20	722
2418	20	722
1446	20	1058
2347	20	896
2502	20	1019
1740	20	1010
1422	20	291
1965	20	388
2346	20	875
2462	20	1284
2013	20	388
2156	20	385
2373	20	793
1591	20	337
1481	20	242
2387	20	948
2543	20	271
1657	20	1123
2221	20	790
2345	20	388
1911	20	722
1442	20	277
1599	20	378
2171	20	385
2106	20	378
1734	20	378
1497	20	993
1996	20	710
1394	20	355
1730	20	378
2064	20	385
2239	20	799
2255	20	257
2250	20	378
2517	20	248
2524	20	182
1408	20	391
1735	20	378
2243	20	507
1981	20	261
1325	20	991
1999	20	388
2537	20	281
1397	20	183
1839	20	385
2106	20	385
2261	20	378
2256	20	813
1857	20	363
1618	20	963
2226	20	364
1595	20	200
1829	20	572
1587	20	200
2448	20	399
2302	20	200
2362	20	254
2304	20	863
2108	20	507
2228	20	364
1984	20	182
1851	20	388
1627	20	1263
1610	20	1194
1689	20	363
2506	20	274
2367	20	394
1850	20	582
1328	20	383
2360	20	242
2269	20	385
1453	20	1157
1437	20	548
1361	20	378
1449	20	353
2380	20	399
2363	20	248
2265	20	293
2421	20	619
2429	20	250
1800	20	548
1914	20	373
1647	20	274
2385	20	793
1542	20	1209
1455	20	360
1374	20	291
2531	20	270
1559	20	369
1494	20	1180
1872	20	1299
1348	20	200
2474	20	301
2164	20	385
1793	20	371
1436	20	1146
1431	20	287
2256	20	966
1999	20	373
1497	20	873
2333	20	1186
1729	20	388
1378	20	274
1496	20	1181
1954	20	548
2427	20	399
2124	20	570
2136	20	511
1701	20	414
1367	20	902
1347	20	305
1457	20	281
2420	20	981
1319	20	409
1860	20	183
2256	20	822
1430	20	402
2136	20	385
1433	20	352
1971	20	679
2474	20	293
1749	20	523
2316	20	871
1678	20	1265
1816	20	225
2523	20	858
1511	20	353
2146	20	828
1992	20	701
1727	20	397
2296	20	859
2330	20	284
1568	20	248
1327	20	1050
2341	20	893
2407	20	259
2063	20	364
2069	20	786
2421	20	988
2400	20	183
1830	20	378
2353	20	388
2118	20	364
2420	20	621
1892	20	355
1598	20	322
1555	20	313
2097	20	755
1317	20	495
2073	20	741
1936	20	655
1702	20	374
1708	20	374
1555	20	1232
1542	20	1206
2083	20	349
1318	20	369
1380	20	1111
1552	20	1223
1376	20	1106
2292	20	935
2394	20	353
2477	20	378
1336	20	293
2050	20	264
2293	20	402
1509	20	200
2194	20	349
1646	20	242
2216	20	789
2064	20	357
1845	20	363
2372	20	293
2295	20	857
1522	20	1193
2074	20	388
1373	20	410
2333	20	1131
2535	20	1302
1320	20	1033
2359	20	293
1901	20	388
1914	20	1010
1543	20	414
2310	20	499
2443	20	361
2535	20	1300
1379	20	274
2430	20	242
2115	20	606
1743	20	397
1767	20	364
2108	20	511
2420	20	414
1381	20	275
1543	20	1214
1457	20	941
1628	20	1263
1384	20	262
2385	20	943
1603	20	414
1464	20	257
2292	20	528
2180	20	364
1569	20	1308
1897	20	394
2180	20	385
1787	20	179
1690	20	179
1707	20	519
2179	20	352
1678	20	1263
1567	20	1063
2071	20	388
1388	20	1012
1996	20	385
1570	20	245
2540	20	378
1825	20	357
1753	20	593
2142	20	378
1975	20	397
2146	20	383
1915	20	627
1903	20	399
1797	20	396
1846	20	355
1881	20	606
2028	20	388
2147	20	569
1760	20	367
1703	20	374
1794	20	546
2469	20	396
2101	20	364
1720	20	378
2438	20	277
2122	20	364
1884	20	402
2243	20	966
2166	20	349
1797	20	351
2019	20	1300
1481	20	679
1567	20	281
1936	20	378
1776	20	352
2504	20	281
2333	20	1119
2284	20	380
1348	20	355
2012	20	373
1880	20	361
1397	20	352
2358	20	262
1738	20	514
1771	20	371
1600	20	276
1796	20	364
2416	20	388
1980	20	280
2404	20	183
2526	20	264
2490	20	262
2462	20	1273
2411	20	181
2120	20	567
2512	20	245
1499	20	906
1593	20	402
2276	20	349
1756	20	245
2419	20	981
2248	20	804
1969	20	361
2333	20	1153
1911	20	620
2077	20	724
1543	20	1182
1946	20	516
1536	20	281
1680	20	363
1992	20	704
2190	20	347
2129	20	574
2515	20	906
1874	20	388
1761	20	408
1992	20	693
1400	20	183
1546	20	254
1886	20	347
2220	20	378
2226	20	385
1740	20	397
1434	20	376
2132	20	755
1665	20	183
2349	20	903
1422	20	293
2162	20	349
1580	20	272
2538	20	293
2261	20	699
1762	20	381
2324	20	354
1381	20	242
1806	20	557
1343	20	862
1835	20	222
2077	20	715
2115	20	608
2307	20	397
1909	20	385
1787	20	385
2464	20	257
1590	20	257
2468	20	264
1829	20	226
1807	20	561
1792	20	220
1583	20	310
2509	20	414
1996	20	511
2393	20	356
2391	20	949
1551	20	274
2531	20	369
2161	20	378
1686	20	501
1535	20	1202
2199	20	355
2269	20	854
1984	20	242
2257	20	507
2415	20	181
1480	20	182
1581	20	326
1348	20	557
1470	20	183
1917	20	388
1773	20	388
2242	20	363
2360	20	291
1699	20	355
2243	20	801
2239	20	1273
2433	20	299
1856	20	588
2544	20	1040
1950	20	817
2032	20	408
1503	20	415
2408	20	277
2461	20	271
2418	20	963
1604	20	414
1344	20	233
1453	20	271
2156	20	358
1671	20	341
2340	20	892
1352	20	242
2054	20	1304
2346	20	873
2058	20	754
2268	20	853
2111	20	179
2419	20	722
2173	20	379
2498	20	200
1723	20	182
2076	20	380
2422	20	722
2376	20	233
1649	20	955
2072	20	378
1352	20	677
2381	20	754
1500	20	293
2364	20	399
2203	20	388
1641	20	1279
1694	20	394
1439	20	793
1396	20	353
1341	20	1072
2175	20	358
1791	20	544
1741	20	373
1865	20	183
1902	20	388
2434	20	281
1676	20	1263
2329	20	878
2453	20	402
2525	20	250
1974	20	414
2275	20	364
2370	20	388
2423	20	388
2322	20	1032
1708	20	408
1933	20	644
1708	20	388
1722	20	573
1689	20	181
2513	20	406
2145	20	567
2478	20	276
1739	20	699
1481	20	1251
1638	20	1272
1887	20	378
2082	20	385
2073	20	746
1475	20	1133
1536	20	378
2089	20	567
1896	20	247
1736	20	363
1423	20	251
2328	20	279
1564	20	414
2120	20	574
2052	20	1302
2210	20	364
1446	20	938
2314	20	868
1748	20	378
1543	20	994
1536	20	293
2317	20	361
2024	20	378
2097	20	756
1940	20	264
1992	20	702
2516	20	247
1542	20	1023
1594	20	308
2050	20	363
2236	20	200
1586	20	261
1521	20	648
1919	20	512
2419	20	983
1558	20	363
1808	20	405
2023	20	179
1598	20	1243
1341	20	519
2417	20	964
2239	20	388
1465	20	412
1499	20	180
1513	20	363
2170	20	379
1406	20	183
1423	20	1137
2470	20	245
2308	20	281
2467	20	242
1464	20	293
2537	20	242
2100	20	385
2194	20	364
1532	20	275
2225	20	364
2077	20	380
2494	20	200
1598	20	1245
2253	20	293
2092	20	378
1936	20	650
2529	20	242
1942	20	200
2421	20	388
1794	20	547
2342	20	352
2379	20	352
2260	20	849
2068	20	378
1498	20	353
1533	20	242
1962	20	376
1537	20	276
2383	20	362
2093	20	569
2070	20	738
1909	20	388
2258	20	835
2124	20	385
1740	20	181
1981	20	548
1981	20	280
1570	20	180
2272	20	378
1366	20	1101
1582	20	272
1372	20	495
2129	20	385
1441	20	242
2470	20	248
1554	20	271
2309	20	264
1562	20	1237
1894	20	248
2450	20	858
2142	20	364
1749	20	378
2166	20	385
1628	20	1264
1507	20	1189
1529	20	305
1478	20	402
1809	20	414
2281	20	293
1737	20	1010
1999	20	380
2402	20	244
1468	20	352
2066	20	357
2341	20	402
2492	20	408
2356	20	873
1618	20	414
2353	20	711
1542	20	1210
2157	20	839
2242	20	378
2239	20	679
1935	20	373
2301	20	1314
1741	20	363
2162	20	378
1517	20	378
2225	20	385
2115	20	555
2065	20	732
2462	20	399
1615	20	388
2363	20	180
2087	20	507
1611	20	291
2385	20	399
1588	20	355
2510	20	246
2041	20	378
1969	20	250
2116	20	200
2339	20	402
1525	20	329
2539	20	293
2385	20	941
2251	20	378
2419	20	414
1720	20	355
1654	20	317
1555	20	1208
1337	20	1058
1881	20	261
1760	20	359
2302	20	662
2054	20	1300
2064	20	543
1740	20	182
2533	20	200
1916	20	634
1674	20	336
1651	20	183
2449	20	865
1493	20	410
2253	20	809
1849	20	373
1486	20	374
1530	20	275
1990	20	693
2397	20	954
2329	20	299
2323	20	361
2454	20	910
1622	20	287
2065	20	731
2239	20	798
2214	20	358
1669	20	336
1740	20	394
2505	20	354
1636	20	1139
1749	20	293
2438	20	875
1939	20	371
2360	20	293
1391	20	1114
2396	20	952
1995	20	373
1327	20	274
1728	20	397
1973	20	363
2437	20	264
1348	20	316
2284	20	388
2093	20	385
1673	20	1264
1991	20	696
1451	20	353
1797	20	353
2417	20	977
1542	20	1208
2177	20	378
1445	20	366
1706	20	367
2256	20	819
2408	20	182
1520	20	281
2436	20	399
2380	20	388
1662	20	1045
2434	20	378
1324	20	293
1908	20	235
1950	20	352
2482	20	281
2537	20	378
1784	20	364
2160	20	779
1623	20	1057
1542	20	1205
2106	20	1064
1617	20	621
1949	20	182
1989	20	394
2005	20	388
1334	20	360
2415	20	969
2312	20	281
1583	20	1252
1659	20	261
1614	20	414
1806	20	550
1427	20	293
2306	20	363
1468	20	183
2259	20	843
1881	20	608
1466	20	1167
2253	20	804
1771	20	352
1759	20	371
1635	20	1270
2101	20	385
2546	20	388
1509	20	316
1831	20	365
2260	20	844
2072	20	179
2149	20	568
1826	20	293
1518	20	353
2327	20	277
1645	20	1280
1599	20	242
1623	20	811
2471	20	242
2535	20	408
1773	20	357
1594	20	352
1877	20	181
1827	20	546
1575	20	352
1498	20	254
1681	20	329
1991	20	388
2511	20	355
2002	20	388
1594	20	1241
2371	20	351
2167	20	385
1556	20	402
1597	20	271
1640	20	329
1452	20	378
1593	20	1109
1395	20	397
1666	20	1292
1603	20	502
2004	20	373
1718	20	293
2378	20	754
1731	20	388
2113	20	361
1363	20	567
1913	20	364
2288	20	856
2261	20	850
2034	20	380
1713	20	520
1622	20	1134
2053	20	1304
1451	20	1116
2417	20	414
1616	20	1024
2459	20	200
1635	20	1269
2236	20	285
2211	20	406
1924	20	1273
1838	20	179
2502	20	914
1423	20	352
2398	20	352
2057	20	733
2005	20	355
2298	20	412
2534	20	1037
2448	20	1307
1815	20	181
1721	20	373
1386	20	361
1859	20	183
2534	20	293
1806	20	553
2150	20	385
2051	20	408
1804	20	410
1573	20	352
1949	20	388
1773	20	373
2091	20	414
2315	20	264
1990	20	685
1443	20	1152
1537	20	378
1477	20	1052
1857	20	1313
1881	20	200
1748	20	397
1723	20	373
1375	20	743
1806	20	559
2121	20	763
1556	20	388
2519	20	257
2205	20	349
2258	20	512
1915	20	629
2009	20	1302
2006	20	388
2036	20	378
2192	20	349
1630	20	329
1750	20	410
1892	20	378
1421	20	402
2385	20	939
2446	20	376
1345	20	280
1687	20	373
2291	20	242
1822	20	567
1686	20	511
1418	20	254
1422	20	1307
2456	20	909
1436	20	1149
2179	20	360
1583	20	1250
2121	20	765
2101	20	378
1974	20	182
1826	20	378
1707	20	374
1728	20	668
2289	20	758
1422	20	402
2049	20	378
2260	20	293
2383	20	352
1451	20	359
2422	20	388
2351	20	905
2340	20	890
1642	20	359
1477	20	1170
1946	20	397
2193	20	364
1469	20	183
1774	20	183
2218	20	378
1579	20	1242
2518	20	1031
2121	20	762
1694	20	497
1718	20	514
1497	20	879
2258	20	813
2338	20	402
2233	20	402
1725	20	363
1990	20	690
1748	20	1010
2347	20	277
1745	20	397
2421	20	972
2333	20	1108
2474	20	378
2241	20	355
1749	20	520
2507	20	414
1421	20	293
1578	20	378
1574	20	322
1970	20	388
2446	20	355
1876	20	408
1578	20	1010
1724	20	363
1649	20	183
1584	20	1139
2138	20	386
1736	20	378
1694	20	495
2228	20	378
1822	20	385
2468	20	397
2400	20	391
1883	20	399
1316	20	261
2028	20	378
2253	20	618
1542	20	1190
2483	20	361
2348	20	902
1435	20	352
1749	20	525
2121	20	760
1558	20	373
1422	20	1084
1976	20	363
1900	20	181
2277	20	349
2160	20	777
2142	20	222
2240	20	409
1992	20	686
2077	20	718
1558	20	1010
2426	20	793
2287	20	352
2500	20	200
2451	20	997
1790	20	371
1614	20	1025
2321	20	361
2288	20	405
2063	20	293
2501	20	351
1581	20	271
1976	20	264
1591	20	1025
1410	20	1122
1636	20	1271
2135	20	373
2376	20	743
2475	20	291
2285	20	293
2073	20	742
2314	20	869
2364	20	916
1527	20	329
1832	20	1305
2235	20	285
1338	20	1066
1714	20	380
1962	20	1010
1673	20	336
1700	20	409
1691	20	378
2357	20	182
2105	20	357
1581	20	325
1992	20	695
1920	20	410
1755	20	236
1539	20	277
1367	20	281
1657	20	183
2431	20	994
2062	20	1301
2109	20	385
2542	20	936
2289	20	246
2083	20	378
2045	20	358
1777	20	388
1357	20	276
2498	20	204
1773	20	293
2269	20	853
2366	20	394
1336	20	409
1483	20	248
2293	20	276
2359	20	291
1381	20	281
1507	20	277
2382	20	362
1869	20	353
1903	20	376
2415	20	963
1415	20	355
1550	20	1221
1744	20	1010
1713	20	293
1738	20	1262
2200	20	378
1997	20	718
1510	20	282
1776	20	542
1402	20	1117
2137	20	385
2438	20	388
1988	20	675
2122	20	769
2031	20	408
2430	20	293
2090	20	364
2040	20	731
2100	20	378
1466	20	811
2047	20	388
1348	20	1080
2448	20	242
2064	20	380
2243	20	293
1798	20	250
1356	20	1099
1916	20	385
2346	20	181
1733	20	388
1933	20	548
2144	20	378
2462	20	1262
1524	20	274
2346	20	277
1877	20	378
1655	20	183
2314	20	870
1558	20	378
2406	20	242
1990	20	684
1905	20	388
1460	20	414
1596	20	361
2134	20	347
1912	20	399
1535	20	1203
2373	20	399
1735	20	363
1325	20	1017
1450	20	353
2168	20	860
2387	20	945
1375	20	352
1914	20	363
1457	20	291
2433	20	281
1887	20	376
2502	20	1017
1853	20	373
1883	20	242
1656	20	1123
1733	20	397
2401	20	960
2420	20	980
1377	20	1107
1780	20	182
1997	20	715
1339	20	1070
2151	20	385
2061	20	408
1662	20	242
1783	20	223
2452	20	257
1788	20	385
2160	20	778
1582	20	316
2282	20	378
2137	20	378
2534	20	378
1521	20	1010
2136	20	772
1833	20	293
1683	20	1293
1915	20	631
2511	20	257
2058	20	786
2282	20	388
1891	20	376
1909	20	1120
1548	20	378
1990	20	686
1559	20	352
2256	20	826
2415	20	974
2532	20	396
1338	20	1058
2310	20	351
1625	20	329
2264	20	293
2273	20	378
1739	20	688
1472	20	183
2504	20	1023
1970	20	676
1986	20	683
1847	20	581
2055	20	601
1499	20	1185
1458	20	356
1602	20	180
1751	20	182
2247	20	293
2122	20	767
1740	20	374
2102	20	234
2155	20	358
1720	20	388
1471	20	1169
1473	20	360
1652	20	1288
2419	20	969
1477	20	1051
2256	20	814
1348	20	605
2160	20	776
2537	20	299
1934	20	646
1976	20	397
2020	20	373
1904	20	1251
2132	20	385
1660	20	263
2339	20	293
2115	20	609
1801	20	388
2006	20	376
1754	20	534
2086	20	378
1884	20	1273
2453	20	1307
2212	20	780
2177	20	780
1954	20	269
1578	20	376
1834	20	183
1432	20	247
2208	20	364
1886	20	361
2308	20	378
2509	20	1026
1723	20	388
2394	20	951
2379	20	362
2220	20	364
1483	20	247
1495	20	743
1403	20	183
1990	20	695
1924	20	242
2144	20	511
1740	20	373
1338	20	1068
1818	20	379
2448	20	355
1818	20	378
2544	20	276
1855	20	584
1485	20	247
2475	20	293
1598	20	1247
1745	20	516
1757	20	184
1696	20	355
1576	20	366
1555	20	1224
2193	20	349
2525	20	361
1951	20	817
1419	20	351
2080	20	347
2060	20	601
2040	20	732
1819	20	568
1689	20	388
1916	20	388
2028	20	179
2416	20	968
1886	20	345
2247	20	378
1429	20	310
2196	20	412
2043	20	182
2119	20	385
1392	20	275
2172	20	385
2362	20	356
1899	20	388
1477	20	940
1773	20	380
1675	20	1264
2432	20	345
1628	20	336
2398	20	183
1813	20	388
2231	20	414
2275	20	349
1555	20	1226
1348	20	608
1401	20	960
2465	20	415
1512	20	277
1408	20	183
1329	20	276
2003	20	378
2011	20	388
1921	20	232
1325	20	281
1575	20	1248
2239	20	242
1438	20	299
2047	20	373
1667	20	1264
1605	20	414
1612	20	200
1995	20	388
1773	20	179
2483	20	415
1604	20	291
1773	20	182
1826	20	363
1402	20	183
2207	20	364
1361	20	1047
2164	20	378
1532	20	1284
1401	20	183
1634	20	262
1454	20	402
2510	20	260
1881	20	611
1721	20	562
2196	20	787
2026	20	388
2063	20	373
2284	20	293
1750	20	388
1348	20	579
1590	20	378
2511	20	242
2163	20	349
2107	20	567
2481	20	408
1350	20	402
1319	20	397
1947	20	388
1584	20	378
1404	20	376
2249	20	378
2120	20	714
2392	20	353
1705	20	414
1376	20	1105
2346	20	876
2259	20	844
2265	20	699
1812	20	388
2008	20	373
2009	20	1304
2541	20	266
2394	20	359
2258	20	836
1933	20	261
1416	20	388
1988	20	293
2055	20	602
2115	20	347
1594	20	279
2191	20	385
2521	20	388
1729	20	397
1446	20	293
1580	20	311
2218	20	385
2121	20	377
1471	20	1218
1606	20	329
1517	20	274
2416	20	965
1591	20	414
2292	20	956
1461	20	858
2334	20	361
2534	20	260
2082	20	378
1918	20	514
1484	20	360
1614	20	1206
2273	20	385
1439	20	938
1915	20	628
1323	20	257
1776	20	371
1664	20	1282
2472	20	1284
1890	20	373
1719	20	293
1884	20	1284
1741	20	397
1965	20	293
1895	20	247
2258	20	837
1704	20	500
2322	20	1043
1619	20	333
1351	20	1091
2208	20	385
2412	20	388
2067	20	377
2374	20	219
1823	20	385
1808	20	239
2190	20	361
1574	20	1245
2005	20	378
1529	20	274
2499	20	225
1382	20	889
2510	20	414
1647	20	1285
1338	20	1065
1858	20	183
2528	20	414
1545	20	511
1786	20	604
2159	20	386
1542	20	1212
2277	20	385
1985	20	410
2447	20	878
1740	20	355
1904	20	618
1456	20	1191
1799	20	548
1757	20	183
2036	20	388
1399	20	860
1837	20	179
2202	20	399
1369	20	1038
1774	20	541
2424	20	399
2445	20	355
1862	20	184
1363	20	291
2336	20	1010
2259	20	838
1769	20	388
1690	20	494
2536	20	261
1351	20	1087
2217	20	385
1843	20	408
2418	20	621
2259	20	841
1968	20	775
2327	20	879
1381	20	378
1508	20	397
1937	20	1310
2115	20	200
1650	20	183
1842	20	578
2110	20	378
2502	20	281
1533	20	1201
1977	20	373
2004	20	388
1877	20	182
2339	20	388
2409	20	293
1992	20	806
1621	20	277
1430	20	293
1690	20	1032
2444	20	378
2204	20	399
2259	20	846
2308	20	264
1635	20	353
1526	20	329
1757	20	352
1755	20	183
1752	20	361
2455	20	347
2238	20	796
2388	20	250
2323	20	351
1913	20	623
1578	20	373
2094	20	750
2484	20	1003
1836	20	385
1631	20	414
1648	20	274
2527	20	1229
1339	20	409
2298	20	352
1848	20	581
1342	20	293
1362	20	1100
1482	20	281
2431	20	388
2203	20	399
2210	20	378
2111	20	378
2097	20	752
2292	20	924
2111	20	385
2234	20	399
2527	20	1284
1952	20	658
1371	20	274
1884	20	388
1403	20	860
1645	20	242
2260	20	847
1877	20	408
2356	20	388
1821	20	570
1727	20	363
2178	20	349
2224	20	385
1663	20	1206
2335	20	414
1901	20	378
2297	20	707
2532	20	369
1870	20	356
2385	20	293
1584	20	276
1664	20	1191
2054	20	1302
1570	20	248
2416	20	969
1513	20	373
1417	20	353
1579	20	322
2231	20	293
1699	20	406
1825	20	378
1677	20	336
1318	20	352
2282	20	578
1785	20	223
2299	20	862
2108	20	574
2302	20	284
1599	20	275
1904	20	1284
1613	20	200
2461	20	200
2328	20	405
1683	20	1298
2376	20	362
2416	20	619
1350	20	1084
1979	20	280
2189	20	385
1970	20	402
1670	20	388
2472	20	399
2385	20	942
1900	20	373
2308	20	397
1551	20	1111
2469	20	351
2256	20	820
1392	20	399
1607	20	355
2466	20	182
1436	20	1148
1864	20	626
1881	20	613
1811	20	388
2415	20	577
2243	20	800
1718	20	804
1890	20	355
2046	20	388
2000	20	378
2253	20	807
1734	20	397
2408	20	414
1343	20	285
2535	20	1301
1348	20	559
2259	20	507
1729	20	1010
1749	20	526
2462	20	402
1982	20	363
1398	20	183
1623	20	257
1354	20	233
1904	20	1229
2347	20	877
1748	20	363
2021	20	293
2320	20	250
2092	20	357
2161	20	349
1565	20	402
1547	20	180
1477	20	1094
1465	20	1166
2243	20	802
1897	20	617
2023	20	543
1545	20	1220
1567	20	299
2383	20	775
1547	20	245
2258	20	376
1724	20	378
1889	20	355
2282	20	293
2041	20	293
1607	20	1308
1518	20	351
2053	20	1300
2085	20	377
2389	20	352
2530	20	396
2389	20	183
2058	20	775
1892	20	406
2253	20	385
2546	20	378
2387	20	946
2462	20	1086
1573	20	279
1911	20	621
2257	20	293
2298	20	369
1589	20	305
2466	20	242
1748	20	388
1698	20	409
2451	20	858
2380	20	374
2272	20	349
1480	20	399
2077	20	744
2265	20	668
2135	20	378
1838	20	378
2166	20	780
1864	20	388
2297	20	363
2222	20	511
1545	20	323
1851	20	1010
2077	20	746
1315	20	378
2495	20	277
1482	20	378
1787	20	364
2322	20	1021
1458	20	353
2010	20	408
1468	20	372
1884	20	242
1975	20	388
1694	20	519
2013	20	357
2334	20	250
1868	20	383
2427	20	991
1392	20	378
1591	20	299
1352	20	1096
2289	20	388
1497	20	181
2544	20	1039
1631	20	321
1623	20	1262
1916	20	567
2027	20	1032
2148	20	569
1997	20	719
1762	20	228
1693	20	414
2352	20	906
1573	20	1239
2040	20	378
1973	20	293
1337	20	1063
2179	20	245
2125	20	385
1520	20	378
2480	20	410
1513	20	1010
1928	20	355
2426	20	399
1563	20	293
2421	20	985
1585	20	1039
2255	20	293
1538	20	1308
1467	20	281
2004	20	293
2108	20	179
2274	20	378
2288	20	855
1738	20	512
2149	20	567
2287	20	405
1828	20	352
1533	20	1199
2403	20	183
1617	20	963
1357	20	680
1423	20	1136
2081	20	567
2056	20	408
1351	20	293
1695	20	248
1969	20	249
2469	20	353
1456	20	277
2319	20	1307
1429	20	1141
2023	20	357
2378	20	786
2540	20	793
1462	20	352
1370	20	274
1906	20	373
1479	20	1273
1323	20	242
1649	20	954
2347	20	873
1397	20	184
2253	20	810
2505	20	415
1591	20	1190
1860	20	591
1763	20	352
1918	20	512
1912	20	388
2027	20	1229
1434	20	355
1559	20	412
1362	20	402
1487	20	1176
2346	20	877
1881	20	605
2067	20	378
1715	20	1120
1938	20	385
1936	20	654
1508	20	299
2345	20	380
2542	20	937
2380	20	402
2538	20	1038
1731	20	363
2194	20	385
2090	20	385
1598	20	1242
2333	20	1097
1427	20	388
2256	20	823
2025	20	388
1888	20	355
2361	20	912
2463	20	200
2160	20	349
1812	20	373
2337	20	293
1986	20	276
1391	20	1309
1738	20	397
2021	20	355
2087	20	567
2060	20	408
1905	20	238
2055	20	1299
1426	20	293
1702	20	414
2223	20	792
1951	20	383
1352	20	799
2403	20	391
2064	20	179
2208	20	378
1929	20	355
2317	20	250
2038	20	388
1821	20	385
1549	20	1012
1897	20	497
2065	20	737
1668	20	336
2515	20	245
1721	20	388
1997	20	720
2200	20	355
1858	20	860
1572	20	361
2515	20	248
1575	20	183
2077	20	717
2327	20	874
1915	20	633
1392	20	271
1942	20	662
2416	20	972
2023	20	380
1872	20	408
2029	20	373
2532	20	353
1352	20	1273
2238	20	285
2122	20	200
1777	20	357
2542	20	934
2523	20	859
2207	20	385
1504	20	361
1761	20	1304
2399	20	183
2415	20	968
1494	20	414
2118	20	378
1996	20	567
2134	20	345
2357	20	277
1596	20	250
2476	20	291
1864	20	1314
1959	20	293
1591	20	281
2179	20	183
2072	20	364
2007	20	408
1802	20	408
1674	20	1264
1505	20	1307
1550	20	274
1400	20	930
2072	20	380
1393	20	415
2327	20	877
1539	20	242
2253	20	1251
2156	20	735
2028	20	385
1391	20	293
1997	20	717
1661	20	361
2539	20	378
1934	20	200
2097	20	1229
1892	20	376
1348	20	1082
1911	20	619
1349	20	1079
2525	20	200
2106	20	567
2037	20	722
1481	20	402
1856	20	586
2036	20	380
1749	20	522
2050	20	242
1954	20	219
2531	20	353
1618	20	1259
1996	20	713
1587	20	261
1882	20	402
1945	20	200
1348	20	1077
1815	20	388
1739	20	378
1574	20	1247
2045	20	182
1449	20	290
2534	20	414
2081	20	179
1555	20	1231
1364	20	743
2177	20	385
2073	20	718
1861	20	391
1777	20	179
2108	20	567
2472	20	1262
2313	20	865
2127	20	357
2378	20	362
2412	20	397
1842	20	577
1598	20	1246
1572	20	263
1484	20	743
1668	20	1263
1623	20	1261
2314	20	867
2222	20	378
2327	20	876
1988	20	388
1997	20	373
1336	20	1058
2530	20	353
1992	20	577
1644	20	297
2530	20	351
1542	20	1181
1806	20	579
1608	20	374
1406	20	536
2356	20	901
2070	20	388
1594	20	1239
2266	20	364
2355	20	277
2256	20	503
1558	20	376
2457	20	261
2435	20	388
1699	20	409
1610	20	277
1872	20	601
2100	20	567
2496	20	219
1336	20	1057
2432	20	361
1789	20	225
2387	20	947
1347	20	1073
2417	20	619
2279	20	402
2083	20	364
1557	20	257
1590	20	414
1473	20	743
1481	20	892
1337	20	936
1692	20	414
2440	20	1010
2384	20	183
2141	20	358
2260	20	842
1501	20	305
1460	20	722
1752	20	225
1497	20	876
2256	20	832
1884	20	399
1806	20	378
2399	20	958
1778	20	373
2421	20	970
1322	20	242
1352	20	892
1937	20	378
1682	20	336
1913	20	494
1656	20	1290
1391	20	264
2514	20	245
1887	20	355
2436	20	281
1555	20	1230
2542	20	1284
2416	20	414
1766	20	363
1337	20	1060
2303	20	284
2369	20	356
1725	20	373
1439	20	941
2126	20	357
1680	20	1312
2423	20	399
2253	20	616
2248	20	293
2370	20	414
1390	20	1113
1900	20	388
1617	20	722
1481	20	514
1669	20	1264
1768	20	360
1620	20	378
2410	20	962
1780	20	408
1430	20	291
1462	20	360
1383	20	180
2239	20	266
1495	20	360
1591	20	1023
1439	20	299
1325	20	1020
2397	20	955
2355	20	182
2295	20	293
1419	20	354
1979	20	219
2463	20	271
2381	20	786
1481	20	399
2361	20	356
1749	20	518
2435	20	259
2027	20	385
1730	20	363
1806	20	409
1487	20	567
1996	20	179
2112	20	757
2524	20	573
1984	20	399
1885	20	388
1992	20	364
2239	20	1251
1662	20	414
1610	20	1195
2170	20	378
1964	20	293
1988	20	402
1990	20	692
2196	20	785
2546	20	293
1478	20	259
2286	20	293
2382	20	743
2301	20	1303
1927	20	355
2371	20	918
1638	20	261
1903	20	181
2485	20	388
2519	20	291
1481	20	266
1348	20	409
2395	20	183
2347	20	388
1756	20	360
2453	20	293
1650	20	957
1727	20	1262
2400	20	1218
1595	20	361
1856	20	363
1919	20	514
2514	20	248
2510	20	388
1319	20	242
1340	20	409
2021	20	378
2433	20	293
1761	20	537
2351	20	262
1451	20	297
2134	20	361
1460	20	181
2062	20	1302
1982	20	397
2058	20	743
2089	20	385
1414	20	353
2518	20	1030
1507	20	414
1761	20	1301
2184	20	349
2022	20	357
2542	20	281
1543	20	1219
1508	20	378
2231	20	260
1976	20	388
2331	20	367
1384	20	361
1594	20	183
1457	20	1159
2276	20	378
1766	20	378
2437	20	378
1584	20	313
2242	20	388
2488	20	1007
1577	20	274
2092	20	179
2327	20	388
2496	20	200
2001	20	373
1677	20	1263
2211	20	376
1566	20	353
1349	20	555
2253	20	378
2271	20	385
2379	20	786
1324	20	378
2340	20	402
2417	20	181
2043	20	380
1384	20	415
1577	20	291
1806	20	560
1773	20	364
1455	20	1305
2383	20	743
2115	20	361
1676	20	1264
1965	20	675
1593	20	1084
2131	20	385
1952	20	388
2333	20	1164
1474	20	287
2052	20	1300
1948	20	408
1372	20	402
1788	20	179
2115	20	613
2381	20	352
2306	20	397
1721	20	182
1830	20	179
2064	20	388
1968	20	233
1520	20	313
1420	20	287
2427	20	992
1749	20	386
1897	20	519
1944	20	548
1806	20	552
1445	20	353
1727	20	515
1460	20	1033
2077	20	741
1351	20	1088
1665	20	930
2073	20	744
2305	20	284
1740	20	562
1563	20	402
2322	20	1075
2372	20	182
2138	20	222
1519	20	499
1549	20	1013
2526	20	276
1713	20	1120
1548	20	410
2065	20	378
2107	20	385
2073	20	724
1489	20	271
2097	20	753
2409	20	260
1687	20	1313
1508	20	994
2322	20	1064
1600	20	512
1948	20	182
1770	20	357
2253	20	1120
2195	20	407
1990	20	364
2263	20	363
2038	20	293
1677	20	1265
2392	20	356
1726	20	388
1740	20	513
2421	20	975
1936	20	376
1824	20	358
1806	20	406
1801	20	408
1391	20	380
1854	20	1010
2305	20	863
1454	20	293
2300	20	284
2165	20	379
1947	20	414
2425	20	399
1990	20	691
2249	20	293
2250	20	293
1412	20	183
1906	20	182
2043	20	293
1392	20	200
1787	20	543
1857	20	373
2411	20	373
2335	20	502
2260	20	507
1565	20	1084
1995	20	182
2258	20	793
1494	20	1164
2029	20	179
1829	20	225
1904	20	388
1351	20	1093
1339	20	378
2502	20	991
2003	20	388
1602	20	248
1519	20	351
1472	20	538
1997	20	723
2438	20	181
1774	20	224
1851	20	363
2410	20	414
2262	20	850
2237	20	796
2276	20	385
2195	20	369
2027	20	357
1992	20	685
1327	20	1049
1515	20	291
1890	20	378
2415	20	414
1775	20	364
2049	20	388
1411	20	183
2444	20	1229
2326	20	388
1904	20	402
2248	20	380
1796	20	378
1336	20	1059
1725	20	648
1806	20	558
1751	20	397
2410	20	964
2133	20	570
2013	20	373
2117	20	758
2489	20	1013
2503	20	1295
1872	20	602
1608	20	388
1651	20	1287
2545	20	182
1405	20	183
2061	20	293
1516	20	313
2110	20	357
1370	20	378
2459	20	219
2210	20	385
2081	20	385
1684	20	1074
2046	20	373
2157	20	383
2042	20	373
1440	20	366
1731	20	1010
1483	20	180
1861	20	183
2390	20	353
1791	20	183
1337	20	409
1862	20	352
1315	20	293
2115	20	271
2092	20	385
2077	20	742
1881	20	610
1704	20	353
2232	20	376
2489	20	361
2274	20	780
1879	20	347
2297	20	264
1916	20	639
2383	20	754
1561	20	281
2361	20	911
1992	20	705
1325	20	914
2053	20	408
1915	20	632
2438	20	879
2479	20	291
2502	20	1020
1658	20	183
2140	20	358
1619	20	313
1352	20	402
1542	20	414
2212	20	385
2512	20	248
2416	20	974
1717	20	374
2152	20	346
1361	20	1120
1516	20	291
1986	20	1310
2431	20	414
2436	20	293
1460	20	961
1739	20	678
1915	20	624
1854	20	388
2438	20	993
2354	20	182
1937	20	1308
1363	20	402
1432	20	920
1377	20	291
2143	20	357
1935	20	637
1996	20	1229
2225	20	349
2256	20	831
2405	20	378
1504	20	200
1807	20	410
2415	20	388
2527	20	242
1897	20	496
2148	20	714
1618	20	388
1538	20	1010
1411	20	1125
1672	20	1264
2385	20	940
1497	20	277
2405	20	355
2072	20	543
1775	20	388
1650	20	958
2462	20	1251
1355	20	281
2321	20	354
1733	20	378
2415	20	970
2027	20	727
1968	20	786
2177	20	349
1781	20	225
1387	20	274
1339	20	242
2260	20	813
2093	20	749
1617	20	962
1911	20	388
1330	20	293
1482	20	275
2421	20	706
2419	20	980
2256	20	829
1715	20	293
1907	20	182
1996	20	714
2514	20	906
1439	20	1284
1618	20	246
2476	20	281
1644	20	359
2263	20	851
1498	20	356
1555	20	1227
1339	20	293
2027	20	179
2364	20	915
2419	20	963
1913	20	1032
2135	20	363
2264	20	409
1987	20	353
1674	20	1263
1691	20	408
1561	20	1238
1667	20	1263
1364	20	360
2071	20	740
1610	20	1193
1332	20	281
1729	20	363
1543	20	1216
2501	20	354
1898	20	181
2253	20	811
2489	20	262
2034	20	373
2103	20	378
2416	20	973
2025	20	181
2105	20	378
2259	20	840
1997	20	388
1796	20	357
1829	20	571
1542	20	1211
1647	20	181
1756	20	352
2411	20	388
1331	20	410
2364	20	914
1444	20	376
2057	20	600
1850	20	1010
1346	20	200
2073	20	380
1500	20	1143
2265	20	378
2387	20	353
1552	20	1222
1941	20	219
2368	20	263
2147	20	570
2327	20	873
1417	20	356
2313	20	858
2264	20	378
2434	20	293
2256	20	808
1731	20	397
1683	20	546
1366	20	293
1348	20	271
2365	20	394
2440	20	281
2474	20	281
2073	20	717
2311	20	976
2503	20	1299
1933	20	200
2292	20	913
1957	20	1010
2352	20	262
1671	20	1264
2055	20	408
2406	20	355
1320	20	964
1819	20	385
2478	20	410
1406	20	535
1600	20	397
1348	20	609
2485	20	264
1531	20	242
2252	20	355
2336	20	378
2420	20	963
2258	20	293
1997	20	378
1949	20	414
2542	20	1010
2040	20	730
2009	20	1300
2516	20	245
1814	20	293
1881	20	555
1734	20	363
1569	20	1010
2450	20	995
1497	20	877
1651	20	592
1466	20	257
1820	20	569
1522	20	1194
2048	20	378
1583	20	1253
1567	20	1150
2429	20	548
2383	20	233
2263	20	378
1972	20	1273
1959	20	378
1333	20	410
1740	20	293
2440	20	378
1383	20	245
2454	20	261
1338	20	1069
2205	20	378
2280	20	402
1936	20	373
2035	20	380
1368	20	402
1696	20	363
1925	20	904
2023	20	364
2304	20	284
1339	20	1058
1456	20	274
2502	20	1016
2467	20	376
1453	20	1158
1749	20	524
2484	20	936
1369	20	293
2292	20	529
1947	20	181
2062	20	1300
2277	20	364
2127	20	378
2464	20	414
1343	20	200
1511	20	949
2319	20	242
2416	20	971
2463	20	612
2438	20	874
1555	20	1235
1804	20	363
1855	20	585
1613	20	325
2311	20	388
1621	20	682
2402	20	959
2406	20	293
1707	20	388
2234	20	409
1634	20	415
2421	20	974
2347	20	898
2073	20	378
1764	20	293
1582	20	200
2263	20	293
1916	20	635
1749	20	521
2262	20	378
1805	20	583
2148	20	385
1556	20	495
2504	20	1022
2058	20	362
1724	20	373
1769	20	373
2406	20	257
2256	20	827
1793	20	545
2037	20	181
2450	20	281
1437	20	250
2279	20	242
2526	20	388
2437	20	293
2394	20	950
1348	20	560
2427	20	916
2458	20	261
2318	20	388
2520	20	291
2361	20	254
1591	20	313
2310	20	353
1672	20	1263
1487	20	293
2366	20	408
1767	20	357
1388	20	262
2383	20	786
2132	20	753
2507	20	388
2290	20	242
1666	20	336
2197	20	355
1799	20	250
1648	20	179
2520	20	281
1703	20	388
1574	20	1242
2253	20	1032
1459	20	299
2252	20	376
2451	20	281
2031	20	601
1642	20	353
2027	20	616
1533	20	1200
2135	20	293
1509	20	271
1597	20	399
1996	20	569
1898	20	388
2397	20	183
1566	20	1184
2244	20	399
2147	20	714
1996	20	1064
1968	20	743
1503	20	361
2173	20	378
1528	20	329
2418	20	181
1500	20	291
2484	20	397
2401	20	183
1330	20	399
2166	20	364
2219	20	364
1518	20	499
1769	20	378
2122	20	770
1443	20	595
2115	20	605
2340	20	399
1742	20	593
2040	20	179
1483	20	245
2274	20	385
1626	20	1264
2259	20	804
1331	20	274
2264	20	363
2122	20	766
1322	20	301
1666	20	1291
2316	20	264
2279	20	257
1837	20	385
1749	20	593
1683	20	1264
2279	20	399
1443	20	277
1457	20	530
2368	20	361
2296	20	281
1517	20	291
1348	20	378
2021	20	388
1682	20	1293
1489	20	1157
1845	20	388
1830	20	357
2309	20	281
2075	20	388
2147	20	385
1457	20	1284
1537	20	397
1672	20	336
2126	20	378
1492	20	301
2155	20	385
1962	20	363
2518	20	242
1563	20	1084
2082	20	179
2314	20	264
1813	20	293
2130	20	222
2482	20	999
1492	20	1179
1977	20	388
2415	20	975
1442	20	293
1452	20	355
2019	20	408
1992	20	698
1424	20	376
1508	20	313
2294	20	410
1846	20	363
1329	20	397
1939	20	233
2262	20	293
1989	20	388
2459	20	261
1581	20	200
1582	20	311
2534	20	1036
2256	20	574
1552	20	322
2008	20	408
2201	20	355
1733	20	363
1850	20	363
1844	20	615
2443	20	1240
2257	20	813
2428	20	397
2260	20	808
1555	20	1233
2354	20	277
2076	20	388
2253	20	583
1374	20	281
2516	20	248
2407	20	293
2073	20	720
1446	20	507
2123	20	378
2395	20	391
1981	20	219
2421	20	986
1615	20	722
1801	20	182
1340	20	1070
1555	20	1022
1316	20	200
1957	20	376
1348	20	1078
2493	20	200
1332	20	410
1588	20	1308
2040	20	388
2005	20	373
1408	20	1121
1825	20	293
2064	20	378
1471	20	352
2468	20	388
2427	20	914
1926	20	355
1952	20	373
2068	20	377
1986	20	410
1912	20	242
1342	20	399
2300	20	662
1717	20	530
1980	20	681
2410	20	577
1591	20	378
1767	20	293
2536	20	271
1419	20	415
2387	20	944
2381	20	743
1796	20	388
1992	20	388
1846	20	388
2472	20	402
1356	20	281
2409	20	414
1987	20	366
1362	20	1101
1352	20	399
2018	20	408
2253	20	808
1857	20	378
2072	20	385
1884	20	527
2122	20	378
1594	20	1248
1575	20	308
1648	20	1111
2066	20	378
1499	20	1187
1370	20	305
2188	20	379
2000	20	380
1359	20	399
1848	20	373
1744	20	397
2233	20	259
1843	20	388
1907	20	562
2043	20	373
2144	20	773
1742	20	293
2065	20	736
2521	20	182
1766	20	293
1471	20	183
2120	20	378
1351	20	1050
1990	20	694
1842	20	806
1720	20	293
1873	20	600
1974	20	388
1376	20	259
1396	20	359
1874	20	637
2158	20	386
1581	20	272
1400	20	287
2058	20	352
1767	20	378
1324	20	1120
1807	20	563
1773	20	378
2261	20	363
1431	20	1144
2419	20	961
1647	20	1111
2537	20	293
1775	20	293
1767	20	229
1893	20	355
1506	20	374
1819	20	567
2235	20	200
1795	20	396
1359	20	293
2175	20	385
2106	20	179
2194	20	781
2069	20	352
1843	20	182
2319	20	399
2270	20	349
1784	20	378
2517	20	180
1520	20	323
1997	20	724
1376	20	402
2169	20	385
2097	20	385
1493	20	313
1657	20	1290
2071	20	739
2405	20	409
1990	20	689
2160	20	378
1444	20	181
1577	20	299
2172	20	1229
2356	20	900
1561	20	1237
1959	20	388
1736	20	397
2023	20	385
2099	20	1053
2021	20	373
1656	20	183
1667	20	336
1554	20	248
1823	20	570
2415	20	971
2121	20	386
2485	20	276
2052	20	1304
2326	20	414
1597	20	200
1744	20	378
2282	20	402
2468	20	276
2042	20	388
1477	20	1171
1334	20	743
2213	20	385
2103	20	179
2079	20	282
1654	20	183
1653	20	388
2416	20	963
1859	20	589
1497	20	875
1482	20	1137
1340	20	293
1552	20	293
1901	20	181
2333	20	1197
1682	20	1294
2188	20	783
1588	20	181
1341	20	1071
1658	20	1121
1668	20	1264
1406	20	743
2453	20	242
1696	20	376
2398	20	251
1984	20	266
1627	20	336
1348	20	612
2074	20	739
2313	20	281
2421	20	971
1906	20	562
2425	20	293
2319	20	355
1743	20	378
1446	20	807
1542	20	1025
1606	20	299
1496	20	1182
2132	20	756
2085	20	386
1476	20	414
2291	20	410
1870	20	353
2253	20	386
1922	20	232
1684	20	281
2396	20	183
1682	20	1264
1458	20	254
2020	20	388
2216	20	788
1335	20	316
1694	20	530
2053	20	1301
1895	20	180
2538	20	378
1996	20	712
2489	20	1012
2502	20	378
1632	20	271
2311	20	987
2259	20	293
2419	20	982
2215	20	385
1460	20	964
1694	20	496
2109	20	574
1806	20	580
1715	20	520
1349	20	559
1442	20	242
1944	20	200
1996	20	378
1477	20	274
1847	20	373
1758	20	183
2410	20	722
1488	20	399
2417	20	978
2256	20	825
1559	20	279
2106	20	575
1615	20	181
1963	20	647
1349	20	556
2056	20	599
2011	20	182
1918	20	1262
2485	20	378
1915	20	388
2346	20	388
1362	20	293
1899	20	373
1749	20	1309
2332	20	367
2077	20	378
1971	20	1273
1998	20	388
1618	20	1257
2079	20	179
1720	20	373
1450	20	290
1508	20	281
2538	20	936
1686	20	378
1327	20	1052
2086	20	377
1814	20	378
2274	20	349
1971	20	680
2485	20	410
2137	20	364
1956	20	561
1744	20	388
2000	20	388
2374	20	269
1671	20	336
1520	20	397
1805	20	293
2213	20	1229
2220	20	385
2517	20	1027
1992	20	691
1913	20	179
1771	20	360
2223	20	385
1726	20	363
2471	20	257
2270	20	385
1800	20	250
2526	20	397
2043	20	364
2415	20	973
2379	20	371
1481	20	798
1422	20	259
1512	20	321
1315	20	363
2154	20	378
1414	20	356
2256	20	821
2260	20	838
2280	20	399
2338	20	388
2182	20	378
2027	20	1251
1849	20	363
1802	20	182
2416	20	970
2110	20	385
2453	20	277
2206	20	378
1786	20	293
1423	20	1139
2407	20	402
1581	20	327
1964	20	399
1555	20	414
1848	20	363
2540	20	293
2258	20	408
1348	20	1076
1363	20	1101
1899	20	181
1618	20	333
1385	20	361
2256	20	293
1881	20	609
1664	20	1281
2440	20	364
1543	20	1215
1608	20	394
1781	20	381
2086	20	386
2378	20	371
2029	20	357
1609	20	299
1868	20	352
2502	20	1018
2238	20	797
2244	20	388
2260	20	848
1559	20	405
1555	20	1225
2289	20	414
1523	20	291
1679	20	336
1725	20	1010
1365	20	291
1633	20	373
1845	20	378
1412	20	1127
1862	20	183
2322	20	1009
1329	20	1055
2232	20	406
2472	20	1229
2043	20	378
2265	20	409
1549	20	361
1538	20	355
1759	20	183
1746	20	397
2328	20	352
1749	20	385
2072	20	388
1320	20	1034
1664	20	964
1838	20	576
2035	20	388
1533	20	588
1574	20	1243
1583	20	1249
2396	20	244
2513	20	408
1919	20	397
2542	20	1032
2361	20	353
1319	20	293
2279	20	293
2327	20	875
2037	20	388
1315	20	399
1324	20	1047
2196	20	784
1990	20	388
2308	20	414
1880	20	347
1669	20	1263
2333	20	388
1971	20	1251
1544	20	502
2157	20	352
1542	20	1207
1580	20	326
1687	20	378
2336	20	889
2425	20	388
2099	20	179
1739	20	293
2430	20	281
2441	20	355
2255	20	258
1659	20	500
2322	20	1053
2366	20	374
1687	20	363
2022	20	388
1700	20	293
2337	20	402
2378	20	352
2088	20	385
1716	20	378
1854	20	363
2155	20	735
1532	20	242
2120	20	759
1581	20	268
1533	20	1003
1612	20	271
1421	20	291
1604	20	333
2475	20	259
1992	20	697
2098	20	385
1497	20	388
2391	20	353
2292	20	531
1585	20	1040
1373	20	276
1925	20	388
1602	20	245
1576	20	353
1782	20	223
1539	20	293
1407	20	183
1811	20	181
1547	20	248
1953	20	414
2477	20	293
1531	20	275
1904	20	242
1992	20	1009
1816	20	566
1911	20	414
1340	20	242
1446	20	940
1675	20	1263
1880	20	234
2359	20	259
1882	20	363
1694	20	498
2164	20	364
2282	20	380
2376	20	352
1779	20	373
1431	20	1145
1472	20	352
2004	20	378
1340	20	1058
1995	20	378
1962	20	378
2405	20	246
1508	20	414
2503	20	408
1543	20	1217
1636	20	353
1598	20	1244
1830	20	385
2544	20	1041
1545	20	966
2270	20	364
2122	20	222
2113	20	347
1763	20	538
2174	20	385
1641	20	297
2020	20	720
1820	20	385
1707	20	540
2511	20	293
1779	20	388
1318	20	405
2543	20	311
1380	20	274
2482	20	1001
2322	20	388
2022	20	179
2385	20	281
1423	20	871
1424	20	355
1349	20	316
1517	20	305
1962	20	373
2106	20	714
1714	20	293
1555	20	1023
1658	20	391
2416	20	181
1971	20	399
2219	20	349
1444	20	355
1446	20	1154
2253	20	1309
1439	20	281
2300	20	200
2077	20	745
2490	20	1013
1981	20	269
1553	20	242
1463	20	293
2281	20	258
1963	20	262
1423	20	1138
1759	20	536
2410	20	620
1860	20	590
1996	20	709
2041	20	408
2017	20	408
1806	20	556
1466	20	1029
1587	20	326
1975	20	363
1895	20	249
1670	20	378
2121	20	761
2506	20	291
2386	20	281
1767	20	388
2279	20	258
1749	20	527
1950	20	383
2402	20	352
1523	20	299
1480	20	242
2306	20	388
1581	20	311
1366	20	1103
1539	20	257
2418	20	979
1777	20	373
1971	20	242
1410	20	1123
2470	20	180
1934	20	647
1938	20	179
1522	20	1195
1751	20	406
1338	20	409
2117	20	414
1986	20	264
2073	20	388
1544	20	1186
2000	20	293
1348	20	1079
2512	20	180
1348	20	1081
1543	20	1025
1673	20	1263
2094	20	1229
1716	20	388
2144	20	385
1690	20	363
2293	20	399
2009	20	1301
2291	20	293
1577	20	305
2381	20	362
1358	20	274
2096	20	567
2176	20	346
1663	20	414
1504	20	214
1664	20	1034
2522	20	858
1460	20	1165
1327	20	293
2039	20	373
2342	20	405
1898	20	373
1877	20	1010
1423	20	1135
1377	20	1311
1697	20	243
2007	20	1299
1803	20	182
1463	20	291
1405	20	930
2183	20	378
2311	20	711
2278	20	788
1740	20	408
2444	20	1120
2174	20	781
2372	20	795
2416	20	975
1840	20	385
1770	20	179
2347	20	879
2073	20	715
2102	20	361
2214	20	385
1390	20	180
1637	20	289
2325	20	354
1652	20	183
2054	20	408
2327	20	181
1608	20	378
1946	20	1262
1443	20	293
1341	20	388
1717	20	551
2342	20	239
2240	20	293
1549	20	262
1883	20	402
2105	20	385
1663	20	502
1923	20	232
1583	20	784
2362	20	353
2195	20	412
1992	20	689
2303	20	200
1600	20	388
1580	20	200
2257	20	833
1536	20	313
1644	20	353
1985	20	242
2077	20	388
2034	20	388
1845	20	397
1557	20	322
2426	20	990
1467	20	291
2515	20	180
1788	20	357
1936	20	651
2115	20	607
2527	20	293
2418	20	961
2447	20	281
1465	20	352
1972	20	242
1909	20	378
2193	20	385
1339	20	1065
2444	20	385
1644	20	1270
1832	20	360
1348	20	580
1907	20	373
2528	20	257
2108	20	357
1617	20	321
2168	20	183
1941	20	200
2311	20	998
2385	20	299
1317	20	402
2145	20	385
2114	20	378
1916	20	228
1519	20	500
2117	20	293
2421	20	181
2256	20	815
2429	20	361
2475	20	402
1573	20	1241
1706	20	361
2259	20	378
2104	20	567
1884	20	378
1543	20	1213
2330	20	888
1863	20	183
1756	20	183
1555	20	1234
1702	20	388
2072	20	357
1496	20	1025
2034	20	357
1704	20	499
1683	20	1296
1502	20	1188
1555	20	1211
2182	20	349
1740	20	388
2278	20	385
1910	20	388
1965	20	402
2418	20	414
2019	20	1302
1399	20	183
2542	20	938
2059	20	408
1765	20	539
1633	20	399
2221	20	791
2347	20	899
1726	20	397
1837	20	575
2220	20	780
1997	20	716
1652	20	592
1320	20	414
2071	20	546
2274	20	364
1705	20	502
2256	20	818
1708	20	378
1963	20	272
2333	20	1142
2183	20	349
2095	20	567
2180	20	378
2495	20	414
1553	20	322
2381	20	775
1683	20	1297
1426	20	399
1366	20	291
1806	20	410
2132	20	752
2075	20	380
1876	20	598
1990	20	687
2204	20	388
2248	20	378
2340	20	242
1944	20	214
2059	20	600
1732	20	408
2485	20	397
2083	20	385
2053	20	1302
2297	20	275
1382	20	301
1685	20	363
2415	20	722
1604	20	257
1463	20	257
2421	20	965
1349	20	560
1537	20	313
1655	20	960
1747	20	397
1863	20	233
1626	20	1265
1942	20	284
1580	20	327
2444	20	388
1537	20	1139
2272	20	385
1737	20	397
1982	20	388
2019	20	1304
1864	20	181
2218	20	364
1787	20	357
2256	20	386
1891	20	406
2105	20	179
2132	20	1229
1841	20	363
1429	20	1140
1327	20	1051
1461	20	281
2545	20	408
2415	20	964
2331	20	361
1971	20	514
2416	20	577
1617	20	981
1796	20	293
1665	20	287
2060	20	602
1739	20	363
2186	20	349
2415	20	965
1930	20	355
1502	20	680
2062	20	1304
2044	20	388
1414	20	254
1554	20	612
2390	20	356
2375	20	247
2115	20	612
1428	20	388
1508	20	1023
1955	20	410
1606	20	281
1661	20	263
1853	20	388
1616	20	1025
2421	20	414
1502	20	276
2220	20	349
1492	20	889
2200	20	376
2256	20	824
1653	20	637
2340	20	388
2061	20	378
1369	20	1104
2421	20	981
2324	20	351
2207	20	378
2267	20	385
2148	20	570
1436	20	1147
2099	20	385
1881	20	612
2193	20	782
1581	20	316
1935	20	388
1626	20	336
2523	20	281
2428	20	264
2505	20	351
1591	20	720
1404	20	355
1480	20	266
2482	20	1000
2276	20	364
1439	20	1150
1632	20	1196
2474	20	291
1722	20	182
2022	20	373
1427	20	399
2363	20	245
1338	20	1067
2421	20	806
1487	20	242
1739	20	397
2318	20	399
2052	20	408
2499	20	200
2449	20	858
1751	20	573
2421	20	973
2399	20	957
1992	20	578
1875	20	408
2006	20	378
1462	20	371
1637	20	290
2242	20	293
2344	20	388
2381	20	233
1370	20	299
1466	20	1262
1907	20	388
2063	20	380
1518	20	500
1568	20	245
1362	20	291
1374	20	299
1479	20	677
1383	20	248
2094	20	751
2073	20	745
1348	20	246
1911	20	181
2151	20	568
2473	20	281
1897	20	530
1497	20	900
2222	20	385
1714	20	508
1546	20	1151
1655	20	1289
2472	20	1251
1808	20	352
1903	20	363
1734	20	388
2211	20	355
1341	20	402
1991	20	637
2017	20	725
1837	20	574
1345	20	200
1881	20	603
1737	20	388
1553	20	414
2259	20	842
2106	20	574
2277	20	378
2418	20	981
2421	20	963
1481	20	388
1881	20	361
2488	20	262
1788	20	378
2119	20	569
2484	20	1002
1869	20	356
2052	20	1301
2078	20	222
1386	20	415
2063	20	182
2518	20	293
1938	20	388
1411	20	1124
1575	20	1241
2106	20	713
1903	20	373
2043	20	179
1740	20	376
1566	20	254
2036	20	364
1957	20	373
1600	20	683
1374	20	1023
1581	20	261
1530	20	242
2144	20	774
1508	20	1190
1481	20	1174
1626	20	1263
2146	20	817
1778	20	388
1352	20	388
1693	20	181
2430	20	291
1842	20	388
1348	20	552
2493	20	261
2488	20	1008
1388	20	1013
2128	20	385
1488	20	293
1997	20	721
2449	20	281
1896	20	249
2218	20	349
1574	20	1278
2258	20	823
2110	20	179
2112	20	386
1717	20	519
2472	20	388
1607	20	363
1352	20	1251
1676	20	336
1909	20	527
1749	20	1120
1847	20	363
1457	20	1161
2188	20	780
1992	20	703
1802	20	388
1716	20	293
1798	20	548
2281	20	257
2024	20	377
1846	20	376
1913	20	622
1496	20	414
1806	20	355
2012	20	388
2323	20	354
2280	20	242
2516	20	180
2142	20	179
1912	20	402
2494	20	261
2340	20	891
1750	20	181
2087	20	385
2235	20	219
2533	20	361
1351	20	274
1904	20	1262
1574	20	1244
1583	20	311
1475	20	287
1982	20	264
1521	20	363
1645	20	322
1440	20	1151
2400	20	352
1795	20	351
1362	20	259
1881	20	607
1703	20	414
2233	20	388
2258	20	507
1842	20	364
2421	20	980
1440	20	353
2054	20	1301
2420	20	722
1936	20	1310
2347	20	876
1749	20	517
2490	20	1012
2521	20	414
2081	20	378
2154	20	364
1765	20	371
2059	20	599
2133	20	385
1533	20	275
2228	20	385
2225	20	378
1759	20	535
1992	20	690
2423	20	293
1372	20	388
2418	20	980
1971	20	677
1973	20	378
2472	20	1273
1328	20	352
1948	20	414
2063	20	179
1972	20	677
2415	20	408
1803	20	1313
2241	20	376
2044	20	373
2435	20	402
1883	20	388
2206	20	349
2388	20	548
2533	20	250
2001	20	388
1527	20	598
1412	20	1126
1846	20	181
1348	20	607
1904	20	1273
2187	20	349
2299	20	284
1489	20	1158
1611	20	512
2069	20	362
1740	20	378
2198	20	355
1519	20	353
2430	20	378
1614	20	1181
1351	20	876
1706	20	351
1488	20	378
1375	20	360
1896	20	248
2531	20	396
2257	20	834
1580	20	316
1622	20	1133
1420	20	1133
1740	20	399
2150	20	569
1491	20	248
1555	20	1228
2090	20	378
1388	20	361
1981	20	200
2466	20	246
1358	20	293
1585	20	276
1956	20	410
1337	20	1057
1718	20	593
1954	20	200
1730	20	397
2011	20	373
2256	20	507
2144	20	772
2322	20	1086
2039	20	388
1838	20	357
1402	20	1118
1394	20	376
1608	20	408
1317	20	1045
1817	20	225
2190	20	345
2085	20	378
1529	20	1198
2290	20	293
1462	20	1306
2480	20	561
2518	20	277
2018	20	373
1385	20	415
2369	20	353
1351	20	1095
2294	20	181
2064	20	364
2359	20	402
2435	20	293
2485	20	683
2127	20	179
1509	20	327
1487	20	378
1393	20	361
2259	20	181
2348	20	281
1691	20	363
1660	20	361
485	7	148
452	7	147
449	7	148
443	7	146
417	7	148
467	7	147
490	7	148
423	7	147
469	7	149
429	7	148
487	7	148
444	7	148
418	7	148
425	7	146
442	7	148
472	7	146
427	7	147
436	7	147
462	7	148
489	7	147
478	7	147
439	7	149
463	7	148
459	7	148
460	7	146
440	7	148
425	7	147
434	7	148
465	7	146
428	7	148
464	7	148
438	7	148
457	7	148
484	7	148
435	7	148
492	7	146
474	7	147
454	7	146
419	7	149
431	7	148
461	7	146
445	7	147
447	7	148
455	7	147
493	7	147
476	7	148
422	7	148
466	7	148
425	7	149
472	7	147
473	7	148
432	7	147
448	7	147
488	7	146
420	7	148
475	7	147
491	7	148
433	7	148
453	7	147
445	7	148
456	7	148
480	7	148
477	7	148
437	7	149
486	7	146
479	7	148
424	7	147
481	7	148
471	7	148
446	7	148
458	7	148
426	7	147
430	7	148
439	7	146
441	7	146
416	7	148
450	7	148
451	7	148
468	7	148
148	29	456
148	29	471
146	29	443
149	29	425
146	29	439
147	29	424
146	29	441
148	29	442
148	29	420
148	29	446
147	29	474
148	29	487
148	29	418
148	29	430
149	29	469
146	29	460
148	29	440
148	29	468
147	29	455
146	29	472
148	29	490
148	29	466
148	29	429
148	29	480
147	29	436
148	29	434
148	29	428
148	29	479
147	29	478
146	29	461
148	29	485
148	29	481
148	29	458
148	29	462
148	29	450
148	29	433
147	29	493
147	29	472
148	29	447
148	29	476
146	29	486
148	29	417
148	29	463
148	29	438
148	29	435
146	29	492
146	29	425
146	29	454
148	29	459
146	29	488
147	29	426
148	29	491
149	29	439
147	29	423
147	29	467
148	29	416
147	29	489
148	29	457
147	29	432
148	29	431
146	29	465
149	29	437
147	29	425
148	29	422
148	29	451
147	29	445
148	29	473
147	29	475
147	29	427
148	29	444
148	29	449
148	29	464
147	29	452
148	29	484
147	29	453
147	29	448
148	29	445
149	29	419
148	29	477
117	24	432
122	24	447
110	24	468
97	24	491
11	24	452
82	24	455
95	24	447
94	24	462
29	24	455
4	24	456
114	24	484
2	24	439
37	24	485
69	24	484
124	24	456
108	24	448
111	24	479
97	24	449
73	24	467
0	24	479
122	24	444
135	24	485
125	24	466
39	24	453
3	24	444
6	24	488
122	24	466
86	24	419
59	24	441
118	24	452
100	24	480
90	24	449
125	24	430
1	24	434
77	24	434
137	24	492
103	24	452
114	24	449
3	24	456
124	24	462
95	24	466
124	24	466
7	24	455
95	24	485
122	24	450
5	24	491
29	24	488
124	24	473
95	24	462
39	24	437
95	24	481
78	24	484
97	24	487
124	24	485
81	24	437
18	24	473
2	24	442
94	24	444
113	24	447
145	24	484
122	24	476
94	24	466
113	24	473
56	24	449
99	24	489
145	24	439
144	24	425
17	24	463
145	24	488
79	24	437
138	24	418
14	24	474
56	24	418
140	24	485
122	24	481
72	24	475
128	24	467
113	24	468
122	24	431
61	24	434
111	24	473
78	24	491
5	24	485
125	24	462
26	24	486
143	24	439
124	24	459
95	24	487
61	24	460
117	24	453
13	24	455
116	24	448
110	24	444
114	24	473
13	24	446
2	24	417
121	24	453
0	24	466
115	24	448
37	24	456
124	24	431
96	24	419
113	24	449
138	24	434
2	24	466
63	24	448
71	24	427
8	24	441
28	24	471
128	24	452
99	24	492
114	24	420
120	24	448
95	24	429
42	24	419
94	24	443
19	24	452
122	24	440
142	24	452
74	24	448
73	24	474
145	24	455
5	24	456
4	24	444
101	24	441
80	24	437
85	24	452
145	24	443
36	24	488
2	24	462
113	24	431
93	24	449
3	24	473
4	24	468
110	24	485
14	24	475
27	24	486
56	24	456
73	24	475
1	24	423
122	24	473
116	24	424
15	24	446
93	24	422
122	24	456
2	24	476
61	24	492
64	24	454
69	24	485
110	24	438
138	24	456
111	24	490
7	24	420
60	24	430
143	24	452
90	24	484
61	24	425
106	24	432
36	24	472
53	24	490
95	24	418
5	24	473
58	24	491
0	24	452
71	24	467
110	24	440
103	24	474
82	24	488
61	24	423
7	24	439
144	24	489
110	24	416
144	24	492
27	24	455
2	24	450
95	24	473
100	24	487
47	24	490
8	24	452
83	24	455
75	24	437
122	24	480
6	24	472
88	24	448
121	24	437
122	24	490
137	24	425
111	24	491
25	24	455
26	24	455
15	24	488
113	24	490
60	24	439
125	24	456
2	24	444
14	24	452
4	24	466
97	24	467
56	24	455
97	24	474
7	24	484
93	24	485
0	24	472
48	24	475
144	24	423
76	24	469
113	24	428
91	24	419
90	24	438
80	24	474
110	24	473
136	24	492
4	24	485
29	24	486
102	24	448
100	24	471
78	24	437
113	24	462
122	24	477
110	24	449
68	24	486
69	24	439
143	24	461
63	24	419
48	24	452
98	24	492
70	24	437
72	24	474
3	24	417
61	24	478
68	24	437
102	24	452
108	24	474
25	24	486
35	24	472
61	24	489
90	24	456
97	24	456
93	24	428
2	24	485
137	24	420
129	24	486
71	24	448
111	24	416
139	24	419
100	24	491
56	24	428
2	24	473
93	24	456
85	24	474
122	24	438
113	24	456
98	24	423
100	24	419
29	24	419
64	24	441
124	24	481
63	24	475
60	24	437
107	24	425
18	24	456
97	24	475
92	24	421
122	24	462
108	24	475
110	24	466
63	24	452
122	24	485
128	24	437
122	24	435
4	24	462
79	24	452
4	24	473
48	24	474
130	24	485
97	24	480
37	24	466
56	24	422
20	24	452
122	24	484
95	24	476
110	24	462
7	24	472
77	24	422
119	24	448
34	24	437
66	24	419
125	24	476
122	24	430
95	24	479
110	24	417
30	24	491
137	24	423
111	24	456
94	24	473
113	24	481
126	24	452
21	24	455
124	24	435
113	24	433
61	24	436
85	24	421
107	24	451
83	24	488
16	24	446
80	24	475
94	24	476
37	24	462
14	24	446
63	24	474
134	24	419
80	24	467
22	24	481
114	24	462
63	24	455
122	24	458
103	24	475
85	24	475
95	24	456
125	24	451
24	24	455
95	24	491
113	24	416
122	24	491
82	24	439
124	24	490
99	24	423
65	24	454
114	24	456
122	24	471
124	24	430
97	24	452
126	24	441
61	24	465
106	24	426
2	24	456
94	24	456
37	24	473
56	24	437
111	24	449
65	24	437
125	24	473
71	24	475
18	24	462
117	24	437
110	24	439
106	24	453
111	24	462
1	24	492
5	24	487
37	24	476
122	24	487
98	24	489
71	24	474
34	24	484
18	24	459
61	24	443
1629	30	352
2491	30	361
1413	30	183
1409	30	925
2230	30	182
1540	30	1047
2377	30	921
1932	30	660
2015	30	408
2508	30	1025
1629	30	1268
1639	30	1275
2246	30	882
1931	30	660
1931	30	656
1643	30	1309
2246	30	886
1932	30	200
2343	30	895
1409	30	929
1629	30	1266
2377	30	932
1961	30	674
1931	30	657
2084	30	748
1960	30	670
1993	30	708
1409	30	926
1514	30	1303
2377	30	922
1409	30	1115
1409	30	183
1409	30	923
2497	30	1014
1960	30	200
1601	30	281
1931	30	659
1409	30	928
1983	30	293
2377	30	923
2350	30	361
1413	30	1132
2486	30	281
1389	30	180
2015	30	182
1413	30	933
2439	30	1120
1639	30	1274
1710	30	505
1871	30	182
2230	30	795
2439	30	634
1710	30	504
2377	30	183
1709	30	293
2033	30	729
1560	30	281
1712	30	293
1540	30	1120
1643	30	1310
1541	30	1204
1409	30	922
1409	30	930
2487	30	361
2033	30	388
2084	30	747
2245	30	388
1871	30	573
1321	30	293
1709	30	503
2343	30	894
1866	30	183
1629	30	1267
2491	30	262
2343	30	182
2377	30	930
1983	30	364
1978	30	380
2377	30	931
2229	30	293
2084	30	386
1643	30	408
1871	30	597
1958	30	228
2508	30	1024
2486	30	865
1514	30	1314
2377	30	926
1490	30	548
1852	30	363
2246	30	293
1326	30	1048
1710	30	293
2487	30	262
2015	30	573
2439	30	385
2246	30	881
1639	30	281
1534	30	293
2246	30	887
1389	30	361
2229	30	793
1711	30	1309
1961	30	673
2377	30	927
2491	30	1011
2486	30	1005
1961	30	200
1878	30	182
2016	30	388
2229	30	503
1514	30	388
2377	30	929
2033	30	1108
1534	30	291
1871	30	595
1601	30	293
1541	30	277
2030	30	388
2245	30	293
1534	30	512
2016	30	373
1321	30	1120
2377	30	925
1878	30	408
1540	30	378
1978	30	293
2246	30	880
1353	30	1098
2439	30	378
1592	30	865
1710	30	507
2246	30	397
1326	30	408
2030	30	728
2508	30	414
1711	30	293
1409	30	932
2343	30	573
1712	30	380
1560	30	1236
1960	30	671
1490	30	361
2246	30	885
2497	30	200
1643	30	388
1353	30	281
1958	30	225
1931	30	200
1871	30	596
1541	30	182
1490	30	1138
2229	30	794
1871	30	408
2033	30	373
1409	30	927
1932	30	657
1592	30	281
1852	30	179
1592	30	1254
1993	30	408
1639	30	1003
1490	30	1178
1978	30	388
1560	30	938
1710	30	1284
2016	30	408
1978	30	378
1810	30	378
2245	30	803
1932	30	659
1326	30	281
2246	30	883
1932	30	656
1810	30	388
1978	30	408
1413	30	1130
2350	30	262
1534	30	1058
1958	30	200
2497	30	1015
1961	30	672
2377	30	928
2246	30	516
2246	30	634
2230	30	293
1710	30	506
2487	30	1011
1852	30	640
2246	30	884
147	32	348
148	32	382
146	32	278
148	32	335
146	32	375
472	5	176
489	5	175
430	5	155
485	5	173
475	5	169
466	5	177
440	5	175
455	5	163
442	5	173
416	5	173
441	5	159
419	5	165
481	5	173
478	5	177
467	5	171
453	5	162
436	5	175
438	5	173
417	5	151
479	5	173
419	5	172
492	5	176
486	5	175
434	5	157
454	5	175
458	5	175
445	5	175
418	5	175
449	5	173
427	5	153
462	5	177
437	5	169
443	5	175
468	5	169
488	5	159
433	5	177
437	5	165
480	5	169
421	5	174
450	5	173
419	5	166
474	5	169
437	5	172
435	5	173
471	5	177
444	5	176
437	5	164
432	5	177
439	5	175
437	5	170
456	5	173
461	5	175
451	5	173
484	5	173
452	5	169
423	5	175
428	5	158
469	5	177
448	5	169
459	5	177
493	5	177
446	5	169
437	5	166
420	5	173
425	5	154
169	9	468
175	9	439
172	9	437
166	9	437
175	9	489
158	9	428
165	9	419
175	9	440
169	9	437
163	9	455
173	9	484
177	9	462
173	9	456
175	9	454
159	9	441
176	9	492
177	9	469
175	9	436
177	9	433
172	9	419
173	9	481
175	9	445
169	9	480
177	9	493
173	9	435
177	9	459
159	9	488
177	9	466
177	9	483
171	9	467
151	9	417
177	9	471
175	9	458
175	9	486
162	9	453
177	9	478
176	9	444
174	9	421
173	9	451
169	9	446
166	9	419
175	9	418
173	9	416
173	9	420
173	9	449
155	9	430
164	9	437
169	9	475
153	9	427
175	9	443
157	9	434
165	9	437
175	9	423
177	9	470
169	9	452
170	9	437
154	9	425
173	9	442
173	9	485
177	9	432
169	9	448
176	9	472
175	9	461
177	9	482
173	9	438
173	9	450
169	9	474
173	9	479
2308	2	458
2419	2	442
1487	2	481
1359	2	449
2476	2	458
1947	2	442
2409	2	442
1441	2	449
2291	2	438
2539	2	456
1553	2	449
1342	2	449
1812	2	435
2253	2	417
2447	2	450
1319	2	416
1332	2	445
1707	2	457
2409	2	458
1369	2	456
1389	2	441
2381	2	448
1579	2	481
1786	2	447
1700	2	466
2279	2	449
2265	2	416
1940	2	456
1583	2	472
1395	2	435
2521	2	442
2240	2	440
2514	2	441
1742	2	417
1467	2	458
1592	2	449
1326	2	458
2453	2	449
1600	2	435
1874	2	434
2520	2	450
1567	2	449
1724	2	419
2477	2	449
1728	2	416
2473	2	458
2371	2	421
2445	2	440
2364	2	456
1370	2	449
1648	2	485
1605	2	484
2239	2	438
2408	2	458
2482	2	450
2244	2	438
2441	2	440
2508	2	442
1531	2	446
1621	2	449
2433	2	450
1985	2	459
2327	2	451
1807	2	445
1968	2	448
2489	2	465
2230	2	450
2297	2	449
1534	2	449
1964	2	456
1883	2	438
2534	2	449
2422	2	430
2293	2	449
1567	2	450
1880	2	492
1826	2	493
2021	2	466
1537	2	459
1374	2	458
2252	2	440
2245	2	450
2511	2	463
1537	2	446
2378	2	448
1333	2	445
1374	2	480
2307	2	435
1550	2	485
1536	2	458
2480	2	459
1464	2	456
2526	2	449
1737	2	435
2293	2	456
1461	2	458
1846	2	426
1523	2	476
2466	2	449
1495	2	493
2229	2	450
2390	2	437
1340	2	450
1448	2	450
1383	2	441
1391	2	450
2491	2	465
1545	2	481
1891	2	440
1396	2	437
2293	2	438
2348	2	450
2319	2	449
1726	2	435
1494	2	484
1988	2	449
1552	2	449
1593	2	449
1523	2	458
2464	2	456
1370	2	450
1317	2	438
1530	2	446
2264	2	416
2247	2	417
1350	2	449
1991	2	438
1360	2	450
1716	2	417
2050	2	449
1388	2	465
2309	2	458
1502	2	446
2478	2	446
1703	2	442
1361	2	449
2336	2	456
2248	2	417
1494	2	458
1428	2	450
1515	2	456
1890	2	440
1988	2	438
1433	2	452
2348	2	458
1373	2	445
2359	2	449
1729	2	433
1982	2	458
1557	2	481
1371	2	450
1457	2	450
2322	2	435
1317	2	463
2255	2	456
2301	2	435
2436	2	458
1363	2	449
1698	2	416
2231	2	449
1349	2	440
1981	2	454
1391	2	456
1955	2	459
1899	2	430
1600	2	459
1325	2	450
1717	2	417
1988	2	456
2475	2	449
2516	2	441
1982	2	435
1736	2	435
1712	2	416
2485	2	459
1370	2	476
2434	2	458
1591	2	458
1807	2	459
1522	2	449
1374	2	449
1606	2	458
2418	2	442
2437	2	450
1516	2	458
2346	2	451
2424	2	456
2506	2	450
1599	2	446
2448	2	440
1989	2	456
1515	2	449
2524	2	440
2435	2	449
1392	2	446
2474	2	449
2291	2	456
1690	2	435
2472	2	438
1928	2	440
1815	2	442
1745	2	433
1594	2	474
2412	2	458
2523	2	450
1351	2	450
1372	2	438
2523	2	458
2474	2	458
2318	2	456
1524	2	485
2534	2	442
1749	2	417
2201	2	440
2492	2	422
1500	2	456
2447	2	458
1325	2	458
1955	2	440
2329	2	458
2280	2	456
2229	2	449
1708	2	434
1647	2	476
2425	2	456
2312	2	456
1886	2	492
2245	2	456
1888	2	440
1507	2	458
2534	2	456
1727	2	433
2511	2	449
1764	2	417
1731	2	433
1610	2	449
2471	2	449
1965	2	438
1956	2	445
1422	2	449
1940	2	445
2318	2	449
2355	2	451
1952	2	418
1548	2	445
1715	2	417
1893	2	440
1325	2	449
2230	2	449
2451	2	450
1713	2	417
1589	2	485
2486	2	449
2370	2	442
1983	2	417
1466	2	456
1601	2	449
1904	2	438
2199	2	440
1536	2	481
1467	2	456
2143	2	493
2436	2	450
2380	2	438
1380	2	450
1532	2	481
1562	2	458
1608	2	434
1967	2	466
1882	2	435
1600	2	458
1902	2	430
2540	2	450
1366	2	449
1718	2	417
1623	2	456
1625	2	481
2406	2	456
1456	2	449
2540	2	456
2448	2	450
2436	2	449
1940	2	458
1549	2	460
2239	2	463
2313	2	458
1426	2	449
2471	2	456
1493	2	445
1364	2	493
1736	2	433
2425	2	449
2312	2	458
1460	2	458
2520	2	449
1362	2	456
2455	2	492
2440	2	471
1439	2	450
1614	2	458
1332	2	450
2527	2	449
2359	2	456
2425	2	450
1326	2	450
1370	2	458
1694	2	434
1545	2	449
1465	2	455
1390	2	439
1892	2	440
1884	2	438
1501	2	485
2415	2	442
2484	2	459
2337	2	456
1902	2	442
2356	2	451
1705	2	442
1689	2	430
1365	2	456
2424	2	449
2526	2	458
1358	2	456
1811	2	442
1864	2	430
1559	2	436
2338	2	438
2198	2	440
2243	2	456
1929	2	440
1748	2	435
1333	2	446
1974	2	442
1369	2	450
1381	2	449
1647	2	485
2244	2	456
2204	2	456
1537	2	449
1698	2	440
1320	2	458
1692	2	442
1603	2	458
1352	2	463
2244	2	435
1684	2	480
2279	2	456
2434	2	450
2393	2	437
1639	2	458
2230	2	456
2414	2	450
1349	2	443
2383	2	448
1881	2	443
2250	2	417
1541	2	458
2281	2	449
2464	2	449
1421	2	449
1604	2	484
2528	2	449
1577	2	485
1992	2	447
1341	2	438
1520	2	458
2513	2	440
2294	2	445
1499	2	441
2360	2	456
1965	2	449
1940	2	450
1337	2	450
2539	2	450
1373	2	459
2240	2	449
2511	2	438
2526	2	459
2427	2	456
2293	2	446
1507	2	449
1735	2	433
1427	2	449
2519	2	449
2340	2	463
1517	2	476
2113	2	492
1381	2	446
1341	2	463
2058	2	493
2426	2	456
2358	2	461
1506	2	458
1488	2	450
2318	2	438
1717	2	434
1473	2	493
1558	2	457
1882	2	438
2291	2	449
2476	2	449
1979	2	454
1348	2	440
1949	2	442
1599	2	481
1560	2	450
1574	2	481
1539	2	449
2478	2	445
1620	2	458
2244	2	449
1573	2	474
2449	2	458
2479	2	456
1648	2	476
2339	2	438
1645	2	481
2360	2	449
1552	2	481
2535	2	422
2372	2	456
1685	2	435
1516	2	456
2448	2	449
2195	2	436
2440	2	450
2261	2	416
1315	2	416
2258	2	416
2412	2	435
1584	2	446
2290	2	456
1606	2	480
1734	2	435
2474	2	471
1722	2	417
1737	2	433
1392	2	449
2245	2	449
1982	2	433
1463	2	449
2519	2	456
2294	2	440
1446	2	456
1320	2	442
2452	2	456
1456	2	485
1555	2	458
1357	2	449
1319	2	466
1452	2	449
1631	2	484
2239	2	462
1953	2	447
2537	2	450
1630	2	480
1946	2	433
1920	2	459
1447	2	456
2534	2	458
1430	2	456
1700	2	416
2515	2	441
1578	2	435
1425	2	450
1319	2	450
1373	2	446
2190	2	425
2507	2	458
1955	2	445
2423	2	450
1478	2	438
2428	2	459
2347	2	451
1709	2	416
2287	2	436
2135	2	466
1514	2	435
1467	2	450
1796	2	417
2476	2	471
1380	2	456
1738	2	433
2294	2	459
1544	2	442
1517	2	458
1940	2	440
2387	2	437
2487	2	465
2240	2	456
1322	2	449
2080	2	492
1497	2	451
2312	2	450
2486	2	450
2326	2	442
1940	2	459
1970	2	438
2526	2	446
2450	2	450
2340	2	438
1702	2	442
1577	2	450
1983	2	416
1724	2	493
1350	2	450
2366	2	434
2200	2	450
1324	2	456
1598	2	481
2446	2	440
2428	2	445
1621	2	451
1533	2	446
1371	2	456
1375	2	493
2502	2	458
1435	2	452
2504	2	458
1557	2	449
1524	2	450
1611	2	449
2242	2	416
2506	2	449
2509	2	458
2427	2	449
2473	2	449
2475	2	456
1699	2	440
2296	2	450
1665	2	467
1467	2	449
2528	2	456
1753	2	417
2200	2	440
1740	2	433
1342	2	450
2413	2	441
1541	2	450
1719	2	417
1565	2	449
1319	2	463
2306	2	435
1322	2	471
1477	2	450
1986	2	445
2452	2	458
1986	2	446
2243	2	449
2364	2	449
1512	2	449
2254	2	417
1951	2	489
2428	2	449
2263	2	416
1460	2	442
2135	2	416
2297	2	446
1532	2	449
2546	2	417
1365	2	449
2477	2	456
2486	2	458
1400	2	467
1362	2	449
2510	2	458
1530	2	449
2430	2	449
1693	2	442
1484	2	493
2285	2	416
1488	2	449
1376	2	456
1333	2	449
2438	2	451
2372	2	449
1722	2	428
1722	2	493
1478	2	449
1516	2	449
2440	2	458
2201	2	456
1556	2	463
1918	2	459
2502	2	449
1845	2	433
2478	2	459
1846	2	435
2295	2	449
2280	2	449
1331	2	445
1664	2	481
1594	2	475
2541	2	446
2528	2	442
2473	2	450
2197	2	440
2233	2	456
1395	2	458
2448	2	456
1989	2	434
2406	2	463
1565	2	481
1691	2	435
1319	2	449
1548	2	459
1427	2	450
2240	2	450
1332	2	449
1517	2	456
2233	2	438
2350	2	465
2201	2	450
2256	2	416
2529	2	449
1377	2	449
2512	2	441
2196	2	436
1991	2	442
2382	2	493
1317	2	449
1360	2	456
2319	2	456
2538	2	450
1454	2	449
2444	2	417
2229	2	456
1935	2	434
2452	2	442
1551	2	485
1633	2	457
2262	2	416
1446	2	450
1361	2	456
1534	2	450
2134	2	425
1338	2	450
1542	2	458
2309	2	450
1541	2	449
1604	2	449
2405	2	440
2345	2	417
2233	2	449
1990	2	447
2379	2	448
2537	2	449
1604	2	481
1425	2	449
1919	2	435
2319	2	438
1914	2	435
2291	2	445
1438	2	458
1744	2	433
1531	2	481
2382	2	448
1976	2	435
1833	2	417
2521	2	458
1984	2	438
2050	2	456
1571	2	472
1575	2	475
2391	2	419
2297	2	456
1523	2	456
1394	2	440
1625	2	480
2102	2	492
1423	2	445
2431	2	442
2246	2	456
2231	2	456
2518	2	449
1486	2	484
1466	2	449
2528	2	458
1391	2	449
2309	2	456
1734	2	433
2157	2	489
2407	2	449
1577	2	476
2234	2	438
2451	2	449
2297	2	450
1795	2	425
1585	2	446
2474	2	456
1367	2	458
1464	2	449
2433	2	458
1600	2	446
1330	2	449
2416	2	442
1616	2	458
1339	2	450
1601	2	450
1662	2	458
2357	2	451
1701	2	442
1342	2	456
1327	2	450
2442	2	440
1950	2	489
1442	2	449
1989	2	449
2298	2	436
1367	2	480
2286	2	416
1363	2	456
2466	2	456
1680	2	435
2481	2	422
1540	2	456
1548	2	449
2146	2	489
1456	2	450
2410	2	442
1443	2	449
2480	2	445
2295	2	456
1508	2	458
1729	2	435
2135	2	457
1358	2	450
2354	2	451
2467	2	449
1438	2	449
1373	2	449
2283	2	440
1631	2	449
2428	2	446
1404	2	440
1540	2	449
1687	2	435
1536	2	449
2313	2	450
1985	2	440
1377	2	456
1914	2	433
1377	2	450
1336	2	450
1319	2	462
1898	2	430
2406	2	449
2407	2	456
1447	2	450
1463	2	456
2420	2	442
1813	2	417
2050	2	438
1514	2	438
2430	2	458
2204	2	438
1331	2	450
1550	2	450
2452	2	449
1956	2	459
1536	2	450
1332	2	458
2408	2	449
1501	2	449
2307	2	458
1366	2	456
2451	2	458
2337	2	449
2537	2	458
1964	2	449
1324	2	449
1696	2	457
1384	2	465
1965	2	456
1560	2	458
2482	2	458
1592	2	458
1512	2	484
1971	2	462
2544	2	446
2450	2	458
1973	2	416
2243	2	450
1517	2	449
1556	2	438
1845	2	435
1599	2	449
2290	2	449
1342	2	438
1333	2	459
2542	2	450
1989	2	438
1563	2	449
1738	2	435
1319	2	473
2234	2	440
2468	2	458
1329	2	446
2421	2	442
1971	2	438
2488	2	461
2520	2	471
1930	2	440
1323	2	449
1380	2	476
1530	2	481
1814	2	417
1502	2	459
2490	2	460
1531	2	449
1964	2	438
2211	2	440
1620	2	481
2414	2	458
2503	2	422
1420	2	467
1797	2	425
1879	2	492
1912	2	438
1745	2	435
1500	2	449
1493	2	471
2251	2	417
2232	2	440
2437	2	456
1496	2	458
2342	2	436
1975	2	435
1357	2	446
1359	2	450
1590	2	458
1711	2	416
1623	2	449
1918	2	435
1370	2	485
2257	2	416
1321	2	456
1534	2	456
2117	2	456
2424	2	450
2545	2	440
2373	2	450
1359	2	456
1808	2	436
2508	2	458
2462	2	438
1826	2	416
2411	2	430
1639	2	480
2281	2	456
1744	2	435
1885	2	418
2468	2	459
1448	2	456
1809	2	442
1372	2	463
1330	2	450
1426	2	450
2037	2	430
1959	2	417
2476	2	450
2204	2	449
2296	2	456
1329	2	458
1924	2	438
1889	2	440
1618	2	484
2117	2	449
2000	2	417
1748	2	433
2434	2	449
1971	2	463
2417	2	442
1900	2	430
2372	2	450
1825	2	417
2289	2	442
2255	2	449
2479	2	449
2423	2	449
1532	2	446
2135	2	420
2296	2	458
2025	2	430
1387	2	450
1451	2	437
1731	2	435
1369	2	449
1430	2	449
1639	2	449
2291	2	459
1334	2	493
1775	2	417
2341	2	438
1619	2	484
2190	2	492
1727	2	435
1735	2	435
1606	2	449
1476	2	458
1646	2	481
1887	2	440
2502	2	450
1986	2	459
1428	2	438
1352	2	438
1543	2	458
1707	2	434
2369	2	419
1662	2	484
2538	2	456
1720	2	416
2246	2	449
2449	2	450
1428	2	449
2260	2	416
2385	2	450
2249	2	417
2200	2	444
1321	2	449
2450	2	449
1967	2	416
1357	2	459
2426	2	450
1805	2	417
2376	2	448
1897	2	434
1634	2	465
2392	2	437
1615	2	430
1561	2	445
1901	2	430
1617	2	484
1529	2	485
2200	2	456
1539	2	456
2246	2	450
2259	2	416
1564	2	458
2025	2	493
1330	2	456
1601	2	458
2520	2	458
1601	2	446
1501	2	450
1523	2	449
1647	2	450
1319	2	456
2517	2	441
1869	2	437
1567	2	458
147	28	352
146	28	361
146	28	200
148	28	378
149	28	353
484	33	145
2199	33	113
444	33	94
1691	33	122
1599	33	122
1338	33	107
1416	33	110
1416	33	3
2144	33	60
452	33	14
2451	33	28
1415	33	2
2336	33	122
2247	33	113
2240	33	127
1947	33	0
2242	33	124
447	33	122
1534	33	122
1867	33	72
433	33	113
1501	33	95
1412	33	51
2312	33	30
1350	33	22
1795	33	61
1471	33	80
2311	33	56
1874	33	113
2359	33	113
1914	33	121
492	33	1
2245	33	2
2504	33	111
2358	33	143
2451	33	97
2256	33	122
1702	33	138
2135	33	7
1530	33	111
2480	33	126
1707	33	0
2292	33	10
1368	33	113
1609	33	32
1981	33	6
1715	33	4
1645	33	100
2342	33	61
485	33	93
1337	33	122
2410	33	114
452	33	63
2522	33	28
1488	33	113
2453	33	22
1914	33	115
1786	33	113
2102	33	61
452	33	128
1457	33	95
2402	33	71
2231	33	114
1583	33	36
1531	33	113
1979	33	17
466	33	4
1357	33	18
1336	33	59
2385	33	122
2199	33	122
2245	33	95
1959	33	111
1990	33	95
2200	33	122
2329	33	139
2347	33	95
473	33	122
1370	33	0
1366	33	113
2309	33	28
440	33	122
1709	33	111
1696	33	122
1378	33	36
1460	33	37
1430	33	2
1617	33	11
1796	33	111
1584	33	15
452	33	143
452	33	8
1812	33	124
1540	33	114
2430	33	100
1369	33	20
1539	33	138
1563	33	111
2522	33	100
456	33	138
1580	33	29
2519	33	113
1327	33	124
1328	33	61
2265	33	4
1443	33	34
1319	33	94
2322	33	114
1862	33	108
1536	33	122
1533	33	122
2376	33	119
1319	33	113
1618	33	2
1980	33	0
471	33	100
1732	33	138
1844	33	60
1351	33	124
2407	33	122
439	33	82
2478	33	65
2468	33	111
1501	33	110
2135	33	0
2545	33	122
1557	33	122
2406	33	114
2252	33	4
2457	33	83
1595	33	21
1718	33	111
1965	33	110
484	33	69
1631	33	138
2475	33	113
1631	33	14
2318	33	115
1805	33	113
1532	33	5
1329	33	35
455	33	24
2423	33	114
455	33	56
2473	33	122
2117	33	90
1390	33	2
438	33	90
1870	33	96
1648	33	37
1589	33	130
1605	33	50
2500	33	83
2327	33	95
2279	33	110
446	33	15
1587	33	23
2393	33	39
1550	33	124
2254	33	2
2452	33	11
437	33	80
1514	33	103
1927	33	110
1491	33	9
1488	33	111
2211	33	2
2538	33	110
437	33	60
2364	33	122
485	33	2
1925	33	4
2354	33	34
2200	33	110
1543	33	90
1775	33	111
2349	33	28
1623	33	122
477	33	122
2502	33	100
473	33	95
2231	33	122
1342	33	122
473	33	4
484	33	7
1665	33	54
2249	33	110
2250	33	113
476	33	94
1615	33	90
1560	33	122
2204	33	122
1962	33	4
1693	33	125
2346	33	5
1430	33	69
472	33	7
1468	33	71
1885	33	113
2517	33	101
486	33	27
2329	33	100
2368	33	59
2435	33	95
1690	33	122
2338	33	22
2250	33	110
1443	33	113
2487	33	61
1516	33	103
1326	33	122
443	33	61
1434	33	122
1558	33	60
1797	33	61
1513	33	7
1380	33	94
1716	33	110
1416	33	0
1901	33	124
1391	33	2
2442	33	113
2000	33	111
2242	33	94
1324	33	4
1969	33	144
1696	33	113
1383	33	8
1914	33	124
1825	33	2
442	33	2
456	33	122
2322	33	122
1564	33	11
1606	33	100
430	33	124
1969	33	1
1323	33	114
1925	33	0
1428	33	122
1764	33	110
2309	33	122
1338	33	113
1786	33	122
1352	33	22
2257	33	4
456	33	56
2259	33	4
1631	33	90
1540	33	11
1899	33	124
448	33	102
2256	33	4
1523	33	110
2378	33	119
420	33	114
1814	33	111
443	33	145
2477	33	110
2282	33	2
475	33	73
1722	33	56
1964	33	122
1521	33	7
1337	33	124
1810	33	0
1575	33	48
1320	33	90
1646	33	124
1364	33	119
1436	33	61
2508	33	114
1534	33	113
2317	33	6
453	33	117
1718	33	143
2449	33	97
1502	33	65
2429	33	45
2380	33	110
2386	33	122
1965	33	122
2499	33	23
1462	33	102
2157	33	61
2456	33	23
2233	33	22
1973	33	122
2510	33	114
1367	33	100
492	33	61
1912	33	122
1478	33	113
1478	33	47
2294	33	36
441	33	101
1720	33	2
2251	33	113
489	33	99
1718	33	4
485	33	95
1416	33	113
1953	33	11
488	33	145
468	33	113
1324	33	47
1563	33	113
1699	33	0
1377	33	104
2330	33	19
1844	33	113
1425	33	110
492	33	98
1690	33	57
1338	33	41
439	33	7
1670	33	59
2337	33	110
2476	33	122
2480	33	18
2386	33	105
462	33	95
1925	33	94
1577	33	94
2294	33	37
474	33	63
466	33	2
1690	33	124
1416	33	111
2429	33	129
2251	33	122
1324	33	113
472	33	6
1534	33	124
1338	33	125
1698	33	93
2253	33	111
2504	33	28
1853	33	122
2391	33	43
488	33	15
1578	33	7
1501	33	5
2473	33	28
2542	33	122
2380	33	22
1493	33	83
1340	33	122
1879	33	61
2248	33	3
2386	33	95
1576	33	64
2345	33	29
480	33	97
421	33	92
1466	33	122
2449	33	114
2537	33	5
1336	33	64
1515	33	122
450	33	122
1620	33	122
455	33	21
1968	33	116
2037	33	122
2525	33	136
2413	33	101
2249	33	113
1529	33	2
2254	33	110
2260	33	122
1550	33	104
1395	33	129
437	33	34
456	33	5
1466	33	11
1361	33	4
1404	33	110
1530	33	95
2534	33	90
456	33	94
2356	33	50
425	33	144
2539	33	122
2372	33	122
1600	33	18
492	33	137
476	33	95
1317	33	22
1370	33	37
1539	33	95
1965	33	22
1374	33	122
2331	33	6
2399	33	52
2294	33	125
467	33	71
1874	33	90
2380	33	38
2468	33	36
1422	33	122
2380	33	124
2245	33	125
2242	33	135
1540	33	122
1488	33	110
1811	33	122
1570	33	101
1647	33	122
1563	33	129
1710	33	110
2511	33	17
1844	33	2
1810	33	122
440	33	110
439	33	69
2492	33	77
416	33	111
2543	33	23
1439	33	122
1603	33	12
2345	33	4
1591	33	95
2484	33	129
2263	33	111
2378	33	118
2293	33	90
1974	33	114
1969	33	61
2506	33	113
1544	33	11
2279	33	122
2335	33	12
1681	33	2
2485	33	18
1421	33	111
2263	33	4
456	33	37
1497	33	122
2290	33	113
1670	33	94
1892	33	122
1551	33	7
2514	33	101
1379	33	36
1541	33	138
2527	33	122
2261	33	110
2135	33	94
437	33	117
491	33	100
1844	33	111
2026	33	2
485	33	122
1548	33	18
456	33	3
1525	33	77
1970	33	110
1522	33	138
1403	33	71
439	33	143
1869	33	39
1364	33	102
1380	33	143
2317	33	37
2327	33	113
2233	33	111
473	33	2
473	33	94
2438	33	125
2386	33	32
1981	33	99
1386	33	7
438	33	122
1600	33	124
2453	33	110
2509	33	12
2464	33	114
1844	33	61
454	33	64
2261	33	94
1387	33	5
2320	33	40
1796	33	113
2346	33	111
2000	33	47
1559	33	8
1350	33	47
1348	33	124
1690	33	58
1617	33	90
2352	33	143
1603	33	95
1337	33	2
1631	33	49
488	33	82
1594	33	48
1502	33	15
2245	33	4
1775	33	113
1716	33	3
1427	33	34
2347	33	111
1333	33	18
2450	33	97
1991	33	114
452	33	85
1488	33	122
1487	33	111
1405	33	51
1609	33	33
1474	33	72
1853	33	124
1685	33	122
2261	33	2
2437	33	113
2326	33	114
1810	33	111
447	33	113
1576	33	65
2244	33	122
2251	33	111
2479	33	110
1379	33	0
1373	33	18
2353	33	124
2448	33	122
456	33	125
2472	33	110
2506	33	124
469	33	76
1988	33	110
2359	33	111
1563	33	15
1438	33	97
466	33	0
1988	33	111
1988	33	143
2518	33	114
2249	33	111
1347	33	125
1437	33	20
446	33	13
1337	33	0
1546	33	121
2434	33	28
1324	33	2
1558	33	111
1582	33	36
1458	33	121
452	33	48
1991	33	90
2476	33	100
1387	33	94
1716	33	2
2306	33	28
1361	33	110
1365	33	95
1859	33	72
2296	33	31
2472	33	122
1964	33	4
2529	33	113
1684	33	30
1444	33	122
2254	33	4
2460	33	32
1647	33	94
2253	33	110
2545	33	90
1338	33	7
2264	33	94
2245	33	124
484	33	90
1380	33	125
2360	33	110
2436	33	124
1990	33	97
1899	33	125
1338	33	2
1559	33	61
1617	33	37
418	33	95
1591	33	122
1557	33	2
2453	33	2
1502	33	18
2026	33	113
1518	33	109
1720	33	122
1338	33	90
2412	33	18
1987	33	65
1456	33	77
2447	33	32
1514	33	57
1350	33	111
2523	33	28
2406	33	110
1348	33	18
1324	33	122
1365	33	69
2502	33	122
1341	33	22
1703	33	138
1607	33	122
2534	33	114
1497	33	124
2398	33	71
2230	33	122
1609	33	139
1568	33	101
1340	33	18
1499	33	101
2460	33	139
1377	33	113
417	33	110
2546	33	2
419	33	63
1614	33	90
1713	33	2
1805	33	111
2381	33	119
2295	33	110
1990	33	113
2284	33	4
1625	33	77
2477	33	113
1514	33	111
1401	33	72
2280	33	4
2474	33	122
1914	33	117
490	33	124
1984	33	17
467	33	80
1340	33	2
1631	33	114
2428	33	15
2312	33	97
1464	33	122
2356	33	113
425	33	61
2290	33	124
1567	33	95
2265	33	94
1707	33	135
1646	33	22
2346	33	95
1884	33	4
1376	33	111
486	33	68
1904	33	122
1529	33	130
2250	33	3
1694	33	61
461	33	143
1387	33	129
430	33	60
1898	33	125
2390	33	39
1493	33	126
2245	33	113
1898	33	124
422	33	56
480	33	122
2523	33	34
2542	33	100
2540	33	110
2311	33	114
1323	33	122
1358	33	122
1664	33	113
1380	33	4
1599	33	95
1366	33	16
1532	33	2
2201	33	122
2334	33	61
1397	33	108
475	33	108
1389	33	101
1715	33	3
1814	33	113
437	33	75
1468	33	116
2263	33	122
1979	33	145
1395	33	36
2229	33	110
1968	33	74
451	33	107
1633	33	122
1552	33	2
2447	33	122
1557	33	114
1796	33	3
2312	33	100
1589	33	89
2435	33	110
1530	33	113
2466	33	122
1456	33	7
2248	33	110
1367	33	97
2406	33	22
1514	33	0
1718	33	3
2293	33	111
2475	33	3
479	33	0
1712	33	2
2376	33	102
1586	33	23
1617	33	2
2295	33	122
1647	33	125
2280	33	124
1753	33	122
2265	33	2
1403	33	72
1892	33	110
2430	33	111
1367	33	95
2439	33	122
1719	33	110
1387	33	122
2290	33	110
452	33	19
1555	33	18
1601	33	122
1826	33	94
2321	33	29
2454	33	83
462	33	37
2026	33	111
2263	33	2
1988	33	2
1349	33	18
1866	33	72
1478	33	22
428	33	93
1695	33	9
474	33	103
2334	33	129
1529	33	111
1543	33	12
1709	33	113
1844	33	4
2389	33	72
1883	33	124
1362	33	113
1461	33	31
1338	33	110
1884	33	143
2523	33	31
1883	33	4
2253	33	113
2425	33	122
1325	33	28
1362	33	47
2242	33	60
1374	33	95
1698	33	56
2409	33	90
1962	33	3
2255	33	114
2475	33	110
1531	33	111
1572	33	59
2069	33	118
1591	33	90
1445	33	65
1339	33	2
2248	33	2
1882	33	124
1717	33	124
1625	33	100
2425	33	34
456	33	124
1378	33	0
2440	33	28
1437	33	61
2409	33	114
1708	33	61
1892	33	111
1426	33	124
1914	33	111
2327	33	5
1749	33	4
2370	33	93
2533	33	40
2381	33	102
1344	33	102
1416	33	124
2243	33	122
2478	33	78
1416	33	114
1670	33	2
1591	33	107
2252	33	2
1567	33	97
1577	33	122
2069	33	120
1374	33	28
2320	33	98
2533	33	137
1982	33	111
1714	33	113
1324	33	111
1514	33	7
1686	33	97
2347	33	5
1988	33	3
1578	33	111
476	33	122
1742	33	122
2280	33	3
2411	33	125
2382	33	120
2247	33	110
1336	33	122
2479	33	129
2534	33	37
1339	33	124
1566	33	71
2319	33	110
1520	33	18
448	33	116
2296	33	97
1363	33	111
1472	33	106
437	33	81
1629	33	48
2383	33	119
466	33	110
1337	33	95
1392	33	29
1398	33	102
2243	33	111
2261	33	111
2379	33	119
2379	33	71
1681	33	77
2476	33	58
1377	33	69
1432	33	101
2524	33	93
1595	33	129
1810	33	94
1560	33	5
2477	33	124
437	33	56
2351	33	61
1547	33	101
2375	33	101
2341	33	38
1540	33	124
1825	33	113
431	33	113
448	33	108
452	33	20
1551	33	37
2197	33	110
1722	33	145
1563	33	25
484	33	78
2307	33	35
1349	33	124
1338	33	111
2407	33	3
2245	33	37
1589	33	125
441	33	8
1541	33	34
1665	33	97
1914	33	119
2479	33	122
1439	33	113
473	33	113
1337	33	37
1394	33	4
1359	33	124
490	33	113
466	33	125
2322	33	124
1697	33	9
1979	33	64
2435	33	122
2196	33	135
1557	33	113
2263	33	113
2383	33	74
1514	33	58
1563	33	122
1581	33	23
2347	33	113
1477	33	124
1600	33	129
489	33	61
1724	33	111
1347	33	130
2392	33	39
1968	33	108
1555	33	97
2405	33	7
2334	33	0
426	33	106
1529	33	125
1593	33	113
1619	33	103
1815	33	91
1388	33	61
449	33	110
1719	33	4
1485	33	8
2378	33	71
452	33	79
456	33	2
1502	33	26
1880	33	61
1467	33	28
2168	33	72
2518	33	34
1430	33	95
1327	33	110
456	33	18
1500	33	111
1990	33	5
1551	33	110
2433	33	122
491	33	58
2513	33	122
463	33	17
1599	33	47
1532	33	95
1591	33	113
485	33	5
1692	33	90
1647	33	37
1387	33	36
1805	33	110
2263	33	94
430	33	125
2354	33	138
2199	33	64
2528	33	114
2475	33	111
1493	33	59
443	33	94
2333	33	56
1895	33	8
485	33	4
2247	33	111
2292	33	0
2502	33	5
2434	33	122
2425	33	114
2135	33	134
1438	33	32
1714	33	4
1718	33	110
1614	33	11
1333	33	65
1707	33	124
1367	33	28
419	33	66
2526	33	35
416	33	113
1611	33	113
2474	33	110
1884	33	122
2447	33	77
2233	33	97
444	33	4
1704	33	109
1965	33	113
418	33	138
1421	33	47
1646	33	53
2281	33	94
1992	33	58
2401	33	72
1811	33	125
2376	33	118
1571	33	36
423	33	99
2474	33	100
2402	33	116
1973	33	110
2350	33	61
1370	33	7
2414	33	28
1577	33	2
1706	33	6
1621	33	37
1713	33	3
490	33	47
2431	33	90
1515	33	111
1936	33	111
2404	33	102
1639	33	5
2435	33	69
2422	33	125
1894	33	9
1559	33	99
2546	33	4
1486	33	77
1537	33	36
2535	33	77
1707	33	95
439	33	145
488	33	29
473	33	124
2026	33	4
1914	33	118
1501	33	2
2475	33	122
2458	33	83
1539	33	4
1494	33	11
1611	33	3
1413	33	106
1968	33	118
1935	33	90
1337	33	125
2197	33	64
1716	33	111
2255	33	124
1440	33	65
2384	33	71
462	33	110
2522	33	97
1551	33	89
1423	33	63
2329	33	77
2504	33	122
1371	33	2
449	33	90
1416	33	94
2146	33	61
1992	33	5
1775	33	110
2537	33	95
2475	33	2
2446	33	122
438	33	110
2440	33	5
2291	33	36
485	33	140
1805	33	2
1387	33	95
1349	33	17
1508	33	36
2025	33	125
1763	33	71
2346	33	50
1814	33	4
1361	33	122
1506	33	77
2388	33	6
1992	33	113
434	33	77
1869	33	80
1625	33	28
452	33	103
1556	33	122
1503	33	145
449	33	93
475	33	80
2348	33	30
1493	33	64
1595	33	6
1722	33	111
2477	33	4
1550	33	110
455	33	29
2242	33	2
1448	33	122
1940	33	18
2240	33	4
1989	33	110
2434	33	97
1392	33	83
1982	33	35
1551	33	125
1539	33	114
2447	33	5
2539	33	110
1566	33	121
1498	33	106
2135	33	19
1414	33	121
1315	33	4
1567	33	100
1367	33	5
1347	33	2
1630	33	5
2286	33	122
2485	33	122
1577	33	125
474	33	72
1715	33	111
1540	33	111
2482	33	30
1552	33	122
2242	33	0
2251	33	4
2339	33	22
1360	33	124
1514	33	69
1579	33	20
2251	33	110
1699	33	95
1430	33	3
1495	33	102
2337	33	113
2353	33	122
452	33	97
2404	33	51
2025	33	122
1514	33	104
1365	33	5
1610	33	138
1640	33	95
429	33	95
2250	33	122
1844	33	19
2095	33	123
468	33	4
2113	33	61
2409	33	122
2453	33	94
2437	33	111
1577	33	124
2507	33	114
2254	33	3
1390	33	143
1345	33	61
1577	33	4
1457	33	100
1595	33	104
1611	33	53
2233	33	113
1952	33	90
1466	33	114
2406	33	90
1402	33	71
2249	33	2
1541	33	49
1659	33	23
428	33	113
1610	33	34
1447	33	122
1422	33	113
2506	33	110
2409	33	124
1375	33	102
1991	33	56
2459	33	29
2488	33	143
1514	33	95
2410	33	90
2405	33	34
2282	33	3
1699	33	56
1406	33	51
449	33	56
1617	33	122
417	33	2
2254	33	124
1559	33	98
1705	33	11
1498	33	71
1555	33	113
1395	33	122
1534	33	47
1598	33	124
1459	33	77
425	33	107
2371	33	85
1377	33	47
481	33	22
2345	33	58
437	33	79
2480	33	122
2317	33	23
1720	33	94
1621	33	34
1473	33	102
2523	33	97
2264	33	4
1512	33	90
474	33	108
2386	33	100
1516	33	0
1523	33	124
2280	33	122
1550	33	113
2231	33	90
2026	33	3
2396	33	106
487	33	95
441	33	64
491	33	111
2247	33	122
1512	33	34
2245	33	18
485	33	124
2385	33	113
1882	33	114
1808	33	61
1373	33	65
1882	33	111
2195	33	137
1620	33	2
452	33	102
2471	33	114
1367	33	30
2198	33	64
2294	33	122
1740	33	111
2477	33	2
2476	33	97
1324	33	3
2543	33	37
2476	33	5
2255	33	113
1348	33	122
1617	33	127
456	33	114
490	33	122
1902	33	125
1555	33	8
452	33	126
1805	33	3
1555	33	111
2383	33	102
2069	33	71
1372	33	38
1370	33	95
430	33	122
1371	33	4
1410	33	72
2407	33	113
1566	33	117
423	33	137
2516	33	101
1558	33	7
2493	33	29
1928	33	110
2444	33	110
2372	33	138
424	33	116
1334	33	102
1699	33	94
1405	33	108
2254	33	111
1810	33	2
2134	33	61
2424	33	122
1833	33	113
2519	33	122
484	33	34
1718	33	113
1380	33	95
2245	33	114
462	33	2
1348	33	17
2482	33	95
2473	33	5
2292	33	59
1441	33	124
444	33	110
1330	33	111
1536	33	2
1723	33	2
1714	33	2
2357	33	34
2546	33	110
2000	33	113
1368	33	122
1605	33	95
2533	33	98
2406	33	4
2495	33	114
1941	33	29
2430	33	5
2462	33	2
2380	33	60
1438	33	28
1696	33	95
2382	33	102
2502	33	28
1339	33	37
1531	33	2
1890	33	113
2339	33	110
1385	33	2
475	33	71
2503	33	77
462	33	122
488	33	83
1990	33	104
2280	33	2
1970	33	22
1810	33	110
2441	33	2
1964	33	97
1715	33	110
2262	33	2
2000	33	3
1914	33	113
1371	33	0
1987	33	64
1315	33	122
2451	33	31
2246	33	110
2479	33	28
1988	33	22
2443	33	145
1763	33	106
2410	33	2
462	33	124
1368	33	47
475	33	48
1501	33	69
1392	33	111
1430	33	111
1380	33	37
462	33	4
1902	33	124
1416	33	69
1454	33	110
421	33	85
1981	33	61
1493	33	100
1981	33	98
1992	33	111
1562	33	122
1494	33	114
1513	33	111
441	33	126
452	33	118
1366	33	111
2491	33	61
1615	33	125
1320	33	140
418	33	56
2432	33	1
1929	33	110
2545	33	110
2462	33	22
419	33	134
2438	33	50
1604	33	104
2486	33	97
1589	33	103
1365	33	111
2339	33	111
2388	33	61
2026	33	110
1740	33	124
2282	33	4
1343	33	59
2506	33	125
1732	33	2
1869	33	121
2438	33	113
1440	33	64
434	33	138
444	33	122
1983	33	122
2230	33	114
1971	33	22
481	33	95
1579	33	122
419	33	139
1319	33	110
1540	33	93
2469	33	61
1653	33	114
435	33	122
2248	33	122
475	33	72
1964	33	90
2405	33	94
2386	33	33
2537	33	122
1424	33	111
2280	33	113
486	33	129
1714	33	110
2449	33	31
2424	33	110
1621	33	138
419	33	91
488	33	36
1332	33	100
487	33	100
2512	33	101
1470	33	52
467	33	128
2345	33	60
1477	33	113
431	33	124
1498	33	39
1551	33	2
2460	33	33
479	33	95
1633	33	60
455	33	83
2519	33	111
1531	33	122
1680	33	124
473	33	18
2405	33	122
1633	33	2
1451	33	81
2376	33	120
2295	33	143
1548	33	36
2481	33	77
1775	33	122
1969	33	36
1722	33	138
2383	33	118
1555	33	103
2261	33	3
1463	33	122
1870	33	121
1882	33	122
1381	33	111
1721	33	138
2525	33	129
455	33	145
1701	33	138
1537	33	64
1565	33	111
1638	33	7
1550	33	69
420	33	137
1359	33	122
1863	33	51
441	33	59
1539	33	122
453	33	121
2362	33	121
1979	33	99
2379	33	120
1814	33	122
419	33	100
1517	33	124
1525	33	139
1988	33	113
2317	33	145
2229	33	113
1416	33	4
1889	33	110
2341	33	22
1833	33	110
1599	33	111
1719	33	111
2540	33	122
1456	33	4
1566	33	80
2312	33	32
460	33	61
2400	33	71
423	33	98
1549	33	61
2355	33	34
1638	33	24
1630	33	2
1335	33	2
2386	33	31
1983	33	113
1487	33	113
2430	33	122
2522	33	31
485	33	37
474	33	48
1706	33	57
2262	33	113
437	33	39
1432	33	8
1903	33	122
1420	33	128
2261	33	122
472	33	35
2462	33	69
1348	33	36
1337	33	18
2190	33	61
1531	33	95
2477	33	111
2198	33	111
2000	33	122
1339	33	95
2502	33	111
2386	33	30
1903	33	124
2247	33	2
1589	33	2
2264	33	113
2506	33	37
1685	33	5
2255	33	122
456	33	4
2339	33	113
2253	33	122
1315	33	124
1327	33	57
2245	33	111
467	33	73
2433	33	124
2333	33	90
2322	33	95
437	33	68
2284	33	113
1501	33	4
1340	33	0
2284	33	110
1427	33	122
1722	33	114
1825	33	122
1426	33	110
1500	33	113
1438	33	30
1514	33	90
1396	33	81
491	33	97
479	33	111
476	33	125
1709	33	2
1550	33	4
1715	33	113
2520	33	122
1685	33	57
2355	33	138
1393	33	145
1591	33	11
2320	33	1
2533	33	6
1361	33	2
489	33	98
1514	33	125
1372	33	122
2327	33	50
474	33	71
2436	33	122
1316	33	57
1580	33	36
1809	33	12
2546	33	113
1327	33	17
2257	33	111
1864	33	122
1386	33	2
1870	33	87
1565	33	113
2506	33	122
2000	33	2
1370	33	89
1338	33	10
452	33	0
1569	33	113
1595	33	23
1970	33	122
2339	33	143
2254	33	113
2293	33	114
1578	33	113
1979	33	83
423	33	1
1416	33	95
1429	33	36
2444	33	122
425	33	137
2250	33	2
444	33	2
1935	33	114
2297	33	111
2408	33	114
2405	33	110
1454	33	111
2518	33	11
2533	33	129
1681	33	95
1979	33	23
1497	33	37
1897	33	22
1442	33	110
471	33	122
2357	33	138
1365	33	122
1602	33	101
1457	33	122
2320	33	61
2521	33	114
1561	33	122
1370	33	110
486	33	25
1959	33	110
2259	33	122
1864	33	124
2407	33	110
2246	33	22
449	33	113
487	33	122
2058	33	120
2280	33	111
1349	33	122
1395	33	113
1377	33	5
1443	33	114
2319	33	97
2347	33	125
2524	33	122
1426	33	2
487	33	97
2542	33	28
2255	33	111
2426	33	122
2264	33	110
2368	33	64
476	33	37
1930	33	110
1551	33	94
2353	33	0
2388	33	98
419	33	29
1664	33	111
1338	33	122
1724	33	62
1460	33	2
2349	33	30
1430	33	47
1350	33	122
1377	33	98
1912	33	7
2262	33	110
1371	33	69
1521	33	111
1574	33	122
432	33	117
1370	33	4
1322	33	7
1914	33	116
2239	33	17
2196	33	8
2380	33	4
1501	33	122
2412	33	122
1376	33	113
439	33	110
1595	33	14
2483	33	69
2232	33	110
1786	33	110
2453	33	111
2338	33	142
2437	33	122
2240	33	122
1833	33	4
2462	33	4
1457	33	97
2058	33	102
422	33	93
2460	33	100
2381	33	118
434	33	1
1989	33	142
1860	33	108
1709	33	122
1365	33	124
1368	33	38
462	33	114
1710	33	113
1538	33	113
1631	33	0
1325	33	111
2522	33	34
1319	33	111
1338	33	18
1981	33	23
2329	33	33
2298	33	61
1438	33	100
1844	33	110
1476	33	11
1712	33	111
2295	33	65
1422	33	111
1900	33	125
2284	33	111
419	33	96
2388	33	129
1438	33	77
2440	33	111
2479	33	111
1387	33	4
474	33	14
1385	33	61
1514	33	97
1347	33	4
2523	33	100
448	33	115
2292	33	89
455	33	13
2369	33	96
1317	33	122
1517	33	122
2284	33	2
1534	33	111
456	33	95
492	33	144
1740	33	113
1810	33	4
1507	33	114
449	33	114
1493	33	18
1992	33	28
1342	33	34
1380	33	122
1659	33	82
2373	33	122
1377	33	0
1371	33	35
1519	33	109
465	33	61
2287	33	8
452	33	11
2478	33	64
1493	33	36
1968	33	102
437	33	128
2280	33	94
1425	33	122
478	33	61
2529	33	122
2290	33	122
484	33	114
1443	33	138
1604	33	111
2256	33	110
2279	33	3
1600	33	36
1514	33	124
2427	33	122
1749	33	110
484	33	122
485	33	110
2479	33	124
1722	33	122
1814	33	3
1764	33	122
1426	33	122
1537	33	65
475	33	14
491	33	5
1648	33	122
1551	33	4
2343	33	122
2262	33	111
1363	33	110
422	33	77
456	33	93
2486	33	31
492	33	99
2440	33	122
490	33	111
2257	33	113
437	33	121
1707	33	94
2480	33	124
2372	33	56
1912	33	110
2396	33	71
1529	33	140
456	33	97
1685	33	124
2471	33	2
1891	33	122
1694	33	122
1552	33	111
486	33	29
1377	33	95
2449	33	122
1548	33	83
2198	33	122
1498	33	121
1796	33	122
1496	33	90
1869	33	106
1522	33	34
1372	33	22
1484	33	102
1338	33	0
1965	33	111
455	33	7
2340	33	122
2445	33	111
1882	33	110
452	33	142
2295	33	18
1320	33	122
436	33	61
2229	33	122
2327	33	111
2249	33	4
474	33	73
432	33	106
1322	33	122
2309	33	97
2247	33	4
1964	33	93
2380	33	97
472	33	36
1490	33	57
1885	33	104
2292	33	7
428	33	56
481	33	113
1503	33	61
2484	33	122
462	33	94
1370	33	94
2295	33	126
1749	33	2
1542	33	111
1373	33	78
1514	33	2
1430	33	0
1369	33	122
1979	33	98
1590	33	114
476	33	2
2135	33	110
1582	33	29
2258	33	122
1981	33	83
1600	33	113
2414	33	30
1323	33	95
2310	33	109
1979	33	6
2196	33	144
1555	33	122
2438	33	37
1525	33	111
1883	33	2
1870	33	117
1980	33	129
2356	33	111
1825	33	111
1340	33	94
2423	33	122
1400	33	51
1416	33	122
2279	33	111
490	33	53
1347	33	95
1983	33	111
1514	33	122
2259	33	2
1380	33	2
1591	33	111
1707	33	125
2345	33	110
474	33	97
1502	33	64
2546	33	3
2135	33	122
1515	33	113
1713	33	4
431	33	122
2384	33	106
1559	33	7
1371	33	36
2346	33	125
1631	33	11
2340	33	110
2450	33	28
1619	33	89
1598	33	122
2378	33	120
2405	33	114
1633	33	0
1520	33	122
1968	33	63
2248	33	111
1684	33	28
2515	33	101
1330	33	122
1595	33	83
1696	33	57
1514	33	113
2386	33	139
1870	33	39
2495	33	138
1370	33	125
1895	33	101
480	33	100
2249	33	122
1716	33	4
1514	33	110
1715	33	2
427	33	71
1387	33	124
455	33	82
1959	33	122
1968	33	120
2290	33	111
1608	33	61
2388	33	1
1833	33	2
2306	33	111
1500	33	69
1427	33	124
2240	33	114
2395	33	51
1630	33	77
1618	33	95
1384	33	61
1324	33	110
1965	33	143
1545	33	122
456	33	113
1711	33	2
2251	33	2
466	33	95
1825	33	110
1559	33	107
2409	33	37
437	33	70
2387	33	43
1810	33	124
2321	33	83
2534	33	122
453	33	39
1387	33	0
2306	33	100
2346	33	113
1525	33	2
2444	33	2
1893	33	110
2340	33	22
1537	33	15
466	33	94
2403	33	71
1338	33	93
423	33	144
1723	33	138
1563	33	47
1639	33	100
2365	33	38
2301	33	122
1814	33	110
2444	33	3
446	33	14
2473	33	100
1417	33	121
450	33	2
2256	33	124
1454	33	47
447	33	95
1339	33	122
1352	33	122
1810	33	114
1498	33	80
1833	33	3
1537	33	18
1461	33	97
1508	33	122
1349	33	36
2356	33	95
1732	33	77
1319	33	95
466	33	37
1362	33	16
455	33	27
1810	33	3
1979	33	61
1350	33	113
2366	33	61
1825	33	3
2000	33	4
1540	33	110
468	33	110
1900	33	124
1616	33	114
2347	33	50
1430	33	4
2345	33	2
1814	33	2
1560	33	95
475	33	97
1416	33	2
2526	33	111
1897	33	38
2262	33	4
2292	33	19
1529	33	103
489	33	144
2533	33	136
456	33	111
1557	33	138
1992	33	100
1341	33	38
1474	33	106
1388	33	14
449	33	97
2534	33	2
2495	33	34
1550	33	111
1800	33	20
1437	33	136
1718	33	2
485	33	130
2460	33	77
1478	33	111
2438	33	111
2229	33	111
2294	33	18
1338	33	37
2091	33	90
2407	33	111
2475	33	4
2291	33	22
462	33	18
1680	33	122
1643	33	2
1810	33	113
1611	33	5
1360	33	122
1631	33	122
1591	33	18
2526	33	124
1861	33	51
1625	33	31
1320	33	37
1598	33	110
1429	33	0
1965	33	69
486	33	26
2320	33	45
2386	33	97
1611	33	47
2080	33	61
1559	33	63
1467	33	124
1573	33	48
2528	33	11
1805	33	4
1324	33	114
2386	33	77
1556	33	38
2429	33	61
1992	33	95
481	33	124
1884	33	110
1357	33	65
459	33	124
2518	33	110
1380	33	5
1332	33	104
1719	33	3
2511	33	22
1891	33	110
2534	33	125
2526	33	18
1346	33	6
2295	33	59
2388	33	99
2453	33	3
2292	33	97
1437	33	137
1810	33	95
2233	33	110
1327	33	113
2478	33	15
2251	33	3
1435	33	48
1319	33	122
475	33	85
485	33	135
2485	33	36
1592	33	31
1422	33	47
1631	33	34
1530	33	5
1556	33	49
1341	33	122
2283	33	4
1648	33	125
1529	33	95
1722	33	57
1889	33	122
2533	33	132
2444	33	4
1430	33	113
1505	33	3
1349	33	94
2495	33	12
1340	33	37
420	33	7
1338	33	65
2474	33	28
1464	33	114
1914	33	114
1709	33	110
2026	33	94
1339	33	0
2348	33	28
1370	33	124
1989	33	143
1965	33	4
455	33	25
2489	33	61
1412	33	108
1558	33	113
2386	33	28
2381	33	120
1325	33	122
2450	33	31
2448	33	111
453	33	106
1445	33	64
2312	33	77
1694	33	2
2423	33	34
471	33	28
1545	33	37
1551	33	5
1513	33	124
1988	33	69
448	33	74
1617	33	107
1504	33	104
1501	33	103
2436	33	110
1981	33	24
448	33	119
2250	33	111
1914	33	122
1810	33	125
1469	33	72
1949	33	114
1800	33	61
1598	33	57
1640	33	77
1371	33	124
1577	33	37
1457	33	5
2233	33	69
2472	33	22
1639	33	122
2247	33	3
2545	33	56
1317	33	38
2248	33	113
1351	33	122
1329	33	36
472	33	0
1327	33	7
423	33	61
1338	33	64
1885	33	111
435	33	124
2533	33	144
455	33	63
2279	33	4
2264	33	111
1319	33	124
1591	33	7
1487	33	124
2293	33	113
1562	33	77
417	33	3
1719	33	113
1970	33	142
1502	33	20
2434	33	5
2306	33	35
2537	33	28
1648	33	94
1714	33	111
1595	33	144
1648	33	2
1685	33	58
1595	33	61
2343	33	34
2320	33	99
2279	33	113
2438	33	95
2337	33	111
1608	33	122
1363	33	47
1810	33	5
2447	33	100
1587	33	83
1385	33	69
451	33	125
1813	33	113
2407	33	4
1483	33	101
1869	33	117
473	33	37
475	33	103
2295	33	64
2476	33	28
1362	33	111
1600	33	111
2135	33	145
2262	33	94
2309	33	5
2256	33	2
449	33	111
2533	33	23
1579	33	53
1354	33	102
1430	33	94
2455	33	61
491	33	95
1556	33	22
1533	33	111
454	33	65
2408	33	138
1992	33	97
1786	33	111
1340	33	124
2260	33	2
2435	33	113
1513	33	104
1639	33	111
1551	33	0
1358	33	124
1368	33	111
1811	33	124
2407	33	2
2321	33	6
1593	33	111
1338	33	124
1959	33	113
448	33	120
1925	33	2
2444	33	0
2406	33	122
2259	33	110
488	33	6
2538	33	122
1574	33	7
1516	33	122
1371	33	7
1825	33	4
2292	33	95
474	33	85
1604	33	53
1630	33	100
2477	33	114
2498	33	83
1670	33	122
1584	33	18
2435	33	111
1467	33	58
1844	33	3
1387	33	18
1914	33	120
1582	33	23
419	33	42
1623	33	114
1631	33	12
2482	33	28
2412	33	35
485	33	69
1452	33	2
2401	33	108
1886	33	61
2245	33	110
2444	33	60
1587	33	84
2135	33	124
1716	33	113
448	33	71
1623	33	11
473	33	111
1365	33	113
2179	33	102
1493	33	82
437	33	65
1530	33	122
1539	33	110
2280	33	114
481	33	122
1979	33	65
466	33	122
2135	33	10
2298	33	131
2285	33	122
2291	33	122
1639	33	95
1338	33	145
2234	33	122
2261	33	113
466	33	124
1925	33	3
2241	33	113
437	33	78
2462	33	122
448	33	63
1665	33	128
1375	33	63
1796	33	110
1332	33	78
1461	33	28
473	33	125
2398	33	116
1395	33	18
1456	33	69
1724	33	113
1315	33	94
1891	33	113
1901	33	125
1337	33	36
1638	33	68
1500	33	47
1335	33	90
2476	33	30
462	33	113
2433	33	110
467	33	97
2359	33	110
2430	33	28
1983	33	110
473	33	5
2524	33	56
2050	33	122
439	33	2
1373	33	64
487	33	5
1561	33	77
491	33	78
2230	33	34
1331	33	129
492	33	136
2525	33	137
1522	33	110
2202	33	122
444	33	3
1340	33	95
2406	33	113
1580	33	23
462	33	125
1740	33	122
1617	33	125
2471	33	122
1611	33	111
1387	33	131
2525	33	61
419	33	86
1826	33	102
439	33	60
1815	33	125
491	33	30
2025	33	70
455	33	26
473	33	114
1456	33	110
1687	33	113
2466	33	22
2379	33	118
2246	33	111
1659	33	104
1588	33	113
2246	33	113
1462	33	120
2383	33	120
491	33	122
2437	33	110
1463	33	114
1563	33	24
1551	33	124
2533	33	17
416	33	110
2058	33	118
2472	33	4
1523	33	122
1664	33	122
2243	33	113
1338	33	34
1380	33	0
458	33	122
2196	33	0
1364	33	120
473	33	3
1446	33	122
2000	33	110
2265	33	122
1775	33	3
1585	33	18
1430	33	110
1722	33	113
1529	33	110
1606	33	96
434	33	61
448	33	88
2249	33	3
1565	33	47
1973	33	94
2254	33	122
1881	33	7
446	33	16
1421	33	113
1589	33	95
1749	33	122
1719	33	2
2195	33	61
1420	33	97
1869	33	71
2245	33	122
459	33	18
1370	33	122
2265	33	110
1377	33	111
1325	33	5
2406	33	2
1506	33	122
1567	33	122
1454	33	113
462	33	111
2474	33	124
1496	33	11
2253	33	124
473	33	110
1989	33	22
2037	33	125
2428	33	36
1710	33	122
2409	33	125
2464	33	124
1363	33	113
2239	33	22
475	33	63
2533	33	61
1577	33	0
456	33	90
2490	33	61
1408	33	51
1336	33	113
1542	33	11
1366	33	47
2452	33	114
1645	33	53
1717	33	113
1826	33	19
1981	33	0
2257	33	122
1319	33	47
1689	33	125
1968	33	88
1474	33	71
2263	33	110
1833	33	111
2293	33	110
474	33	80
1336	33	7
1533	33	47
2232	33	4
2477	33	122
1371	33	129
1979	33	104
1595	33	64
1368	33	22
1497	33	50
1395	33	35
4	8	374
29	8	256
129	8	333
113	8	408
98	8	396
61	8	262
61	8	383
128	8	356
56	8	182
82	8	263
101	8	180
138	8	316
58	8	281
61	8	234
63	8	371
97	8	281
1	8	347
110	8	373
110	8	409
57	8	249
110	8	402
20	8	405
93	8	406
114	8	414
145	8	269
8	8	180
120	8	362
95	8	406
94	8	355
127	8	182
83	8	248
120	8	371
80	8	354
65	8	285
145	8	284
80	8	351
9	8	249
69	8	291
10	8	247
5	8	373
3	8	402
57	8	242
114	8	293
113	8	373
104	8	261
37	8	271
8	8	247
138	8	182
0	8	250
4	8	277
57	8	394
90	8	181
116	8	369
34	8	277
8	8	249
55	8	287
80	8	233
82	8	248
145	8	361
114	8	321
6	8	261
59	8	361
102	8	233
69	8	293
114	8	408
141	8	351
3	8	293
2	8	355
71	8	371
61	8	388
106	8	351
111	8	293
122	8	364
74	8	233
17	8	316
122	8	313
10	8	381
110	8	333
18	8	264
136	8	396
107	8	345
64	8	248
117	8	352
95	8	408
145	8	326
121	8	254
114	8	388
106	8	254
72	8	233
104	8	357
89	8	388
59	8	180
64	8	366
1	8	234
117	8	184
125	8	373
93	8	374
36	8	272
77	8	337
107	8	352
48	8	183
137	8	345
109	8	351
101	8	247
92	8	351
39	8	254
94	8	373
61	8	250
6	8	219
97	8	293
15	8	276
2	8	284
106	8	391
48	8	279
36	8	405
8	8	248
122	8	337
125	8	357
2	8	406
124	8	357
19	8	388
31	8	281
22	8	352
23	8	269
61	8	239
122	8	274
61	8	347
23	8	219
57	8	271
119	8	273
132	8	361
39	8	297
79	8	356
113	8	355
1	8	345
117	8	254
61	8	396
122	8	402
35	8	397
90	8	321
122	8	409
111	8	271
145	8	262
6	8	354
101	8	248
29	8	415
40	8	383
4	8	293
0	8	293
83	8	381
56	8	406
136	8	345
81	8	297
124	8	276
110	8	293
25	8	412
126	8	352
130	8	305
106	8	183
2	8	364
22	8	366
6	8	200
103	8	313
132	8	345
82	8	246
34	8	337
19	8	378
101	8	245
145	8	381
110	8	399
77	8	408
68	8	327
7	8	367
94	8	357
144	8	200
124	8	388
6	8	381
122	8	291
23	8	327
100	8	299
82	8	247
69	8	355
122	8	399
110	8	274
29	8	381
29	8	247
124	8	264
83	8	354
126	8	410
0	8	357
61	8	269
110	8	357
15	8	275
113	8	181
49	8	316
2	8	399
23	8	261
93	8	388
116	8	360
6	8	361
0	8	388
93	8	409
93	8	378
97	8	408
95	8	333
103	8	249
122	8	323
115	8	384
90	8	373
82	8	415
145	8	347
22	8	402
20	8	292
59	8	262
143	8	415
140	8	249
111	8	182
3	8	388
44	8	354
95	8	242
145	8	261
6	8	269
125	8	181
78	8	354
6	8	316
121	8	327
56	8	373
84	8	381
138	8	388
23	8	311
50	8	277
57	8	367
122	8	357
71	8	233
124	8	293
7	8	412
122	8	355
85	8	384
61	8	352
113	8	406
0	8	402
125	8	323
97	8	249
135	8	234
2	8	313
77	8	299
2	8	388
121	8	356
138	8	277
6	8	271
63	8	352
116	8	371
115	8	233
126	8	367
110	8	291
61	8	351
29	8	200
23	8	272
19	8	409
145	8	234
97	8	388
145	8	415
77	8	281
19	8	354
4	8	274
6	8	250
124	8	242
82	8	412
5	8	291
36	8	397
32	8	281
99	8	347
71	8	391
28	8	291
71	8	183
38	8	302
110	8	408
120	8	360
10	8	182
60	8	337
108	8	352
129	8	326
82	8	180
69	8	388
111	8	181
71	8	317
22	8	302
145	8	272
122	8	408
29	8	311
112	8	351
82	8	381
48	8	308
5	8	293
95	8	275
39	8	356
80	8	384
29	8	412
143	8	402
122	8	299
144	8	239
109	8	396
18	8	410
90	8	388
1	8	396
95	8	293
28	8	281
14	8	291
2	8	380
11	8	257
70	8	356
33	8	299
2	8	363
137	8	383
29	8	261
84	8	367
64	8	263
57	8	234
83	8	285
94	8	293
95	8	409
29	8	361
69	8	409
145	8	316
144	8	383
5	8	181
77	8	374
108	8	371
2	8	337
22	8	292
113	8	388
138	8	374
9	8	354
108	8	183
7	8	394
2	8	182
102	8	371
129	8	250
118	8	352
88	8	371
145	8	200
8	8	246
111	8	357
129	8	272
95	8	329
47	8	402
108	8	360
9	8	248
122	8	281
60	8	249
49	8	333
122	8	264
113	8	293
26	8	412
122	8	388
36	8	311
106	8	360
29	8	219
94	8	363
8	8	245
93	8	182
19	8	263
4	8	388
118	8	273
65	8	313
95	8	388
88	8	233
18	8	276
39	8	366
72	8	183
63	8	233
125	8	388
111	8	388
111	8	402
83	8	246
144	8	347
27	8	412
20	8	317
122	8	257
114	8	181
5	8	281
98	8	347
19	8	373
39	8	359
4	8	181
122	8	242
145	8	327
32	8	299
60	8	366
65	8	356
113	8	402
65	8	366
120	8	273
145	8	246
8	8	239
61	8	219
122	8	293
36	8	310
56	8	409
97	8	299
104	8	272
2	8	415
34	8	321
64	8	180
49	8	321
0	8	234
56	8	388
97	8	373
18	8	274
63	8	317
144	8	316
113	8	302
23	8	271
4	8	373
56	8	408
19	8	406
86	8	384
115	8	352
129	8	200
111	8	275
145	8	247
24	8	412
128	8	287
145	8	271
29	8	351
117	8	356
104	8	200
122	8	394
110	8	388
93	8	249
102	8	360
8	8	279
102	8	273
9	8	246
22	8	242
122	8	378
59	8	263
114	8	302
74	8	362
41	8	383
94	8	409
97	8	287
108	8	317
69	8	373
106	8	233
100	8	281
61	8	361
59	8	388
20	8	362
94	8	316
71	8	244
60	8	356
144	8	345
44	8	351
2	8	293
119	8	360
57	8	363
90	8	414
124	8	333
2	8	242
24	8	261
75	8	356
95	8	363
68	8	354
27	8	327
111	8	408
106	8	354
136	8	347
85	8	351
2	8	408
97	8	356
29	8	316
36	8	313
93	8	414
145	8	249
122	8	363
49	8	277
109	8	384
4	8	305
71	8	287
137	8	347
2	8	262
18	8	316
12	8	414
94	8	182
60	8	388
80	8	254
114	8	373
35	8	405
0	8	181
29	8	354
53	8	378
125	8	264
104	8	388
145	8	412
18	8	378
113	8	333
57	8	250
89	8	345
93	8	373
33	8	281
61	8	394
2	8	378
126	8	412
104	8	284
145	8	219
95	8	357
48	8	352
86	8	394
23	8	200
106	8	184
110	8	378
23	8	326
122	8	410
99	8	396
48	8	317
10	8	376
111	8	397
56	8	249
60	8	255
122	8	181
145	8	180
39	8	255
59	8	246
110	8	355
44	8	415
95	8	281
60	8	181
113	8	291
6	8	367
106	8	317
7	8	285
143	8	262
145	8	311
77	8	329
110	8	374
71	8	384
94	8	388
95	8	257
7	8	361
108	8	233
17	8	200
10	8	361
102	8	183
113	8	357
104	8	269
94	8	406
97	8	357
122	8	329
122	8	182
73	8	233
83	8	367
25	8	261
46	8	388
114	8	257
61	8	378
138	8	373
124	8	181
30	8	281
144	8	269
95	8	299
90	8	257
122	8	380
81	8	356
95	8	414
95	8	277
2	8	277
54	8	287
93	8	408
1	8	408
37	8	327
449	10	293
458	10	281
428	10	182
146	10	280
446	10	276
434	10	374
459	10	397
148	10	329
487	10	242
488	10	272
462	10	242
479	10	378
486	10	200
148	10	337
472	10	310
485	10	305
480	10	378
458	10	378
424	10	369
441	10	249
451	10	378
477	10	397
419	10	270
148	10	313
440	10	408
432	10	184
450	10	299
459	10	242
420	10	376
149	10	300
147	10	251
147	10	183
458	10	313
481	10	323
148	10	321
146	10	271
449	10	409
440	10	316
493	10	352
487	10	341
442	10	181
147	10	309
456	10	277
419	10	254
465	10	415
478	10	383
449	10	242
433	10	182
472	10	316
149	10	390
462	10	397
477	10	282
443	10	271
456	10	402
445	10	378
433	10	388
443	10	347
476	10	291
452	10	184
445	10	183
420	10	378
149	10	255
488	10	339
462	10	409
146	10	354
447	10	357
484	10	281
458	10	414
489	10	383
423	10	352
492	10	345
481	10	329
459	10	276
459	10	282
147	10	308
490	10	323
456	10	274
437	10	254
456	10	281
148	10	414
469	10	359
476	10	299
457	10	182
491	10	329
491	10	336
429	10	378
148	10	242
418	10	293
467	10	352
434	10	394
473	10	281
425	10	352
467	10	287
476	10	305
149	10	396
147	10	317
438	10	388
443	10	248
433	10	181
148	10	305
467	10	183
450	10	274
464	10	275
148	10	374
438	10	378
427	10	391
146	10	180
438	10	242
149	10	256
425	10	396
435	10	397
449	10	378
456	10	257
449	10	257
493	10	362
457	10	357
474	10	352
464	10	378
441	10	248
435	10	363
146	10	245
480	10	281
149	10	356
473	10	293
430	10	378
456	10	299
480	10	329
146	10	262
458	10	299
493	10	233
434	10	378
146	10	272
475	10	308
146	10	339
464	10	337
465	10	262
468	10	408
445	10	313
146	10	311
456	10	291
439	10	180
436	10	239
466	10	293
445	10	251
474	10	279
455	10	412
147	10	412
451	10	388
146	10	247
425	10	360
479	10	373
146	10	267
493	10	371
456	10	293
422	10	408
456	10	378
491	10	344
416	10	409
433	10	293
436	10	405
444	10	378
430	10	181
148	10	277
148	10	257
447	10	388
477	10	281
146	10	248
149	10	254
437	10	297
146	10	269
486	10	327
468	10	378
480	10	301
148	10	341
148	10	410
490	10	293
442	10	414
147	10	383
491	10	281
464	10	276
464	10	410
149	10	270
146	10	263
149	10	297
484	10	321
148	10	299
418	10	388
477	10	364
475	10	352
419	10	256
481	10	242
433	10	378
440	10	355
450	10	281
425	10	353
146	10	316
149	10	366
459	10	275
466	10	397
446	10	378
425	10	351
459	10	378
146	10	326
148	10	281
148	10	275
451	10	277
441	10	180
452	10	352
437	10	353
148	10	322
489	10	352
459	10	410
150	10	221
450	10	293
147	10	369
487	10	281
492	10	234
491	10	242
438	10	402
480	10	299
446	10	313
474	10	183
480	10	293
481	10	336
147	10	405
147	10	310
471	10	301
472	10	271
448	10	352
440	10	406
475	10	183
485	10	274
493	10	360
418	10	373
472	10	369
481	10	378
456	10	242
434	10	408
461	10	262
438	10	399
425	10	361
433	10	397
451	10	181
448	10	362
484	10	378
449	10	399
148	10	333
456	10	399
450	10	409
146	10	415
146	10	347
481	10	322
484	10	414
148	10	336
447	10	378
438	10	374
463	10	242
464	10	313
491	10	299
426	10	360
450	10	399
443	10	361
453	10	184
440	10	409
440	10	410
433	10	363
445	10	352
456	10	409
146	10	268
148	10	293
459	10	313
446	10	275
477	10	293
490	10	242
472	10	311
472	10	352
426	10	233
492	10	361
426	10	352
148	10	323
477	10	378
472	10	405
437	10	290
487	10	378
147	10	279
485	10	282
148	10	344
147	10	184
492	10	347
487	10	336
481	10	293
445	10	410
418	10	378
449	10	277
442	10	388
149	10	290
146	10	365
472	10	200
425	10	345
417	10	378
443	10	316
462	10	293
460	10	262
486	10	272
473	10	378
148	10	399
472	10	261
440	10	378
481	10	281
419	10	359
439	10	366
146	10	250
450	10	378
148	10	274
425	10	347
149	10	359
437	10	255
427	10	352
437	10	359
449	10	402
449	10	291
444	10	293
488	10	200
448	10	309
458	10	337
421	10	351
148	10	276
484	10	333
148	10	409
443	10	200
476	10	274
419	10	353
147	10	287
148	10	291
146	10	327
435	10	378
435	10	388
460	10	272
417	10	293
456	4	1330
417	4	1825
416	4	1700
442	4	2419
435	4	1734
458	4	2508
449	4	1599
430	4	1900
451	4	2346
458	4	1543
438	4	2340
456	4	1342
442	4	1815
430	4	2025
449	4	1552
449	4	1964
449	4	1333
450	4	2538
451	4	1497
440	4	1892
433	4	1845
458	4	1517
450	4	1351
456	4	2539
459	4	1918
417	4	2249
442	4	1974
458	4	2473
449	4	1374
446	4	2428
493	4	1375
449	4	2473
459	4	2291
417	4	2250
489	4	1950
449	4	1501
435	4	1882
440	4	1887
445	4	2294
456	4	1463
480	4	1606
422	4	2492
438	4	1428
450	4	1330
417	4	1805
449	4	2430
416	4	1709
434	4	1694
449	4	1965
430	4	1898
435	4	1748
459	4	2478
456	4	2437
438	4	2462
441	4	2516
450	4	2539
484	4	1494
466	4	2135
449	4	1989
456	4	1446
430	4	1902
449	4	1536
449	4	2117
450	4	1350
456	4	2230
485	4	1589
458	4	2486
449	4	2453
456	4	2474
456	4	2471
458	4	2430
446	4	1531
456	4	1361
458	4	1564
456	4	1515
430	4	1899
471	4	1493
449	4	2293
458	4	1620
450	4	2540
434	4	1717
449	4	1548
480	4	1374
449	4	1319
438	4	2338
433	4	1736
456	4	1534
417	4	1749
450	4	1601
440	4	2211
445	4	1331
456	4	1365
449	4	2435
433	4	1946
450	4	2245
438	4	1341
438	4	1478
493	4	1495
435	4	1736
449	4	1639
437	4	1869
456	4	2337
476	4	1370
428	4	1722
450	4	1371
449	4	2372
449	4	2319
449	4	1507
456	4	2280
458	4	2433
434	4	1989
458	4	2348
481	4	1530
456	4	2477
456	4	2319
416	4	2257
417	4	2253
440	4	2448
416	4	2285
450	4	2449
481	4	1574
458	4	1461
443	4	1349
449	4	1452
476	4	1648
435	4	1578
450	4	2313
456	4	1464
465	4	2489
446	4	1585
416	4	1973
445	4	1986
449	4	2050
481	4	1545
449	4	2476
445	4	1333
449	4	2337
449	4	1515
458	4	2412
445	4	1373
445	4	1940
456	4	1523
422	4	2481
485	4	1551
450	4	2373
449	4	1534
416	4	1967
416	4	2259
458	4	2526
459	4	2428
456	4	2426
458	4	2313
450	4	2448
451	4	2347
438	4	2341
456	4	1319
475	4	1575
456	4	1988
435	4	2307
435	4	1812
446	4	1530
449	4	1441
440	4	1404
422	4	2503
481	4	1598
442	4	2409
416	4	2242
435	4	1846
438	4	2050
449	4	2291
493	4	1484
435	4	1687
442	4	1692
416	4	2263
449	4	1557
417	4	1742
442	4	2431
441	4	2517
436	4	2342
450	4	2425
449	4	2486
445	4	2478
476	4	1380
458	4	2537
438	4	2293
446	4	2544
437	4	2390
449	4	2479
449	4	2534
449	4	1365
456	4	2318
450	4	2433
449	4	2231
440	4	2200
458	4	1508
449	4	1611
448	4	2381
416	4	1728
435	4	1976
438	4	1984
449	4	2474
449	4	2519
456	4	2528
459	4	1548
450	4	2201
449	4	1323
456	4	1360
421	4	2371
448	4	2378
449	4	1631
456	4	1363
449	4	1537
435	4	1395
456	4	2312
493	4	1473
459	4	2480
493	4	1724
441	4	1499
458	4	2474
449	4	1456
442	4	2418
449	4	2528
459	4	2468
449	4	1430
454	4	1979
449	4	1324
493	4	1722
459	4	1537
446	4	1333
438	4	1964
450	4	1380
449	4	1391
450	4	2229
459	4	1502
419	4	2369
480	4	1625
449	4	2295
458	4	2434
456	4	2309
433	4	1745
476	4	1647
458	4	2534
445	4	2291
449	4	1428
449	4	1421
481	4	1532
446	4	2526
441	4	2514
449	4	2471
450	4	2437
450	4	2450
459	4	2484
450	4	1325
449	4	1478
463	4	2239
459	4	1955
438	4	1514
456	4	1989
435	4	1845
435	4	1514
458	4	2440
458	4	1616
442	4	2452
485	4	1370
440	4	1394
456	4	2534
450	4	1338
449	4	1443
438	4	1971
447	4	1786
458	4	1614
419	4	2391
450	4	1477
435	4	1745
456	4	2240
440	4	2524
445	4	1955
458	4	1639
438	4	1882
449	4	1381
450	4	1446
450	4	2502
435	4	1738
416	4	2265
438	4	1970
416	4	2286
442	4	2416
456	4	1500
458	4	1467
456	4	1362
456	4	1366
417	4	1814
449	4	2520
456	4	2464
449	4	2428
440	4	1349
438	4	1556
433	4	1734
458	4	1494
449	4	2290
449	4	1342
450	4	1369
458	4	2507
436	4	2298
438	4	1904
450	4	2424
435	4	1731
442	4	2410
456	4	2372
451	4	2355
471	4	2474
489	4	2146
440	4	1928
440	4	2445
456	4	1623
458	4	2523
471	4	2520
493	4	1364
484	4	1604
446	4	2297
460	4	1549
450	4	1447
450	4	1550
448	4	1968
492	4	1880
455	4	1465
456	4	1965
417	4	1722
449	4	1370
438	4	1912
418	4	1885
450	4	2372
417	4	1813
416	4	2264
442	4	2326
445	4	2428
456	4	2281
481	4	1625
450	4	2312
481	4	1664
456	4	1467
480	4	1639
445	4	2480
492	4	2113
442	4	1702
459	4	1920
493	4	1334
430	4	1901
474	4	1573
435	4	1744
456	4	2291
440	4	1930
419	4	1724
440	4	2513
456	4	2255
450	4	1319
458	4	2329
449	4	2529
449	4	1512
449	4	1442
450	4	1336
450	4	2426
440	4	2294
417	4	1775
449	4	1392
458	4	1541
417	4	2251
484	4	1662
458	4	2296
459	4	1373
465	4	1634
450	4	1577
456	4	2448
484	4	1619
450	4	2542
456	4	2364
436	4	1559
458	4	2482
441	4	1383
463	4	1319
438	4	2204
449	4	1359
484	4	1631
446	4	2541
416	4	1319
449	4	1532
457	4	1633
458	4	1438
449	4	2243
442	4	1544
476	4	1517
449	4	1988
458	4	2521
463	4	1352
456	4	2050
492	4	2102
450	4	2537
438	4	2511
456	4	2295
446	4	1357
450	4	1377
435	4	2301
449	4	1567
458	4	1601
459	4	1986
442	4	1701
459	4	1333
440	4	2201
417	4	1719
438	4	2291
449	4	2436
450	4	2240
435	4	2306
456	4	1447
449	4	1530
433	4	1729
440	4	1698
450	4	1340
481	4	1646
430	4	1689
458	4	2452
449	4	1553
481	4	1552
445	4	1561
442	4	2415
449	4	2526
450	4	1326
433	4	1731
430	4	2037
456	4	2360
449	4	1604
485	4	1648
458	4	1536
456	4	2425
435	4	1726
434	4	1707
456	4	1371
449	4	2229
481	4	1487
456	4	1377
440	4	1985
451	4	2357
449	4	1610
417	4	2345
438	4	1991
456	4	2290
458	4	1591
493	4	2143
450	4	1647
430	4	2422
458	4	1523
449	4	1357
458	4	1560
450	4	1501
474	4	1594
485	4	1529
450	4	1425
438	4	1924
456	4	2279
449	4	2518
435	4	1727
440	4	2198
485	4	1456
450	4	2486
446	4	2293
442	4	2508
456	4	1376
440	4	1699
456	4	1516
449	4	1592
417	4	1713
458	4	1592
456	4	2200
435	4	1690
467	4	1400
456	4	1540
481	4	1620
456	4	2538
451	4	2438
450	4	1332
456	4	1940
417	4	2254
484	4	1512
437	4	2393
446	4	1381
449	4	2464
438	4	2339
466	4	1967
416	4	2135
440	4	2545
442	4	1693
458	4	1606
480	4	1367
449	4	2233
416	4	2256
457	4	1696
446	4	1600
433	4	1748
456	4	2231
447	4	1953
458	4	1395
492	4	2080
458	4	2449
449	4	1466
450	4	2414
481	4	1604
458	4	1326
449	4	2537
437	4	1396
435	4	1680
449	4	2245
438	4	2233
481	4	1579
449	4	1377
458	4	2307
438	4	1884
458	4	2447
450	4	1524
442	4	2534
449	4	2230
417	4	2248
449	4	1523
442	4	2421
430	4	1615
458	4	1367
449	4	1517
442	4	2420
435	4	1735
435	4	1918
436	4	2196
416	4	1983
458	4	2504
450	4	1488
417	4	2546
465	4	1384
457	4	1558
441	4	2512
456	4	2452
452	4	1435
449	4	1545
449	4	2204
437	4	2387
450	4	1337
450	4	2243
435	4	1685
430	4	1864
462	4	1319
450	4	2434
433	4	1727
466	4	2021
449	4	1426
443	4	1881
456	4	1380
451	4	2327
450	4	1331
449	4	1623
440	4	2252
446	4	1502
449	4	2475
473	4	1319
458	4	2308
456	4	2519
458	4	1370
448	4	2382
459	4	1357
449	4	1522
442	4	1320
435	4	1691
438	4	1988
454	4	1981
449	4	1427
442	4	1460
438	4	2319
440	4	2441
449	4	2450
426	4	1846
463	4	1372
441	4	1389
450	4	1327
449	4	1563
441	4	2515
446	4	1599
458	4	1982
449	4	2506
458	4	1520
436	4	2287
459	4	1985
435	4	2412
485	4	1647
472	4	1571
449	4	1488
438	4	1352
462	4	1971
450	4	1387
439	4	1390
416	4	1711
447	4	1992
446	4	1537
456	4	2244
449	4	1464
444	4	2200
458	4	1600
456	4	2336
456	4	2293
471	4	2476
481	4	1536
450	4	1536
433	4	1735
456	4	2475
417	4	1983
451	4	2356
450	4	2246
440	4	1929
459	4	2294
485	4	1550
449	4	2406
449	4	2359
489	4	1951
463	4	2511
417	4	2000
440	4	1890
450	4	2200
448	4	2379
449	4	1621
420	4	2135
456	4	2233
446	4	1329
449	4	1438
484	4	1486
449	4	1425
450	4	1391
463	4	2340
475	4	1594
417	4	1796
481	4	1557
418	4	1952
449	4	1463
416	4	1315
449	4	2427
484	4	1605
417	4	1753
458	4	1590
450	4	2297
458	4	1496
449	4	1454
445	4	1423
434	4	1897
440	4	2283
440	4	1348
463	4	1556
449	4	2297
456	4	1358
458	4	2468
458	4	1542
480	4	1684
465	4	1388
450	4	1439
449	4	1541
449	4	1516
459	4	2485
447	4	1990
416	4	2258
458	4	1329
434	4	2366
458	4	2502
446	4	1601
416	4	1698
456	4	2359
450	4	2473
449	4	1593
489	4	2157
449	4	1467
481	4	1565
438	4	1989
458	4	1476
458	4	2510
449	4	2527
438	4	2472
440	4	2234
485	4	1524
417	4	1764
417	4	1715
450	4	2385
458	4	1940
466	4	1700
449	4	1317
450	4	1457
450	4	2523
463	4	1317
442	4	1703
449	4	1322
446	4	1533
438	4	2380
449	4	2434
471	4	1322
450	4	1359
449	4	1366
449	4	2364
449	4	1531
438	4	1965
461	4	2358
480	4	1630
458	4	2451
458	4	1507
449	4	1362
442	4	2528
451	4	1621
463	4	2406
425	4	1797
448	4	2383
434	4	1874
449	4	2240
492	4	1879
449	4	2318
456	4	1321
450	4	2423
449	4	1361
450	4	1448
450	4	1370
435	4	1737
461	4	2488
446	4	1373
484	4	1617
459	4	1807
449	4	2425
458	4	1374
458	4	1332
430	4	2411
476	4	1523
433	4	1740
449	4	1540
449	4	2360
449	4	2424
493	4	2025
445	4	1807
493	4	2058
450	4	2482
436	4	1808
459	4	1940
458	4	2312
434	4	1708
462	4	2239
417	4	1717
456	4	2406
458	4	2409
437	4	2392
465	4	2491
467	4	1420
450	4	1339
456	4	1466
458	4	1325
449	4	1500
449	4	1325
437	4	1451
449	4	1601
456	4	2407
450	4	2476
446	4	1392
446	4	1532
440	4	1891
450	4	1456
416	4	2260
463	4	1341
458	4	2436
435	4	1982
445	4	1956
449	4	2255
442	4	1902
459	4	1600
458	4	1567
458	4	2476
440	4	2232
456	4	2243
493	4	1826
457	4	1707
449	4	2511
442	4	1809
449	4	1565
438	4	1342
449	4	2423
442	4	2417
463	4	1971
450	4	1426
441	4	2413
485	4	1501
449	4	1330
449	4	1373
449	4	2408
416	4	1826
450	4	1541
458	4	2408
450	4	1467
449	4	1321
425	4	2134
425	4	2190
458	4	2414
456	4	1517
450	4	2520
440	4	1955
481	4	1599
442	4	2521
445	4	1493
481	4	1531
457	4	2135
416	4	1712
449	4	2281
458	4	1506
442	4	1947
458	4	1662
449	4	2244
434	4	1608
438	4	1317
446	4	2478
442	4	2289
442	4	2370
456	4	2201
460	4	2490
449	4	2246
433	4	1738
436	4	2195
440	4	1888
440	4	1889
448	4	2376
449	4	2279
449	4	1369
435	4	1600
450	4	1940
458	4	1460
450	4	2348
456	4	2246
467	4	1665
456	4	1430
450	4	1534
484	4	1618
458	4	2520
456	4	1539
433	4	1982
446	4	1986
433	4	1737
417	4	2247
417	4	2444
442	4	1705
435	4	1975
450	4	2436
458	4	1562
440	4	2197
456	4	2229
446	4	1584
425	4	1795
433	4	1914
476	4	1577
492	4	1886
438	4	2239
456	4	2245
456	4	1359
450	4	2230
434	4	1935
449	4	1332
449	4	2502
450	4	1360
450	4	1342
417	4	1718
458	4	2450
438	4	2244
456	4	2427
449	4	2448
456	4	2540
440	4	2446
440	4	1940
438	4	1883
456	4	2466
450	4	2309
450	4	2447
416	4	2261
456	4	1369
485	4	1577
417	4	1833
450	4	2440
416	4	1720
449	4	1350
456	4	2297
451	4	2354
450	4	1560
449	4	1363
452	4	1433
450	4	1428
435	4	1914
440	4	2405
456	4	1324
450	4	2451
492	4	2455
442	4	1949
458	4	1320
440	4	2442
440	4	2240
445	4	1332
440	4	2199
422	4	2535
456	4	2296
449	4	2451
435	4	2322
450	4	1567
449	4	2466
458	4	2528
438	4	2318
442	4	1811
465	4	2350
458	4	2509
459	4	1956
456	4	2117
449	4	2452
466	4	1319
459	4	2526
456	4	1964
493	4	2382
465	4	2487
456	4	1448
458	4	1603
481	4	1645
449	4	1539
435	4	1729
456	4	1391
458	4	2309
456	4	2204
435	4	1919
449	4	2407
456	4	2479
416	4	2262
456	4	2424
445	4	1548
450	4	2506
449	4	2280
435	4	2244
449	4	1422
417	4	1959
450	4	1427
471	4	2440
438	4	2234
449	4	1606
417	4	1716
492	4	2190
450	4	1358
438	4	1372
433	4	1744
458	4	1516
450	4	2296
442	4	1991
472	4	1583
458	4	1555
449	4	2477
449	4	2467
440	4	1893
244	27	2396
720	27	1997
274	27	1351
200	27	1932
578	27	2282
385	27	2220
357	27	2108
409	27	1338
378	27	1890
181	27	1460
388	27	2012
402	27	1904
385	27	2208
656	27	1931
257	27	2528
695	27	1990
378	27	1734
363	27	1607
378	27	1996
388	27	1736
498	27	1897
355	27	2211
287	27	1420
293	27	2546
378	27	2173
200	27	1613
373	27	1725
388	27	1905
297	27	1641
242	27	1339
934	27	2542
873	27	2438
969	27	2415
380	27	2282
545	27	1793
274	27	1387
349	27	2160
402	27	1565
358	27	2045
1283	27	1647
373	27	2012
234	27	1880
410	27	1955
1264	27	1682
361	27	1549
378	27	2222
1300	27	2062
378	27	2439
352	27	1757
379	27	2173
276	27	2428
373	27	1857
512	27	1918
181	27	2025
249	27	1895
414	27	2528
293	27	1534
405	27	2288
388	27	1912
378	27	2120
1188	27	1502
333	27	1618
293	27	2256
291	27	1457
362	27	2058
814	27	2256
352	27	2400
388	27	2039
1121	27	1658
958	27	1650
180	27	2413
874	27	2327
399	27	1884
616	27	2027
254	27	1546
293	27	2247
798	27	2239
900	27	2356
678	27	1739
378	27	2262
399	27	2436
284	27	2302
352	27	1462
380	27	2023
388	27	2244
182	27	1773
248	27	1491
878	27	2329
408	27	2545
970	27	2415
380	27	2284
546	27	1683
242	27	1480
242	27	2467
388	27	2292
246	27	1618
1030	27	2518
743	27	1495
242	27	1533
388	27	1733
514	27	1971
386	27	2121
621	27	2418
408	27	1843
182	27	1541
299	27	2433
720	27	2073
388	27	1988
293	27	2063
929	27	1409
1134	27	1622
355	27	2252
277	27	2347
380	27	2063
1063	27	1425
281	27	1684
183	27	1398
567	27	2087
373	27	1997
281	27	1591
388	27	1600
793	27	2385
293	27	1844
1123	27	1410
1237	27	1561
543	27	2064
1263	27	1678
233	27	2058
385	27	2120
1264	27	1671
730	27	2065
1123	27	1656
349	27	2270
281	27	1601
1229	27	1996
388	27	2075
347	27	1881
355	27	1699
271	27	1509
250	27	2317
385	27	1821
1033	27	1320
378	27	1578
183	27	1397
257	27	1590
378	27	1877
868	27	2314
376	27	2258
363	27	1724
882	27	2246
329	27	1681
242	27	1972
355	27	1434
408	27	1877
360	27	1495
277	27	2518
414	27	1507
567	27	1916
385	27	2209
378	27	2180
385	27	2106
1149	27	1436
1017	27	1325
246	27	2289
257	27	1466
284	27	2330
357	27	2029
305	27	1589
378	27	2114
503	27	2256
369	27	2531
353	27	1417
352	27	1808
1236	27	1560
388	27	2327
179	27	2040
293	27	1742
242	27	2050
1058	27	1340
355	27	1740
388	27	1779
740	27	2071
402	27	2339
180	27	1547
357	27	2105
1300	27	2053
363	27	1855
779	27	2160
259	27	2359
182	27	1803
281	27	1561
1082	27	1348
1032	27	1690
717	27	2077
251	27	1423
378	27	1590
567	27	2106
893	27	2341
752	27	2097
402	27	1341
378	27	1686
397	27	1741
699	27	2262
373	27	1900
248	27	2516
388	27	1750
397	27	1747
284	27	2300
1251	27	2472
399	27	2427
385	27	2217
1032	27	2027
906	27	1499
1101	27	1363
414	27	2521
378	27	2284
361	27	1886
414	27	1555
361	27	1706
271	27	1348
285	27	2236
353	27	2392
690	27	1992
262	27	1963
378	27	2444
1001	27	2482
180	27	2514
1003	27	1639
357	27	1838
261	27	2457
391	27	2400
397	27	1729
409	27	1319
530	27	1694
743	27	2381
1158	27	1453
355	27	2232
353	27	2532
360	27	1364
281	27	2349
366	27	1440
200	27	1942
582	27	1850
1308	27	1937
968	27	2416
378	27	1687
1027	27	2517
679	27	2239
355	27	1538
634	27	2246
281	27	1332
721	27	1997
397	27	1733
355	27	2448
1190	27	1508
970	27	2416
257	27	2452
353	27	1440
1235	27	1555
242	27	1553
858	27	2296
385	27	2153
355	27	2446
1263	27	1671
807	27	2253
373	27	1578
412	27	2196
409	27	1340
354	27	2505
1013	27	2490
717	27	2073
355	27	2241
352	27	1423
414	27	2421
364	27	2164
349	27	2275
793	27	2426
499	27	1518
1302	27	1761
366	27	1445
394	27	2380
870	27	2314
371	27	1759
858	27	2449
385	27	2270
378	27	1736
281	27	1461
346	27	2152
281	27	2437
879	27	2327
772	27	2136
1309	27	1749
867	27	2314
183	27	1863
262	27	2489
1229	27	2527
518	27	1749
385	27	2124
284	27	2303
386	27	2139
281	27	1482
291	27	1421
293	27	2280
380	27	1773
794	27	2229
293	27	1443
569	27	1820
373	27	1740
569	27	2147
379	27	2188
323	27	1664
1064	27	2106
180	27	1383
333	27	1619
301	27	1322
1012	27	1388
378	27	1773
276	27	1585
361	27	1660
200	27	2236
415	27	1634
242	27	2279
316	27	1349
860	27	1858
352	27	2378
786	27	2381
388	27	2282
293	27	1327
353	27	1576
352	27	1968
385	27	2126
219	27	1941
1263	27	1675
293	27	1319
1057	27	1623
1047	27	1361
385	27	2272
414	27	1618
906	27	2512
380	27	2248
936	27	2484
408	27	2503
414	27	1701
548	27	1800
385	27	2223
182	27	1871
585	27	1855
714	27	1996
1209	27	1542
628	27	1915
722	27	2420
1284	27	2542
767	27	2122
388	27	1915
378	27	2226
371	27	2379
276	27	1357
274	27	1378
293	27	1719
385	27	2219
182	27	1949
385	27	1840
293	27	1786
247	27	2516
399	27	2426
960	27	1655
385	27	2129
960	27	1401
363	27	1747
680	27	1971
364	27	2193
242	27	2529
281	27	2537
242	27	2406
281	27	2474
514	27	1738
352	27	2383
715	27	2077
1298	27	1683
678	27	1994
1273	27	1972
373	27	1962
371	27	1765
713	27	1996
364	27	2122
299	27	1517
1193	27	1610
182	27	2545
355	27	1444
246	27	2510
497	27	1694
399	27	1427
261	27	1881
405	27	2287
254	27	1458
293	27	1552
386	27	2112
414	27	1553
388	27	2421
349	27	2266
276	27	1584
388	27	2204
414	27	1948
378	27	2205
200	27	2122
531	27	2292
940	27	1446
396	27	1797
511	27	2136
364	27	1787
378	27	2485
257	27	1623
569	27	2148
874	27	2438
181	27	2327
363	27	1691
179	27	2106
385	27	2131
414	27	1662
1204	27	1541
388	27	1352
200	27	1504
293	27	2043
722	27	1911
378	27	1766
399	27	2433
388	27	2029
376	27	1890
363	27	1727
360	27	1375
1190	27	1542
408	27	2017
808	27	2253
380	27	1787
385	27	2275
926	27	1409
316	27	1582
414	27	2417
388	27	1841
385	27	1822
385	27	2100
1273	27	2462
264	27	1982
373	27	1558
276	27	1537
363	27	1748
385	27	2171
360	27	1768
399	27	1740
293	27	1351
402	27	1376
378	27	2282
242	27	2537
1229	27	2172
388	27	1853
388	27	2022
502	27	2335
948	27	2387
1217	27	1543
349	27	2274
349	27	2083
353	27	1414
293	27	2435
275	27	1533
933	27	2384
388	27	1802
274	27	1551
783	27	2188
776	27	2160
555	27	1806
378	27	1339
410	27	1331
378	27	1536
250	27	1799
1309	27	2253
414	27	2231
410	27	1807
1113	27	1390
299	27	1567
181	27	1615
1314	27	1514
500	27	1519
322	27	1646
356	27	2393
397	27	2484
373	27	1741
402	27	2407
612	27	1348
835	27	2258
277	27	2438
280	27	1981
714	27	2148
1081	27	1348
293	27	2527
399	27	2204
364	27	2137
181	27	2347
179	27	2105
183	27	1649
410	27	1750
1108	27	2033
963	27	2415
352	27	2376
364	27	2207
180	27	2512
408	27	1780
414	27	1603
803	27	2245
355	27	2319
1136	27	1423
388	27	1935
514	27	1481
1288	27	1652
371	27	1776
293	27	2254
347	27	2190
399	27	2380
179	27	2103
388	27	2135
399	27	1480
262	27	2488
352	27	1763
414	27	2418
287	27	1665
414	27	2507
388	27	2016
281	27	2447
892	27	1481
373	27	2021
182	27	2524
378	27	1691
385	27	2148
276	27	2468
274	27	1501
388	27	2040
408	27	2056
963	27	2421
414	27	1705
922	27	2377
924	27	2292
357	27	2114
357	27	1825
261	27	1316
378	27	1796
388	27	1514
973	27	2421
1010	27	2336
248	27	2515
355	27	1607
575	27	2129
408	27	2009
385	27	2193
385	27	2194
930	27	1400
399	27	2424
1102	27	1366
1040	27	1585
281	27	2348
242	27	2291
573	27	1722
182	27	1722
373	27	2034
293	27	2540
850	27	2261
336	27	1675
560	27	1806
363	27	1976
949	27	2391
567	27	1487
693	27	1992
1133	27	1475
495	27	1341
1023	27	2504
245	27	1483
527	27	1749
402	27	2233
276	27	1333
607	27	2115
705	27	1992
605	27	2115
637	27	1653
388	27	1911
179	27	2028
355	27	1927
290	27	1449
277	27	2356
355	27	1415
402	27	1478
965	27	2410
569	27	2093
402	27	1883
1114	27	1391
408	27	2366
385	27	1749
408	27	1806
735	27	2155
287	27	1475
388	27	1998
361	27	2432
408	27	1978
373	27	2004
263	27	1661
1016	27	2502
969	27	2421
258	27	2255
760	27	2121
356	27	1870
388	27	2077
274	27	1380
378	27	1591
388	27	1653
811	27	1466
378	27	2106
371	27	1790
526	27	1749
311	27	1583
373	27	2043
507	27	1446
284	27	2299
352	27	1756
361	27	2321
281	27	1592
200	27	1944
388	27	2416
349	27	2276
530	27	1897
257	27	2464
293	27	2290
388	27	2435
1010	27	1578
1025	27	1555
1284	27	1532
349	27	2206
410	27	1548
1181	27	1496
242	27	2466
313	27	1536
397	27	1520
364	27	2118
293	27	2281
363	27	1914
873	27	2356
724	27	2077
291	27	1365
181	27	1815
264	27	2428
414	27	2508
414	27	1619
1158	27	1489
600	27	2057
807	27	1446
571	27	1829
378	27	2539
385	27	2172
293	27	2425
363	27	1850
388	27	2028
351	27	2469
619	27	2415
859	27	2523
975	27	2416
722	27	2415
414	27	1702
388	27	2006
388	27	1372
1305	27	1832
355	27	1893
410	27	1333
821	27	2256
182	27	1877
414	27	1543
180	27	2470
1245	27	1574
511	27	2108
897	27	2347
1011	27	2487
775	27	2058
277	27	1541
634	27	1916
183	27	1755
264	27	1976
289	27	1637
796	27	2237
925	27	2377
311	27	1581
364	27	1990
399	27	2202
402	27	2472
1263	27	1668
261	27	2454
361	27	1661
385	27	2268
336	27	1628
385	27	2105
272	27	1582
257	27	1553
529	27	2292
388	27	1748
394	27	1608
1120	27	2444
374	27	2366
722	27	2422
261	27	1933
378	27	1548
327	27	1581
906	27	2515
679	27	1971
892	27	1352
378	27	1887
1265	27	1678
1101	27	1366
1067	27	1338
378	27	2005
378	27	2122
570	27	1821
388	27	2425
1157	27	1453
388	27	1990
293	27	2135
349	27	2225
777	27	2160
1178	27	1490
1247	27	1574
1109	27	1377
901	27	2356
408	27	2492
772	27	2144
179	27	1830
378	27	1962
711	27	2014
402	27	1670
958	27	2399
1126	27	1412
795	27	2230
409	27	2234
1070	27	1339
373	27	1995
884	27	2246
396	27	2532
964	27	1460
408	27	1872
1003	27	1533
522	27	1749
1304	27	2053
355	27	1937
183	27	1860
1190	27	1591
505	27	1710
353	27	1546
388	27	1904
363	27	2262
183	27	1756
877	27	2356
373	27	2411
1143	27	1500
963	27	1617
274	27	1379
704	27	1992
875	27	2346
385	27	2136
811	27	1623
225	27	1789
380	27	2034
576	27	1838
366	27	1576
378	27	2534
219	27	2235
354	27	2323
276	27	1502
293	27	2243
293	27	1978
316	27	1581
519	27	1717
301	27	1492
1091	27	1351
1308	27	1569
291	27	1362
356	27	2392
879	27	2438
406	27	2232
269	27	2494
359	27	1644
1242	27	1574
793	27	2540
415	27	2501
364	27	2277
734	27	2060
214	27	1944
282	27	2079
412	27	2195
355	27	2445
271	27	2115
397	27	1737
345	27	1752
1010	27	1962
281	27	1438
385	27	2149
739	27	2074
1264	27	1667
980	27	2418
352	27	1950
179	27	1770
179	27	2082
179	27	1913
1010	27	1850
388	27	1731
503	27	1709
535	27	1759
376	27	1434
750	27	2094
264	27	2297
246	27	1348
802	27	2243
246	27	2466
397	27	1735
179	27	2072
396	27	1795
356	27	1414
385	27	2096
179	27	2064
749	27	2093
1264	27	1672
293	27	1539
1311	27	1377
250	27	1798
346	27	2176
351	27	2505
183	27	1573
560	27	1348
293	27	2385
818	27	2256
250	27	2334
780	27	2220
373	27	1847
293	27	1718
277	27	1610
399	27	1428
363	27	1804
650	27	1936
293	27	1773
402	27	2340
918	27	2371
855	27	2288
378	27	2264
1166	27	1465
877	27	2346
200	27	2493
399	27	1633
200	27	2494
247	27	1895
938	27	1560
388	27	2020
570	27	2133
293	27	1500
254	27	1417
378	27	1488
291	27	1604
183	27	1757
200	27	1881
378	27	1620
1164	27	1494
183	27	2384
402	27	1481
388	27	1997
355	27	2441
511	27	1545
363	27	1736
1007	27	2488
356	27	1498
388	27	1708
797	27	2238
534	27	1754
1304	27	2052
248	27	2512
606	27	2115
1310	27	1643
181	27	2294
266	27	2541
904	27	1925
357	27	1767
183	27	2404
826	27	2256
363	27	1845
180	27	1570
327	27	1580
1214	27	1543
322	27	1552
336	27	1682
374	27	1707
183	27	1402
1229	27	2132
200	27	1345
293	27	2534
785	27	2196
378	27	2136
598	27	1527
182	27	1995
378	27	1814
293	27	1422
793	27	2258
179	27	2108
388	27	1811
291	27	2360
410	27	1373
399	27	1904
1120	27	1713
233	27	1863
373	27	1908
377	27	2085
293	27	2231
567	27	2104
353	27	1869
717	27	1997
376	27	2200
275	27	2297
414	27	1544
378	27	2048
601	27	2060
402	27	2462
1191	27	1456
573	27	1624
276	27	2541
804	27	2248
1116	27	1451
1251	27	2027
394	27	2367
242	27	1322
363	27	1852
769	27	2122
965	27	2416
1084	27	1350
261	27	1587
964	27	2415
1098	27	1353
284	27	2304
388	27	1778
1010	27	1688
888	27	2330
293	27	2518
613	27	1348
860	27	1399
1229	27	1904
572	27	1829
775	27	1968
349	27	2177
380	27	2064
356	27	1458
183	27	2179
399	27	2234
1074	27	1684
527	27	1884
183	27	1408
264	27	1940
1311	27	1680
1008	27	2488
912	27	2361
321	27	1617
627	27	1915
322	27	1557
386	27	2085
385	27	2224
780	27	2188
546	27	1794
1251	27	1352
1051	27	1327
976	27	2311
1011	27	2491
378	27	1558
200	27	1580
385	27	2111
262	27	1388
181	27	1444
637	27	1874
677	27	1972
1025	27	1543
1273	27	2472
349	27	2193
1010	27	1943
415	27	1386
281	27	2296
388	27	1815
1010	27	1513
1251	27	1481
182	27	2045
364	27	2225
378	27	2024
377	27	2067
936	27	1337
248	27	2470
408	27	2481
352	27	1436
293	27	1988
1229	27	2097
291	27	2476
293	27	1324
378	27	1452
613	27	1881
394	27	1708
530	27	1457
1118	27	1402
714	27	2106
938	27	1439
832	27	2256
842	27	2259
355	27	1930
373	27	1723
183	27	1412
402	27	2293
575	27	1837
388	27	2233
254	27	1414
743	27	1375
813	27	2257
546	27	1827
378	27	2064
293	27	1321
410	27	2291
1251	27	2050
351	27	2530
358	27	2214
385	27	1788
378	27	2135
942	27	2385
233	27	2381
690	27	1990
402	27	2239
399	27	2462
351	27	1518
388	27	1608
863	27	2305
293	27	2529
556	27	1806
523	27	1749
1305	27	1455
995	27	2450
378	27	2090
817	27	1950
349	27	2277
262	27	2487
242	27	2518
388	27	1478
277	27	1522
293	27	2286
293	27	2453
352	27	1328
385	27	2274
329	27	1527
1219	27	1543
293	27	2021
788	27	2278
293	27	1825
1229	27	2027
242	27	1441
299	27	2460
200	27	1981
813	27	2258
410	27	1985
1010	27	1737
378	27	1520
414	27	2410
383	27	2157
299	27	1438
615	27	1844
1159	27	1457
931	27	2377
388	27	2043
654	27	1936
388	27	1989
408	27	1875
795	27	2372
293	27	2409
1045	27	1662
356	27	2390
260	27	2231
291	27	1463
242	27	1599
293	27	1391
858	27	2522
1010	27	2542
514	27	1919
182	27	2343
181	27	2418
397	27	1744
1264	27	1674
245	27	2470
373	27	2282
414	27	1496
245	27	1756
969	27	2416
590	27	1860
336	27	1671
399	27	1984
277	27	2495
409	27	1700
388	27	1907
567	27	2149
399	27	1426
1120	27	2253
611	27	1881
563	27	1807
349	27	2185
1064	27	1996
183	27	1575
786	27	1462
353	27	2391
1088	27	1351
399	27	1903
981	27	1617
1120	27	1909
378	27	2220
397	27	1919
397	27	1730
181	27	1947
378	27	2111
975	27	2415
561	27	1956
662	27	1942
363	27	1744
293	27	2282
242	27	1481
293	27	1967
535	27	1406
347	27	2080
271	27	1554
353	27	1636
363	27	1725
408	27	2258
1193	27	1522
1032	27	2542
360	27	1484
1052	27	1327
570	27	2124
364	27	2142
378	27	2082
219	27	1933
574	27	1996
380	27	2072
349	27	2219
363	27	2263
402	27	1368
399	27	1481
364	27	2276
248	27	1894
961	27	2419
373	27	1999
355	27	2004
963	27	2416
954	27	1649
364	27	1767
317	27	1654
259	27	2339
898	27	2347
378	27	2261
388	27	2347
183	27	1651
414	27	1631
789	27	2216
1195	27	1610
376	27	1724
262	27	2350
378	27	2006
1262	27	1623
671	27	1960
242	27	1530
219	27	1979
925	27	1409
179	27	2063
183	27	1406
361	27	2525
242	27	1662
1302	27	2535
226	27	1829
574	27	2109
720	27	1591
276	27	1986
559	27	1806
349	27	2161
355	27	1720
257	27	1323
364	27	2154
277	27	2355
408	27	2019
711	27	2353
402	27	2359
408	27	1691
385	27	2151
251	27	2398
879	27	2346
378	27	1884
373	27	1914
361	27	2487
281	27	1555
409	27	2240
412	27	1465
1084	27	1565
574	27	1837
281	27	2440
786	27	2058
1107	27	1377
181	27	1901
1215	27	1543
313	27	1619
363	27	1696
1293	27	1683
1010	27	1851
352	27	1435
399	27	2472
1100	27	1362
408	27	1722
378	27	2247
914	27	2364
383	27	1328
281	27	2485
414	27	2464
1304	27	2054
250	27	1800
1257	27	1618
928	27	2377
823	27	2256
988	27	2421
352	27	1776
562	27	1943
748	27	2084
373	27	2013
715	27	1997
385	27	2101
838	27	2260
567	27	2095
1068	27	1338
999	27	2482
1137	27	1482
364	27	2226
507	27	2257
808	27	2259
858	27	1461
378	27	2259
618	27	1904
248	27	1697
352	27	1862
402	27	2279
414	27	2452
225	27	1781
385	27	2214
1284	27	2472
299	27	1374
378	27	2083
200	27	2463
499	27	1519
548	27	1798
1239	27	1594
592	27	1651
394	27	1897
179	27	1777
378	27	2103
402	27	1884
378	27	1973
313	27	1516
1154	27	1446
355	27	1890
179	27	2129
279	27	1573
297	27	1642
774	27	2144
414	27	1591
396	27	2531
261	27	2494
388	27	1947
361	27	1504
507	27	1710
281	27	1562
656	27	1932
1226	27	1555
406	27	2513
182	27	1907
1041	27	2544
181	27	1497
1301	27	1761
322	27	1645
871	27	2316
200	27	1392
714	27	2147
408	27	2059
376	27	1444
848	27	2260
394	27	2366
354	27	2501
277	27	1539
293	27	2295
242	27	1531
181	27	2421
291	27	2359
941	27	1439
363	27	1826
860	27	1403
1139	27	1537
930	27	1409
378	27	2086
1299	27	2007
414	27	1614
1143	27	1430
580	27	1806
914	27	2427
1182	27	1496
616	27	1749
982	27	2419
183	27	1400
356	27	2369
180	27	1483
385	27	2271
183	27	1472
354	27	2321
1293	27	1682
1057	27	1336
499	27	1704
361	27	2465
512	27	1534
378	27	1838
374	27	1703
248	27	2517
293	27	1359
378	27	1733
1302	27	2054
930	27	2377
1150	27	1567
1010	27	1744
271	27	2463
388	27	2035
402	27	1556
279	27	2328
402	27	2380
957	27	2399
250	27	2388
1105	27	1376
385	27	1836
181	27	1877
363	27	2297
994	27	2431
683	27	1986
1049	27	1327
264	27	2526
293	27	1336
326	27	1580
1056	27	1336
388	27	2338
354	27	1760
363	27	1903
1243	27	1574
388	27	1329
640	27	1852
945	27	2387
548	27	1954
899	27	2347
361	27	2368
388	27	1556
562	27	1907
385	27	1837
743	27	1364
272	27	1963
388	27	2070
377	27	2024
601	27	1872
753	27	2132
1138	27	1490
271	27	1581
182	27	2326
1031	27	2518
548	27	1933
850	27	2262
626	27	1864
378	27	1315
520	27	1713
316	27	1580
662	27	2300
675	27	1965
969	27	2419
388	27	1772
281	27	2473
414	27	1974
277	27	1512
257	27	1463
388	27	1977
182	27	1721
200	27	1958
916	27	2427
385	27	2089
906	27	2514
385	27	2189
242	27	1604
1262	27	1919
548	27	1799
827	27	2256
378	27	1806
397	27	2468
347	27	1886
373	27	2018
357	27	1773
770	27	2122
910	27	2454
1304	27	1761
771	27	2131
353	27	1642
244	27	2402
305	27	1517
299	27	2436
325	27	1613
1312	27	1680
353	27	2387
378	27	1744
180	27	2363
378	27	1784
1010	27	1854
281	27	1457
355	27	1926
1263	27	1669
378	27	1830
388	27	1959
378	27	2040
818	27	2257
388	27	2345
351	27	2501
1314	27	1864
281	27	2523
724	27	1997
820	27	2256
378	27	2143
250	27	2429
498	27	1694
261	27	1586
293	27	1339
248	27	1895
567	27	2100
409	27	2405
345	27	1886
363	27	1680
291	27	1366
388	27	2047
1273	27	1971
293	27	2424
372	27	1468
1058	27	1336
360	27	1455
291	27	1374
1210	27	1542
380	27	1712
373	27	1849
293	27	1340
1072	27	1341
915	27	2364
399	27	1912
352	27	1472
269	27	2374
1206	27	1542
385	27	1916
388	27	1773
858	27	2313
677	27	1971
388	27	2001
179	27	1648
293	27	2437
515	27	1727
233	27	2376
257	27	2471
371	27	2378
388	27	1737
502	27	1544
376	27	1394
574	27	2129
660	27	1931
373	27	2001
357	27	2013
1084	27	1593
1259	27	1618
310	27	1571
182	27	1732
239	27	1808
955	27	1649
181	27	2416
775	27	2381
600	27	1873
225	27	2499
378	27	2405
373	27	1521
293	27	1764
353	27	2390
1120	27	1324
414	27	2420
275	27	1599
385	27	2156
1117	27	1402
397	27	2307
1119	27	2333
200	27	2497
1058	27	1534
864	27	2304
281	27	2385
798	27	1481
364	27	2208
972	27	1487
544	27	1791
388	27	1974
494	27	1913
846	27	2259
1307	27	2319
259	27	1376
1034	27	1664
555	27	1349
579	27	1348
386	27	2138
293	27	2285
242	27	2290
385	27	2108
182	27	1740
287	27	1431
879	27	2347
900	27	1497
1015	27	2497
699	27	2261
385	27	2253
385	27	2099
281	27	2309
385	27	2093
1009	27	2322
281	27	2486
361	27	2489
242	27	1884
397	27	1329
279	27	1594
385	27	2109
293	27	2061
1310	27	1937
388	27	2049
409	27	1339
952	27	2396
378	27	1540
200	27	1587
1010	27	1521
250	27	2525
819	27	2256
1302	27	2053
373	27	1936
363	27	1685
219	27	2459
756	27	2097
329	27	1526
1132	27	1413
388	27	1769
1278	27	1574
1121	27	1408
887	27	2246
183	27	1403
385	27	2227
892	27	2340
181	27	2422
733	27	2057
592	27	1555
609	27	1348
180	27	1499
408	27	1740
754	27	2058
200	27	1348
804	27	1718
378	27	1348
697	27	1992
409	27	1360
637	27	1991
397	27	1845
249	27	1896
242	27	1340
1272	27	1638
410	27	1804
1047	27	1324
1058	27	1337
293	27	2423
182	27	2230
281	27	1326
378	27	1997
225	27	1817
274	27	1647
511	27	2222
512	27	2258
271	27	1489
364	27	2036
612	27	1554
414	27	1564
329	27	1640
378	27	2004
356	27	2362
414	27	2416
1299	27	2503
903	27	2349
353	27	1637
378	27	2162
1265	27	1626
1251	27	1749
412	27	2298
242	27	1904
397	27	1395
352	27	1571
877	27	2438
1023	27	1555
841	27	2259
851	27	2263
363	27	2261
731	27	2040
414	27	1506
385	27	2104
380	27	2345
539	27	1765
293	27	2436
1296	27	1683
361	27	1752
1025	27	1614
980	27	2420
670	27	1960
180	27	2517
378	27	2066
619	27	2416
363	27	1848
902	27	1367
297	27	1644
758	27	2289
528	27	2292
361	27	2317
361	27	2334
599	27	1873
385	27	2444
378	27	2540
322	27	1579
275	27	1532
696	27	1991
388	27	1995
388	27	2423
299	27	2447
1273	27	1479
362	27	2069
388	27	1917
383	27	1951
378	27	1767
508	27	1714
355	27	1887
299	27	1577
1116	27	1396
353	27	1511
1010	27	1740
181	27	1846
299	27	1439
414	27	1692
347	27	1880
553	27	1806
1065	27	1339
293	27	2464
293	27	2471
183	27	1763
608	27	2115
1267	27	1629
804	27	2253
179	27	2029
200	27	2500
378	27	1324
993	27	1497
406	27	1892
951	27	2394
374	27	1608
579	27	1806
1036	27	2534
373	27	1957
399	27	2340
352	27	2058
376	27	1578
349	27	2183
282	27	1510
736	27	2065
905	27	2351
378	27	1537
573	27	2015
817	27	2146
364	27	1992
954	27	2397
415	27	1393
242	27	1984
293	27	2242
280	27	1979
753	27	2097
360	27	1771
182	27	1802
388	27	2510
293	27	2261
1221	27	1550
978	27	2417
239	27	2287
260	27	2534
293	27	2538
200	27	1595
361	27	1490
1050	27	1327
362	27	2381
699	27	2265
1211	27	1542
1240	27	2443
1304	27	2535
408	27	2061
695	27	1992
1023	27	1374
512	27	1600
644	27	1933
1228	27	1555
891	27	2340
362	27	2382
388	27	1999
388	27	2411
355	27	1889
385	27	2266
248	27	1547
933	27	1413
1284	27	1884
385	27	1820
408	27	2513
254	27	1418
1241	27	1575
388	27	1910
293	27	2246
293	27	1360
1270	27	1635
806	27	1796
1048	27	1326
716	27	1997
679	27	1481
577	27	1992
183	27	2396
543	27	2072
281	27	1325
567	27	1996
357	27	2072
183	27	1658
242	27	2280
1300	27	2052
274	27	1456
388	27	1965
257	27	1557
378	27	2249
388	27	1740
353	27	1795
361	27	2429
1174	27	1481
668	27	1739
799	27	2239
856	27	2288
268	27	1581
543	27	2023
347	27	2115
758	27	2117
361	27	1969
388	27	2344
388	27	2239
397	27	1508
883	27	2246
388	27	1767
1302	27	2062
409	27	1967
414	27	1949
385	27	2177
276	27	1329
722	27	2416
495	27	1372
388	27	1854
274	27	1477
722	27	1615
1302	27	2009
271	27	1597
359	27	1451
796	27	2238
997	27	1461
1192	27	1456
271	27	1612
261	27	2456
388	27	2318
378	27	2273
373	27	2022
305	27	1370
376	27	1903
378	27	1978
538	27	1472
388	27	2046
291	27	2519
179	27	2079
364	27	2166
412	27	1559
495	27	1694
573	27	1871
593	27	1742
378	27	2077
347	27	2134
548	27	1981
388	27	1341
293	27	1964
361	27	1393
378	27	1716
612	27	2463
879	27	1497
291	27	2430
852	27	2265
1229	27	2213
373	27	2135
410	27	1920
356	27	1566
200	27	1961
759	27	2120
385	27	2269
633	27	1915
507	27	2260
181	27	2411
388	27	2072
182	27	2372
410	27	1332
293	27	2279
1120	27	1715
1002	27	2484
378	27	2248
1039	27	1585
388	27	1780
225	27	1958
568	27	1819
410	27	2485
394	27	2365
612	27	1881
363	27	1315
179	27	2092
361	27	1389
182	27	1780
824	27	2256
183	27	1862
873	27	2327
180	27	2515
713	27	2106
275	27	1392
183	27	1759
388	27	2002
1010	27	1957
349	27	2163
349	27	2205
274	27	1331
352	27	1397
293	27	1366
361	27	1934
519	27	1707
1014	27	2497
1263	27	1626
998	27	2311
378	27	1748
266	27	1481
414	27	2415
385	27	1909
1177	27	1487
1279	27	1641
385	27	2098
1273	27	2239
388	27	1846
780	27	2177
1133	27	1420
336	27	1679
378	27	2127
1086	27	2322
281	27	2451
355	27	1846
959	27	2402
610	27	1881
327	27	1509
397	27	1748
922	27	1409
385	27	2169
385	27	2090
373	27	2039
316	27	1348
361	27	2358
1300	27	2019
388	27	2431
602	27	2060
305	27	1529
378	27	2036
1012	27	1549
356	27	1869
242	27	1442
414	27	1911
557	27	1806
1254	27	1592
378	27	1735
527	27	1909
355	27	1452
743	27	1354
293	27	2407
1034	27	1320
378	27	2000
353	27	1498
499	27	2310
291	27	2474
371	27	1462
380	27	2076
182	27	2043
373	27	2042
281	27	1567
225	27	1816
1251	27	1904
1208	27	1542
347	27	2455
353	27	1566
364	27	2072
743	27	2069
513	27	1740
1262	27	1745
1062	27	1337
1013	27	2489
414	27	1703
414	27	2335
200	27	1612
242	27	1319
1306	27	1462
1120	27	2439
355	27	1404
225	27	1829
927	27	2377
964	27	1664
336	27	1676
702	27	1992
371	27	1774
731	27	2065
1273	27	1924
388	27	1427
242	27	2453
1160	27	1457
997	27	2451
281	27	2434
388	27	2415
1181	27	1542
242	27	1479
181	27	1899
1252	27	1583
521	27	1749
1281	27	1664
388	27	1703
408	27	1876
414	27	2370
257	27	2255
245	27	2363
397	27	1745
373	27	2020
293	27	1330
181	27	1903
567	27	1363
373	27	1772
352	27	1465
353	27	2362
358	27	2155
277	27	1621
378	27	2118
388	27	1885
378	27	2161
397	27	1975
388	27	1900
183	27	1409
567	27	2120
677	27	1479
388	27	1777
930	27	1405
543	27	1787
305	27	1501
179	27	2110
352	27	2342
183	27	1470
495	27	1556
1262	27	1918
940	27	1477
388	27	2038
353	27	2369
183	27	1594
352	27	1771
285	27	2238
378	27	2076
944	27	2387
293	27	1553
1032	27	2253
845	27	2259
520	27	1749
1229	27	2094
668	27	2265
754	27	2383
1032	27	1749
1286	27	1648
269	27	1954
1063	27	1567
182	27	2354
624	27	1915
385	27	2277
388	27	2301
701	27	1992
1176	27	1487
363	27	2264
601	27	2031
782	27	2193
378	27	1826
378	27	2065
242	27	1645
373	27	1769
1309	27	1391
276	27	2544
373	27	2038
281	27	2313
1285	27	1647
183	27	2401
1190	27	1555
881	27	2246
780	27	2166
181	27	2346
378	27	2200
388	27	2021
728	27	2030
181	27	1740
773	27	2144
242	27	2527
410	27	1956
1180	27	1494
402	27	2280
274	27	1371
291	27	1377
718	27	2073
357	27	2143
1120	27	1540
293	27	2038
364	27	2101
722	27	2418
711	27	1538
250	27	1969
408	27	1873
257	27	2518
355	27	1891
378	27	2126
680	27	1357
378	27	2003
1086	27	2462
385	27	2145
336	27	1678
804	27	2259
744	27	2077
378	27	1730
311	27	1582
321	27	1631
637	27	1935
271	27	2461
291	27	1430
409	27	2264
385	27	2150
352	27	1471
385	27	2226
349	27	2166
264	27	2437
1051	27	1477
357	27	1787
233	27	1354
576	27	2127
981	27	2420
1045	27	1317
547	27	1794
181	27	2037
1111	27	1380
780	27	2274
299	27	2537
1186	27	2333
274	27	1524
793	27	1439
388	27	1909
1171	27	1477
329	27	1606
569	27	2119
262	27	2490
378	27	2440
357	27	2127
1075	27	2484
378	27	1804
677	27	1481
291	27	1363
809	27	2253
1262	27	2472
293	27	2257
293	27	2537
971	27	2421
373	27	1777
1100	27	1363
768	27	2122
388	27	2026
277	27	1443
385	27	2133
408	27	1993
397	27	2308
357	27	2111
371	27	1754
402	27	1882
602	27	1872
722	27	1460
1263	27	1674
181	27	2259
357	27	2082
388	27	2025
364	27	2270
378	27	2272
1052	27	1477
385	27	1996
182	27	2011
823	27	2258
878	27	2447
269	27	1981
352	27	2328
355	27	2198
293	27	1813
374	27	1702
1040	27	2544
402	27	1430
548	27	1437
378	27	1995
1053	27	2322
583	27	2253
352	27	2381
1164	27	2333
352	27	1868
385	27	2222
890	27	2340
352	27	2179
722	27	1617
1104	27	1369
407	27	2195
914	27	2502
1142	27	2333
357	27	2023
378	27	1382
938	27	1457
293	27	2258
786	27	2383
683	27	2485
291	27	1517
388	27	1716
357	27	2110
692	27	1990
694	27	1990
388	27	1810
388	27	1976
345	27	2432
780	27	2181
353	27	1797
380	27	2075
570	27	2147
363	27	2306
297	27	1451
388	27	1481
352	27	1468
973	27	2415
183	27	1655
219	27	2496
363	27	2242
567	27	2096
573	27	2343
310	27	1583
408	27	1732
1005	27	2486
772	27	2222
410	27	2294
388	27	1734
353	27	2530
574	27	2256
761	27	2121
183	27	1471
1242	27	1598
560	27	1349
351	27	1704
363	27	1856
259	27	1362
259	27	2233
1196	27	1632
373	27	1952
567	27	1822
242	27	1883
552	27	1348
737	27	2065
507	27	2256
363	27	1741
233	27	1344
1208	27	1555
357	27	2048
986	27	2421
257	27	1604
743	27	2058
548	27	2388
181	27	1902
276	27	2485
179	27	2023
388	27	1845
353	27	2469
963	27	2420
373	27	1907
233	27	2404
592	27	1652
399	27	2293
274	27	1327
364	27	2228
361	27	2331
259	27	2407
813	27	2260
299	27	1606
397	27	1726
936	27	2538
981	27	2418
853	27	2268
961	27	2418
1047	27	1540
183	27	1656
1225	27	1555
378	27	2308
374	27	1708
361	27	2102
1148	27	1436
336	27	1669
514	27	1718
380	27	2043
1264	27	1628
977	27	2417
397	27	2306
567	27	2145
1203	27	1535
281	27	1355
277	27	1507
511	27	1996
570	27	2088
512	27	1611
1025	27	1616
732	27	2065
325	27	1581
308	27	1575
377	27	2086
378	27	2277
1025	27	2508
377	27	2121
500	27	1518
378	27	2228
281	27	2476
388	27	1864
361	27	1881
1284	27	1710
675	27	1988
786	27	1968
364	27	1775
613	27	2115
376	27	1936
361	27	1880
369	27	1559
405	27	1559
1303	27	1514
250	27	2533
857	27	2295
1230	27	1555
364	27	2090
183	27	1774
357	27	2022
181	27	1647
291	27	1422
179	27	2127
183	27	2377
181	27	1811
1170	27	1477
200	27	2303
180	27	1389
378	27	2023
373	27	1853
242	27	1532
377	27	2068
1248	27	1594
293	27	2406
1313	27	1803
329	27	1528
379	27	2170
299	27	2506
291	27	2479
363	27	1975
388	27	1908
399	27	2280
378	27	2274
313	27	1537
182	27	2063
1009	27	1992
355	27	2021
754	27	2381
313	27	1584
940	27	2385
1313	27	1687
743	27	2376
414	27	2117
388	27	1729
410	27	1986
691	27	1990
378	27	1743
352	27	2389
502	27	1705
355	27	1696
378	27	1892
974	27	2421
376	27	2006
388	27	2042
225	27	1752
313	27	1508
352	27	2379
179	27	2022
364	27	1784
567	27	2089
363	27	1847
299	27	1459
601	27	2055
659	27	1931
367	27	2332
876	27	2327
378	27	1937
578	27	1842
1262	27	1738
766	27	2122
200	27	1316
414	27	1616
625	27	1915
362	27	2379
1261	27	1623
981	27	2421
326	27	1587
293	27	1463
293	27	1361
1012	27	2490
938	27	2542
378	27	2206
183	27	1867
378	27	2253
385	27	2207
963	27	2418
381	27	1762
182	27	2357
200	27	1581
399	27	1964
233	27	1398
263	27	1660
361	27	2134
242	27	2360
364	27	2043
254	27	1566
200	27	1931
386	27	1749
293	27	1767
682	27	1621
517	27	1749
1093	27	1351
291	27	1523
391	27	1658
380	27	2049
1165	27	1460
385	27	2180
876	27	1497
1262	27	1946
1120	27	1321
182	27	1480
399	27	2319
408	27	2535
378	27	1857
1300	27	2009
182	27	1723
1271	27	1636
1308	27	1607
285	27	2235
960	27	2401
687	27	1990
397	27	1738
293	27	1713
364	27	1773
391	27	1758
388	27	1901
180	27	1390
399	27	1971
352	27	1573
378	27	2085
1017	27	2502
1231	27	1555
875	27	2438
1241	27	1573
512	27	1919
336	27	1666
929	27	2377
889	27	1382
1095	27	1351
183	27	1665
397	27	1982
788	27	2216
668	27	1994
765	27	2121
595	27	1871
362	27	2378
363	27	1882
388	27	1902
351	27	2310
200	27	2302
254	27	2362
793	27	2229
373	27	2044
408	27	2008
378	27	1608
984	27	2419
388	27	2284
293	27	2474
1084	27	1563
264	27	2309
183	27	1758
388	27	1938
183	27	1399
1037	27	2534
677	27	1352
373	27	1687
975	27	2421
828	27	2146
684	27	1990
359	27	1396
363	27	1846
361	27	2443
414	27	2534
1151	27	1546
357	27	1788
179	27	2099
950	27	2394
363	27	1734
274	27	1347
385	27	2164
183	27	1405
261	27	2459
519	27	1897
408	27	2524
865	27	2486
183	27	2400
1301	27	2062
378	27	1788
351	27	1519
183	27	2403
365	27	1831
374	27	1740
621	27	1911
1232	27	1555
743	27	1406
386	27	2253
410	27	2480
293	27	2466
507	27	2243
399	27	1883
648	27	1725
784	27	1583
271	27	1632
281	27	1506
369	27	2532
1175	27	2333
408	27	1708
293	27	2229
1218	27	1471
183	27	1859
250	27	1595
747	27	2084
983	27	2419
310	27	1429
247	27	1432
353	27	1445
402	27	1454
561	27	1807
281	27	2504
378	27	1370
1223	27	1552
1264	27	1668
379	27	2165
293	27	2262
373	27	1778
408	27	2055
200	27	1933
817	27	1951
355	27	1394
388	27	1991
698	27	1992
932	27	1409
261	27	2458
353	27	1635
391	27	1861
355	27	2199
326	27	1581
732	27	2040
397	27	2526
179	27	2111
388	27	1497
647	27	1934
1234	27	1555
245	27	2179
264	27	1391
257	27	1464
378	27	2437
183	27	1858
293	27	1421
605	27	1348
408	27	2018
739	27	2071
336	27	1674
1290	27	1657
1195	27	1522
707	27	2297
293	27	1710
559	27	1349
355	27	1929
623	27	1913
735	27	2060
414	27	2326
388	27	1416
381	27	1781
1194	27	1610
293	27	2041
947	27	2387
842	27	2260
601	27	2057
927	27	1409
1058	27	1339
1262	27	2462
1167	27	1466
374	27	1506
567	27	2131
681	27	1980
182	27	2355
385	27	2174
564	27	1795
378	27	2100
379	27	1818
1222	27	1552
272	27	1580
402	27	1350
182	27	2015
378	27	2265
181	27	1864
402	27	1317
751	27	2094
182	27	1906
180	27	2516
993	27	2438
634	27	2439
555	27	2115
179	27	1787
361	27	2491
281	27	2386
291	27	1515
378	27	1825
293	27	2251
514	27	1918
323	27	1545
183	27	1469
264	27	2468
183	27	1654
559	27	1348
378	27	2250
293	27	1488
383	27	2146
281	27	2522
1290	27	1656
351	27	1706
1063	27	1337
752	27	2132
357	27	2034
1123	27	1657
200	27	2235
906	27	2352
259	27	2435
179	27	1690
388	27	2294
616	27	2253
1003	27	2484
179	27	1837
1241	27	1594
530	27	1717
1023	27	1542
287	27	1400
414	27	1494
378	27	2072
1070	27	1340
1025	27	1496
406	27	1891
355	27	1348
299	27	1508
293	27	1796
183	27	1411
405	27	2328
516	27	1745
1246	27	1598
281	27	2436
385	27	2082
388	27	2037
293	27	2005
182	27	1984
293	27	1442
388	27	2033
388	27	2346
396	27	2469
183	27	2395
980	27	2421
402	27	1422
388	27	2326
385	27	2128
378	27	2123
378	27	2049
242	27	2471
378	27	2276
408	27	2015
979	27	2418
962	27	1617
363	27	1841
293	27	2539
362	27	1968
358	27	2141
843	27	2259
299	27	1591
1120	27	1361
336	27	1668
388	27	2495
247	27	1896
718	27	1997
1010	27	1558
414	27	1953
519	27	1694
183	27	1413
1133	27	1622
1264	27	1675
1108	27	2333
380	27	2035
394	27	1694
264	27	2412
876	27	2346
608	27	1881
503	27	2229
293	27	1973
316	27	1509
388	27	1702
378	27	1818
574	27	2120
363	27	1731
1010	27	1725
408	27	2041
974	27	2416
1010	27	1877
790	27	2221
262	27	1384
1273	27	1904
388	27	2356
742	27	2077
415	27	1384
1080	27	1348
388	27	2407
514	27	2239
250	27	1437
889	27	1492
1304	27	2009
968	27	2421
741	27	2073
1085	27	1351
200	27	2498
299	27	1370
1131	27	2333
762	27	2121
1025	27	1591
875	27	2327
369	27	2298
1263	27	1673
275	27	1381
242	27	2319
1146	27	1436
182	27	1691
383	27	1868
688	27	1994
266	27	2239
1274	27	1639
385	27	2132
293	27	1826
839	27	2157
363	27	1857
245	27	2516
200	27	2461
595	27	1443
388	27	2462
371	27	1828
242	27	1381
363	27	1730
378	27	2164
284	27	1942
361	27	1945
621	27	2420
672	27	1961
181	27	1693
500	27	1704
388	27	2074
1181	27	1614
233	27	1939
378	27	1845
313	27	1520
719	27	1997
200	27	1954
378	27	2063
200	27	1934
378	27	1938
943	27	2385
1004	27	2484
362	27	2376
414	27	1320
1301	27	2535
360	27	2179
293	27	2000
1220	27	1545
606	27	1881
378	27	1392
408	27	2057
1253	27	1583
293	27	1427
966	27	1545
380	27	2073
363	27	1733
248	27	1383
746	27	2073
291	27	1370
1184	27	1566
408	27	2016
862	27	2299
274	27	1577
1024	27	2508
257	27	2406
336	27	1673
181	27	1900
204	27	2498
349	27	2192
257	27	1539
1151	27	1440
293	27	2265
262	27	2358
329	27	1535
985	27	2421
349	27	2162
743	27	2383
378	27	2137
385	27	2087
385	27	2167
364	27	2220
341	27	1671
586	27	1856
275	27	1530
353	27	1644
183	27	2399
242	27	1646
991	27	2427
376	27	1891
808	27	2260
373	27	1724
242	27	1971
388	27	1720
414	27	1508
361	27	1386
378	27	2101
353	27	2310
356	27	1417
923	27	2377
356	27	1546
1145	27	1431
373	27	1721
358	27	2156
1287	27	1651
355	27	2442
249	27	1969
1229	27	2472
1307	27	1505
246	27	2405
247	27	2375
293	27	1464
376	27	1558
1244	27	1574
378	27	2502
281	27	1536
280	27	1980
1115	27	1409
274	27	2506
378	27	2430
353	27	1519
1264	27	1669
179	27	2081
364	27	2194
388	27	2308
200	27	1582
385	27	2439
385	27	1830
397	27	2246
367	27	1760
830	27	2256
366	27	1987
388	27	2245
786	27	2069
834	27	2257
182	27	2408
378	27	2434
270	27	2531
280	27	1954
744	27	2073
264	27	2485
281	27	1353
1302	27	2052
622	27	1913
896	27	2347
363	27	1687
388	27	2546
361	27	2490
388	27	1916
385	27	2137
385	27	2221
414	27	2510
357	27	1999
290	27	1450
1269	27	1635
388	27	2063
293	27	2433
388	27	2322
281	27	2449
385	27	2028
385	27	2023
647	27	1963
1310	27	1986
270	27	2532
183	27	1834
337	27	1591
281	27	2430
886	27	2246
247	27	1483
378	27	2208
540	27	1707
551	27	1717
668	27	1728
305	27	1577
293	27	2264
745	27	2077
556	27	1349
373	27	2003
183	27	1407
569	27	1996
378	27	1959
399	27	1425
1020	27	2502
245	27	2515
373	27	1977
261	27	1954
966	27	2256
1101	27	1362
386	27	2158
507	27	2108
502	27	1603
353	27	1449
399	27	2244
399	27	1352
385	27	2218
182	27	2466
784	27	2196
1029	27	1466
414	27	1604
391	27	2395
402	27	2435
388	27	1842
885	27	2246
992	27	2427
183	27	2168
374	27	1948
1125	27	1411
408	27	2052
1169	27	1471
991	27	2502
281	27	2542
402	27	1965
755	27	2097
972	27	2421
558	27	1806
378	27	2028
743	27	1473
1186	27	1544
608	27	1348
293	27	1766
380	27	1391
293	27	2430
1010	27	1731
378	27	2538
293	27	1358
261	27	1981
360	27	1334
274	27	1358
1198	27	1529
245	27	1383
1239	27	1573
524	27	1749
388	27	2003
397	27	2412
388	27	2472
962	27	2410
259	27	1422
388	27	1315
388	27	2306
254	27	1498
359	27	2394
1103	27	1366
822	27	2256
1264	27	1626
397	27	1555
847	27	2260
308	27	1594
281	27	1508
676	27	1970
351	27	1795
583	27	1805
358	27	1824
357	27	1830
500	27	1659
276	27	1600
345	27	2190
358	27	2175
364	27	1813
388	27	2339
409	27	1336
349	27	2220
355	27	2200
397	27	1731
865	27	2449
248	27	2514
778	27	2160
291	27	2520
1134	27	1420
863	27	2304
1289	27	1655
248	27	1554
1042	27	2544
902	27	2348
662	27	2302
388	27	1992
680	27	1502
373	27	2049
257	27	2511
380	27	1978
378	27	2474
183	27	1791
214	27	1504
264	27	2315
1138	27	1423
179	27	1788
1075	27	2322
1020	27	1325
378	27	2225
378	27	2073
378	27	1769
260	27	2409
1284	27	1439
956	27	2292
293	27	1775
399	27	2364
921	27	2377
811	27	2253
357	27	1770
376	27	2241
507	27	2087
266	27	1352
1301	27	2052
397	27	1736
378	27	1909
386	27	2123
352	27	2298
673	27	1961
262	27	2491
658	27	1952
801	27	2243
293	27	2248
715	27	2073
1053	27	2099
281	27	1639
359	27	1760
363	27	1854
183	27	1866
799	27	1352
577	27	2415
1224	27	1555
844	27	2259
1207	27	1542
742	27	2073
1022	27	2504
374	27	1486
388	27	2005
388	27	1796
183	27	1861
361	27	1572
936	27	2542
354	27	2325
291	27	1516
291	27	1534
347	27	1879
352	27	2398
291	27	1577
581	27	1847
281	27	1620
1079	27	1348
596	27	1871
1244	27	1598
385	27	2088
293	27	2260
378	27	2160
408	27	1801
293	27	2284
399	27	1315
378	27	2170
1294	27	1682
388	27	2468
200	27	1509
353	27	1450
573	27	2524
291	27	1500
743	27	1968
380	27	2000
876	27	1351
743	27	1334
378	27	2336
541	27	1774
1087	27	1351
972	27	2416
402	27	1989
854	27	2269
385	27	2081
894	27	2343
1010	27	1729
599	27	2056
1266	27	1629
1025	27	1542
257	27	2519
756	27	2132
974	27	2415
291	27	2506
364	27	2272
516	27	2246
754	27	1968
200	27	2459
604	27	1786
293	27	2202
352	27	2069
973	27	2416
378	27	1487
364	27	2180
504	27	1710
1058	27	1446
1238	27	1562
1291	27	1666
363	27	1973
293	27	1715
512	27	1738
906	27	1383
388	27	2412
414	27	2289
1038	27	2538
1077	27	1348
261	27	2536
182	27	1974
990	27	2426
919	27	2374
1010	27	1748
242	27	1323
360	27	1832
373	27	2033
367	27	1706
388	27	2311
373	27	1773
1273	27	1884
347	27	2116
200	27	2533
408	27	1948
415	27	1503
373	27	1906
354	27	2324
277	27	2354
361	27	2533
364	27	2274
293	27	1700
569	27	2150
1111	27	1647
409	27	2545
567	27	2081
378	27	2242
414	27	2091
388	27	2071
180	27	1895
352	27	1828
1139	27	1636
1304	27	2062
374	27	2380
376	27	1696
179	27	2027
264	27	1920
1216	27	1543
363	27	1982
388	27	2521
577	27	1842
651	27	1936
409	27	1337
1248	27	1575
385	27	1787
406	27	1806
378	27	2183
1150	27	1439
397	27	1739
646	27	1934
388	27	1723
355	27	1888
275	27	1482
361	27	2190
1263	27	1672
245	27	1568
722	27	2419
994	27	1543
659	27	1932
385	27	2228
385	27	2147
397	27	1746
371	27	1791
1199	27	1533
293	27	2245
388	27	2000
274	27	1517
373	27	1779
699	27	1739
926	27	2377
1300	27	2054
378	27	1361
357	27	1796
937	27	2542
1307	27	1422
388	27	2073
1066	27	1338
408	27	1326
1284	27	2462
200	27	1343
352	27	2402
963	27	2419
414	27	1460
353	27	1870
1019	27	2502
1262	27	1904
291	27	1467
280	27	1345
361	27	1385
965	27	2415
182	27	1843
353	27	1396
964	27	2410
179	27	1852
1084	27	1422
806	27	1842
301	27	1382
1251	27	2253
1307	27	2448
555	27	1881
378	27	2144
351	27	1419
293	27	1814
780	27	2212
277	27	1319
264	27	2316
402	27	1362
293	27	2291
293	27	2253
239	27	2342
293	27	1716
858	27	2523
200	27	1960
1010	27	1569
632	27	1915
281	27	1467
293	27	1712
1275	27	1639
357	27	2282
385	27	2273
414	27	2495
415	27	2465
581	27	1848
378	27	2067
849	27	2260
356	27	2361
1139	27	1584
378	27	1482
388	27	2370
1055	27	1329
994	27	1508
352	27	1318
347	27	2113
349	27	2182
1284	27	1904
388	27	2036
200	27	2496
373	27	2063
293	27	1446
971	27	2416
363	27	1578
591	27	1860
179	27	2043
1213	27	1543
1263	27	1627
281	27	1374
691	27	1992
293	27	1709
1299	27	1872
409	27	1806
293	27	2372
1023	27	1508
567	27	2108
206	27	1316
378	27	1936
293	27	2477
414	27	2431
281	27	2482
250	27	2320
248	27	1568
181	27	2415
1122	27	1410
388	27	2333
1021	27	2322
359	27	1642
277	27	1497
414	27	1590
260	27	2510
1201	27	1533
516	27	1946
409	27	1698
179	27	1773
816	27	2256
1292	27	1666
1147	27	1436
352	27	1629
587	27	1856
743	27	1484
364	27	2218
1187	27	1499
399	27	2239
261	27	1659
360	27	1473
402	27	2453
245	27	1570
355	27	1588
1310	27	1936
349	27	2187
388	27	2011
385	27	1819
200	27	2300
363	27	1766
810	27	2253
184	27	1757
397	27	1727
293	27	1720
1026	27	2509
388	27	1906
397	27	1600
911	27	2361
399	27	2203
388	27	1898
353	27	2393
913	27	2292
183	27	1410
248	27	1695
703	27	1992
619	27	2417
836	27	2258
735	27	2156
293	27	1362
293	27	2250
376	27	1740
568	27	2151
293	27	1536
1295	27	2503
865	27	1592
1018	27	2502
1182	27	1543
385	27	2094
600	27	2059
184	27	1397
376	27	1887
966	27	2243
408	27	2032
234	27	2102
1189	27	1507
720	27	2020
388	27	1735
301	27	2474
402	27	2341
1090	27	1351
385	27	2216
361	27	1503
293	27	1430
281	27	2450
373	27	1812
399	27	1392
349	27	2178
617	27	1897
353	27	1458
1112	27	1390
727	27	2027
299	27	2385
388	27	1689
674	27	1961
183	27	1650
710	27	1996
371	27	1793
414	27	2409
385	27	1839
1071	27	1341
410	27	2478
183	27	1652
277	27	2346
281	27	2414
373	27	2045
562	27	1906
1262	27	1727
266	27	1480
402	27	2338
1012	27	2489
1238	27	1561
388	27	1428
293	27	2230
402	27	1421
1263	27	1677
376	27	1846
1097	27	2333
179	27	1938
361	27	2323
496	27	1897
1229	27	2444
148	14	1928
148	14	1598
148	14	2327
148	14	1805
148	14	2101
148	14	1500
146	14	1346
148	14	2412
148	14	2117
148	14	1972
148	14	2437
146	14	1432
148	14	1508
148	14	1392
148	14	2096
148	14	1461
148	14	2097
148	14	2211
146	14	1547
148	14	1606
148	14	1784
148	14	2127
148	14	1885
148	14	2171
146	14	2363
148	14	1617
147	14	2287
148	14	1788
148	14	1925
148	14	2180
148	14	2160
148	14	2197
148	14	2406
148	14	2231
146	14	1419
148	14	1772
148	14	1520
148	14	1978
146	14	1800
148	14	1478
147	14	1765
147	14	1968
148	14	2294
148	14	1718
148	14	1477
147	14	1866
148	14	1786
148	14	1747
148	14	1721
148	14	1457
148	14	2253
148	14	2508
148	14	1822
148	14	1930
148	14	1702
148	14	1902
148	14	2466
148	14	2448
148	14	2255
148	14	1750
148	14	2144
146	14	1509
147	14	1652
146	14	1581
148	14	2110
148	14	1820
148	14	1911
148	14	2538
148	14	1878
148	14	2083
148	14	2261
148	14	1887
148	14	1377
148	14	2252
148	14	2230
148	14	1801
148	14	1905
148	14	1363
148	14	1339
146	14	1894
147	14	1790
148	14	2479
148	14	2062
146	14	2515
148	14	2339
148	14	1329
148	14	1857
148	14	1946
146	14	1881
148	14	2295
148	14	1900
149	14	1417
148	14	2267
149	14	2361
148	14	2521
148	14	2209
148	14	2410
148	14	2005
148	14	1342
149	14	2531
149	14	1987
148	14	2279
146	14	2116
148	14	2213
148	14	1678
148	14	1737
147	14	1436
146	14	2443
148	14	2422
148	14	1523
146	14	2352
146	14	1489
148	14	2492
148	14	1891
148	14	2345
148	14	1889
148	14	1341
146	14	1453
146	14	2493
148	14	2150
148	14	1427
148	14	1802
148	14	2347
148	14	1370
148	14	1488
148	14	1496
146	14	1781
148	14	1600
146	14	2113
146	14	2115
147	14	1776
148	14	1381
148	14	2077
146	14	1570
148	14	1814
148	14	1653
148	14	1956
148	14	1623
148	14	2027
148	14	2424
148	14	1351
148	14	1940
148	14	1855
148	14	1927
147	14	1656
147	14	2404
148	14	2485
147	14	1410
148	14	1545
148	14	2010
148	14	1327
148	14	1842
148	14	1530
148	14	2258
146	14	2236
148	14	1955
148	14	2086
148	14	2023
148	14	1735
148	14	2338
148	14	1999
147	14	2196
147	14	1860
146	14	2465
148	14	2085
148	14	1672
148	14	2073
148	14	1348
148	14	2284
148	14	2356
148	14	2071
148	14	1671
148	14	1670
148	14	2031
146	14	2134
148	14	2036
149	14	2390
148	14	1982
148	14	1630
148	14	1920
146	14	2190
147	14	1406
148	14	2464
148	14	1604
148	14	1360
148	14	2315
148	14	2047
148	14	2165
148	14	1424
148	14	1682
148	14	1952
148	14	1371
148	14	2436
148	14	1837
147	14	1472
148	14	2149
147	14	2403
148	14	1917
148	14	2006
146	14	2331
146	14	1572
148	14	2346
148	14	2251
147	14	1405
148	14	2360
148	14	1527
146	14	2491
148	14	1974
147	14	2381
148	14	2229
149	14	2394
146	14	2514
146	14	1491
148	14	1333
148	14	1525
149	14	1511
146	14	2533
146	14	2489
148	14	2043
148	14	1395
148	14	1996
148	14	2074
148	14	2131
148	14	1714
148	14	2107
148	14	1668
148	14	2281
148	14	1841
148	14	2011
146	14	1792
148	14	2544
148	14	1541
148	14	1512
148	14	1883
149	14	1418
149	14	1760
148	14	1674
148	14	1746
148	14	1558
148	14	1967
146	14	2302
148	14	2293
146	14	2501
148	14	2084
148	14	1643
146	14	1638
148	14	2233
148	14	2275
148	14	1689
148	14	2425
148	14	1845
146	14	1660
148	14	2208
148	14	1565
148	14	2064
148	14	2291
148	14	2079
148	14	1366
147	14	2400
147	14	1403
147	14	2058
148	14	1957
148	14	1321
148	14	1320
146	14	1896
148	14	1983
148	14	1456
148	14	1359
148	14	1962
148	14	1338
148	14	1733
148	14	2143
148	14	2166
146	14	1980
148	14	1992
147	14	2399
148	14	1753
148	14	1481
148	14	1521
148	14	2057
148	14	2405
148	14	1840
148	14	1693
148	14	1813
148	14	2245
148	14	1935
147	14	1475
148	14	1550
146	14	1348
148	14	2502
148	14	1749
148	14	2111
148	14	2504
148	14	1454
148	14	1694
149	14	1445
148	14	1563
147	14	1495
148	14	2154
148	14	2314
148	14	2431
148	14	2526
149	14	1498
148	14	1434
147	14	1401
148	14	1852
148	14	2200
147	14	1651
148	14	2370
146	14	2374
148	14	1740
148	14	2348
147	14	1649
148	14	2349
148	14	2285
148	14	1501
146	14	2238
148	14	1731
146	14	2375
148	14	1497
148	14	2155
147	14	1868
148	14	2001
148	14	2473
147	14	1474
148	14	1907
148	14	2263
148	14	1904
146	14	1961
148	14	2124
148	14	2118
148	14	1480
147	14	1594
148	14	2415
146	14	1485
148	14	2029
148	14	2386
148	14	2428
148	14	1561
146	14	1697
148	14	2509
148	14	2216
148	14	1976
146	14	1393
147	14	1431
148	14	1818
149	14	2387
148	14	2186
146	14	2487
148	14	2018
146	14	2490
148	14	1787
148	14	2162
148	14	2433
149	14	1546
148	14	1379
147	14	1412
147	14	1834
148	14	1639
146	14	2320
148	14	2106
148	14	2041
148	14	1317
148	14	1971
148	14	1326
148	14	2297
148	14	1803
148	14	1993
148	14	1986
148	14	1947
148	14	2316
148	14	1608
147	14	1413
148	14	2476
148	14	1884
148	14	1824
148	14	2441
146	14	1879
147	14	1832
146	14	2351
147	14	2179
148	14	2068
148	14	1696
148	14	1368
149	14	2310
146	14	1661
149	14	1636
148	14	1439
148	14	1353
148	14	2184
146	14	2454
148	14	1738
147	14	1423
148	14	2219
148	14	1557
147	14	2396
148	14	1524
148	14	1680
148	14	2040
148	14	2046
146	14	1963
148	14	1425
148	14	1825
148	14	1467
148	14	1711
148	14	1988
148	14	2423
147	14	2157
148	14	1821
148	14	1426
146	14	2324
147	14	2298
148	14	2446
148	14	2034
148	14	1811
148	14	2212
148	14	1853
147	14	1400
146	14	1979
147	14	1470
148	14	2262
146	14	1392
148	14	1764
147	14	2397
148	14	1703
148	14	1362
148	14	1391
146	14	2080
148	14	2518
148	14	2122
148	14	1556
148	14	1647
147	14	1473
148	14	2447
149	14	1869
149	14	2530
148	14	2289
148	14	2528
148	14	2108
148	14	1666
147	14	1465
146	14	2432
148	14	1804
146	14	1349
146	14	2455
148	14	1692
148	14	2225
148	14	2256
148	14	2076
148	14	1838
148	14	2234
148	14	1428
147	14	1858
148	14	1513
148	14	2125
148	14	1686
148	14	1953
148	14	1701
148	14	2204
148	14	1909
146	14	1568
148	14	1618
148	14	2336
146	14	1886
148	14	1325
148	14	2477
148	14	1645
148	14	1722
148	14	1552
148	14	1892
148	14	1936
146	14	2461
148	14	2373
149	14	1637
148	14	2484
148	14	1603
148	14	1452
147	14	1402
148	14	1736
148	14	2081
148	14	2217
146	14	1549
148	14	1725
148	14	2126
148	14	1535
148	14	1948
147	14	1622
148	14	1700
148	14	2004
146	14	2525
148	14	1350
146	14	1659
148	14	1579
146	14	1383
146	14	1554
149	14	1440
148	14	2243
148	14	2060
149	14	1576
146	14	2304
148	14	1997
148	14	2257
148	14	2322
148	14	1898
148	14	1937
148	14	2408
148	14	1365
146	14	2413
147	14	2395
146	14	1706
148	14	2185
146	14	2330
147	14	2401
148	14	1507
148	14	2089
148	14	1679
146	14	2305
146	14	2494
148	14	1995
148	14	2207
148	14	1888
147	14	2378
146	14	2496
148	14	1901
148	14	2039
148	14	1593
148	14	2052
148	14	1442
148	14	1486
148	14	2147
148	14	1448
146	14	2459
148	14	1748
148	14	1681
148	14	1616
146	14	2317
148	14	1611
148	14	2214
146	14	1760
148	14	1614
148	14	1914
146	14	1941
148	14	2442
148	14	1430
148	14	1646
148	14	1826
148	14	1741
147	14	2288
148	14	1854
148	14	1965
147	14	2383
148	14	2223
148	14	2067
146	14	1954
148	14	2019
148	14	1684
147	14	1571
148	14	1555
148	14	2003
148	14	1476
148	14	2119
148	14	2193
148	14	1522
148	14	1919
148	14	2105
148	14	2268
146	14	2458
148	14	2172
148	14	2265
148	14	1712
146	14	1388
148	14	2420
146	14	1817
148	14	2301
148	14	1723
148	14	1319
147	14	1650
148	14	2232
148	14	2182
148	14	2025
148	14	1482
148	14	1915
148	14	2226
148	14	2513
148	14	2539
146	14	2497
148	14	1387
148	14	2139
148	14	2282
148	14	1441
148	14	2309
148	14	2471
148	14	1779
148	14	1601
146	14	2334
147	14	1411
148	14	1849
148	14	2440
148	14	1562
148	14	2158
148	14	2240
148	14	2148
148	14	1626
148	14	2524
148	14	2056
148	14	1553
148	14	2114
148	14	1357
148	14	2462
147	14	1828
147	14	1629
148	14	1577
146	14	2300
146	14	1799
148	14	1745
149	14	1635
148	14	1515
148	14	2100
148	14	1516
148	14	2008
148	14	2187
146	14	1934
148	14	1949
148	14	2044
147	14	1861
146	14	2358
148	14	1337
147	14	1665
147	14	2379
147	14	1375
149	14	1642
148	14	2038
148	14	1340
148	14	1687
148	14	2434
146	14	1587
148	14	1358
148	14	2270
148	14	1807
148	14	1989
148	14	2453
148	14	2260
148	14	1493
146	14	2102
146	14	1969
148	14	2050
148	14	1890
146	14	1632
148	14	1708
148	14	2535
146	14	2368
148	14	1421
148	14	2451
148	14	2215
148	14	2306
148	14	1460
147	14	2069
148	14	2372
148	14	2438
148	14	1330
148	14	2188
148	14	1352
147	14	1429
148	14	1640
148	14	2152
148	14	2045
148	14	2095
149	14	2532
148	14	2266
148	14	2353
148	14	2319
147	14	1862
148	14	1893
148	14	1610
148	14	1669
148	14	2028
148	14	2210
148	14	1985
148	14	2178
146	14	2457
148	14	2090
146	14	1829
148	14	1777
146	14	2332
148	14	2427
148	14	1734
148	14	2416
148	14	2009
148	14	2082
148	14	1685
149	14	1518
148	14	2037
148	14	2409
146	14	1762
148	14	2203
148	14	2177
146	14	2483
148	14	2141
146	14	2499
146	14	1385
148	14	1991
148	14	1874
148	14	2308
148	14	2199
149	14	1641
147	14	1354
148	14	1336
148	14	1743
148	14	1676
149	14	1458
146	14	2543
148	14	2276
147	14	2342
149	14	2469
148	14	2520
148	14	2218
146	14	1596
148	14	2452
148	14	2169
148	14	2329
148	14	2286
148	14	1540
148	14	2249
148	14	2312
148	14	2272
148	14	1848
148	14	1975
148	14	1856
148	14	1815
148	14	1903
148	14	2435
148	14	1846
148	14	1897
148	14	2250
147	14	1455
148	14	2201
148	14	1543
148	14	2482
148	14	1728
146	14	2505
148	14	1929
147	14	1950
147	14	1768
148	14	1851
148	14	2523
147	14	1657
148	14	2030
148	14	1376
148	14	1850
148	14	2280
148	14	1778
147	14	1469
148	14	1662
148	14	2120
147	14	1397
148	14	1823
148	14	2140
148	14	2244
148	14	2061
148	14	2145
148	14	2344
148	14	2335
146	14	1343
148	14	2511
148	14	1315
146	14	2122
148	14	1615
148	14	2092
148	14	2510
148	14	2042
148	14	2059
148	14	2191
148	14	1675
148	14	2341
148	14	2123
148	14	2269
148	14	2333
146	14	1384
148	14	1899
147	14	1865
148	14	1970
148	14	1548
148	14	2206
147	14	1468
148	14	2478
146	14	2235
148	14	1864
149	14	1519
148	14	1487
148	14	2506
148	14	1990
148	14	2407
148	14	2439
147	14	1398
148	14	2033
148	14	2227
146	14	1582
147	14	1771
148	14	2495
148	14	1627
148	14	1416
146	14	2303
148	14	1415
148	14	2000
147	14	1756
148	14	1938
148	14	1710
146	14	1490
149	14	1451
148	14	1984
148	14	1726
148	14	2137
146	14	1756
148	14	2002
148	14	1667
148	14	2192
148	14	1322
147	14	1655
148	14	2035
148	14	2296
147	14	1471
147	14	1859
147	14	2328
148	14	2313
148	14	1514
148	14	1719
149	14	1704
148	14	2460
148	14	1590
148	14	1673
148	14	1404
148	14	1707
148	14	2311
148	14	1443
148	14	2419
148	14	1908
148	14	2430
148	14	1494
146	14	2536
148	14	2135
148	14	2174
147	14	2389
148	14	2054
148	14	2048
148	14	1597
148	14	1372
148	14	1331
148	14	1533
148	14	2153
147	14	2195
147	14	1364
147	14	1791
148	14	2354
148	14	2194
148	14	2364
147	14	1484
148	14	1690
148	14	2445
148	14	1926
148	14	2222
148	14	2075
146	14	2179
148	14	2337
148	14	1964
147	14	1758
148	14	1720
148	14	2205
148	14	1564
148	14	2176
148	14	2164
148	14	1830
148	14	1977
149	14	1566
148	14	1973
148	14	2007
148	14	1812
148	14	1382
148	14	1531
148	14	1810
147	14	1334
148	14	1502
147	14	2402
146	14	2500
148	14	1592
148	14	1479
148	14	2472
148	14	2480
147	14	1409
148	14	1463
148	14	2247
147	14	1435
148	14	1732
147	14	1573
147	14	1575
146	14	1695
148	14	2343
149	14	1644
148	14	1715
148	14	1742
148	14	2474
148	14	1589
148	14	1528
148	14	1356
148	14	1873
148	14	1373
148	14	1767
146	14	1335
147	14	1583
149	14	1414
146	14	1933
148	14	2220
148	14	2051
148	14	1466
148	14	2411
148	14	1876
148	14	1394
149	14	1449
148	14	2385
148	14	2545
148	14	1806
148	14	2273
147	14	1808
146	14	2517
147	14	1658
148	14	1599
148	14	1367
148	14	2367
147	14	1763
148	14	1551
148	14	2248
146	14	1958
148	14	2066
148	14	2357
148	14	1773
146	14	1945
148	14	1355
148	14	1323
149	14	2391
148	14	2024
148	14	1532
148	14	1631
148	14	1347
148	14	1796
148	14	2259
148	14	2138
148	14	2032
149	14	1396
148	14	2016
148	14	2202
148	14	2542
148	14	2292
148	14	2026
148	14	2540
146	14	1613
148	14	2065
146	14	1612
148	14	2290
146	14	1602
148	14	1607
148	14	1539
148	14	1833
148	14	1727
146	14	1504
148	14	1836
148	14	1648
148	14	1875
148	14	1912
146	14	1499
148	14	2094
148	14	2063
148	14	1959
149	14	2393
146	14	1880
147	14	1408
146	14	1483
148	14	2537
148	14	1924
148	14	2070
148	14	1910
148	14	2088
147	14	2377
146	14	2463
148	14	1882
148	14	2112
148	14	2021
148	14	1526
147	14	2398
148	14	1839
148	14	1534
148	14	2264
148	14	2173
148	14	1775
148	14	2242
148	14	2421
148	14	2163
146	14	1389
148	14	2239
148	14	2053
148	14	2274
148	14	1542
146	14	1931
146	14	2321
148	14	2418
148	14	2015
148	14	1544
148	14	1663
148	14	1819
148	14	2022
148	14	1369
147	14	1420
148	14	1619
148	14	2221
148	14	2340
148	14	1724
148	14	1605
148	14	2055
148	14	1361
148	14	2132
147	14	1863
148	14	1769
148	14	1633
147	14	1793
148	14	1378
148	14	2020
148	14	2278
148	14	2475
148	14	2307
148	14	1744
148	14	2481
148	14	2444
146	14	2429
146	14	2512
148	14	2522
148	14	1739
147	14	1759
148	14	1628
146	14	2299
146	14	2350
148	14	2254
148	14	2099
148	14	2093
148	14	2151
148	14	1374
148	14	1871
148	14	1529
149	14	2362
148	14	2103
148	14	1588
147	14	1654
148	14	2519
148	14	2183
148	14	1761
148	14	2318
149	14	1795
148	14	1699
148	14	2142
149	14	2392
148	14	2529
148	14	1751
148	14	2133
148	14	1584
148	14	1538
148	14	2098
148	14	1591
148	14	2159
147	14	1754
147	14	1399
149	14	1450
148	14	1698
146	14	1944
148	14	1717
149	14	2369
148	14	2224
146	14	2325
148	14	1506
148	14	1438
146	14	1981
148	14	1536
148	14	2129
146	14	1942
148	14	1872
147	14	1951
147	14	2531
146	14	1390
146	14	1831
148	14	1918
148	14	2541
148	14	2417
148	14	1843
146	14	1816
147	14	2168
147	14	1774
148	14	2546
148	14	2161
146	14	2388
148	14	1459
148	14	2467
148	14	2468
148	14	1664
148	14	2534
148	14	2507
148	14	2121
148	14	2241
148	14	1913
148	14	1380
148	14	2198
148	14	1444
146	14	1586
148	14	2326
146	14	1386
149	14	1870
148	14	1578
148	14	2156
147	14	2384
148	14	2167
148	14	2366
146	14	1960
148	14	2486
148	14	2012
148	14	2527
146	14	1437
148	14	2246
148	14	1844
148	14	2017
148	14	1621
148	14	1446
148	14	1422
148	14	1332
147	14	1407
146	14	1595
146	14	1932
146	14	1503
147	14	1344
147	14	2382
148	14	1713
149	14	1797
147	14	2146
148	14	1716
148	14	1705
148	14	1730
148	14	1766
148	14	1691
146	14	1895
147	14	1867
148	14	2450
148	14	1585
146	14	1752
148	14	1877
146	14	1345
148	14	2414
146	14	1789
147	14	1559
146	14	2470
148	14	1770
147	14	2532
148	14	2013
147	14	1757
147	14	1328
148	14	2365
148	14	1998
148	14	2109
147	14	1318
148	14	1916
146	14	2498
146	14	1583
148	14	1609
148	14	2277
148	14	1537
148	14	1517
148	14	2104
148	14	1847
146	14	2323
147	14	1755
148	14	1709
148	14	2359
147	14	1462
148	14	1625
148	14	1677
146	14	1798
148	14	1574
148	14	1906
148	14	2228
148	14	2189
148	14	1780
148	14	1729
146	14	1634
148	14	1447
146	14	2516
148	14	1567
148	14	2072
148	14	1324
148	14	2449
147	14	1939
148	14	2136
148	14	2175
148	14	2087
148	14	2271
146	14	2488
146	14	1597
148	14	1620
148	14	2128
147	14	1433
146	14	1316
148	14	1809
148	14	1560
148	14	1464
147	14	2376
148	14	2503
148	14	2091
148	14	2380
146	14	2456
148	14	2049
148	14	2170
148	14	2426
148	14	2283
148	14	2355
146	14	1580
378	35	464
183	35	467
310	35	472
305	35	485
254	35	419
378	35	456
313	35	459
293	35	456
282	35	477
274	35	456
242	35	491
399	35	450
242	35	463
399	35	456
299	35	491
293	35	449
362	35	448
293	35	473
299	35	458
301	35	471
397	35	459
329	35	480
233	35	426
352	35	475
409	35	449
345	35	492
414	35	458
272	35	488
183	35	474
200	35	472
397	35	462
308	35	475
409	35	462
271	35	472
276	35	446
362	35	493
279	35	474
378	35	458
414	35	484
337	35	458
402	35	449
261	35	472
333	35	484
344	35	491
281	35	477
378	35	484
293	35	433
275	35	459
352	35	472
359	35	419
378	35	449
378	35	433
313	35	445
184	35	453
242	35	490
360	35	493
388	35	433
323	35	481
313	35	446
357	35	447
299	35	476
351	35	421
316	35	472
359	35	437
249	35	441
347	35	492
182	35	433
313	35	458
233	35	493
352	35	452
352	35	445
299	35	456
183	35	445
409	35	456
291	35	476
409	35	450
281	35	473
378	35	481
369	35	472
293	35	481
293	35	490
274	35	476
234	35	492
274	35	450
309	35	448
272	35	486
305	35	476
281	35	456
410	35	464
293	35	450
274	35	485
254	35	437
262	35	461
397	35	466
299	35	450
414	35	442
281	35	481
287	35	467
322	35	481
275	35	464
311	35	472
352	35	423
352	35	474
402	35	456
378	35	450
242	35	449
397	35	433
181	35	442
281	35	458
352	35	426
352	35	427
347	35	443
352	35	493
242	35	456
281	35	480
329	35	491
321	35	484
363	35	433
257	35	449
251	35	445
276	35	459
290	35	437
378	35	447
361	35	443
397	35	477
271	35	443
282	35	485
323	35	490
262	35	465
371	35	493
181	35	433
336	35	481
361	35	492
378	35	459
337	35	464
378	35	480
183	35	475
378	35	473
200	35	486
378	35	446
341	35	487
336	35	491
313	35	464
281	35	484
242	35	462
327	35	486
297	35	437
369	35	424
180	35	441
316	35	443
277	35	449
352	35	448
336	35	487
378	35	487
293	35	477
248	35	443
378	35	445
353	35	419
391	35	427
410	35	459
415	35	465
281	35	487
405	35	472
242	35	481
281	35	491
200	35	488
184	35	452
410	35	445
352	35	467
301	35	480
257	35	456
383	35	478
282	35	459
388	35	442
277	35	456
364	35	477
388	35	447
293	35	480
248	35	441
270	35	419
339	35	488
281	35	450
291	35	456
291	35	449
276	35	464
329	35	481
293	35	462
255	35	437
293	35	466
353	35	437
256	35	419
242	35	487
412	35	455
360	35	426
275	35	446
242	35	459
200	35	443
299	35	480
378	35	477
399	35	449
148	0	344
146	0	194
146	0	245
146	0	326
148	0	182
149	0	300
147	0	371
146	0	227
147	0	348
149	0	255
146	0	284
148	0	358
146	0	354
148	0	397
146	0	247
148	0	379
147	0	352
146	0	220
148	0	246
149	0	366
146	0	205
148	0	335
146	0	180
146	0	187
147	0	407
148	0	374
148	0	333
148	0	293
147	0	405
148	0	321
148	0	181
148	0	266
148	0	373
148	0	364
146	0	413
146	0	367
149	0	270
146	0	268
147	0	317
148	0	329
148	0	341
146	0	316
146	0	209
146	0	365
147	0	309
146	0	217
148	0	399
146	0	196
147	0	400
148	0	355
146	0	234
148	0	264
146	0	204
149	0	289
148	0	388
146	0	202
148	0	260
147	0	287
148	0	386
147	0	239
149	0	359
146	0	203
146	0	285
147	0	412
146	0	345
148	0	363
146	0	207
148	0	322
146	0	219
146	0	212
148	0	349
146	0	267
146	0	218
146	0	361
148	0	408
146	0	214
146	0	347
149	0	356
148	0	336
146	0	231
146	0	250
147	0	183
146	0	271
148	0	313
147	0	273
148	0	406
148	0	242
147	0	251
146	0	375
146	0	278
148	0	380
146	0	193
147	0	184
146	0	381
146	0	272
147	0	383
146	0	401
149	0	254
146	0	188
146	0	191
148	0	385
146	0	339
146	0	192
148	0	346
149	0	384
146	0	200
148	0	258
148	0	404
148	0	281
147	0	308
146	0	199
148	0	291
148	0	292
147	0	372
148	0	257
146	0	198
148	0	409
147	0	369
146	0	280
146	0	320
148	0	299
148	0	277
149	0	390
148	0	394
146	0	261
146	0	248
146	0	327
146	0	189
147	0	233
148	0	323
147	0	310
146	0	226
146	0	263
146	0	269
148	0	274
150	0	221
147	0	253
148	0	337
147	0	391
148	0	275
149	0	396
146	0	230
146	0	206
148	0	410
148	0	378
148	0	376
148	0	259
147	0	360
146	0	197
146	0	215
148	0	402
148	0	305
146	0	190
146	0	210
148	0	357
149	0	256
146	0	201
146	0	249
147	0	279
146	0	415
149	0	353
148	0	276
148	0	179
147	0	362
149	0	286
149	0	290
146	0	216
146	0	262
149	0	297
147	0	252
146	0	311
148	0	382
148	0	377
146	0	225
146	0	213
147	0	244
146	0	195
148	0	414
363	21	1737
1283	21	1647
388	21	2029
373	21	2038
248	21	1697
293	21	1360
816	21	2256
906	21	2470
625	21	1915
293	21	2251
297	21	1642
385	21	2120
281	21	1555
388	21	2308
281	21	2329
291	21	1370
854	21	2268
414	21	1506
818	21	2257
293	21	2424
293	21	2254
399	21	1425
1263	21	1671
1238	21	1562
984	21	2419
397	21	1918
399	21	1428
277	21	2356
353	21	1795
388	21	1780
786	21	1462
362	21	1968
181	21	1841
613	21	1348
355	21	2442
363	21	1747
1090	21	1351
281	21	1562
743	21	1344
394	21	2234
299	21	2447
183	21	2402
266	21	1352
1029	21	2518
385	21	2209
322	21	1646
408	21	2524
361	21	1934
1262	21	1745
388	21	2301
371	21	1791
575	21	2129
388	21	1342
356	21	1566
1102	21	1366
397	21	1735
371	21	1828
259	21	2339
378	21	2199
385	21	2095
233	21	1398
1251	21	2050
414	21	1616
568	21	2098
277	21	1319
574	21	1996
388	21	2043
293	21	1448
373	21	1772
258	21	2280
281	21	1438
293	21	1553
564	21	1795
1190	21	1555
378	21	2226
289	21	1449
219	21	1933
873	21	2438
364	21	2272
409	21	1360
355	21	1937
938	21	1457
1109	21	1377
356	21	1546
250	21	1595
352	21	1571
248	21	1895
299	21	2436
355	21	2004
257	21	2280
293	21	2466
363	21	1743
587	21	1856
181	21	2347
408	21	1873
264	21	2412
280	21	1954
183	21	1867
385	21	2221
293	21	2519
373	21	2003
1160	21	1457
621	21	2419
388	21	1736
373	21	1521
238	21	1910
336	21	1675
385	21	2096
599	21	1873
858	21	2296
806	21	1796
293	21	1361
385	21	2094
233	21	2058
409	21	2545
1311	21	1680
293	21	1753
182	21	2495
182	21	2326
388	21	1906
1010	21	1724
402	21	2239
498	21	1897
378	21	2284
409	21	1967
378	21	2076
1192	21	1456
378	21	1938
261	21	2456
699	21	2262
347	21	2116
1042	21	2544
373	21	1885
876	21	2438
601	21	2057
772	21	2222
293	21	2261
864	21	2304
378	21	1382
183	21	1573
261	21	1954
281	21	2437
972	21	1487
567	21	2131
388	21	2063
380	21	1787
1025	21	1555
388	21	2294
323	21	1664
1175	21	2333
270	21	2532
281	21	2522
200	21	1979
399	21	1904
291	21	2473
277	21	1522
373	21	2049
385	21	2268
722	21	2421
254	21	1417
408	21	2009
852	21	2265
780	21	2181
808	21	2259
380	21	2049
385	21	2108
906	21	2512
385	21	2104
373	21	2282
355	21	2283
293	21	2471
183	21	1410
391	21	1758
361	21	2490
352	21	1436
754	21	1968
361	21	2358
179	21	2143
329	21	1535
361	21	1963
388	21	1908
920	21	2375
616	21	1749
933	21	2384
1184	21	1498
373	21	1908
299	21	2460
182	21	1732
399	21	2433
668	21	1739
242	21	1557
274	21	1347
276	21	2541
357	21	2111
1035	21	2527
1251	21	1749
771	21	2131
281	21	1506
385	21	2275
378	21	1804
371	21	1754
1134	21	1420
336	21	1678
1062	21	1337
293	21	1447
768	21	2122
743	21	1354
730	21	2065
1163	21	1459
877	21	2356
353	21	1546
388	21	1841
1246	21	1574
357	21	2082
402	21	1989
357	21	2282
592	21	1555
363	21	2262
414	21	2452
349	21	2266
357	21	2048
764	21	2121
378	21	2063
1085	21	1351
845	21	2259
388	21	2407
1304	21	2535
1100	21	1363
897	21	2347
968	21	2421
182	21	1691
353	21	1637
180	21	2413
242	21	1604
233	21	2404
1262	21	1919
1056	21	1336
711	21	1538
906	21	1383
743	21	2069
271	21	2116
720	21	2077
408	21	2057
1032	21	1749
1100	21	1366
181	21	2422
354	21	1760
953	21	2396
353	21	2393
919	21	2374
371	21	1774
281	21	1620
364	21	1813
276	21	1333
291	21	1600
242	21	1479
877	21	2438
997	21	1461
408	21	1806
363	21	1740
388	21	1329
408	21	1722
555	21	1806
293	21	2529
735	21	2060
355	21	1891
399	21	2239
299	21	2506
361	21	1945
345	21	1752
1112	21	1390
879	21	2346
363	21	1744
349	21	2185
570	21	2088
323	21	1508
1134	21	1475
352	21	1968
293	21	1844
969	21	2421
1286	21	1648
388	21	1772
786	21	1790
371	21	1768
397	21	1555
1075	21	2484
264	21	1920
281	21	2414
495	21	1341
394	21	1708
402	21	1670
377	21	2123
388	21	2495
1143	21	1430
385	21	2126
363	21	1855
281	21	2485
357	21	1999
1151	21	1576
1302	21	1761
415	21	2501
310	21	1571
293	21	2464
385	21	2227
514	21	2239
293	21	2005
619	21	2415
385	21	2216
361	21	2465
347	21	1881
378	21	2023
388	21	1315
357	21	2114
293	21	2280
276	21	2428
274	21	1501
373	21	1916
630	21	1915
293	21	1967
388	21	1913
394	21	2380
179	21	2129
677	21	1481
1110	21	1378
414	21	1619
414	21	1544
257	21	1553
1063	21	1425
239	21	2287
386	21	2139
385	21	2153
180	21	2514
374	21	1948
385	21	2266
355	21	2232
1116	21	1396
388	21	1735
200	21	1554
373	21	2045
965	21	2410
183	21	1763
181	21	1902
361	21	1879
576	21	2127
830	21	2256
378	21	1787
388	21	2292
378	21	2143
385	21	2149
299	21	1517
376	21	1724
376	21	1890
792	21	2224
257	21	2518
323	21	1591
408	21	2062
352	21	2195
269	21	2494
206	21	1316
388	21	1478
293	21	2202
388	21	2462
1177	21	1487
385	21	2219
281	21	2349
363	21	1578
1034	21	1487
386	21	2123
378	21	1726
378	21	2136
351	21	1704
1004	21	2484
388	21	2135
734	21	2060
593	21	2253
722	21	2416
722	21	2418
1058	21	1446
896	21	2347
1019	21	2502
1010	21	1740
291	21	1422
388	21	1965
875	21	2346
1284	21	2462
388	21	2013
385	21	2156
793	21	2373
337	21	1591
242	21	1481
948	21	2387
271	21	2543
1123	21	1657
790	21	2221
388	21	2345
722	21	1911
277	21	1442
378	21	1599
385	21	2171
378	21	2106
378	21	1734
993	21	1497
710	21	1996
355	21	1394
378	21	1730
385	21	2064
799	21	2239
257	21	2255
378	21	2250
248	21	2517
182	21	2524
391	21	1408
378	21	1735
507	21	2243
261	21	1981
991	21	1325
388	21	1999
281	21	2537
183	21	1397
385	21	1839
385	21	2106
378	21	2261
813	21	2256
363	21	1857
963	21	1618
364	21	2226
200	21	1595
572	21	1829
200	21	1587
399	21	2448
200	21	2302
254	21	2362
863	21	2304
507	21	2108
364	21	2228
182	21	1984
388	21	1851
1263	21	1627
1194	21	1610
363	21	1689
274	21	2506
394	21	2367
582	21	1850
383	21	1328
242	21	2360
385	21	2269
1157	21	1453
548	21	1437
378	21	1361
353	21	1449
399	21	2380
248	21	2363
293	21	2265
619	21	2421
250	21	2429
548	21	1800
373	21	1914
274	21	1647
793	21	2385
1209	21	1542
360	21	1455
291	21	1374
270	21	2531
369	21	1559
1180	21	1494
1299	21	1872
200	21	1348
301	21	2474
385	21	2164
371	21	1793
1146	21	1436
287	21	1431
966	21	2256
373	21	1999
873	21	1497
1186	21	2333
388	21	1729
274	21	1378
1181	21	1496
548	21	1954
399	21	2427
570	21	2124
511	21	2136
414	21	1701
902	21	1367
305	21	1347
281	21	1457
981	21	2420
409	21	1319
183	21	1860
822	21	2256
402	21	1430
385	21	2136
352	21	1433
679	21	1971
293	21	2474
523	21	1749
871	21	2316
1265	21	1678
225	21	1816
858	21	2523
353	21	1511
828	21	2146
701	21	1992
397	21	1727
859	21	2296
284	21	2330
248	21	1568
1050	21	1327
893	21	2341
259	21	2407
364	21	2063
786	21	2069
988	21	2421
183	21	2400
378	21	1830
388	21	2353
364	21	2118
621	21	2420
355	21	1892
322	21	1598
313	21	1555
755	21	2097
495	21	1317
741	21	2073
655	21	1936
374	21	1702
374	21	1708
1232	21	1555
1206	21	1542
349	21	2083
369	21	1318
1111	21	1380
1223	21	1552
1106	21	1376
935	21	2292
353	21	2394
378	21	2477
293	21	1336
264	21	2050
402	21	2293
200	21	1509
349	21	2194
242	21	1646
789	21	2216
357	21	2064
363	21	1845
293	21	2372
857	21	2295
1193	21	1522
388	21	2074
410	21	1373
1131	21	2333
1302	21	2535
1033	21	1320
293	21	2359
388	21	1901
1010	21	1914
414	21	1543
499	21	2310
361	21	2443
1300	21	2535
274	21	1379
242	21	2430
606	21	2115
397	21	1743
364	21	1767
511	21	2108
414	21	2420
275	21	1381
1214	21	1543
941	21	1457
1263	21	1628
262	21	1384
943	21	2385
414	21	1603
257	21	1464
528	21	2292
364	21	2180
1308	21	1569
394	21	1897
385	21	2180
179	21	1787
179	21	1690
519	21	1707
352	21	2179
1263	21	1678
1063	21	1567
388	21	2071
1012	21	1388
385	21	1996
245	21	1570
378	21	2540
357	21	1825
593	21	1753
378	21	2142
397	21	1975
383	21	2146
627	21	1915
399	21	1903
396	21	1797
355	21	1846
606	21	1881
388	21	2028
569	21	2147
367	21	1760
374	21	1703
546	21	1794
396	21	2469
364	21	2101
378	21	1720
277	21	2438
364	21	2122
402	21	1884
966	21	2243
349	21	2166
351	21	1797
1300	21	2019
679	21	1481
281	21	1567
378	21	1936
352	21	1776
281	21	2504
1119	21	2333
380	21	2284
355	21	1348
373	21	2012
361	21	1880
352	21	1397
262	21	2358
514	21	1738
371	21	1771
276	21	1600
364	21	1796
388	21	2416
280	21	1980
183	21	2404
264	21	2526
262	21	2490
1273	21	2462
181	21	2411
567	21	2120
245	21	2512
906	21	1499
402	21	1593
349	21	2276
245	21	1756
981	21	2419
804	21	2248
361	21	1969
1153	21	2333
620	21	1911
724	21	2077
1182	21	1543
516	21	1946
281	21	1536
363	21	1680
704	21	1992
347	21	2190
574	21	2129
906	21	2515
388	21	1874
408	21	1761
693	21	1992
183	21	1400
254	21	1546
347	21	1886
378	21	2220
385	21	2226
397	21	1740
376	21	1434
755	21	2132
183	21	1665
903	21	2349
293	21	1422
349	21	2162
272	21	1580
293	21	2538
699	21	2261
381	21	1762
354	21	2324
242	21	1381
557	21	1806
862	21	1343
222	21	1835
715	21	2077
608	21	2115
397	21	2307
385	21	1909
385	21	1787
257	21	2464
257	21	1590
264	21	2468
226	21	1829
561	21	1807
220	21	1792
310	21	1583
414	21	2509
511	21	1996
356	21	2393
949	21	2391
274	21	1551
369	21	2531
378	21	2161
501	21	1686
1202	21	1535
355	21	2199
854	21	2269
242	21	1984
507	21	2257
181	21	2415
182	21	1480
326	21	1581
557	21	1348
183	21	1470
388	21	1917
388	21	1773
363	21	2242
291	21	2360
355	21	1699
801	21	2243
1273	21	2239
299	21	2433
588	21	1856
1040	21	2544
817	21	1950
408	21	2032
415	21	1503
277	21	2408
271	21	2461
963	21	2418
414	21	1604
233	21	1344
271	21	1453
358	21	2156
341	21	1671
892	21	2340
242	21	1352
1304	21	2054
873	21	2346
754	21	2058
853	21	2268
179	21	2111
722	21	2419
379	21	2173
200	21	2498
182	21	1723
380	21	2076
722	21	2422
233	21	2376
955	21	1649
378	21	2072
677	21	1352
754	21	2381
293	21	1500
399	21	2364
388	21	2203
1279	21	1641
394	21	1694
793	21	1439
353	21	1396
1072	21	1341
358	21	2175
544	21	1791
373	21	1741
183	21	1865
388	21	1902
281	21	2434
1263	21	1676
878	21	2329
402	21	2453
250	21	2525
414	21	1974
364	21	2275
388	21	2370
388	21	2423
1032	21	2322
408	21	1708
644	21	1933
388	21	1708
573	21	1722
181	21	1689
406	21	2513
567	21	2145
276	21	2478
699	21	1739
1251	21	1481
1272	21	1638
378	21	1887
385	21	2082
746	21	2073
1133	21	1475
378	21	1536
567	21	2089
247	21	1896
363	21	1736
251	21	1423
279	21	2328
414	21	1564
574	21	2120
1302	21	2052
364	21	2210
938	21	1446
868	21	2314
378	21	1748
994	21	1543
293	21	1536
361	21	2317
378	21	2024
756	21	2097
264	21	1940
702	21	1992
247	21	2516
1023	21	1542
308	21	1594
363	21	2050
200	21	2236
261	21	1586
648	21	1521
512	21	1919
983	21	2419
363	21	1558
405	21	1808
179	21	2023
1243	21	1598
519	21	1341
964	21	2417
388	21	2239
412	21	1465
180	21	1499
363	21	1513
379	21	2170
183	21	1406
1137	21	1423
245	21	2470
281	21	2308
242	21	2467
293	21	1464
242	21	2537
385	21	2100
364	21	2194
275	21	1532
364	21	2225
380	21	2077
200	21	2494
1245	21	1598
293	21	2253
378	21	2092
650	21	1936
242	21	2529
200	21	1942
388	21	2421
547	21	1794
352	21	2342
352	21	2379
849	21	2260
378	21	2068
353	21	1498
242	21	1533
376	21	1962
276	21	1537
362	21	2383
569	21	2093
738	21	2070
388	21	1909
835	21	2258
385	21	2124
181	21	1740
548	21	1981
280	21	1981
180	21	1570
378	21	2272
1101	21	1366
272	21	1582
495	21	1372
385	21	2129
242	21	1441
248	21	2470
271	21	1554
264	21	2309
1237	21	1562
248	21	1894
858	21	2450
364	21	2142
378	21	1749
385	21	2166
1264	21	1628
1189	21	1507
305	21	1529
402	21	1478
414	21	1809
293	21	2281
1010	21	1737
380	21	1999
244	21	2402
352	21	1468
357	21	2066
402	21	2341
408	21	2492
873	21	2356
414	21	1618
711	21	2353
1210	21	1542
839	21	2157
378	21	2242
679	21	2239
373	21	1935
1314	21	2301
363	21	1741
378	21	2162
378	21	1517
385	21	2225
555	21	2115
732	21	2065
399	21	2462
388	21	1615
180	21	2363
507	21	2087
291	21	1611
399	21	2385
355	21	1588
246	21	2510
378	21	2041
250	21	1969
200	21	2116
402	21	2339
329	21	1525
293	21	2539
941	21	2385
378	21	2251
414	21	2419
355	21	1720
317	21	1654
1208	21	1555
1058	21	1337
261	21	1881
359	21	1760
662	21	2302
1300	21	2054
543	21	2064
182	21	1740
200	21	2533
634	21	1916
336	21	1674
183	21	1651
865	21	2449
410	21	1493
809	21	2253
373	21	1849
374	21	1486
275	21	1530
693	21	1990
954	21	2397
299	21	2329
361	21	2323
910	21	2454
287	21	1622
731	21	2065
798	21	2239
358	21	2214
336	21	1669
394	21	1740
354	21	2505
1139	21	1636
293	21	1749
875	21	2438
371	21	1939
293	21	2360
1114	21	1391
952	21	2396
373	21	1995
274	21	1327
397	21	1728
363	21	1973
264	21	2437
316	21	1348
388	21	2284
385	21	2093
1264	21	1673
696	21	1991
353	21	1451
353	21	1797
977	21	2417
1208	21	1542
378	21	2177
366	21	1445
367	21	1706
819	21	2256
182	21	2408
281	21	1520
399	21	2436
388	21	2380
1045	21	1662
378	21	2434
293	21	1324
235	21	1908
352	21	1950
281	21	2482
378	21	2537
364	21	1784
779	21	2160
1057	21	1623
1205	21	1542
1064	21	2106
621	21	1617
182	21	1949
394	21	1989
388	21	2005
360	21	1334
969	21	2415
281	21	2312
1252	21	1583
261	21	1659
414	21	1614
550	21	1806
293	21	1427
363	21	2306
183	21	1468
843	21	2259
608	21	1881
1167	21	1466
804	21	2253
352	21	1771
371	21	1759
1270	21	1635
385	21	2101
388	21	2546
316	21	1509
365	21	1831
844	21	2260
179	21	2072
568	21	2149
293	21	1826
353	21	1518
277	21	2327
1280	21	1645
242	21	1599
811	21	1623
242	21	2471
408	21	2535
357	21	1773
352	21	1594
181	21	1877
546	21	1827
352	21	1575
254	21	1498
329	21	1681
388	21	1991
355	21	2511
388	21	2002
1241	21	1594
351	21	2371
385	21	2167
402	21	1556
271	21	1597
329	21	1640
378	21	1452
1109	21	1593
397	21	1395
1292	21	1666
502	21	1603
373	21	2004
293	21	1718
754	21	2378
388	21	1731
361	21	2113
567	21	1363
364	21	1913
856	21	2288
850	21	2261
380	21	2034
520	21	1713
1134	21	1622
1304	21	2053
1116	21	1451
414	21	2417
1024	21	1616
200	21	2459
1269	21	1635
285	21	2236
406	21	2211
1273	21	1924
179	21	1838
914	21	2502
352	21	1423
352	21	2398
733	21	2057
355	21	2005
412	21	2298
1037	21	2534
1307	21	2448
181	21	1815
373	21	1721
361	21	1386
183	21	1859
293	21	2534
553	21	1806
385	21	2150
408	21	2051
410	21	1804
352	21	1573
388	21	1949
373	21	1773
414	21	2091
264	21	2315
685	21	1990
1152	21	1443
378	21	1537
1052	21	1477
1313	21	1857
200	21	1881
397	21	1748
373	21	1723
743	21	1375
559	21	1806
763	21	2121
388	21	1556
257	21	2519
349	21	2205
512	21	2258
629	21	1915
1302	21	2009
388	21	2006
378	21	2036
349	21	2192
329	21	1630
410	21	1750
378	21	1892
402	21	1421
939	21	2385
376	21	2446
280	21	1345
373	21	1687
242	21	2291
567	21	1822
511	21	1686
254	21	1418
1307	21	1422
909	21	2456
1149	21	1436
360	21	2179
1250	21	1583
765	21	2121
378	21	2101
182	21	1974
378	21	1826
374	21	1707
668	21	1728
758	21	2289
402	21	1422
378	21	2049
293	21	2260
352	21	2383
359	21	1451
388	21	2422
905	21	2351
890	21	2340
359	21	1642
1170	21	1477
397	21	1946
364	21	2193
183	21	1469
183	21	1774
378	21	2218
1242	21	1579
1031	21	2518
762	21	2121
497	21	1694
514	21	1718
879	21	1497
813	21	2258
402	21	2338
402	21	2233
363	21	1725
690	21	1990
1010	21	1748
277	21	2347
397	21	1745
972	21	2421
1108	21	2333
378	21	2474
355	21	2241
520	21	1749
414	21	2507
293	21	1421
378	21	1578
322	21	1574
388	21	1970
355	21	2446
408	21	1876
1010	21	1578
363	21	1724
183	21	1649
1139	21	1584
386	21	2138
378	21	1736
495	21	1694
378	21	2228
385	21	1822
397	21	2468
391	21	2400
399	21	1883
261	21	1316
378	21	2028
618	21	2253
1190	21	1542
361	21	2483
902	21	2348
352	21	1435
525	21	1749
760	21	2121
373	21	1558
1084	21	1422
363	21	1976
181	21	1900
349	21	2277
777	21	2160
222	21	2142
409	21	2240
686	21	1992
718	21	2077
1010	21	1558
793	21	2426
352	21	2287
200	21	2500
997	21	2451
371	21	1790
1025	21	1614
361	21	2321
405	21	2288
293	21	2063
351	21	2501
271	21	1581
264	21	1976
1025	21	1591
1122	21	1410
1271	21	1636
373	21	2135
743	21	2376
291	21	2475
293	21	2285
742	21	2073
869	21	2314
916	21	2364
329	21	1527
1305	21	1832
285	21	2235
1066	21	1338
380	21	1714
1010	21	1962
336	21	1673
409	21	1700
378	21	1691
182	21	2357
357	21	2105
325	21	1581
695	21	1992
410	21	1920
236	21	1755
277	21	1539
281	21	1367
183	21	1657
994	21	2431
1301	21	2062
385	21	2109
936	21	2542
246	21	2289
378	21	2083
358	21	2045
388	21	1777
276	21	1357
204	21	2498
293	21	1773
853	21	2269
394	21	2366
409	21	1336
248	21	1483
276	21	2293
291	21	2359
281	21	1381
277	21	1507
362	21	2382
353	21	1869
376	21	1903
963	21	2415
355	21	1415
1221	21	1550
1010	21	1744
293	21	1713
1262	21	1738
378	21	2200
718	21	1997
282	21	1510
542	21	1776
1117	21	1402
385	21	2137
388	21	2438
675	21	1988
769	21	2122
408	21	2031
293	21	2430
364	21	2090
731	21	2040
378	21	2100
811	21	1466
388	21	2047
1080	21	1348
242	21	2448
380	21	2064
293	21	2243
250	21	1798
1099	21	1356
385	21	1916
181	21	2346
388	21	1733
548	21	1933
378	21	2144
1262	21	2462
274	21	1524
277	21	2346
378	21	1877
183	21	1655
870	21	2314
378	21	1558
242	21	2406
684	21	1990
388	21	1905
414	21	1460
361	21	1596
347	21	2134
399	21	1912
1203	21	1535
399	21	2373
363	21	1735
1017	21	1325
353	21	1450
860	21	2168
945	21	2387
352	21	1375
363	21	1914
291	21	1457
281	21	2433
376	21	1887
1017	21	2502
373	21	1853
242	21	1883
1123	21	1656
397	21	1733
960	21	2401
980	21	2420
1107	21	1377
182	21	1780
715	21	1997
1070	21	1339
385	21	2151
408	21	2061
242	21	1662
223	21	1783
257	21	2452
385	21	1788
778	21	2160
316	21	1582
378	21	2282
378	21	2137
378	21	2534
1010	21	1521
772	21	2136
293	21	1833
1293	21	1683
631	21	1915
257	21	2511
786	21	2058
388	21	2282
376	21	1891
1120	21	1909
378	21	1548
686	21	1990
352	21	1559
826	21	2256
974	21	2415
396	21	2532
1058	21	1338
351	21	2310
329	21	1625
293	21	2264
378	21	2273
688	21	1739
183	21	1472
1023	21	2504
676	21	1970
683	21	1986
581	21	1847
601	21	2055
1185	21	1499
356	21	1458
180	21	1602
182	21	1751
293	21	2247
767	21	2122
374	21	1740
234	21	2102
358	21	2155
388	21	1720
1169	21	1471
360	21	1473
1288	21	1652
969	21	2419
1051	21	1477
814	21	2256
605	21	1348
776	21	2160
299	21	2537
646	21	1934
397	21	1976
373	21	2020
1251	21	1904
385	21	2132
263	21	1660
293	21	2339
609	21	2115
388	21	1801
376	21	2006
534	21	1754
378	21	2086
1273	21	1884
1307	21	2453
780	21	2212
780	21	2177
269	21	1954
376	21	1578
183	21	1834
247	21	1432
364	21	2208
361	21	1886
378	21	2308
1026	21	2509
388	21	1723
951	21	2394
362	21	2379
364	21	2220
247	21	1483
743	21	1495
183	21	1403
695	21	1990
242	21	1924
511	21	2144
373	21	1740
1068	21	1338
379	21	1818
355	21	2448
378	21	1818
276	21	2544
584	21	1855
247	21	1485
293	21	2475
1247	21	1598
516	21	1745
184	21	1757
355	21	1696
366	21	1576
1224	21	1555
349	21	2193
361	21	2525
817	21	1951
351	21	1419
347	21	2080
601	21	2060
732	21	2040
568	21	1819
388	21	1689
388	21	1916
179	21	2028
968	21	2416
345	21	1886
378	21	2247
310	21	1429
412	21	2196
182	21	2043
385	21	2119
275	21	1392
385	21	2172
356	21	2362
388	21	1899
940	21	1477
380	21	1773
1264	21	1675
345	21	2432
336	21	1628
183	21	2398
388	21	1813
414	21	2231
349	21	2275
1226	21	1555
608	21	1348
960	21	1401
415	21	2465
277	21	1512
183	21	1408
276	21	1329
378	21	2003
388	21	2011
232	21	1921
281	21	1325
1248	21	1575
242	21	2239
299	21	1438
373	21	2047
1264	21	1667
414	21	1605
200	21	1612
388	21	1995
179	21	1773
415	21	2483
291	21	1604
182	21	1773
363	21	1826
183	21	1402
364	21	2207
1047	21	1361
378	21	2164
1284	21	1532
183	21	1401
262	21	1634
402	21	1454
260	21	2510
611	21	1881
562	21	1721
787	21	2196
388	21	2026
373	21	2063
293	21	2284
388	21	1750
579	21	1348
378	21	1590
242	21	2511
349	21	2163
567	21	2107
408	21	2481
402	21	1350
397	21	1319
388	21	1947
378	21	1584
376	21	1404
378	21	2249
714	21	2120
353	21	2392
414	21	1705
1105	21	1376
876	21	2346
844	21	2259
699	21	2265
388	21	1812
373	21	2008
1304	21	2009
266	21	2541
359	21	2394
836	21	2258
261	21	1933
388	21	1416
293	21	1988
602	21	2055
347	21	2115
279	21	1594
385	21	2191
388	21	2521
397	21	1729
293	21	1446
311	21	1580
385	21	2218
377	21	2121
1218	21	1471
329	21	1606
274	21	1517
965	21	2416
414	21	1591
956	21	2292
858	21	1461
361	21	2334
260	21	2534
378	21	2082
514	21	1918
360	21	1484
1206	21	1614
385	21	2273
938	21	1439
628	21	1915
257	21	1323
371	21	1776
1282	21	1664
1284	21	2472
373	21	1890
293	21	1719
1284	21	1884
397	21	1741
293	21	1965
247	21	1895
837	21	2258
500	21	1704
1043	21	2322
333	21	1619
1091	21	1351
385	21	2208
388	21	2412
377	21	2067
219	21	2374
385	21	1823
239	21	1808
361	21	2190
1245	21	1574
378	21	2005
274	21	1529
225	21	2499
889	21	1382
414	21	2510
1285	21	1647
1065	21	1338
183	21	1858
414	21	2528
511	21	1545
604	21	1786
386	21	2159
1212	21	1542
385	21	2277
410	21	1985
878	21	2447
355	21	1740
618	21	1904
1191	21	1456
548	21	1799
183	21	1757
388	21	2036
860	21	1399
179	21	1837
399	21	2202
1038	21	1369
541	21	1774
399	21	2424
355	21	2445
184	21	1862
291	21	1363
1010	21	2336
838	21	2259
388	21	1769
494	21	1690
261	21	2536
1087	21	1351
385	21	2217
408	21	1843
621	21	2418
841	21	2259
775	21	1968
879	21	2327
378	21	1381
397	21	1508
1310	21	1937
200	21	2115
183	21	1650
578	21	1842
378	21	2110
281	21	2502
1201	21	1533
373	21	1977
388	21	2004
182	21	1877
388	21	2339
293	21	2409
806	21	1992
277	21	1621
293	21	1430
1032	21	1690
378	21	2444
399	21	2204
846	21	2259
264	21	2308
353	21	1635
329	21	1526
352	21	1757
183	21	1755
361	21	1752
347	21	2455
796	21	2238
250	21	2388
351	21	2323
623	21	1913
373	21	1578
750	21	2094
1003	21	2484
385	21	1836
414	21	1631
274	21	1648
1229	21	2527
409	21	1339
352	21	2298
581	21	1848
293	21	1342
1100	21	1362
281	21	1482
388	21	2431
399	21	2203
378	21	2210
378	21	2111
752	21	2097
924	21	2292
385	21	2111
399	21	2234
1284	21	2527
658	21	1952
274	21	1371
388	21	1884
860	21	1403
242	21	1645
847	21	2260
408	21	1877
388	21	2356
570	21	1821
363	21	1727
349	21	2178
385	21	2224
1206	21	1663
414	21	2335
378	21	1901
707	21	2297
369	21	2532
356	21	1870
293	21	2385
276	21	1584
1191	21	1664
1302	21	2054
248	21	1570
969	21	2416
373	21	1513
353	21	1417
322	21	1579
293	21	2231
406	21	1699
378	21	1825
336	21	1677
352	21	1318
578	21	2282
223	21	1785
862	21	2299
574	21	2108
284	21	2302
275	21	1599
1284	21	1904
200	21	1613
200	21	2461
405	21	2328
1298	21	1683
362	21	2376
619	21	2416
1084	21	1350
280	21	1979
385	21	2189
402	21	1970
388	21	1670
399	21	2472
942	21	2385
373	21	1900
397	21	2308
1111	21	1551
351	21	2469
820	21	2256
399	21	1392
355	21	1607
182	21	2466
1148	21	1436
626	21	1864
613	21	1881
388	21	1811
577	21	2415
800	21	2243
804	21	1718
355	21	1890
388	21	2046
378	21	2000
807	21	2253
397	21	1734
414	21	2408
285	21	1343
1301	21	2535
559	21	1348
507	21	2259
1010	21	1729
526	21	1749
402	21	2462
363	21	1982
183	21	1398
257	21	1623
233	21	1354
1229	21	1904
877	21	2347
363	21	1748
293	21	2021
250	21	2320
357	21	2092
349	21	2161
402	21	1565
180	21	1547
1094	21	1477
1166	21	1465
802	21	2243
617	21	1897
543	21	2023
1220	21	1545
299	21	1567
775	21	2383
245	21	1547
376	21	2258
378	21	1724
355	21	1889
293	21	2282
293	21	2041
1308	21	1607
351	21	1518
1300	21	2053
377	21	2085
352	21	2389
396	21	2530
183	21	2389
775	21	2058
406	21	1892
385	21	2253
378	21	2546
946	21	2387
1086	21	2462
279	21	1573
621	21	1911
293	21	2257
369	21	2298
305	21	1589
242	21	2466
388	21	1748
409	21	1698
858	21	2451
374	21	2380
349	21	2272
399	21	1480
744	21	2077
668	21	2265
378	21	2135
378	21	1838
780	21	2166
388	21	1864
363	21	2297
511	21	2222
323	21	1545
1010	21	1851
746	21	2077
378	21	1315
277	21	2495
378	21	1482
364	21	1787
1021	21	2322
353	21	1458
408	21	2010
372	21	1468
242	21	1884
388	21	1975
519	21	1694
357	21	2013
250	21	2334
383	21	1868
991	21	2427
378	21	1392
299	21	1591
1096	21	1352
388	21	2289
181	21	1497
1039	21	2544
321	21	1631
1262	21	1623
567	21	1916
1032	21	2027
569	21	2148
719	21	1997
228	21	1762
414	21	1693
906	21	2352
1239	21	1573
378	21	2040
293	21	1973
1063	21	1337
245	21	2179
385	21	2125
378	21	1520
410	21	2480
1010	21	1513
355	21	1928
399	21	2426
293	21	1563
985	21	2421
1039	21	1585
293	21	2255
1308	21	1538
281	21	1467
293	21	2004
179	21	2108
378	21	2274
855	21	2288
512	21	1738
567	21	2149
405	21	2287
352	21	1828
1199	21	1533
183	21	2403
963	21	1617
680	21	1357
1136	21	1423
567	21	2081
408	21	2056
293	21	1351
248	21	1695
249	21	1969
353	21	2469
277	21	1456
1307	21	2319
1141	21	1429
357	21	2023
786	21	2378
793	21	2540
352	21	1462
274	21	1370
373	21	1906
1273	21	1479
242	21	1323
954	21	1649
873	21	2347
184	21	1397
810	21	2253
415	21	2505
1190	21	1591
591	21	1860
352	21	1763
512	21	1918
388	21	1912
1229	21	2027
355	21	1434
412	21	1559
402	21	1362
1176	21	1487
877	21	2346
605	21	1881
378	21	2067
1120	21	1715
385	21	1938
654	21	1936
299	21	1508
380	21	2345
937	21	2542
402	21	2380
1038	21	2538
363	21	1731
385	21	2194
385	21	2090
1242	21	1598
1097	21	2333
388	21	1427
823	21	2256
388	21	2025
355	21	1888
912	21	2361
200	21	2463
349	21	2160
373	21	1812
293	21	2337
276	21	1986
1309	21	1391
397	21	1738
355	21	2021
567	21	2087
408	21	2060
238	21	1905
1299	21	2055
293	21	1426
414	21	1702
792	21	2223
383	21	1951
799	21	1352
391	21	2403
179	21	2064
378	21	2208
355	21	1929
250	21	2317
388	21	2038
385	21	1821
1012	21	1549
497	21	1897
737	21	2065
336	21	1668
245	21	2515
388	21	1721
720	21	1997
355	21	2200
860	21	1858
361	21	1572
248	21	2515
183	21	1575
717	21	2077
874	21	2327
633	21	1915
271	21	1392
662	21	1942
972	21	2416
380	21	2023
408	21	1872
373	21	2029
353	21	2532
1273	21	1352
285	21	2238
200	21	2122
357	21	1777
934	21	2542
859	21	2523
385	21	2207
361	21	1504
1304	21	1761
183	21	2399
968	21	2415
414	21	1494
378	21	2118
567	21	1996
345	21	2134
277	21	2357
250	21	1596
291	21	2476
1314	21	1864
293	21	1959
281	21	1591
183	21	2179
364	21	2072
408	21	2007
408	21	1802
1264	21	1674
1307	21	1505
274	21	1550
930	21	1400
380	21	2072
415	21	1393
877	21	2327
242	21	1539
1251	21	2253
735	21	2156
385	21	2028
293	21	1391
717	21	1997
361	21	1661
378	21	2539
200	21	1934
1229	21	2097
376	21	1892
1082	21	1348
619	21	1911
1079	21	1349
200	21	2525
567	21	2106
722	21	2037
402	21	1481
586	21	1856
380	21	2036
522	21	1749
242	21	2050
219	21	1954
353	21	2531
1259	21	1618
713	21	1996
261	21	1587
402	21	1882
200	21	1945
1077	21	1348
388	21	1815
378	21	1739
1247	21	1574
182	21	2045
290	21	1449
414	21	2534
179	21	2081
1231	21	1555
743	21	1364
385	21	2177
718	21	2073
391	21	1861
179	21	1777
567	21	2108
1262	21	2472
865	21	2313
357	21	2127
362	21	2378
397	21	2412
577	21	1842
1246	21	1598
263	21	1572
743	21	1484
1263	21	1668
1261	21	1623
867	21	2314
378	21	2222
876	21	2327
388	21	1988
373	21	1997
1058	21	1336
353	21	2530
577	21	1992
297	21	1644
351	21	2530
1181	21	1542
579	21	1806
374	21	1608
536	21	1406
901	21	2356
388	21	2070
1239	21	1594
364	21	2266
277	21	2355
503	21	2256
376	21	1558
261	21	2457
388	21	2435
409	21	1699
277	21	1610
601	21	1872
567	21	2100
219	21	2496
1057	21	1336
361	21	2432
225	21	1789
947	21	2387
1073	21	1347
619	21	2417
402	21	2279
364	21	2083
257	21	1557
414	21	1590
743	21	1473
892	21	1481
936	21	1337
414	21	1692
1010	21	2440
183	21	2384
358	21	2141
842	21	2260
305	21	1501
722	21	1460
225	21	1752
876	21	1497
832	21	2256
399	21	1884
378	21	1806
958	21	2399
373	21	1778
970	21	2421
242	21	1322
892	21	1352
378	21	1937
336	21	1682
494	21	1913
1290	21	1656
264	21	1391
245	21	2514
355	21	1887
281	21	2436
1230	21	1555
1284	21	2542
414	21	2416
363	21	1766
1060	21	1337
284	21	2303
356	21	2369
373	21	1725
941	21	1439
357	21	2126
1312	21	1680
399	21	2423
616	21	2253
293	21	2248
414	21	2370
1113	21	1390
388	21	1900
722	21	1617
514	21	1481
1264	21	1669
360	21	1768
378	21	1620
962	21	2410
408	21	1780
291	21	1430
360	21	1462
180	21	1383
266	21	2239
360	21	1495
1023	21	1591
299	21	1439
1020	21	1325
955	21	2397
182	21	2355
293	21	2295
354	21	1419
219	21	1979
271	21	2463
786	21	2381
399	21	1481
356	21	2361
518	21	1749
259	21	2435
385	21	2027
363	21	1730
409	21	1806
567	21	1487
179	21	1996
757	21	2112
573	21	2524
399	21	1984
388	21	1885
364	21	1992
1251	21	2239
414	21	1662
1195	21	1610
378	21	2170
293	21	1964
402	21	1988
692	21	1990
785	21	2196
293	21	2546
259	21	1478
293	21	2286
743	21	2382
1303	21	2301
355	21	1927
918	21	2371
261	21	1638
181	21	1903
388	21	2485
291	21	2519
266	21	1481
409	21	1348
183	21	2395
388	21	2347
360	21	1756
293	21	2453
957	21	1650
1262	21	1727
1218	21	2400
361	21	1595
363	21	1856
514	21	1919
248	21	2514
388	21	2510
242	21	1319
409	21	1340
378	21	2021
293	21	2433
537	21	1761
262	21	2351
297	21	1451
361	21	2134
181	21	1460
1302	21	2062
397	21	1982
743	21	2058
385	21	2089
353	21	1414
1030	21	2518
414	21	1507
1301	21	1761
349	21	2184
357	21	2022
281	21	2542
1219	21	1543
378	21	1508
260	21	2231
388	21	1976
367	21	2331
361	21	1384
183	21	1594
1159	21	1457
378	21	2276
378	21	1766
378	21	2437
313	21	1584
388	21	2242
1007	21	2488
274	21	1577
179	21	2092
388	21	2327
200	21	2496
373	21	2001
1263	21	1677
376	21	2211
353	21	1566
555	21	1349
378	21	2253
385	21	2271
786	21	2379
378	21	1324
402	21	2340
181	21	2417
380	21	2043
415	21	1384
291	21	1577
560	21	1806
364	21	1773
1305	21	1455
743	21	2383
361	21	2115
1264	21	1676
675	21	1965
1084	21	1593
385	21	2131
388	21	1952
1164	21	2333
287	21	1474
1300	21	2052
408	21	1948
402	21	1372
179	21	1788
613	21	2115
352	21	2381
397	21	2306
182	21	1721
179	21	1830
388	21	2064
233	21	1968
313	21	1520
287	21	1420
992	21	2427
386	21	1749
519	21	1897
548	21	1944
552	21	1806
353	21	1445
515	21	1727
1033	21	1460
741	21	2077
1088	21	1351
930	21	1665
744	21	2073
284	21	2305
562	21	1740
402	21	1563
1075	21	2322
182	21	2372
222	21	2138
499	21	1519
1013	21	1549
276	21	2526
1120	21	1713
410	21	1548
378	21	2065
385	21	2107
724	21	2073
271	21	1489
753	21	2097
260	21	2409
1313	21	1687
994	21	1508
1064	21	2322
512	21	1600
182	21	1948
357	21	1770
1120	21	2253
407	21	2195
364	21	1990
363	21	2263
293	21	2038
1265	21	1677
356	21	2392
388	21	1726
513	21	1740
975	21	2421
376	21	1936
358	21	1824
406	21	1806
408	21	1801
380	21	1391
1010	21	1854
863	21	2305
293	21	1454
284	21	2300
379	21	2165
414	21	1947
399	21	2425
691	21	1990
293	21	2249
293	21	2250
183	21	1412
182	21	1906
293	21	2043
200	21	1392
543	21	1787
373	21	1857
373	21	2411
502	21	2335
507	21	2260
1084	21	1565
182	21	1995
793	21	2258
1164	21	1494
179	21	2029
225	21	1829
388	21	1904
1093	21	1351
378	21	1339
991	21	2502
388	21	2003
248	21	1602
351	21	1519
538	21	1472
723	21	1997
181	21	2438
224	21	1774
363	21	1851
414	21	2410
850	21	2262
796	21	2237
385	21	2276
369	21	2195
357	21	2027
685	21	1992
1049	21	1327
291	21	1515
378	21	1890
414	21	2415
364	21	1775
388	21	2049
183	21	1411
1229	21	2444
388	21	2326
402	21	1904
380	21	2248
378	21	1796
1059	21	1336
648	21	1725
558	21	1806
397	21	1751
964	21	2410
570	21	2133
373	21	2013
758	21	2117
1013	21	2489
1295	21	2503
602	21	1872
388	21	1608
1287	21	1651
182	21	2545
183	21	1405
293	21	2061
313	21	1516
357	21	2110
378	21	1370
219	21	2459
385	21	2210
385	21	2081
1074	21	1684
373	21	2046
383	21	2157
373	21	2042
366	21	1440
1010	21	1731
180	21	1483
183	21	1861
353	21	2390
183	21	1791
409	21	1337
352	21	1862
293	21	1315
271	21	2115
385	21	2092
742	21	2077
610	21	1881
353	21	1704
376	21	2232
361	21	2489
780	21	2274
347	21	1879
264	21	2297
639	21	1916
754	21	2383
281	21	1561
911	21	2361
705	21	1992
914	21	1325
408	21	2053
632	21	1915
879	21	2438
291	21	2479
1020	21	2502
183	21	1658
358	21	2140
313	21	1619
402	21	1352
414	21	1542
385	21	2212
248	21	2512
974	21	2416
374	21	1717
346	21	2152
1120	21	1361
291	21	1516
1310	21	1986
414	21	2431
293	21	2436
961	21	1460
678	21	1739
624	21	1915
388	21	1854
993	21	2438
182	21	2354
1308	21	1937
402	21	1363
920	21	1432
291	21	1377
357	21	2143
637	21	1935
1229	21	1996
349	21	2225
831	21	2256
378	21	2405
200	21	1504
410	21	1807
388	21	2415
242	21	2527
496	21	1897
714	21	2148
388	21	1618
1010	21	1538
1125	21	1411
1264	21	1672
940	21	2385
277	21	1497
355	21	2405
543	21	2072
388	21	1775
958	21	1650
1251	21	2462
281	21	1355
354	21	2321
378	21	1733
970	21	2415
727	21	2027
786	21	1968
349	21	2177
225	21	1781
274	21	1387
242	21	1339
813	21	2260
749	21	2093
962	21	1617
388	21	1911
293	21	1330
275	21	1482
706	21	2421
980	21	2419
829	21	2256
293	21	1715
182	21	1907
714	21	1996
906	21	2514
1284	21	1439
246	21	1618
281	21	2476
359	21	1644
851	21	2263
356	21	1498
1227	21	1555
293	21	1339
179	21	2027
915	21	2364
963	21	2419
1032	21	1913
363	21	2135
409	21	2264
353	21	1987
1263	21	1674
408	21	1691
1238	21	1561
1263	21	1667
360	21	1364
740	21	2071
1193	21	1610
281	21	1332
363	21	1729
1216	21	1543
354	21	2501
181	21	1898
811	21	2253
262	21	2489
373	21	2034
378	21	2103
973	21	2416
181	21	2025
378	21	2105
840	21	2259
388	21	1997
357	21	1796
571	21	1829
1211	21	1542
181	21	1647
352	21	1756
388	21	2411
410	21	1331
914	21	2364
376	21	1444
600	21	2057
1010	21	1850
200	21	1346
380	21	2073
1143	21	1500
378	21	2265
353	21	2387
1222	21	1552
219	21	1941
263	21	2368
570	21	2147
873	21	2327
356	21	1417
858	21	2313
378	21	2264
293	21	2434
808	21	2256
397	21	1731
546	21	1683
293	21	1366
271	21	1348
394	21	2365
281	21	2440
281	21	2474
717	21	2073
976	21	2311
1299	21	2503
200	21	1933
913	21	2292
1010	21	1957
262	21	2352
1264	21	1671
408	21	2055
355	21	2406
964	21	1320
385	21	1819
410	21	2478
535	21	1406
397	21	1600
609	21	1348
264	21	2485
242	21	1531
355	21	2252
378	21	2336
963	21	2420
293	21	2258
378	21	1997
414	21	1949
1010	21	2542
730	21	2040
1300	21	2009
245	21	2516
293	21	1814
555	21	1881
363	21	1734
1010	21	1569
995	21	2450
877	21	1497
592	21	1651
257	21	1466
569	21	1820
1194	21	1522
378	21	2048
1253	21	1583
1150	21	1567
548	21	2429
233	21	2383
378	21	2263
1273	21	1972
378	21	1959
410	21	1333
293	21	1740
378	21	2440
245	21	1383
261	21	2454
1069	21	1338
378	21	2205
402	21	2280
373	21	1936
380	21	2035
402	21	1368
363	21	1696
904	21	1925
364	21	2023
284	21	2304
1058	21	1339
274	21	1456
1016	21	2502
376	21	2467
1158	21	1453
524	21	1749
936	21	2484
293	21	1369
529	21	2292
181	21	1947
1300	21	2062
364	21	2277
378	21	2127
414	21	2464
200	21	1343
949	21	1511
242	21	2319
971	21	2416
612	21	2463
874	21	2438
1235	21	1555
363	21	1804
585	21	1855
325	21	1613
388	21	2311
682	21	1621
959	21	2402
293	21	2406
388	21	1707
409	21	2234
415	21	1634
974	21	2421
898	21	2347
378	21	2073
293	21	1764
200	21	1582
293	21	2263
635	21	1916
521	21	1749
378	21	2262
583	21	1805
385	21	2148
495	21	1556
1022	21	2504
362	21	2058
373	21	1724
373	21	1769
257	21	2406
827	21	2256
545	21	1793
181	21	2037
281	21	2450
250	21	1437
242	21	2279
388	21	2526
293	21	2437
950	21	2394
560	21	1348
916	21	2427
261	21	2458
388	21	2318
291	21	2520
254	21	2361
313	21	1591
353	21	2310
1263	21	1672
293	21	1487
408	21	2366
357	21	1767
262	21	1388
786	21	2383
753	21	2132
388	21	2507
242	21	2290
336	21	1666
355	21	2197
250	21	1799
179	21	1648
281	21	2520
388	21	1703
1242	21	1574
1032	21	2253
299	21	1459
376	21	2252
281	21	2451
601	21	2031
353	21	1642
616	21	2027
1200	21	1533
293	21	2135
271	21	1509
399	21	1597
569	21	1996
388	21	1898
183	21	2397
1184	21	1566
399	21	2244
714	21	2147
1064	21	1996
743	21	1968
361	21	1503
378	21	2173
329	21	1528
181	21	2418
291	21	1500
397	21	2484
183	21	2401
399	21	1330
364	21	2166
364	21	2219
499	21	1518
378	21	1769
770	21	2122
595	21	1443
605	21	2115
399	21	2340
593	21	1742
179	21	2040
245	21	1483
385	21	2274
1264	21	1626
804	21	2259
274	21	1331
363	21	2264
766	21	2122
301	21	1322
1291	21	1666
264	21	2316
257	21	2279
385	21	1837
593	21	1749
1264	21	1683
399	21	2279
277	21	1443
530	21	1457
361	21	2368
281	21	2296
291	21	1517
378	21	1348
388	21	2021
1293	21	1682
1157	21	1489
388	21	1845
357	21	1830
281	21	2309
388	21	2075
385	21	2147
1284	21	1457
397	21	1537
336	21	1672
378	21	2126
301	21	1492
385	21	2155
363	21	1962
242	21	2518
1084	21	1563
179	21	2082
264	21	2314
293	21	1813
222	21	2130
999	21	2482
1179	21	1492
388	21	1977
975	21	2415
293	21	1442
355	21	1452
408	21	2019
698	21	1992
376	21	1424
313	21	1508
410	21	2294
363	21	1846
397	21	1329
233	21	1939
293	21	2262
388	21	1989
261	21	2459
200	21	1581
311	21	1582
1036	21	2534
574	21	2256
322	21	1552
408	21	2008
355	21	2201
363	21	1733
363	21	1850
615	21	1844
1240	21	2443
813	21	2257
397	21	2428
808	21	2260
1233	21	1555
277	21	2354
388	21	2076
583	21	2253
281	21	1374
248	21	2516
293	21	2407
720	21	2073
507	21	1446
378	21	2123
391	21	2395
219	21	1981
986	21	2421
722	21	1615
182	21	1801
1070	21	1340
1022	21	1555
200	21	1316
376	21	1957
1078	21	1348
200	21	2493
410	21	1332
1308	21	1588
388	21	2040
373	21	2005
1121	21	1408
293	21	1825
378	21	2064
352	21	1471
388	21	2468
914	21	2427
355	21	1926
373	21	1952
377	21	2068
410	21	1986
242	21	1912
399	21	1342
662	21	2300
530	21	1717
681	21	1980
577	21	2410
378	21	1591
293	21	1767
271	21	2536
415	21	1419
944	21	2387
743	21	2381
388	21	1796
388	21	1992
388	21	1846
402	21	2472
281	21	1356
414	21	2409
366	21	1987
1101	21	1362
399	21	1352
408	21	2018
808	21	2253
378	21	1857
385	21	2072
527	21	1884
378	21	2122
1248	21	1594
308	21	1575
1111	21	1648
378	21	2066
1187	21	1499
305	21	1370
379	21	2188
380	21	2000
399	21	1359
373	21	1848
397	21	1744
259	21	2233
388	21	1843
562	21	1907
373	21	2043
773	21	2144
293	21	1742
736	21	2065
182	21	2521
293	21	1766
183	21	1471
378	21	2120
1050	21	1351
694	21	1990
806	21	1842
293	21	1720
600	21	1873
388	21	1974
259	21	1376
359	21	1396
637	21	1874
386	21	2158
272	21	1581
287	21	1400
352	21	2058
378	21	1767
1120	21	1324
563	21	1807
378	21	1773
363	21	2261
1144	21	1431
961	21	2419
1111	21	1647
293	21	2537
293	21	1775
229	21	1767
355	21	1893
374	21	1506
567	21	1819
200	21	2235
396	21	1795
293	21	1359
385	21	2175
179	21	2106
781	21	2194
352	21	2069
182	21	1843
399	21	2319
349	21	2270
378	21	1784
180	21	2517
323	21	1520
724	21	1997
402	21	1376
385	21	2169
385	21	2097
313	21	1493
1290	21	1657
739	21	2071
409	21	2405
689	21	1990
378	21	2160
181	21	1444
299	21	1577
1229	21	2172
900	21	2356
1237	21	1561
388	21	1959
397	21	1736
385	21	2023
1053	21	2099
373	21	2021
183	21	1656
336	21	1667
248	21	1554
570	21	1823
971	21	2415
386	21	2121
276	21	2485
1304	21	2052
414	21	2326
200	21	1597
378	21	1744
402	21	2282
276	21	2468
388	21	2042
1171	21	1477
743	21	1334
385	21	2213
179	21	2103
282	21	2079
183	21	1654
388	21	1653
963	21	2416
589	21	1859
875	21	1497
1137	21	1482
293	21	1340
293	21	1552
181	21	1901
1197	21	2333
1294	21	1682
783	21	2188
181	21	1588
1071	21	1341
1121	21	1658
1264	21	1668
743	21	1406
242	21	2453
376	21	1696
251	21	2398
266	21	1984
336	21	1627
612	21	1348
739	21	2074
281	21	2313
971	21	2421
562	21	1906
293	21	2425
355	21	2319
378	21	1743
807	21	1446
1025	21	1542
299	21	1606
1182	21	1496
756	21	2132
386	21	2085
414	21	1476
410	21	2291
353	21	1870
386	21	2253
232	21	1922
281	21	1684
183	21	2396
1264	21	1682
254	21	1458
388	21	2020
788	21	2216
316	21	1335
530	21	1694
1301	21	2053
180	21	1895
378	21	2538
712	21	1996
1012	21	2489
378	21	2502
271	21	1632
987	21	2311
293	21	2259
982	21	2419
385	21	2215
964	21	1460
496	21	1694
574	21	2109
580	21	1806
520	21	1715
559	21	1349
242	21	1442
200	21	1944
378	21	1996
274	21	1477
373	21	1847
183	21	1758
722	21	2410
399	21	1488
978	21	2417
825	21	2256
279	21	1559
575	21	2106
181	21	1615
647	21	1963
556	21	1349
599	21	2056
182	21	2011
1262	21	1918
378	21	2485
388	21	1915
388	21	2346
293	21	1362
373	21	1899
1309	21	1749
367	21	2332
378	21	2077
1273	21	1971
388	21	1998
1257	21	1618
179	21	2079
373	21	1720
290	21	1450
281	21	1508
936	21	2538
378	21	1686
1052	21	1327
377	21	2086
378	21	1814
349	21	2274
680	21	1971
410	21	2485
364	21	2137
561	21	1956
388	21	1744
388	21	2000
269	21	2374
336	21	1671
397	21	1520
293	21	1805
1229	21	2213
385	21	2220
1027	21	2517
691	21	1992
179	21	1913
360	21	1771
385	21	2223
363	21	1726
257	21	2471
385	21	2270
250	21	1800
397	21	2526
364	21	2043
973	21	2415
371	21	2379
798	21	1481
259	21	1422
321	21	1512
363	21	1315
378	21	2154
356	21	1414
821	21	2256
838	21	2260
399	21	2280
388	21	2338
378	21	2182
1251	21	2027
363	21	1849
182	21	1802
970	21	2416
385	21	2110
277	21	2453
378	21	2206
293	21	1786
1139	21	1423
402	21	2407
327	21	1581
399	21	1964
414	21	1555
363	21	1848
293	21	2540
408	21	2258
1076	21	1348
1101	21	1363
181	21	1899
333	21	1618
361	21	1385
293	21	2256
609	21	1881
1281	21	1664
364	21	2440
1215	21	1543
394	21	1608
381	21	1781
386	21	2086
371	21	2378
357	21	2029
299	21	1609
352	21	1868
1018	21	2502
797	21	2238
388	21	2244
848	21	2260
405	21	1559
1225	21	1555
414	21	2289
291	21	1523
336	21	1679
1010	21	1725
291	21	1365
373	21	1633
378	21	1845
1127	21	1412
183	21	1862
1009	21	2322
1055	21	1329
406	21	2232
1229	21	2472
378	21	2043
409	21	2265
361	21	1549
355	21	1538
183	21	1759
397	21	1746
352	21	2328
385	21	1749
388	21	2072
1034	21	1320
964	21	1664
576	21	1838
388	21	2035
588	21	1533
1243	21	1574
1249	21	1583
244	21	2396
408	21	2513
397	21	1919
1032	21	2542
353	21	2361
293	21	1319
293	21	2279
875	21	2327
388	21	2037
399	21	1315
1047	21	1324
784	21	2196
388	21	1990
414	21	2308
347	21	1880
1263	21	1669
388	21	2333
1251	21	1971
502	21	1544
352	21	2157
1207	21	1542
326	21	1580
378	21	1687
889	21	2336
388	21	2425
179	21	2099
293	21	1739
281	21	2430
355	21	2441
258	21	2255
500	21	1659
1053	21	2322
374	21	2366
363	21	1687
388	21	2022
293	21	1700
402	21	2337
352	21	2378
385	21	2088
378	21	1716
363	21	1854
735	21	2155
242	21	1532
759	21	2120
268	21	1581
1003	21	1533
271	21	1612
291	21	1421
333	21	1604
259	21	2475
697	21	1992
385	21	2098
388	21	1497
353	21	2391
531	21	2292
1040	21	1585
276	21	1373
388	21	1925
245	21	1602
353	21	1576
223	21	1782
293	21	1539
183	21	1407
181	21	1811
248	21	1547
414	21	1953
293	21	2477
275	21	1531
242	21	1904
1009	21	1992
566	21	1816
414	21	1911
242	21	1340
940	21	1446
1263	21	1675
234	21	1880
259	21	2359
363	21	1882
498	21	1694
364	21	2164
380	21	2282
352	21	2376
373	21	1779
1145	21	1431
352	21	1472
378	21	2004
1058	21	1340
378	21	1995
378	21	1962
246	21	2405
414	21	1508
408	21	2503
1217	21	1543
353	21	1636
1244	21	1598
385	21	1830
1041	21	2544
966	21	1545
364	21	2270
222	21	2122
347	21	2113
538	21	1763
385	21	2174
297	21	1641
720	21	2020
385	21	1820
540	21	1707
293	21	2511
388	21	1779
405	21	1318
311	21	2543
274	21	1380
1001	21	2482
388	21	2322
179	21	2022
281	21	2385
871	21	1423
355	21	1424
316	21	1349
305	21	1517
373	21	1962
714	21	2106
293	21	1714
1023	21	1555
391	21	1658
181	21	2416
399	21	1971
349	21	2219
355	21	1444
1154	21	1446
1309	21	2253
281	21	1439
200	21	2300
745	21	2077
1013	21	2490
269	21	1981
242	21	1553
293	21	1463
258	21	2281
262	21	1963
1138	21	1423
536	21	1759
620	21	2410
590	21	1860
709	21	1996
408	21	2041
408	21	2017
556	21	1806
1029	21	1466
326	21	1587
363	21	1975
249	21	1895
378	21	1670
761	21	2121
291	21	2506
281	21	2386
388	21	1767
258	21	2279
527	21	1749
383	21	1950
352	21	2402
299	21	1523
242	21	1480
388	21	2306
311	21	1581
1103	21	1366
257	21	1539
979	21	2418
373	21	1777
242	21	1971
1123	21	1410
180	21	2470
647	21	1934
179	21	1938
1195	21	1522
406	21	1751
409	21	1338
414	21	2117
264	21	1986
388	21	2073
1186	21	1544
293	21	2000
1079	21	1348
180	21	2512
1081	21	1348
1025	21	1543
1263	21	1673
1229	21	2094
388	21	1716
385	21	2144
363	21	1690
399	21	2293
1301	21	2009
293	21	2291
305	21	1577
362	21	2381
274	21	1358
567	21	2096
346	21	2176
414	21	1663
214	21	1504
1034	21	1664
858	21	2522
1165	21	1460
293	21	1327
373	21	2039
405	21	2342
373	21	1898
1010	21	1877
1135	21	1423
1311	21	1377
243	21	1697
1299	21	2007
182	21	1803
291	21	1463
930	21	1405
378	21	2183
711	21	2311
788	21	2278
408	21	1740
1120	21	2444
781	21	2174
795	21	2372
975	21	2416
385	21	1840
179	21	1770
879	21	2347
715	21	2073
361	21	2102
385	21	2214
180	21	1390
289	21	1637
354	21	2325
183	21	1652
408	21	2054
181	21	2327
378	21	1608
1262	21	1946
293	21	1443
388	21	1341
551	21	1717
239	21	2342
293	21	2240
262	21	1549
402	21	1883
385	21	2105
502	21	1663
232	21	1923
784	21	1583
353	21	2362
412	21	2195
689	21	1992
200	21	2303
388	21	1600
200	21	1580
833	21	2257
313	21	1536
353	21	1644
242	21	1985
388	21	2077
388	21	2034
397	21	1845
322	21	1557
990	21	2426
291	21	1467
180	21	2515
357	21	1788
651	21	1936
607	21	2115
293	21	2527
961	21	2418
281	21	2447
352	21	1465
242	21	1972
378	21	1909
385	21	2193
1065	21	1339
385	21	2444
1270	21	1644
360	21	1832
580	21	1348
373	21	1907
257	21	2528
357	21	2108
321	21	1617
183	21	2168
200	21	1941
998	21	2311
299	21	2385
402	21	1317
385	21	2145
378	21	2114
228	21	1916
500	21	1519
293	21	2117
181	21	2421
815	21	2256
361	21	2429
402	21	2475
1241	21	1573
361	21	1706
378	21	2259
567	21	2104
378	21	1884
1213	21	1543
888	21	2330
183	21	1863
183	21	1756
1234	21	1555
388	21	1702
357	21	2072
1025	21	1496
357	21	2034
499	21	1704
1296	21	1683
1188	21	1502
1211	21	1555
349	21	2182
388	21	1740
385	21	2278
388	21	1910
402	21	1965
414	21	2418
1302	21	2019
183	21	1399
938	21	2542
408	21	2059
539	21	1765
399	21	1633
791	21	2221
899	21	2347
397	21	1726
575	21	1837
780	21	2220
716	21	1997
592	21	1652
414	21	1320
546	21	2071
364	21	2274
502	21	1705
818	21	2256
378	21	1708
272	21	1963
1142	21	2333
349	21	2183
567	21	2095
378	21	2180
414	21	2495
322	21	1553
775	21	2381
1297	21	1683
399	21	1426
291	21	1366
410	21	1806
752	21	2132
380	21	2075
598	21	1876
687	21	1990
388	21	2204
378	21	2248
242	21	2340
214	21	1944
600	21	2059
408	21	1732
397	21	2485
385	21	2083
1302	21	2053
275	21	2297
301	21	1382
363	21	1685
722	21	2415
257	21	1604
257	21	1463
965	21	2421
560	21	1349
313	21	1537
960	21	1655
397	21	1747
233	21	1863
1265	21	1626
284	21	1942
327	21	1580
388	21	2444
1139	21	1537
385	21	2272
397	21	1737
388	21	1982
1304	21	2019
181	21	1864
364	21	2218
357	21	1787
386	21	2256
406	21	1891
179	21	2105
1229	21	2132
363	21	1841
1140	21	1429
1051	21	1327
281	21	1461
408	21	2545
964	21	2415
361	21	2331
514	21	1971
577	21	2416
981	21	1617
293	21	1796
287	21	1665
602	21	2060
363	21	1739
349	21	2186
965	21	2415
355	21	1930
680	21	1502
1304	21	2062
388	21	2044
254	21	1414
612	21	1554
356	21	2390
247	21	2375
612	21	2115
388	21	1428
1023	21	1508
410	21	1955
281	21	1606
263	21	1661
388	21	1853
1025	21	1616
414	21	2421
276	21	1502
349	21	2220
889	21	1492
376	21	2200
824	21	2256
637	21	1653
388	21	2340
378	21	2061
1104	21	1369
981	21	2421
351	21	2324
378	21	2207
385	21	2267
570	21	2148
1147	21	1436
385	21	2099
612	21	1881
782	21	2193
316	21	1581
388	21	1935
336	21	1626
281	21	2523
264	21	2428
351	21	2505
720	21	1591
355	21	1404
266	21	1480
1000	21	2482
364	21	2276
1150	21	1439
1196	21	1632
291	21	2474
182	21	1722
373	21	2022
399	21	1427
245	21	2363
1067	21	1338
806	21	2421
242	21	1487
397	21	1739
399	21	2318
408	21	2052
200	21	2499
858	21	2449
573	21	1751
973	21	2421
957	21	2399
578	21	1992
408	21	1875
378	21	2006
371	21	1462
290	21	1637
293	21	2242
388	21	2344
233	21	2381
299	21	1370
1262	21	1466
388	21	1907
380	21	2063
500	21	1518
245	21	1568
291	21	1362
299	21	1374
677	21	1479
248	21	1383
751	21	2094
745	21	2073
246	21	1348
181	21	1911
568	21	2151
281	21	2473
530	21	1897
900	21	1497
385	21	2222
508	21	1714
1151	21	1546
1289	21	1655
1251	21	2472
352	21	1808
363	21	1903
388	21	1734
355	21	2211
402	21	1341
637	21	1991
725	21	2017
574	21	1837
200	21	1345
603	21	1881
388	21	1737
414	21	1553
842	21	2259
574	21	2106
378	21	2277
981	21	2418
963	21	2421
388	21	1481
361	21	1881
262	21	2488
378	21	1788
569	21	2119
1002	21	2484
356	21	1869
1301	21	2052
222	21	2078
415	21	1386
182	21	2063
293	21	2518
388	21	1938
1124	21	1411
1241	21	1575
713	21	2106
373	21	1903
179	21	2043
376	21	1740
254	21	1566
364	21	2036
373	21	1957
683	21	1600
1023	21	1374
261	21	1581
242	21	1530
774	21	2144
1190	21	1508
1174	21	1481
1263	21	1626
817	21	2146
388	21	1778
388	21	1352
181	21	1693
291	21	2430
388	21	1842
552	21	1348
261	21	2493
1008	21	2488
1013	21	1388
385	21	2128
293	21	1488
721	21	1997
281	21	2449
249	21	1896
349	21	2218
1278	21	1574
823	21	2258
179	21	2110
386	21	2112
519	21	1717
388	21	2472
363	21	1607
1251	21	1352
336	21	1676
527	21	1909
1120	21	1749
363	21	1847
1161	21	1457
780	21	2188
703	21	1992
388	21	1802
293	21	1716
548	21	1798
257	21	2281
377	21	2024
376	21	1846
622	21	1913
414	21	1496
355	21	1806
388	21	2012
354	21	2323
242	21	2280
180	21	2516
179	21	2142
402	21	1912
261	21	2494
891	21	2340
181	21	1750
385	21	2087
219	21	2235
361	21	2533
274	21	1351
1262	21	1904
1244	21	1574
311	21	1583
287	21	1475
264	21	1982
363	21	1521
322	21	1645
1151	21	1440
352	21	2400
351	21	1795
259	21	1362
607	21	1881
414	21	1703
388	21	2233
507	21	2258
364	21	1842
980	21	2421
353	21	1440
1301	21	2054
722	21	2420
1310	21	1936
876	21	2347
517	21	1749
1012	21	2490
414	21	2521
378	21	2081
364	21	2154
371	21	1765
599	21	2059
385	21	2133
275	21	1533
385	21	2228
378	21	2225
535	21	1759
690	21	1992
293	21	2423
388	21	1372
980	21	2418
677	21	1971
378	21	1973
1273	21	2472
352	21	1328
414	21	1948
179	21	2063
677	21	1972
408	21	2415
1313	21	1803
376	21	2241
373	21	2044
402	21	2435
388	21	1883
349	21	2206
548	21	2388
250	21	2533
388	21	2001
598	21	1527
1126	21	1412
181	21	1846
607	21	1348
1273	21	1904
349	21	2187
284	21	2299
1158	21	1489
512	21	1611
362	21	2069
378	21	1740
355	21	2198
353	21	1519
378	21	2430
1181	21	1614
876	21	1351
351	21	1706
378	21	1488
360	21	1375
248	21	1896
396	21	2531
834	21	2257
316	21	1580
1133	21	1622
1133	21	1420
399	21	1740
569	21	2150
248	21	1491
1228	21	1555
378	21	2090
361	21	1388
200	21	1981
246	21	2466
293	21	1358
276	21	1585
410	21	1956
1057	21	1337
593	21	1718
200	21	1954
397	21	1730
373	21	2011
507	21	2256
772	21	2144
1086	21	2322
388	21	2039
357	21	1838
1118	21	1402
376	21	1394
408	21	1608
1045	21	1317
225	21	1817
345	21	2190
378	21	2085
1198	21	1529
293	21	2290
1306	21	1462
561	21	2480
277	21	2518
373	21	2018
415	21	1385
353	21	2369
1095	21	1351
181	21	2294
364	21	2064
402	21	2359
293	21	2435
683	21	2485
179	21	2127
327	21	1509
378	21	1487
361	21	1393
181	21	2259
281	21	2348
363	21	1691
361	21	1660
148	16	485
147	16	452
148	16	449
146	16	443
148	16	417
147	16	467
148	16	490
147	16	423
149	16	469
148	16	429
148	16	487
148	16	444
148	16	418
146	16	425
148	16	442
146	16	472
147	16	427
147	16	436
148	16	462
147	16	489
147	16	478
149	16	439
148	16	463
148	16	459
146	16	460
148	16	440
147	16	425
148	16	434
146	16	465
148	16	428
148	16	464
148	16	438
148	16	457
148	16	484
148	16	435
146	16	492
147	16	474
146	16	454
149	16	419
148	16	431
146	16	461
147	16	445
148	16	447
147	16	455
147	16	493
148	16	476
148	16	422
148	16	466
149	16	425
147	16	472
148	16	473
147	16	432
147	16	448
146	16	488
148	16	420
147	16	475
148	16	491
148	16	433
147	16	453
148	16	445
148	16	456
148	16	480
148	16	477
149	16	437
146	16	486
148	16	479
147	16	424
148	16	481
148	16	471
148	16	446
148	16	458
147	16	426
148	16	430
146	16	439
146	16	441
148	16	416
148	16	450
148	16	451
148	16	468
456	34	148
471	34	148
443	34	146
425	34	149
439	34	146
424	34	147
441	34	146
442	34	148
420	34	148
446	34	148
474	34	147
487	34	148
418	34	148
430	34	148
469	34	149
460	34	146
440	34	148
468	34	148
455	34	147
472	34	146
490	34	148
466	34	148
429	34	148
480	34	148
436	34	147
434	34	148
428	34	148
479	34	148
478	34	147
461	34	146
485	34	148
481	34	148
458	34	148
462	34	148
450	34	148
433	34	148
493	34	147
472	34	147
447	34	148
476	34	148
486	34	146
417	34	148
463	34	148
438	34	148
435	34	148
492	34	146
425	34	146
454	34	146
459	34	148
488	34	146
426	34	147
491	34	148
439	34	149
423	34	147
467	34	147
416	34	148
489	34	147
457	34	148
432	34	147
431	34	148
465	34	146
437	34	149
425	34	147
422	34	148
451	34	148
445	34	147
473	34	148
475	34	147
427	34	147
444	34	148
449	34	148
464	34	148
452	34	147
484	34	148
453	34	147
448	34	147
445	34	148
419	34	149
477	34	148
432	31	117
447	31	122
468	31	110
491	31	97
452	31	11
455	31	82
447	31	95
462	31	94
455	31	29
456	31	4
484	31	114
439	31	2
485	31	37
484	31	69
456	31	124
448	31	108
479	31	111
449	31	97
467	31	73
479	31	0
444	31	122
485	31	135
466	31	125
453	31	39
444	31	3
488	31	6
466	31	122
419	31	86
441	31	59
452	31	118
480	31	100
449	31	90
430	31	125
434	31	1
434	31	77
492	31	137
452	31	103
449	31	114
456	31	3
462	31	124
466	31	95
466	31	124
455	31	7
485	31	95
450	31	122
491	31	5
488	31	29
473	31	124
462	31	95
437	31	39
481	31	95
484	31	78
487	31	97
485	31	124
437	31	81
473	31	18
442	31	2
444	31	94
447	31	113
484	31	145
476	31	122
466	31	94
473	31	113
449	31	56
489	31	99
439	31	145
425	31	144
463	31	17
488	31	145
437	31	79
418	31	138
474	31	14
418	31	56
485	31	140
481	31	122
475	31	72
467	31	128
468	31	113
431	31	122
434	31	61
473	31	111
491	31	78
485	31	5
462	31	125
486	31	26
439	31	143
459	31	124
487	31	95
460	31	61
453	31	117
455	31	13
448	31	116
444	31	110
473	31	114
446	31	13
417	31	2
453	31	121
466	31	0
448	31	115
456	31	37
431	31	124
419	31	96
449	31	113
434	31	138
466	31	2
448	31	63
427	31	71
441	31	8
471	31	28
452	31	128
492	31	99
420	31	114
448	31	120
429	31	95
419	31	42
443	31	94
452	31	19
440	31	122
452	31	142
448	31	74
474	31	73
455	31	145
456	31	5
444	31	4
441	31	101
437	31	80
452	31	85
443	31	145
488	31	36
462	31	2
431	31	113
449	31	93
473	31	3
468	31	4
485	31	110
475	31	14
486	31	27
456	31	56
475	31	73
423	31	1
473	31	122
424	31	116
446	31	15
422	31	93
456	31	122
476	31	2
492	31	61
454	31	64
485	31	69
438	31	110
456	31	138
490	31	111
420	31	7
430	31	60
452	31	143
484	31	90
425	31	61
432	31	106
472	31	36
490	31	53
418	31	95
473	31	5
491	31	58
452	31	0
467	31	71
440	31	110
474	31	103
488	31	82
423	31	61
439	31	7
489	31	144
416	31	110
492	31	144
455	31	27
450	31	2
473	31	95
487	31	100
490	31	47
452	31	8
455	31	83
437	31	75
480	31	122
472	31	6
448	31	88
437	31	121
490	31	122
425	31	137
491	31	111
455	31	25
455	31	26
488	31	15
490	31	113
439	31	60
456	31	125
444	31	2
452	31	14
466	31	4
467	31	97
455	31	56
474	31	97
484	31	7
485	31	93
472	31	0
475	31	48
423	31	144
469	31	76
428	31	113
419	31	91
438	31	90
474	31	80
473	31	110
492	31	136
485	31	4
486	31	29
448	31	102
471	31	100
437	31	78
462	31	113
477	31	122
449	31	110
486	31	68
439	31	69
461	31	143
419	31	63
452	31	48
492	31	98
437	31	70
474	31	72
417	31	3
478	31	61
437	31	68
452	31	102
474	31	108
486	31	25
472	31	35
489	31	61
456	31	90
456	31	97
428	31	93
485	31	2
420	31	137
486	31	129
448	31	71
416	31	111
419	31	139
491	31	100
428	31	56
473	31	2
456	31	93
474	31	85
438	31	122
456	31	113
423	31	98
419	31	100
419	31	29
441	31	64
481	31	124
475	31	63
437	31	60
425	31	107
456	31	18
475	31	97
421	31	92
462	31	122
475	31	108
466	31	110
452	31	63
485	31	122
437	31	128
435	31	122
462	31	4
452	31	79
473	31	4
474	31	48
485	31	130
480	31	97
466	31	37
422	31	56
452	31	20
484	31	122
476	31	95
462	31	110
472	31	7
422	31	77
448	31	119
437	31	34
419	31	66
476	31	125
430	31	122
479	31	95
417	31	110
491	31	30
423	31	137
456	31	111
473	31	94
481	31	113
452	31	126
455	31	21
435	31	124
433	31	113
436	31	61
421	31	85
451	31	107
488	31	83
446	31	16
475	31	80
476	31	94
462	31	37
446	31	14
474	31	63
419	31	134
467	31	80
481	31	22
462	31	114
455	31	63
458	31	122
475	31	103
475	31	85
456	31	95
451	31	125
455	31	24
491	31	95
416	31	113
491	31	122
439	31	82
490	31	124
423	31	99
454	31	65
456	31	114
471	31	122
430	31	124
452	31	97
441	31	126
465	31	61
426	31	106
456	31	2
456	31	94
473	31	37
437	31	56
449	31	111
437	31	65
473	31	125
475	31	71
462	31	18
437	31	117
439	31	110
453	31	106
462	31	111
492	31	1
487	31	5
476	31	37
487	31	122
489	31	98
474	31	71
484	31	34
459	31	18
443	31	61
352	15	1629
361	15	2491
183	15	1413
925	15	1409
182	15	2230
1047	15	1540
921	15	2377
660	15	1932
408	15	2015
1025	15	2508
1268	15	1629
1275	15	1639
882	15	2246
660	15	1931
656	15	1931
1309	15	1643
886	15	2246
200	15	1932
895	15	2343
929	15	1409
1266	15	1629
932	15	2377
674	15	1961
657	15	1931
748	15	2084
670	15	1960
708	15	1993
926	15	1409
1303	15	1514
922	15	2377
1115	15	1409
183	15	1409
923	15	1409
1014	15	2497
200	15	1960
281	15	1601
659	15	1931
928	15	1409
293	15	1983
923	15	2377
361	15	2350
1132	15	1413
281	15	2486
180	15	1389
182	15	2015
933	15	1413
1120	15	2439
1274	15	1639
505	15	1710
182	15	1871
795	15	2230
634	15	2439
504	15	1710
183	15	2377
293	15	1709
729	15	2033
281	15	1560
293	15	1712
1120	15	1540
1310	15	1643
1204	15	1541
922	15	1409
930	15	1409
361	15	2487
388	15	2033
747	15	2084
388	15	2245
573	15	1871
293	15	1321
503	15	1709
894	15	2343
183	15	1866
1267	15	1629
262	15	2491
182	15	2343
930	15	2377
364	15	1983
380	15	1978
931	15	2377
293	15	2229
386	15	2084
408	15	1643
597	15	1871
228	15	1958
1024	15	2508
865	15	2486
1314	15	1514
926	15	2377
548	15	1490
363	15	1852
293	15	2246
1048	15	1326
293	15	1710
262	15	2487
573	15	2015
385	15	2439
881	15	2246
281	15	1639
293	15	1534
887	15	2246
361	15	1389
793	15	2229
1309	15	1711
673	15	1961
927	15	2377
1011	15	2491
1005	15	2486
200	15	1961
182	15	1878
388	15	2016
503	15	2229
388	15	1514
929	15	2377
1108	15	2033
291	15	1534
595	15	1871
293	15	1601
277	15	1541
388	15	2030
293	15	2245
512	15	1534
373	15	2016
1120	15	1321
925	15	2377
408	15	1878
378	15	1540
293	15	1978
880	15	2246
1098	15	1353
378	15	2439
865	15	1592
507	15	1710
397	15	2246
408	15	1326
728	15	2030
414	15	2508
293	15	1711
932	15	1409
573	15	2343
380	15	1712
1236	15	1560
671	15	1960
361	15	1490
885	15	2246
200	15	2497
388	15	1643
281	15	1353
225	15	1958
200	15	1931
596	15	1871
182	15	1541
1138	15	1490
794	15	2229
408	15	1871
373	15	2033
927	15	1409
657	15	1932
281	15	1592
179	15	1852
1254	15	1592
408	15	1993
1003	15	1639
1178	15	1490
388	15	1978
938	15	1560
1284	15	1710
408	15	2016
378	15	1978
378	15	1810
803	15	2245
659	15	1932
281	15	1326
883	15	2246
656	15	1932
388	15	1810
408	15	1978
1130	15	1413
262	15	2350
1058	15	1534
200	15	1958
1015	15	2497
672	15	1961
928	15	2377
516	15	2246
634	15	2246
293	15	2230
506	15	1710
1011	15	2487
640	15	1852
884	15	2246
348	25	147
382	25	148
278	25	146
335	25	148
375	25	146
176	12	472
175	12	489
155	12	430
173	12	485
169	12	475
177	12	466
175	12	440
163	12	455
173	12	442
173	12	416
159	12	441
165	12	419
173	12	481
177	12	478
171	12	467
162	12	453
175	12	436
173	12	438
151	12	417
173	12	479
172	12	419
176	12	492
175	12	486
157	12	434
175	12	454
175	12	458
175	12	445
175	12	418
173	12	449
153	12	427
177	12	462
169	12	437
175	12	443
169	12	468
159	12	488
177	12	433
165	12	437
169	12	480
174	12	421
173	12	450
166	12	419
169	12	474
172	12	437
173	12	435
177	12	471
176	12	444
164	12	437
177	12	432
175	12	439
170	12	437
173	12	456
175	12	461
173	12	451
173	12	484
169	12	452
175	12	423
158	12	428
177	12	469
169	12	448
177	12	459
177	12	493
169	12	446
166	12	437
173	12	420
154	12	425
468	11	169
439	11	175
437	11	172
437	11	166
489	11	175
428	11	158
419	11	165
440	11	175
437	11	169
455	11	163
484	11	173
462	11	177
456	11	173
454	11	175
441	11	159
492	11	176
469	11	177
436	11	175
433	11	177
419	11	172
481	11	173
445	11	175
480	11	169
493	11	177
435	11	173
459	11	177
488	11	159
466	11	177
483	11	177
467	11	171
417	11	151
471	11	177
458	11	175
486	11	175
453	11	162
478	11	177
444	11	176
421	11	174
451	11	173
446	11	169
419	11	166
418	11	175
416	11	173
420	11	173
449	11	173
430	11	155
437	11	164
475	11	169
427	11	153
443	11	175
434	11	157
437	11	165
423	11	175
470	11	177
452	11	169
437	11	170
425	11	154
442	11	173
485	11	173
432	11	177
448	11	169
472	11	176
461	11	175
482	11	177
438	11	173
450	11	173
474	11	169
479	11	173
458	18	2308
442	18	2419
481	18	1487
449	18	1359
458	18	2476
442	18	1947
442	18	2409
449	18	1441
438	18	2291
456	18	2539
449	18	1553
449	18	1342
435	18	1812
417	18	2253
450	18	2447
416	18	1319
445	18	1332
457	18	1707
458	18	2409
456	18	1369
441	18	1389
448	18	2381
481	18	1579
447	18	1786
466	18	1700
449	18	2279
416	18	2265
456	18	1940
472	18	1583
435	18	1395
442	18	2521
440	18	2240
441	18	2514
417	18	1742
458	18	1467
449	18	1592
458	18	1326
449	18	2453
435	18	1600
434	18	1874
450	18	2520
449	18	1567
419	18	1724
449	18	2477
416	18	1728
458	18	2473
421	18	2371
440	18	2445
456	18	2364
449	18	1370
485	18	1648
484	18	1605
438	18	2239
458	18	2408
450	18	2482
438	18	2244
440	18	2441
442	18	2508
446	18	1531
449	18	1621
450	18	2433
459	18	1985
451	18	2327
445	18	1807
448	18	1968
465	18	2489
450	18	2230
449	18	2297
449	18	1534
456	18	1964
438	18	1883
449	18	2534
430	18	2422
449	18	2293
450	18	1567
492	18	1880
493	18	1826
466	18	2021
459	18	1537
458	18	1374
440	18	2252
450	18	2245
463	18	2511
446	18	1537
448	18	2378
445	18	1333
480	18	1374
435	18	2307
485	18	1550
458	18	1536
459	18	2480
456	18	1464
449	18	2526
435	18	1737
456	18	2293
458	18	1461
426	18	1846
476	18	1523
449	18	2466
493	18	1495
450	18	2229
437	18	2390
450	18	1340
450	18	1448
441	18	1383
450	18	1391
465	18	2491
481	18	1545
440	18	1891
437	18	1396
438	18	2293
450	18	2348
449	18	2319
435	18	1726
484	18	1494
449	18	1988
449	18	1552
449	18	1593
458	18	1523
456	18	2464
450	18	1370
438	18	1317
446	18	1530
416	18	2264
417	18	2247
449	18	1350
438	18	1991
450	18	1360
417	18	1716
449	18	2050
465	18	1388
458	18	2309
446	18	1502
446	18	2478
442	18	1703
449	18	1361
456	18	2336
417	18	2248
458	18	1494
450	18	1428
456	18	1515
440	18	1890
438	18	1988
452	18	1433
458	18	2348
445	18	1373
449	18	2359
433	18	1729
458	18	1982
481	18	1557
450	18	1371
450	18	1457
435	18	2322
463	18	1317
456	18	2255
435	18	2301
458	18	2436
449	18	1363
416	18	1698
449	18	2231
440	18	1349
454	18	1981
456	18	1391
459	18	1955
430	18	1899
459	18	1600
450	18	1325
417	18	1717
456	18	1988
449	18	2475
441	18	2516
435	18	1982
435	18	1736
416	18	1712
459	18	2485
476	18	1370
458	18	2434
458	18	1591
459	18	1807
449	18	1522
449	18	1374
458	18	1606
442	18	2418
450	18	2437
458	18	1516
451	18	2346
456	18	2424
450	18	2506
446	18	1599
440	18	2448
456	18	1989
449	18	1515
440	18	2524
449	18	2435
446	18	1392
449	18	2474
456	18	2291
435	18	1690
438	18	2472
440	18	1928
442	18	1815
433	18	1745
474	18	1594
458	18	2412
450	18	2523
450	18	1351
438	18	1372
458	18	2523
458	18	2474
456	18	2318
485	18	1524
442	18	2534
417	18	1749
440	18	2201
422	18	2492
456	18	1500
458	18	2447
458	18	1325
440	18	1955
458	18	2329
456	18	2280
449	18	2229
434	18	1708
476	18	1647
456	18	2425
456	18	2312
492	18	1886
456	18	2245
440	18	1888
458	18	1507
456	18	2534
433	18	1727
449	18	2511
417	18	1764
433	18	1731
449	18	1610
449	18	2471
438	18	1965
445	18	1956
449	18	1422
445	18	1940
449	18	2318
451	18	2355
418	18	1952
445	18	1548
417	18	1715
440	18	1893
449	18	1325
449	18	2230
450	18	2451
417	18	1713
485	18	1589
449	18	2486
442	18	2370
417	18	1983
456	18	1466
449	18	1601
438	18	1904
440	18	2199
481	18	1536
456	18	1467
493	18	2143
450	18	2436
438	18	2380
450	18	1380
481	18	1532
458	18	1562
434	18	1608
466	18	1967
435	18	1882
458	18	1600
430	18	1902
450	18	2540
449	18	1366
417	18	1718
456	18	1623
481	18	1625
456	18	2406
449	18	1456
456	18	2540
450	18	2448
449	18	2436
458	18	1940
460	18	1549
463	18	2239
458	18	2313
449	18	1426
456	18	2471
445	18	1493
493	18	1364
433	18	1736
449	18	2425
458	18	2312
458	18	1460
449	18	2520
456	18	1362
492	18	2455
471	18	2440
450	18	1439
458	18	1614
450	18	1332
449	18	2527
456	18	2359
450	18	2425
450	18	1326
458	18	1370
434	18	1694
449	18	1545
455	18	1465
439	18	1390
440	18	1892
438	18	1884
485	18	1501
442	18	2415
459	18	2484
456	18	2337
442	18	1902
451	18	2356
442	18	1705
430	18	1689
456	18	1365
449	18	2424
458	18	2526
456	18	1358
442	18	1811
430	18	1864
436	18	1559
438	18	2338
440	18	2198
456	18	2243
440	18	1929
435	18	1748
446	18	1333
442	18	1974
450	18	1369
449	18	1381
485	18	1647
456	18	2244
456	18	2204
449	18	1537
440	18	1698
458	18	1320
442	18	1692
458	18	1603
463	18	1352
435	18	2244
480	18	1684
456	18	2279
450	18	2434
437	18	2393
458	18	1639
456	18	2230
450	18	2414
443	18	1349
448	18	2383
443	18	1881
417	18	2250
458	18	1541
449	18	2281
449	18	2464
449	18	1421
484	18	1604
449	18	2528
485	18	1577
447	18	1992
438	18	1341
458	18	1520
440	18	2513
445	18	2294
441	18	1499
456	18	2360
449	18	1965
450	18	1940
450	18	1337
450	18	2539
459	18	1373
449	18	2240
438	18	2511
459	18	2526
456	18	2427
446	18	2293
449	18	1507
433	18	1735
449	18	1427
449	18	2519
463	18	2340
476	18	1517
492	18	2113
446	18	1381
463	18	1341
493	18	2058
456	18	2426
461	18	2358
458	18	1506
450	18	1488
438	18	2318
434	18	1717
493	18	1473
457	18	1558
438	18	1882
449	18	2291
449	18	2476
454	18	1979
440	18	1348
442	18	1949
481	18	1599
450	18	1560
481	18	1574
449	18	1539
445	18	2478
458	18	1620
449	18	2244
474	18	1573
458	18	2449
456	18	2479
476	18	1648
438	18	2339
481	18	1645
449	18	2360
481	18	1552
422	18	2535
456	18	2372
435	18	1685
456	18	1516
449	18	2448
436	18	2195
450	18	2440
416	18	2261
416	18	1315
416	18	2258
435	18	2412
446	18	1584
456	18	2290
480	18	1606
435	18	1734
471	18	2474
417	18	1722
433	18	1737
449	18	1392
449	18	2245
433	18	1982
449	18	1463
456	18	2519
440	18	2294
456	18	1446
442	18	1320
456	18	2452
485	18	1456
458	18	1555
449	18	1357
466	18	1319
449	18	1452
484	18	1631
462	18	2239
447	18	1953
450	18	2537
480	18	1630
433	18	1946
459	18	1920
456	18	1447
458	18	2534
456	18	1430
416	18	1700
441	18	2515
435	18	1578
450	18	1425
450	18	1319
446	18	1373
425	18	2190
458	18	2507
445	18	1955
450	18	2423
438	18	1478
459	18	2428
451	18	2347
416	18	1709
436	18	2287
466	18	2135
435	18	1514
450	18	1467
417	18	1796
471	18	2476
456	18	1380
433	18	1738
459	18	2294
442	18	1544
458	18	1517
440	18	1940
437	18	2387
465	18	2487
456	18	2240
449	18	1322
492	18	2080
451	18	1497
450	18	2312
450	18	2486
442	18	2326
459	18	1940
438	18	1970
446	18	2526
450	18	2450
438	18	2340
442	18	1702
450	18	1577
416	18	1983
493	18	1724
450	18	1350
434	18	2366
450	18	2200
456	18	1324
481	18	1598
440	18	2446
445	18	2428
451	18	1621
446	18	1533
456	18	1371
493	18	1375
458	18	2502
452	18	1435
458	18	2504
449	18	1557
450	18	1524
449	18	1611
416	18	2242
449	18	2506
458	18	2509
449	18	2427
449	18	2473
456	18	2475
440	18	1699
450	18	2296
467	18	1665
449	18	1467
456	18	2528
417	18	1753
440	18	2200
433	18	1740
450	18	1342
441	18	2413
450	18	1541
417	18	1719
449	18	1565
463	18	1319
435	18	2306
471	18	1322
450	18	1477
445	18	1986
458	18	2452
446	18	1986
449	18	2243
449	18	2364
449	18	1512
417	18	2254
489	18	1951
449	18	2428
416	18	2263
442	18	1460
416	18	2135
446	18	2297
449	18	1532
417	18	2546
449	18	1365
456	18	2477
458	18	2486
467	18	1400
449	18	1362
458	18	2510
449	18	1530
449	18	2430
442	18	1693
493	18	1484
416	18	2285
449	18	1488
456	18	1376
449	18	1333
451	18	2438
449	18	2372
428	18	1722
493	18	1722
449	18	1478
449	18	1516
458	18	2440
456	18	2201
463	18	1556
459	18	1918
449	18	2502
433	18	1845
459	18	2478
435	18	1846
449	18	2295
449	18	2280
445	18	1331
481	18	1664
475	18	1594
446	18	2541
442	18	2528
450	18	2473
440	18	2197
456	18	2233
458	18	1395
456	18	2448
434	18	1989
463	18	2406
481	18	1565
435	18	1691
449	18	1319
459	18	1548
450	18	1427
450	18	2240
449	18	1332
456	18	1517
438	18	2233
465	18	2350
450	18	2201
416	18	2256
449	18	2529
449	18	1377
441	18	2512
436	18	2196
442	18	1991
493	18	2382
449	18	1317
456	18	1360
456	18	2319
450	18	2538
449	18	1454
417	18	2444
456	18	2229
434	18	1935
442	18	2452
485	18	1551
457	18	1633
416	18	2262
450	18	1446
456	18	1361
450	18	1534
425	18	2134
450	18	1338
458	18	1542
450	18	2309
449	18	1541
449	18	1604
440	18	2405
417	18	2345
449	18	2233
447	18	1990
448	18	2379
449	18	2537
481	18	1604
449	18	1425
435	18	1919
438	18	2319
435	18	1914
445	18	2291
458	18	1438
433	18	1744
481	18	1531
448	18	2382
435	18	1976
417	18	1833
458	18	2521
438	18	1984
456	18	2050
472	18	1571
475	18	1575
419	18	2391
456	18	2297
456	18	1523
440	18	1394
480	18	1625
492	18	2102
445	18	1423
442	18	2431
456	18	2246
456	18	2231
449	18	2518
484	18	1486
449	18	1466
458	18	2528
449	18	1391
456	18	2309
433	18	1734
489	18	2157
449	18	2407
476	18	1577
438	18	2234
449	18	2451
450	18	2297
425	18	1795
446	18	1585
456	18	2474
458	18	1367
449	18	1464
458	18	2433
446	18	1600
449	18	1330
442	18	2416
458	18	1616
450	18	1339
450	18	1601
458	18	1662
451	18	2357
442	18	1701
456	18	1342
450	18	1327
440	18	2442
489	18	1950
449	18	1442
449	18	1989
436	18	2298
480	18	1367
416	18	2286
456	18	1363
456	18	2466
435	18	1680
422	18	2481
456	18	1540
449	18	1548
489	18	2146
450	18	1456
442	18	2410
449	18	1443
445	18	2480
456	18	2295
458	18	1508
435	18	1729
457	18	2135
450	18	1358
451	18	2354
449	18	2467
449	18	1438
449	18	1373
440	18	2283
449	18	1631
446	18	2428
440	18	1404
449	18	1540
435	18	1687
449	18	1536
450	18	2313
440	18	1985
456	18	1377
433	18	1914
450	18	1377
450	18	1336
462	18	1319
430	18	1898
449	18	2406
456	18	2407
450	18	1447
456	18	1463
442	18	2420
417	18	1813
438	18	2050
438	18	1514
458	18	2430
438	18	2204
450	18	1331
450	18	1550
449	18	2452
459	18	1956
450	18	1536
458	18	1332
449	18	2408
449	18	1501
458	18	2307
456	18	1366
458	18	2451
449	18	2337
458	18	2537
449	18	1964
449	18	1324
457	18	1696
465	18	1384
456	18	1965
458	18	1560
458	18	2482
458	18	1592
484	18	1512
462	18	1971
446	18	2544
458	18	2450
416	18	1973
450	18	2243
449	18	1517
438	18	1556
435	18	1845
449	18	1599
449	18	2290
438	18	1342
459	18	1333
450	18	2542
438	18	1989
449	18	1563
435	18	1738
473	18	1319
440	18	2234
458	18	2468
446	18	1329
442	18	2421
438	18	1971
461	18	2488
471	18	2520
440	18	1930
449	18	1323
476	18	1380
481	18	1530
417	18	1814
459	18	1502
460	18	2490
449	18	1531
438	18	1964
440	18	2211
481	18	1620
458	18	2414
422	18	2503
467	18	1420
425	18	1797
492	18	1879
438	18	1912
435	18	1745
449	18	1500
471	18	1493
417	18	2251
440	18	2232
456	18	2437
458	18	1496
436	18	2342
435	18	1975
446	18	1357
450	18	1359
458	18	1590
416	18	1711
449	18	1623
435	18	1918
485	18	1370
416	18	2257
456	18	1321
456	18	1534
456	18	2117
450	18	2424
440	18	2545
450	18	2373
456	18	1359
436	18	1808
458	18	2508
438	18	2462
416	18	1826
430	18	2411
480	18	1639
456	18	2281
435	18	1744
418	18	1885
459	18	2468
456	18	1448
442	18	1809
463	18	1372
450	18	1330
450	18	1426
430	18	2037
417	18	1959
450	18	2476
449	18	2204
456	18	2296
458	18	1329
438	18	1924
440	18	1889
484	18	1618
449	18	2117
417	18	2000
433	18	1748
449	18	2434
463	18	1971
442	18	2417
430	18	1900
450	18	2372
417	18	1825
442	18	2289
449	18	2255
449	18	2479
449	18	2423
446	18	1532
420	18	2135
458	18	2296
430	18	2025
450	18	1387
437	18	1451
435	18	1731
449	18	1369
449	18	1430
449	18	1639
459	18	2291
493	18	1334
417	18	1775
438	18	2341
484	18	1619
492	18	2190
435	18	1727
435	18	1735
449	18	1606
458	18	1476
481	18	1646
440	18	1887
450	18	2502
459	18	1986
438	18	1428
438	18	1352
458	18	1543
434	18	1707
419	18	2369
484	18	1662
456	18	2538
416	18	1720
449	18	2246
450	18	2449
449	18	1428
416	18	2260
450	18	2385
417	18	2249
444	18	2200
449	18	1321
449	18	2450
416	18	1967
459	18	1357
450	18	2426
417	18	1805
448	18	2376
434	18	1897
465	18	1634
437	18	2392
430	18	1615
445	18	1561
430	18	1901
484	18	1617
485	18	1529
456	18	2200
456	18	1539
450	18	2246
416	18	2259
458	18	1564
493	18	2025
456	18	1330
458	18	1601
458	18	2520
446	18	1601
450	18	1501
449	18	1523
450	18	1647
456	18	1319
441	18	2517
437	18	1869
458	18	1567
352	23	147
361	23	146
200	23	146
378	23	148
353	23	149
145	17	484
113	17	2199
94	17	444
122	17	1691
122	17	1599
107	17	1338
110	17	1416
3	17	1416
60	17	2144
14	17	452
28	17	2451
2	17	1415
122	17	2336
113	17	2247
127	17	2240
0	17	1947
124	17	2242
122	17	447
122	17	1534
72	17	1867
113	17	433
95	17	1501
51	17	1412
30	17	2312
22	17	1350
61	17	1795
80	17	1471
56	17	2311
113	17	1874
113	17	2359
121	17	1914
1	17	492
2	17	2245
111	17	2504
143	17	2358
97	17	2451
122	17	2256
138	17	1702
7	17	2135
111	17	1530
126	17	2480
0	17	1707
10	17	2292
113	17	1368
32	17	1609
6	17	1981
4	17	1715
100	17	1645
61	17	2342
93	17	485
122	17	1337
114	17	2410
63	17	452
28	17	2522
113	17	1488
22	17	2453
115	17	1914
113	17	1786
61	17	2102
128	17	452
95	17	1457
71	17	2402
114	17	2231
36	17	1583
113	17	1531
17	17	1979
4	17	466
18	17	1357
59	17	1336
122	17	2385
122	17	2199
95	17	2245
111	17	1959
95	17	1990
122	17	2200
139	17	2329
95	17	2347
122	17	473
0	17	1370
113	17	1366
28	17	2309
122	17	440
111	17	1709
122	17	1696
36	17	1378
37	17	1460
2	17	1430
11	17	1617
111	17	1796
15	17	1584
143	17	452
8	17	452
124	17	1812
114	17	1540
100	17	2430
20	17	1369
138	17	1539
111	17	1563
100	17	2522
138	17	456
29	17	1580
113	17	2519
124	17	1327
61	17	1328
4	17	2265
34	17	1443
94	17	1319
114	17	2322
108	17	1862
122	17	1536
122	17	1533
119	17	2376
113	17	1319
2	17	1618
0	17	1980
100	17	471
138	17	1732
60	17	1844
124	17	1351
122	17	2407
82	17	439
65	17	2478
111	17	2468
110	17	1501
0	17	2135
122	17	2545
122	17	1557
114	17	2406
4	17	2252
83	17	2457
21	17	1595
111	17	1718
110	17	1965
69	17	484
138	17	1631
113	17	2475
14	17	1631
115	17	2318
113	17	1805
5	17	1532
35	17	1329
24	17	455
114	17	2423
56	17	455
122	17	2473
90	17	2117
2	17	1390
90	17	438
96	17	1870
37	17	1648
130	17	1589
50	17	1605
83	17	2500
95	17	2327
110	17	2279
15	17	446
23	17	1587
39	17	2393
124	17	1550
2	17	2254
11	17	2452
80	17	437
103	17	1514
110	17	1927
9	17	1491
111	17	1488
2	17	2211
110	17	2538
60	17	437
122	17	2364
2	17	485
4	17	1925
34	17	2354
110	17	2200
90	17	1543
111	17	1775
28	17	2349
122	17	1623
122	17	477
100	17	2502
95	17	473
122	17	2231
122	17	1342
4	17	473
7	17	484
54	17	1665
110	17	2249
113	17	2250
94	17	476
90	17	1615
122	17	1560
122	17	2204
4	17	1962
125	17	1693
5	17	2346
69	17	1430
7	17	472
71	17	1468
113	17	1885
101	17	2517
27	17	486
100	17	2329
59	17	2368
95	17	2435
122	17	1690
22	17	2338
110	17	2250
113	17	1443
61	17	2487
103	17	1516
122	17	1326
61	17	443
122	17	1434
60	17	1558
61	17	1797
7	17	1513
94	17	1380
110	17	1716
0	17	1416
124	17	1901
2	17	1391
113	17	2442
111	17	2000
94	17	2242
4	17	1324
144	17	1969
113	17	1696
8	17	1383
124	17	1914
2	17	1825
2	17	442
122	17	456
122	17	2322
11	17	1564
100	17	1606
124	17	430
1	17	1969
114	17	1323
0	17	1925
122	17	1428
110	17	1764
122	17	2309
113	17	1338
122	17	1786
22	17	1352
4	17	2257
56	17	456
4	17	2259
90	17	1631
11	17	1540
124	17	1899
102	17	448
4	17	2256
110	17	1523
119	17	2378
114	17	420
111	17	1814
145	17	443
110	17	2477
2	17	2282
73	17	475
56	17	1722
122	17	1964
7	17	1521
124	17	1337
0	17	1810
48	17	1575
90	17	1320
124	17	1646
119	17	1364
61	17	1436
114	17	2508
113	17	1534
6	17	2317
117	17	453
143	17	1718
97	17	2449
65	17	1502
45	17	2429
110	17	2380
122	17	2386
122	17	1965
23	17	2499
102	17	1462
61	17	2157
23	17	2456
22	17	2233
122	17	1973
114	17	2510
100	17	1367
61	17	492
122	17	1912
113	17	1478
47	17	1478
36	17	2294
101	17	441
2	17	1720
113	17	2251
99	17	489
4	17	1718
95	17	485
113	17	1416
11	17	1953
145	17	488
113	17	468
47	17	1324
113	17	1563
0	17	1699
104	17	1377
19	17	2330
113	17	1844
110	17	1425
98	17	492
57	17	1690
41	17	1338
7	17	439
59	17	1670
110	17	2337
122	17	2476
18	17	2480
105	17	2386
95	17	462
94	17	1925
94	17	1577
37	17	2294
63	17	474
2	17	466
124	17	1690
111	17	1416
129	17	2429
122	17	2251
113	17	1324
6	17	472
124	17	1534
125	17	1338
93	17	1698
111	17	2253
28	17	2504
122	17	1853
43	17	2391
15	17	488
7	17	1578
5	17	1501
28	17	2473
122	17	2542
22	17	2380
83	17	1493
122	17	1340
61	17	1879
3	17	2248
95	17	2386
64	17	1576
29	17	2345
97	17	480
92	17	421
122	17	1466
114	17	2449
5	17	2537
64	17	1336
122	17	1515
122	17	450
122	17	1620
21	17	455
116	17	1968
122	17	2037
136	17	2525
101	17	2413
113	17	2249
2	17	1529
110	17	2254
122	17	2260
104	17	1550
129	17	1395
34	17	437
5	17	456
11	17	1466
4	17	1361
110	17	1404
95	17	1530
90	17	2534
94	17	456
50	17	2356
144	17	425
122	17	2539
122	17	2372
18	17	1600
137	17	492
95	17	476
22	17	1317
37	17	1370
95	17	1539
22	17	1965
122	17	1374
6	17	2331
52	17	2399
125	17	2294
71	17	467
90	17	1874
38	17	2380
36	17	2468
122	17	1422
124	17	2380
125	17	2245
135	17	2242
122	17	1540
110	17	1488
122	17	1811
101	17	1570
122	17	1647
129	17	1563
110	17	1710
17	17	2511
2	17	1844
122	17	1810
110	17	440
69	17	439
77	17	2492
111	17	416
23	17	2543
122	17	1439
12	17	1603
4	17	2345
95	17	1591
129	17	2484
111	17	2263
118	17	2378
90	17	2293
114	17	1974
61	17	1969
113	17	2506
11	17	1544
122	17	2279
12	17	2335
2	17	1681
18	17	2485
111	17	1421
4	17	2263
37	17	456
122	17	1497
113	17	2290
94	17	1670
122	17	1892
7	17	1551
101	17	2514
36	17	1379
138	17	1541
122	17	2527
110	17	2261
94	17	2135
117	17	437
100	17	491
111	17	1844
2	17	2026
122	17	485
18	17	1548
3	17	456
77	17	1525
110	17	1970
138	17	1522
71	17	1403
143	17	439
39	17	1869
102	17	1364
143	17	1380
37	17	2317
113	17	2327
111	17	2233
2	17	473
94	17	473
125	17	2438
32	17	2386
99	17	1981
7	17	1386
122	17	438
124	17	1600
110	17	2453
12	17	2509
114	17	2464
61	17	1844
64	17	454
94	17	2261
5	17	1387
40	17	2320
113	17	1796
111	17	2346
47	17	2000
8	17	1559
47	17	1350
124	17	1348
58	17	1690
90	17	1617
143	17	2352
95	17	1603
2	17	1337
49	17	1631
82	17	488
48	17	1594
15	17	1502
4	17	2245
113	17	1775
3	17	1716
34	17	1427
111	17	2347
18	17	1333
97	17	2450
114	17	1991
85	17	452
122	17	1488
111	17	1487
51	17	1405
33	17	1609
72	17	1474
124	17	1853
122	17	1685
2	17	2261
113	17	2437
114	17	2326
111	17	1810
113	17	447
65	17	1576
122	17	2244
111	17	2251
110	17	2479
0	17	1379
18	17	1373
124	17	2353
122	17	2448
125	17	456
110	17	2472
124	17	2506
76	17	469
110	17	1988
111	17	2359
15	17	1563
97	17	1438
0	17	466
111	17	1988
143	17	1988
114	17	2518
111	17	2249
125	17	1347
20	17	1437
13	17	446
0	17	1337
121	17	1546
28	17	2434
2	17	1324
111	17	1558
36	17	1582
121	17	1458
48	17	452
90	17	1991
100	17	2476
94	17	1387
2	17	1716
28	17	2306
110	17	1361
95	17	1365
72	17	1859
31	17	2296
122	17	2472
4	17	1964
113	17	2529
30	17	1684
122	17	1444
4	17	2254
32	17	2460
94	17	1647
110	17	2253
90	17	2545
7	17	1338
94	17	2264
124	17	2245
90	17	484
125	17	1380
110	17	2360
124	17	2436
97	17	1990
125	17	1899
2	17	1338
61	17	1559
37	17	1617
95	17	418
122	17	1591
2	17	1557
2	17	2453
18	17	1502
113	17	2026
109	17	1518
122	17	1720
90	17	1338
18	17	2412
65	17	1987
77	17	1456
32	17	2447
57	17	1514
111	17	1350
28	17	2523
110	17	2406
18	17	1348
122	17	1324
69	17	1365
122	17	2502
22	17	1341
138	17	1703
122	17	1607
114	17	2534
124	17	1497
71	17	2398
122	17	2230
139	17	1609
101	17	1568
18	17	1340
101	17	1499
139	17	2460
113	17	1377
110	17	417
2	17	2546
63	17	419
90	17	1614
2	17	1713
111	17	1805
119	17	2381
110	17	2295
113	17	1990
4	17	2284
77	17	1625
113	17	2477
111	17	1514
72	17	1401
4	17	2280
122	17	2474
117	17	1914
124	17	490
17	17	1984
80	17	467
2	17	1340
114	17	1631
15	17	2428
97	17	2312
122	17	1464
113	17	2356
61	17	425
124	17	2290
95	17	1567
94	17	2265
135	17	1707
22	17	1646
95	17	2346
4	17	1884
111	17	1376
68	17	486
122	17	1904
130	17	1529
3	17	2250
61	17	1694
143	17	461
129	17	1387
60	17	430
125	17	1898
39	17	2390
126	17	1493
113	17	2245
124	17	1898
56	17	422
122	17	480
34	17	2523
100	17	2542
110	17	2540
114	17	2311
122	17	1323
122	17	1358
113	17	1664
4	17	1380
95	17	1599
16	17	1366
2	17	1532
122	17	2201
61	17	2334
108	17	1397
108	17	475
101	17	1389
3	17	1715
113	17	1814
75	17	437
116	17	1468
122	17	2263
145	17	1979
36	17	1395
110	17	2229
74	17	1968
107	17	451
122	17	1633
2	17	1552
122	17	2447
114	17	1557
3	17	1796
100	17	2312
89	17	1589
110	17	2435
113	17	1530
122	17	2466
7	17	1456
110	17	2248
97	17	1367
22	17	2406
0	17	1514
3	17	1718
111	17	2293
3	17	2475
0	17	479
2	17	1712
102	17	2376
23	17	1586
2	17	1617
122	17	2295
125	17	1647
124	17	2280
122	17	1753
2	17	2265
72	17	1403
110	17	1892
111	17	2430
95	17	1367
122	17	2439
110	17	1719
122	17	1387
110	17	2290
19	17	452
18	17	1555
122	17	1601
94	17	1826
29	17	2321
83	17	2454
37	17	462
111	17	2026
2	17	2263
2	17	1988
18	17	1349
72	17	1866
22	17	1478
93	17	428
9	17	1695
103	17	474
129	17	2334
111	17	1529
12	17	1543
113	17	1709
4	17	1844
72	17	2389
124	17	1883
113	17	1362
31	17	1461
110	17	1338
143	17	1884
31	17	2523
4	17	1883
113	17	2253
122	17	2425
28	17	1325
47	17	1362
60	17	2242
95	17	1374
56	17	1698
90	17	2409
3	17	1962
114	17	2255
110	17	2475
111	17	1531
59	17	1572
118	17	2069
90	17	1591
65	17	1445
2	17	1339
2	17	2248
124	17	1882
124	17	1717
100	17	1625
34	17	2425
124	17	456
0	17	1378
28	17	2440
61	17	1437
114	17	2409
61	17	1708
111	17	1892
124	17	1426
111	17	1914
5	17	2327
4	17	1749
93	17	2370
40	17	2533
102	17	2381
102	17	1344
124	17	1416
122	17	2243
78	17	2478
114	17	1416
2	17	1670
107	17	1591
2	17	2252
97	17	1567
122	17	1577
120	17	2069
28	17	1374
98	17	2320
137	17	2533
111	17	1982
113	17	1714
111	17	1324
7	17	1514
97	17	1686
5	17	2347
3	17	1988
111	17	1578
122	17	476
122	17	1742
3	17	2280
125	17	2411
120	17	2382
110	17	2247
122	17	1336
129	17	2479
37	17	2534
124	17	1339
71	17	1566
110	17	2319
18	17	1520
116	17	448
97	17	2296
111	17	1363
106	17	1472
81	17	437
48	17	1629
119	17	2383
110	17	466
95	17	1337
29	17	1392
102	17	1398
111	17	2243
111	17	2261
119	17	2379
71	17	2379
77	17	1681
58	17	2476
69	17	1377
101	17	1432
93	17	2524
129	17	1595
94	17	1810
5	17	1560
124	17	2477
56	17	437
61	17	2351
101	17	1547
101	17	2375
38	17	2341
124	17	1540
113	17	1825
113	17	431
108	17	448
20	17	452
37	17	1551
110	17	2197
145	17	1722
25	17	1563
78	17	484
35	17	2307
124	17	1349
111	17	1338
3	17	2407
37	17	2245
125	17	1589
8	17	441
34	17	1541
97	17	1665
119	17	1914
122	17	2479
113	17	1439
113	17	473
37	17	1337
4	17	1394
124	17	1359
113	17	490
125	17	466
124	17	2322
9	17	1697
64	17	1979
122	17	2435
135	17	2196
113	17	1557
113	17	2263
74	17	2383
58	17	1514
122	17	1563
23	17	1581
113	17	2347
124	17	1477
129	17	1600
61	17	489
111	17	1724
130	17	1347
39	17	2392
108	17	1968
97	17	1555
7	17	2405
0	17	2334
106	17	426
125	17	1529
113	17	1593
103	17	1619
91	17	1815
61	17	1388
110	17	449
4	17	1719
8	17	1485
71	17	2378
79	17	452
2	17	456
26	17	1502
61	17	1880
28	17	1467
72	17	2168
34	17	2518
95	17	1430
110	17	1327
18	17	456
111	17	1500
5	17	1990
110	17	1551
122	17	2433
58	17	491
122	17	2513
17	17	463
47	17	1599
95	17	1532
113	17	1591
5	17	485
90	17	1692
37	17	1647
36	17	1387
110	17	1805
94	17	2263
125	17	430
138	17	2354
64	17	2199
114	17	2528
111	17	2475
59	17	1493
94	17	443
56	17	2333
8	17	1895
4	17	485
111	17	2247
0	17	2292
5	17	2502
122	17	2434
114	17	2425
134	17	2135
32	17	1438
4	17	1714
110	17	1718
11	17	1614
65	17	1333
124	17	1707
28	17	1367
66	17	419
35	17	2526
113	17	416
113	17	1611
110	17	2474
122	17	1884
77	17	2447
97	17	2233
4	17	444
109	17	1704
113	17	1965
138	17	418
47	17	1421
53	17	1646
94	17	2281
58	17	1992
72	17	2401
125	17	1811
118	17	2376
36	17	1571
99	17	423
100	17	2474
116	17	2402
110	17	1973
61	17	2350
7	17	1370
28	17	2414
2	17	1577
6	17	1706
37	17	1621
3	17	1713
47	17	490
90	17	2431
111	17	1515
111	17	1936
102	17	2404
5	17	1639
69	17	2435
125	17	2422
9	17	1894
99	17	1559
4	17	2546
77	17	1486
36	17	1537
77	17	2535
95	17	1707
145	17	439
29	17	488
124	17	473
4	17	2026
118	17	1914
2	17	1501
122	17	2475
83	17	2458
4	17	1539
11	17	1494
3	17	1611
106	17	1413
118	17	1968
90	17	1935
125	17	1337
64	17	2197
111	17	1716
124	17	2255
65	17	1440
71	17	2384
110	17	462
97	17	2522
89	17	1551
63	17	1423
77	17	2329
122	17	2504
2	17	1371
90	17	449
94	17	1416
61	17	2146
5	17	1992
110	17	1775
95	17	2537
2	17	2475
122	17	2446
110	17	438
5	17	2440
36	17	2291
140	17	485
2	17	1805
95	17	1387
17	17	1349
36	17	1508
125	17	2025
71	17	1763
50	17	2346
4	17	1814
122	17	1361
77	17	1506
6	17	2388
113	17	1992
77	17	434
80	17	1869
28	17	1625
103	17	452
122	17	1556
145	17	1503
93	17	449
80	17	475
30	17	2348
64	17	1493
6	17	1595
111	17	1722
4	17	2477
110	17	1550
29	17	455
2	17	2242
122	17	1448
18	17	1940
4	17	2240
110	17	1989
97	17	2434
83	17	1392
35	17	1982
125	17	1551
114	17	1539
5	17	2447
110	17	2539
121	17	1566
106	17	1498
19	17	2135
121	17	1414
4	17	1315
100	17	1567
5	17	1367
2	17	1347
5	17	1630
122	17	2286
122	17	2485
125	17	1577
72	17	474
111	17	1715
111	17	1540
30	17	2482
122	17	1552
0	17	2242
4	17	2251
22	17	2339
124	17	1360
69	17	1514
20	17	1579
110	17	2251
95	17	1699
3	17	1430
102	17	1495
113	17	2337
122	17	2353
97	17	452
51	17	2404
122	17	2025
104	17	1514
5	17	1365
138	17	1610
95	17	1640
95	17	429
122	17	2250
19	17	1844
123	17	2095
4	17	468
61	17	2113
122	17	2409
94	17	2453
111	17	2437
124	17	1577
114	17	2507
3	17	2254
143	17	1390
61	17	1345
4	17	1577
100	17	1457
104	17	1595
53	17	1611
113	17	2233
90	17	1952
114	17	1466
90	17	2406
71	17	1402
2	17	2249
49	17	1541
23	17	1659
113	17	428
34	17	1610
122	17	1447
113	17	1422
110	17	2506
124	17	2409
102	17	1375
56	17	1991
29	17	2459
143	17	2488
95	17	1514
90	17	2410
34	17	2405
3	17	2282
56	17	1699
51	17	1406
56	17	449
122	17	1617
2	17	417
124	17	2254
98	17	1559
11	17	1705
71	17	1498
113	17	1555
122	17	1395
47	17	1534
124	17	1598
77	17	1459
107	17	425
85	17	2371
47	17	1377
22	17	481
58	17	2345
79	17	437
122	17	2480
23	17	2317
94	17	1720
34	17	1621
102	17	1473
97	17	2523
4	17	2264
90	17	1512
108	17	474
100	17	2386
0	17	1516
124	17	1523
122	17	2280
113	17	1550
90	17	2231
3	17	2026
106	17	2396
95	17	487
64	17	441
111	17	491
122	17	2247
34	17	1512
18	17	2245
124	17	485
113	17	2385
114	17	1882
61	17	1808
65	17	1373
111	17	1882
137	17	2195
2	17	1620
102	17	452
114	17	2471
30	17	1367
64	17	2198
122	17	2294
111	17	1740
2	17	2477
97	17	2476
3	17	1324
37	17	2543
5	17	2476
113	17	2255
122	17	1348
127	17	1617
114	17	456
122	17	490
125	17	1902
8	17	1555
126	17	452
3	17	1805
111	17	1555
102	17	2383
71	17	2069
38	17	1372
95	17	1370
122	17	430
4	17	1371
72	17	1410
113	17	2407
117	17	1566
137	17	423
101	17	2516
7	17	1558
29	17	2493
110	17	1928
110	17	2444
138	17	2372
116	17	424
102	17	1334
94	17	1699
108	17	1405
111	17	2254
2	17	1810
61	17	2134
122	17	2424
113	17	1833
122	17	2519
34	17	484
113	17	1718
95	17	1380
114	17	2245
2	17	462
17	17	1348
95	17	2482
5	17	2473
59	17	2292
124	17	1441
110	17	444
111	17	1330
2	17	1536
2	17	1723
2	17	1714
34	17	2357
110	17	2546
113	17	2000
122	17	1368
95	17	1605
98	17	2533
4	17	2406
114	17	2495
29	17	1941
5	17	2430
2	17	2462
60	17	2380
28	17	1438
95	17	1696
102	17	2382
28	17	2502
37	17	1339
2	17	1531
113	17	1890
110	17	2339
2	17	1385
71	17	475
77	17	2503
122	17	462
83	17	488
104	17	1990
2	17	2280
22	17	1970
110	17	1810
2	17	2441
97	17	1964
110	17	1715
2	17	2262
3	17	2000
113	17	1914
0	17	1371
64	17	1987
122	17	1315
31	17	2451
110	17	2246
28	17	2479
22	17	1988
145	17	2443
106	17	1763
2	17	2410
124	17	462
47	17	1368
48	17	475
69	17	1501
111	17	1392
111	17	1430
37	17	1380
4	17	462
124	17	1902
69	17	1416
110	17	1454
85	17	421
61	17	1981
100	17	1493
98	17	1981
111	17	1992
122	17	1562
114	17	1494
111	17	1513
126	17	441
118	17	452
111	17	1366
61	17	2491
125	17	1615
140	17	1320
56	17	418
1	17	2432
110	17	1929
110	17	2545
22	17	2462
134	17	419
50	17	2438
104	17	1604
97	17	2486
103	17	1589
111	17	1365
111	17	2339
61	17	2388
110	17	2026
124	17	1740
4	17	2282
59	17	1343
125	17	2506
2	17	1732
121	17	1869
113	17	2438
64	17	1440
138	17	434
122	17	444
122	17	1983
114	17	2230
22	17	1971
95	17	481
122	17	1579
139	17	419
110	17	1319
93	17	1540
61	17	2469
114	17	1653
122	17	435
122	17	2248
72	17	475
90	17	1964
94	17	2405
33	17	2386
122	17	2537
111	17	1424
113	17	2280
129	17	486
110	17	1714
31	17	2449
110	17	2424
138	17	1621
91	17	419
36	17	488
100	17	1332
100	17	487
101	17	2512
52	17	1470
128	17	467
60	17	2345
113	17	1477
124	17	431
39	17	1498
2	17	1551
33	17	2460
95	17	479
60	17	1633
83	17	455
111	17	2519
122	17	1531
124	17	1680
18	17	473
122	17	2405
2	17	1633
81	17	1451
120	17	2376
143	17	2295
36	17	1548
77	17	2481
122	17	1775
36	17	1969
138	17	1722
118	17	2383
103	17	1555
3	17	2261
122	17	1463
121	17	1870
122	17	1882
111	17	1381
138	17	1721
129	17	2525
145	17	455
138	17	1701
64	17	1537
111	17	1565
7	17	1638
69	17	1550
137	17	420
122	17	1359
51	17	1863
59	17	441
122	17	1539
121	17	453
121	17	2362
99	17	1979
120	17	2379
122	17	1814
100	17	419
124	17	1517
139	17	1525
113	17	1988
145	17	2317
113	17	2229
4	17	1416
110	17	1889
22	17	2341
110	17	1833
111	17	1599
111	17	1719
122	17	2540
4	17	1456
80	17	1566
32	17	2312
61	17	460
71	17	2400
98	17	423
61	17	1549
34	17	2355
24	17	1638
2	17	1630
2	17	1335
31	17	2386
113	17	1983
113	17	1487
122	17	2430
31	17	2522
37	17	485
48	17	474
57	17	1706
113	17	2262
39	17	437
8	17	1432
122	17	1903
128	17	1420
122	17	2261
35	17	472
69	17	2462
36	17	1348
18	17	1337
61	17	2190
95	17	1531
111	17	2477
111	17	2198
122	17	2000
95	17	1339
111	17	2502
30	17	2386
124	17	1903
2	17	2247
2	17	1589
113	17	2264
37	17	2506
5	17	1685
122	17	2255
4	17	456
113	17	2339
122	17	2253
124	17	1315
57	17	1327
111	17	2245
73	17	467
124	17	2433
90	17	2333
95	17	2322
68	17	437
113	17	2284
4	17	1501
0	17	1340
110	17	2284
122	17	1427
114	17	1722
122	17	1825
110	17	1426
113	17	1500
30	17	1438
90	17	1514
81	17	1396
97	17	491
111	17	479
125	17	476
2	17	1709
4	17	1550
113	17	1715
122	17	2520
57	17	1685
138	17	2355
145	17	1393
11	17	1591
1	17	2320
6	17	2533
2	17	1361
98	17	489
125	17	1514
122	17	1372
50	17	2327
71	17	474
122	17	2436
57	17	1316
36	17	1580
12	17	1809
113	17	2546
17	17	1327
111	17	2257
122	17	1864
2	17	1386
87	17	1870
113	17	1565
122	17	2506
2	17	2000
89	17	1370
10	17	1338
0	17	452
113	17	1569
23	17	1595
122	17	1970
143	17	2339
113	17	2254
114	17	2293
113	17	1578
83	17	1979
1	17	423
95	17	1416
36	17	1429
122	17	2444
137	17	425
2	17	2250
2	17	444
114	17	1935
111	17	2297
114	17	2408
110	17	2405
111	17	1454
11	17	2518
129	17	2533
95	17	1681
23	17	1979
37	17	1497
22	17	1897
110	17	1442
122	17	471
138	17	2357
122	17	1365
101	17	1602
122	17	1457
61	17	2320
114	17	2521
122	17	1561
110	17	1370
25	17	486
110	17	1959
122	17	2259
124	17	1864
110	17	2407
22	17	2246
113	17	449
122	17	487
120	17	2058
111	17	2280
122	17	1349
113	17	1395
5	17	1377
114	17	1443
97	17	2319
125	17	2347
122	17	2524
2	17	1426
97	17	487
28	17	2542
111	17	2255
122	17	2426
110	17	2264
64	17	2368
37	17	476
110	17	1930
94	17	1551
0	17	2353
98	17	2388
29	17	419
111	17	1664
122	17	1338
62	17	1724
2	17	1460
30	17	2349
47	17	1430
122	17	1350
98	17	1377
7	17	1912
110	17	2262
69	17	1371
111	17	1521
122	17	1574
117	17	432
4	17	1370
7	17	1322
116	17	1914
17	17	2239
8	17	2196
4	17	2380
122	17	1501
122	17	2412
113	17	1376
110	17	439
14	17	1595
69	17	2483
110	17	2232
110	17	1786
111	17	2453
142	17	2338
122	17	2437
122	17	2240
4	17	1833
4	17	2462
97	17	1457
102	17	2058
93	17	422
100	17	2460
118	17	2381
1	17	434
142	17	1989
108	17	1860
122	17	1709
124	17	1365
38	17	1368
114	17	462
113	17	1710
113	17	1538
0	17	1631
111	17	1325
34	17	2522
111	17	1319
18	17	1338
23	17	1981
33	17	2329
61	17	2298
100	17	1438
110	17	1844
11	17	1476
111	17	1712
65	17	2295
111	17	1422
125	17	1900
111	17	2284
96	17	419
129	17	2388
77	17	1438
111	17	2440
111	17	2479
4	17	1387
14	17	474
61	17	1385
97	17	1514
4	17	1347
100	17	2523
115	17	448
89	17	2292
13	17	455
96	17	2369
122	17	1317
122	17	1517
2	17	2284
111	17	1534
95	17	456
144	17	492
113	17	1740
4	17	1810
114	17	1507
114	17	449
18	17	1493
28	17	1992
34	17	1342
122	17	1380
82	17	1659
122	17	2373
0	17	1377
35	17	1371
109	17	1519
61	17	465
8	17	2287
11	17	452
64	17	2478
36	17	1493
102	17	1968
128	17	437
94	17	2280
122	17	1425
61	17	478
122	17	2529
122	17	2290
114	17	484
138	17	1443
111	17	1604
110	17	2256
3	17	2279
36	17	1600
124	17	1514
122	17	2427
110	17	1749
122	17	484
110	17	485
124	17	2479
122	17	1722
3	17	1814
122	17	1764
122	17	1426
65	17	1537
14	17	475
5	17	491
122	17	1648
4	17	1551
122	17	2343
111	17	2262
110	17	1363
77	17	422
93	17	456
31	17	2486
99	17	492
122	17	2440
111	17	490
113	17	2257
121	17	437
94	17	1707
124	17	2480
56	17	2372
110	17	1912
71	17	2396
140	17	1529
97	17	456
124	17	1685
2	17	2471
122	17	1891
122	17	1694
111	17	1552
29	17	486
95	17	1377
122	17	2449
83	17	1548
122	17	2198
121	17	1498
122	17	1796
90	17	1496
106	17	1869
34	17	1522
22	17	1372
102	17	1484
0	17	1338
111	17	1965
7	17	455
122	17	2340
111	17	2445
110	17	1882
142	17	452
18	17	2295
122	17	1320
61	17	436
122	17	2229
111	17	2327
4	17	2249
73	17	474
106	17	432
122	17	1322
97	17	2309
4	17	2247
93	17	1964
97	17	2380
36	17	472
57	17	1490
104	17	1885
7	17	2292
56	17	428
113	17	481
61	17	1503
122	17	2484
94	17	462
94	17	1370
126	17	2295
2	17	1749
111	17	1542
78	17	1373
2	17	1514
0	17	1430
122	17	1369
98	17	1979
114	17	1590
2	17	476
110	17	2135
29	17	1582
122	17	2258
83	17	1981
113	17	1600
30	17	2414
95	17	1323
109	17	2310
6	17	1979
144	17	2196
122	17	1555
37	17	2438
111	17	1525
2	17	1883
117	17	1870
129	17	1980
111	17	2356
111	17	1825
94	17	1340
122	17	2423
51	17	1400
122	17	1416
111	17	2279
53	17	490
95	17	1347
111	17	1983
122	17	1514
2	17	2259
2	17	1380
111	17	1591
125	17	1707
110	17	2345
97	17	474
64	17	1502
3	17	2546
122	17	2135
113	17	1515
4	17	1713
122	17	431
106	17	2384
7	17	1559
36	17	1371
125	17	2346
11	17	1631
110	17	2340
28	17	2450
89	17	1619
122	17	1598
120	17	2378
114	17	2405
0	17	1633
122	17	1520
63	17	1968
111	17	2248
28	17	1684
101	17	2515
122	17	1330
83	17	1595
57	17	1696
113	17	1514
139	17	2386
39	17	1870
138	17	2495
125	17	1370
101	17	1895
100	17	480
122	17	2249
4	17	1716
110	17	1514
2	17	1715
71	17	427
124	17	1387
82	17	455
122	17	1959
120	17	1968
111	17	2290
61	17	1608
1	17	2388
2	17	1833
111	17	2306
69	17	1500
124	17	1427
114	17	2240
51	17	2395
77	17	1630
95	17	1618
61	17	1384
110	17	1324
143	17	1965
122	17	1545
113	17	456
2	17	1711
2	17	2251
95	17	466
110	17	1825
107	17	1559
37	17	2409
70	17	437
43	17	2387
124	17	1810
83	17	2321
122	17	2534
39	17	453
0	17	1387
100	17	2306
113	17	2346
2	17	1525
2	17	2444
110	17	1893
22	17	2340
15	17	1537
94	17	466
71	17	2403
93	17	1338
144	17	423
138	17	1723
47	17	1563
100	17	1639
38	17	2365
122	17	2301
110	17	1814
3	17	2444
14	17	446
100	17	2473
121	17	1417
2	17	450
124	17	2256
47	17	1454
95	17	447
122	17	1339
122	17	1352
114	17	1810
80	17	1498
3	17	1833
18	17	1537
97	17	1461
122	17	1508
36	17	1349
95	17	2356
77	17	1732
95	17	1319
37	17	466
16	17	1362
27	17	455
3	17	1810
61	17	1979
113	17	1350
61	17	2366
3	17	1825
4	17	2000
110	17	1540
110	17	468
124	17	1900
114	17	1616
50	17	2347
4	17	1430
2	17	2345
2	17	1814
95	17	1560
97	17	475
2	17	1416
111	17	2526
38	17	1897
4	17	2262
19	17	2292
103	17	1529
144	17	489
136	17	2533
111	17	456
138	17	1557
100	17	1992
38	17	1341
106	17	1474
14	17	1388
97	17	449
2	17	2534
34	17	2495
111	17	1550
20	17	1800
136	17	1437
2	17	1718
130	17	485
77	17	2460
111	17	1478
111	17	2438
111	17	2229
18	17	2294
37	17	1338
90	17	2091
111	17	2407
4	17	2475
22	17	2291
18	17	462
122	17	1680
2	17	1643
113	17	1810
5	17	1611
122	17	1360
122	17	1631
18	17	1591
124	17	2526
51	17	1861
31	17	1625
37	17	1320
110	17	1598
0	17	1429
69	17	1965
26	17	486
45	17	2320
97	17	2386
47	17	1611
61	17	2080
63	17	1559
124	17	1467
48	17	1573
11	17	2528
4	17	1805
114	17	1324
77	17	2386
38	17	1556
61	17	2429
95	17	1992
124	17	481
110	17	1884
65	17	1357
124	17	459
110	17	2518
5	17	1380
104	17	1332
3	17	1719
22	17	2511
110	17	1891
125	17	2534
18	17	2526
6	17	1346
59	17	2295
99	17	2388
3	17	2453
97	17	2292
137	17	1437
95	17	1810
110	17	2233
113	17	1327
15	17	2478
3	17	2251
48	17	1435
122	17	1319
85	17	475
135	17	485
36	17	2485
31	17	1592
47	17	1422
34	17	1631
5	17	1530
49	17	1556
122	17	1341
4	17	2283
125	17	1648
95	17	1529
57	17	1722
122	17	1889
132	17	2533
4	17	2444
113	17	1430
3	17	1505
94	17	1349
12	17	2495
37	17	1340
7	17	420
65	17	1338
28	17	2474
114	17	1464
114	17	1914
110	17	1709
94	17	2026
0	17	1339
28	17	2348
124	17	1370
143	17	1989
4	17	1965
25	17	455
61	17	2489
108	17	1412
113	17	1558
28	17	2386
120	17	2381
122	17	1325
31	17	2450
111	17	2448
106	17	453
64	17	1445
77	17	2312
2	17	1694
34	17	2423
28	17	471
37	17	1545
5	17	1551
124	17	1513
69	17	1988
74	17	448
107	17	1617
104	17	1504
103	17	1501
110	17	2436
24	17	1981
119	17	448
111	17	2250
122	17	1914
125	17	1810
72	17	1469
114	17	1949
61	17	1800
57	17	1598
77	17	1640
124	17	1371
37	17	1577
5	17	1457
69	17	2233
22	17	2472
122	17	1639
3	17	2247
56	17	2545
38	17	1317
113	17	2248
122	17	1351
36	17	1329
0	17	472
7	17	1327
61	17	423
64	17	1338
111	17	1885
124	17	435
144	17	2533
63	17	455
4	17	2279
111	17	2264
124	17	1319
7	17	1591
124	17	1487
113	17	2293
77	17	1562
3	17	417
113	17	1719
142	17	1970
20	17	1502
5	17	2434
35	17	2306
28	17	2537
94	17	1648
111	17	1714
144	17	1595
2	17	1648
58	17	1685
61	17	1595
34	17	2343
99	17	2320
113	17	2279
95	17	2438
111	17	2337
122	17	1608
47	17	1363
5	17	1810
100	17	2447
83	17	1587
69	17	1385
125	17	451
113	17	1813
4	17	2407
101	17	1483
117	17	1869
37	17	473
103	17	475
64	17	2295
28	17	2476
111	17	1362
111	17	1600
145	17	2135
94	17	2262
5	17	2309
2	17	2256
111	17	449
23	17	2533
53	17	1579
102	17	1354
94	17	1430
61	17	2455
95	17	491
22	17	1556
111	17	1533
65	17	454
138	17	2408
97	17	1992
111	17	1786
124	17	1340
2	17	2260
113	17	2435
104	17	1513
111	17	1639
0	17	1551
124	17	1358
111	17	1368
124	17	1811
2	17	2407
6	17	2321
111	17	1593
124	17	1338
113	17	1959
120	17	448
2	17	1925
0	17	2444
122	17	2406
110	17	2259
6	17	488
122	17	2538
7	17	1574
122	17	1516
7	17	1371
4	17	1825
95	17	2292
85	17	474
53	17	1604
100	17	1630
114	17	2477
83	17	2498
122	17	1670
18	17	1584
111	17	2435
58	17	1467
3	17	1844
18	17	1387
120	17	1914
23	17	1582
42	17	419
114	17	1623
12	17	1631
28	17	2482
35	17	2412
69	17	485
2	17	1452
108	17	2401
61	17	1886
110	17	2245
60	17	2444
84	17	1587
124	17	2135
113	17	1716
71	17	448
11	17	1623
111	17	473
113	17	1365
102	17	2179
82	17	1493
65	17	437
122	17	1530
110	17	1539
114	17	2280
122	17	481
65	17	1979
122	17	466
10	17	2135
131	17	2298
122	17	2285
122	17	2291
95	17	1639
145	17	1338
122	17	2234
113	17	2261
124	17	466
3	17	1925
113	17	2241
78	17	437
122	17	2462
63	17	448
128	17	1665
63	17	1375
110	17	1796
78	17	1332
28	17	1461
125	17	473
116	17	2398
18	17	1395
69	17	1456
113	17	1724
94	17	1315
113	17	1891
125	17	1901
36	17	1337
68	17	1638
47	17	1500
90	17	1335
30	17	2476
113	17	462
110	17	2433
97	17	467
110	17	2359
28	17	2430
110	17	1983
5	17	473
56	17	2524
122	17	2050
2	17	439
64	17	1373
5	17	487
77	17	1561
78	17	491
34	17	2230
129	17	1331
136	17	492
137	17	2525
110	17	1522
122	17	2202
3	17	444
95	17	1340
113	17	2406
23	17	1580
125	17	462
122	17	1740
125	17	1617
122	17	2471
111	17	1611
131	17	1387
61	17	2525
86	17	419
102	17	1826
60	17	439
125	17	1815
30	17	491
70	17	2025
26	17	455
114	17	473
110	17	1456
113	17	1687
22	17	2466
118	17	2379
111	17	2246
104	17	1659
113	17	1588
113	17	2246
120	17	1462
120	17	2383
122	17	491
110	17	2437
114	17	1463
24	17	1563
124	17	1551
17	17	2533
110	17	416
118	17	2058
4	17	2472
122	17	1523
122	17	1664
113	17	2243
34	17	1338
0	17	1380
122	17	458
0	17	2196
120	17	1364
3	17	473
122	17	1446
110	17	2000
122	17	2265
3	17	1775
18	17	1585
110	17	1430
113	17	1722
110	17	1529
96	17	1606
61	17	434
88	17	448
3	17	2249
47	17	1565
94	17	1973
122	17	2254
7	17	1881
16	17	446
113	17	1421
95	17	1589
122	17	1749
2	17	1719
61	17	2195
97	17	1420
71	17	1869
122	17	2245
18	17	459
122	17	1370
110	17	2265
111	17	1377
5	17	1325
2	17	2406
122	17	1506
122	17	1567
113	17	1454
111	17	462
124	17	2474
11	17	1496
124	17	2253
110	17	473
22	17	1989
125	17	2037
36	17	2428
122	17	1710
125	17	2409
124	17	2464
113	17	1363
22	17	2239
63	17	475
61	17	2533
0	17	1577
90	17	456
61	17	2490
51	17	1408
113	17	1336
11	17	1542
47	17	1366
114	17	2452
53	17	1645
113	17	1717
19	17	1826
0	17	1981
122	17	2257
47	17	1319
125	17	1689
88	17	1968
71	17	1474
110	17	2263
111	17	1833
110	17	2293
80	17	474
7	17	1336
47	17	1533
4	17	2232
122	17	2477
129	17	1371
104	17	1979
64	17	1595
22	17	1368
50	17	1497
35	17	1395
374	1	4
256	1	29
333	1	129
408	1	113
396	1	98
262	1	61
383	1	61
356	1	128
182	1	56
263	1	82
180	1	101
316	1	138
281	1	58
234	1	61
371	1	63
281	1	97
347	1	1
373	1	110
409	1	110
249	1	57
402	1	110
405	1	20
406	1	93
414	1	114
269	1	145
180	1	8
362	1	120
406	1	95
355	1	94
182	1	127
248	1	83
371	1	120
354	1	80
285	1	65
284	1	145
351	1	80
249	1	9
291	1	69
247	1	10
373	1	5
402	1	3
242	1	57
293	1	114
373	1	113
261	1	104
271	1	37
247	1	8
182	1	138
250	1	0
277	1	4
394	1	57
181	1	90
369	1	116
277	1	34
249	1	8
287	1	55
233	1	80
248	1	82
361	1	145
321	1	114
261	1	6
361	1	59
233	1	102
293	1	69
408	1	114
351	1	141
293	1	3
355	1	2
371	1	71
388	1	61
351	1	106
293	1	111
364	1	122
233	1	74
316	1	17
313	1	122
381	1	10
333	1	110
264	1	18
396	1	136
345	1	107
248	1	64
352	1	117
408	1	95
326	1	145
254	1	121
388	1	114
254	1	106
233	1	72
357	1	104
388	1	89
180	1	59
366	1	64
234	1	1
184	1	117
373	1	125
374	1	93
272	1	36
337	1	77
352	1	107
183	1	48
345	1	137
351	1	109
247	1	101
351	1	92
254	1	39
373	1	94
250	1	61
219	1	6
293	1	97
276	1	15
284	1	2
391	1	106
279	1	48
405	1	36
248	1	8
337	1	122
357	1	125
406	1	2
357	1	124
388	1	19
281	1	31
352	1	22
269	1	23
239	1	61
274	1	122
347	1	61
219	1	23
271	1	57
273	1	119
361	1	132
297	1	39
356	1	79
355	1	113
345	1	1
254	1	117
396	1	61
402	1	122
397	1	35
321	1	90
409	1	122
271	1	111
262	1	145
354	1	6
248	1	101
415	1	29
383	1	40
293	1	4
293	1	0
381	1	83
406	1	56
345	1	136
297	1	81
276	1	124
293	1	110
412	1	25
352	1	126
305	1	130
183	1	106
364	1	2
366	1	22
200	1	6
313	1	103
345	1	132
246	1	82
337	1	34
378	1	19
245	1	101
381	1	145
399	1	110
408	1	77
327	1	68
367	1	7
357	1	94
200	1	144
388	1	124
381	1	6
291	1	122
327	1	23
299	1	100
247	1	82
355	1	69
399	1	122
274	1	110
381	1	29
247	1	29
264	1	124
354	1	83
410	1	126
357	1	0
269	1	61
357	1	110
275	1	15
181	1	113
316	1	49
399	1	2
261	1	23
388	1	93
360	1	116
361	1	6
388	1	0
409	1	93
378	1	93
408	1	97
333	1	95
249	1	103
323	1	122
384	1	115
373	1	90
415	1	82
347	1	145
402	1	22
292	1	20
262	1	59
415	1	143
249	1	140
182	1	111
388	1	3
354	1	44
242	1	95
261	1	145
269	1	6
181	1	125
354	1	78
316	1	6
327	1	121
373	1	56
381	1	84
388	1	138
311	1	23
277	1	50
367	1	57
357	1	122
233	1	71
293	1	124
412	1	7
355	1	122
384	1	85
352	1	61
406	1	113
402	1	0
323	1	125
249	1	97
234	1	135
313	1	2
299	1	77
388	1	2
356	1	121
277	1	138
271	1	6
352	1	63
371	1	116
233	1	115
367	1	126
291	1	110
351	1	61
200	1	29
272	1	23
409	1	19
234	1	145
388	1	97
415	1	145
281	1	77
354	1	19
274	1	4
250	1	6
242	1	124
412	1	82
291	1	5
397	1	36
281	1	32
347	1	99
391	1	71
291	1	28
183	1	71
302	1	38
408	1	110
360	1	120
182	1	10
337	1	60
352	1	108
326	1	129
180	1	82
388	1	69
181	1	111
317	1	71
302	1	22
272	1	145
408	1	122
311	1	29
351	1	112
381	1	82
308	1	48
293	1	5
275	1	95
356	1	39
384	1	80
412	1	29
402	1	143
299	1	122
239	1	144
396	1	109
410	1	18
388	1	90
396	1	1
293	1	95
281	1	28
291	1	14
380	1	2
257	1	11
356	1	70
299	1	33
363	1	2
383	1	137
261	1	29
367	1	84
263	1	64
234	1	57
285	1	83
293	1	94
409	1	95
361	1	29
409	1	69
316	1	145
383	1	144
181	1	5
374	1	77
371	1	108
337	1	2
292	1	22
388	1	113
374	1	138
354	1	9
183	1	108
394	1	7
182	1	2
371	1	102
250	1	129
352	1	118
371	1	88
200	1	145
246	1	8
357	1	111
272	1	129
329	1	95
402	1	47
360	1	108
248	1	9
281	1	122
249	1	60
333	1	49
264	1	122
293	1	113
412	1	26
388	1	122
311	1	36
360	1	106
219	1	29
363	1	94
245	1	8
182	1	93
263	1	19
388	1	4
273	1	118
313	1	65
388	1	95
233	1	88
276	1	18
366	1	39
183	1	72
233	1	63
388	1	125
388	1	111
402	1	111
246	1	83
347	1	144
412	1	27
317	1	20
257	1	122
181	1	114
281	1	5
347	1	98
373	1	19
359	1	39
181	1	4
242	1	122
327	1	145
299	1	32
366	1	60
356	1	65
402	1	113
366	1	65
273	1	120
246	1	145
239	1	8
219	1	61
293	1	122
310	1	36
409	1	56
299	1	97
272	1	104
415	1	2
321	1	34
180	1	64
321	1	49
234	1	0
388	1	56
373	1	97
274	1	18
317	1	63
316	1	144
302	1	113
271	1	23
373	1	4
408	1	56
406	1	19
384	1	86
352	1	115
200	1	129
275	1	111
247	1	145
412	1	24
287	1	128
271	1	145
351	1	29
356	1	117
200	1	104
394	1	122
388	1	110
249	1	93
360	1	102
279	1	8
273	1	102
246	1	9
242	1	22
378	1	122
263	1	59
302	1	114
362	1	74
383	1	41
409	1	94
287	1	97
317	1	108
373	1	69
233	1	106
281	1	100
361	1	61
388	1	59
362	1	20
316	1	94
244	1	71
356	1	60
345	1	144
351	1	44
293	1	2
360	1	119
363	1	57
414	1	90
333	1	124
242	1	2
261	1	24
356	1	75
363	1	95
354	1	68
327	1	27
408	1	111
354	1	106
347	1	136
351	1	85
408	1	2
356	1	97
316	1	29
313	1	36
414	1	93
249	1	145
363	1	122
277	1	49
384	1	109
305	1	4
287	1	71
347	1	137
262	1	2
316	1	18
414	1	12
182	1	94
388	1	60
254	1	80
373	1	114
405	1	35
181	1	0
354	1	29
378	1	53
264	1	125
388	1	104
412	1	145
378	1	18
333	1	113
250	1	57
345	1	89
373	1	93
281	1	33
394	1	61
378	1	2
412	1	126
284	1	104
219	1	145
357	1	95
352	1	48
394	1	86
200	1	23
184	1	106
378	1	110
326	1	23
410	1	122
396	1	99
317	1	48
376	1	10
397	1	111
249	1	56
255	1	60
181	1	122
180	1	145
255	1	39
246	1	59
355	1	110
415	1	44
281	1	95
181	1	60
291	1	113
367	1	6
317	1	106
285	1	7
262	1	143
311	1	145
329	1	77
374	1	110
384	1	71
388	1	94
257	1	95
361	1	7
233	1	108
200	1	17
361	1	10
183	1	102
357	1	113
269	1	104
406	1	94
357	1	97
329	1	122
182	1	122
233	1	73
367	1	83
261	1	25
388	1	46
257	1	114
378	1	61
373	1	138
181	1	124
281	1	30
269	1	144
299	1	95
257	1	90
380	1	122
356	1	81
414	1	95
277	1	95
277	1	2
287	1	54
408	1	93
408	1	1
327	1	37
293	26	449
281	26	458
182	26	428
280	26	146
276	26	446
374	26	434
397	26	459
329	26	148
242	26	487
272	26	488
242	26	462
378	26	479
200	26	486
337	26	148
310	26	472
305	26	485
378	26	480
378	26	458
369	26	424
249	26	441
378	26	451
397	26	477
270	26	419
313	26	148
408	26	440
184	26	432
299	26	450
242	26	459
376	26	420
300	26	149
251	26	147
183	26	147
313	26	458
323	26	481
321	26	148
271	26	146
409	26	449
316	26	440
352	26	493
341	26	487
181	26	442
309	26	147
277	26	456
254	26	419
415	26	465
383	26	478
242	26	449
182	26	433
316	26	472
390	26	149
397	26	462
282	26	477
271	26	443
402	26	456
378	26	445
388	26	433
347	26	443
291	26	476
184	26	452
183	26	445
378	26	420
255	26	149
339	26	488
409	26	462
354	26	146
357	26	447
281	26	484
414	26	458
383	26	489
352	26	423
345	26	492
329	26	481
276	26	459
282	26	459
308	26	147
323	26	490
274	26	456
254	26	437
281	26	456
414	26	148
359	26	469
299	26	476
182	26	457
329	26	491
336	26	491
378	26	429
242	26	148
293	26	418
352	26	467
394	26	434
281	26	473
352	26	425
287	26	467
305	26	476
396	26	149
317	26	147
388	26	438
248	26	443
181	26	433
305	26	148
183	26	467
274	26	450
275	26	464
374	26	148
378	26	438
391	26	427
180	26	146
242	26	438
256	26	149
396	26	425
397	26	435
378	26	449
257	26	456
257	26	449
362	26	493
357	26	457
352	26	474
378	26	464
248	26	441
363	26	435
245	26	146
281	26	480
356	26	149
293	26	473
378	26	430
299	26	456
329	26	480
262	26	146
299	26	458
233	26	493
378	26	434
272	26	146
308	26	475
339	26	146
337	26	464
262	26	465
408	26	468
313	26	445
311	26	146
291	26	456
180	26	439
239	26	436
293	26	466
251	26	445
279	26	474
412	26	455
412	26	147
388	26	451
247	26	146
360	26	425
373	26	479
267	26	146
371	26	493
293	26	456
408	26	422
378	26	456
344	26	491
409	26	416
293	26	433
405	26	436
378	26	444
181	26	430
277	26	148
257	26	148
388	26	447
281	26	477
248	26	146
254	26	149
297	26	437
269	26	146
327	26	486
378	26	468
301	26	480
341	26	148
410	26	148
293	26	490
414	26	442
383	26	147
281	26	491
276	26	464
410	26	464
270	26	149
263	26	146
297	26	149
321	26	484
299	26	148
388	26	418
364	26	477
352	26	475
256	26	419
242	26	481
378	26	433
355	26	440
281	26	450
353	26	425
316	26	146
366	26	149
275	26	459
397	26	466
378	26	446
351	26	425
378	26	459
326	26	146
281	26	148
275	26	148
277	26	451
180	26	441
352	26	452
353	26	437
322	26	148
352	26	489
410	26	459
221	26	150
293	26	450
369	26	147
281	26	487
234	26	492
242	26	491
402	26	438
299	26	480
313	26	446
183	26	474
293	26	480
336	26	481
405	26	147
310	26	147
301	26	471
271	26	472
352	26	448
406	26	440
183	26	475
274	26	485
360	26	493
373	26	418
369	26	472
378	26	481
242	26	456
408	26	434
262	26	461
399	26	438
361	26	425
397	26	433
181	26	451
362	26	448
378	26	484
399	26	449
333	26	148
399	26	456
409	26	450
415	26	146
347	26	146
322	26	481
414	26	484
336	26	148
378	26	447
374	26	438
242	26	463
313	26	464
299	26	491
360	26	426
399	26	450
361	26	443
184	26	453
409	26	440
410	26	440
363	26	433
352	26	445
409	26	456
268	26	146
293	26	148
313	26	459
275	26	446
293	26	477
242	26	490
311	26	472
352	26	472
233	26	426
361	26	492
352	26	426
323	26	148
378	26	477
405	26	472
290	26	437
378	26	487
279	26	147
282	26	485
344	26	148
184	26	147
347	26	492
336	26	487
293	26	481
410	26	445
378	26	418
277	26	449
388	26	442
290	26	149
365	26	146
200	26	472
345	26	425
378	26	417
316	26	443
293	26	462
262	26	460
272	26	486
378	26	473
399	26	148
261	26	472
378	26	440
281	26	481
359	26	419
366	26	439
250	26	146
378	26	450
274	26	148
347	26	425
359	26	149
255	26	437
352	26	427
359	26	437
402	26	449
291	26	449
293	26	444
200	26	488
309	26	448
337	26	458
351	26	421
276	26	148
333	26	484
409	26	148
200	26	443
274	26	476
353	26	419
287	26	147
291	26	148
327	26	146
378	26	435
388	26	435
272	26	460
293	26	417
1330	22	456
1825	22	417
1700	22	416
2419	22	442
1734	22	435
2508	22	458
1599	22	449
1900	22	430
2346	22	451
1543	22	458
2340	22	438
1342	22	456
1815	22	442
2025	22	430
1552	22	449
1964	22	449
1333	22	449
2538	22	450
1497	22	451
1892	22	440
1845	22	433
1517	22	458
1351	22	450
2539	22	456
1918	22	459
2249	22	417
1974	22	442
2473	22	458
1374	22	449
2428	22	446
1375	22	493
2473	22	449
2291	22	459
2250	22	417
1950	22	489
1501	22	449
1882	22	435
1887	22	440
2294	22	445
1463	22	456
1606	22	480
2492	22	422
1428	22	438
1330	22	450
1805	22	417
2430	22	449
1709	22	416
1694	22	434
1965	22	449
1898	22	430
1748	22	435
2478	22	459
2437	22	456
2462	22	438
2516	22	441
2539	22	450
1494	22	484
2135	22	466
1989	22	449
1446	22	456
1902	22	430
1536	22	449
2117	22	449
1350	22	450
2230	22	456
1589	22	485
2486	22	458
2453	22	449
2474	22	456
2471	22	456
2430	22	458
1531	22	446
1361	22	456
1564	22	458
1515	22	456
1899	22	430
1493	22	471
2293	22	449
1620	22	458
2540	22	450
1717	22	434
1548	22	449
1374	22	480
1319	22	449
2338	22	438
1736	22	433
1534	22	456
1749	22	417
1601	22	450
2211	22	440
1331	22	445
1365	22	456
2435	22	449
1946	22	433
2245	22	450
1341	22	438
1478	22	438
1495	22	493
1736	22	435
1639	22	449
1869	22	437
2337	22	456
1370	22	476
1722	22	428
1371	22	450
2372	22	449
2319	22	449
1507	22	449
2280	22	456
2433	22	458
1989	22	434
2348	22	458
1530	22	481
2477	22	456
2319	22	456
2257	22	416
2253	22	417
2448	22	440
2285	22	416
2449	22	450
1574	22	481
1461	22	458
1349	22	443
1452	22	449
1648	22	476
1578	22	435
2313	22	450
1464	22	456
2489	22	465
1585	22	446
1973	22	416
1986	22	445
2050	22	449
1545	22	481
2476	22	449
1333	22	445
2337	22	449
1515	22	449
2412	22	458
1373	22	445
1940	22	445
1523	22	456
2481	22	422
1551	22	485
2373	22	450
1534	22	449
1967	22	416
2259	22	416
2526	22	458
2428	22	459
2426	22	456
2313	22	458
2448	22	450
2347	22	451
2341	22	438
1319	22	456
1575	22	475
1988	22	456
2307	22	435
1812	22	435
1530	22	446
1441	22	449
1404	22	440
2503	22	422
1598	22	481
2409	22	442
2242	22	416
1846	22	435
2050	22	438
2291	22	449
1484	22	493
1687	22	435
1692	22	442
2263	22	416
1557	22	449
1742	22	417
2431	22	442
2517	22	441
2342	22	436
2425	22	450
2486	22	449
2478	22	445
1380	22	476
2537	22	458
2293	22	438
2544	22	446
2390	22	437
2479	22	449
2534	22	449
1365	22	449
2318	22	456
2433	22	450
2231	22	449
2200	22	440
1508	22	458
1611	22	449
2381	22	448
1728	22	416
1976	22	435
1984	22	438
2474	22	449
2519	22	449
2528	22	456
1548	22	459
2201	22	450
1323	22	449
1360	22	456
2371	22	421
2378	22	448
1631	22	449
1363	22	456
1537	22	449
1395	22	435
2312	22	456
1473	22	493
2480	22	459
1724	22	493
1499	22	441
2474	22	458
1456	22	449
2418	22	442
2528	22	449
2468	22	459
1430	22	449
1979	22	454
1324	22	449
1722	22	493
1537	22	459
1333	22	446
1964	22	438
1380	22	450
1391	22	449
2229	22	450
1502	22	459
2369	22	419
1625	22	480
2295	22	449
2434	22	458
2309	22	456
1745	22	433
1647	22	476
2534	22	458
2291	22	445
1428	22	449
1421	22	449
1532	22	481
2526	22	446
2514	22	441
2471	22	449
2437	22	450
2450	22	450
2484	22	459
1325	22	450
1478	22	449
2239	22	463
1955	22	459
1514	22	438
1989	22	456
1845	22	435
1514	22	435
2440	22	458
1616	22	458
2452	22	442
1370	22	485
1394	22	440
2534	22	456
1338	22	450
1443	22	449
1971	22	438
1786	22	447
1614	22	458
2391	22	419
1477	22	450
1745	22	435
2240	22	456
2524	22	440
1955	22	445
1639	22	458
1882	22	438
1381	22	449
1446	22	450
2502	22	450
1738	22	435
2265	22	416
1970	22	438
2286	22	416
2416	22	442
1500	22	456
1467	22	458
1362	22	456
1366	22	456
1814	22	417
2520	22	449
2464	22	456
2428	22	449
1349	22	440
1556	22	438
1734	22	433
1494	22	458
2290	22	449
1342	22	449
1369	22	450
2507	22	458
2298	22	436
1904	22	438
2424	22	450
1731	22	435
2410	22	442
2372	22	456
2355	22	451
2474	22	471
2146	22	489
1928	22	440
2445	22	440
1623	22	456
2523	22	458
2520	22	471
1364	22	493
1604	22	484
2297	22	446
1549	22	460
1447	22	450
1550	22	450
1968	22	448
1880	22	492
1465	22	455
1965	22	456
1722	22	417
1370	22	449
1912	22	438
1885	22	418
2372	22	450
1813	22	417
2264	22	416
2326	22	442
2428	22	445
2281	22	456
1625	22	481
2312	22	450
1664	22	481
1467	22	456
1639	22	480
2480	22	445
2113	22	492
1702	22	442
1920	22	459
1334	22	493
1901	22	430
1573	22	474
1744	22	435
2291	22	456
1930	22	440
1724	22	419
2513	22	440
2255	22	456
1319	22	450
2329	22	458
2529	22	449
1512	22	449
1442	22	449
1336	22	450
2426	22	450
2294	22	440
1775	22	417
1392	22	449
1541	22	458
2251	22	417
1662	22	484
2296	22	458
1373	22	459
1634	22	465
1577	22	450
2448	22	456
1619	22	484
2542	22	450
2364	22	456
1559	22	436
2482	22	458
1383	22	441
1319	22	463
2204	22	438
1359	22	449
1631	22	484
2541	22	446
1319	22	416
1532	22	449
1633	22	457
1438	22	458
2243	22	449
1544	22	442
1517	22	476
1988	22	449
2521	22	458
1352	22	463
2050	22	456
2102	22	492
2537	22	450
2511	22	438
2295	22	456
1357	22	446
1377	22	450
2301	22	435
1567	22	449
1601	22	458
1986	22	459
1701	22	442
1333	22	459
2201	22	440
1719	22	417
2291	22	438
2436	22	449
2240	22	450
2306	22	435
1447	22	456
1530	22	449
1729	22	433
1698	22	440
1340	22	450
1646	22	481
1689	22	430
2452	22	458
1553	22	449
1552	22	481
1561	22	445
2415	22	442
2526	22	449
1326	22	450
1731	22	433
2037	22	430
2360	22	456
1604	22	449
1648	22	485
1536	22	458
2425	22	456
1726	22	435
1707	22	434
1371	22	456
2229	22	449
1487	22	481
1377	22	456
1985	22	440
2357	22	451
1610	22	449
2345	22	417
1991	22	438
2290	22	456
1591	22	458
2143	22	493
1647	22	450
2422	22	430
1523	22	458
1357	22	449
1560	22	458
1501	22	450
1594	22	474
1529	22	485
1425	22	450
1924	22	438
2279	22	456
2518	22	449
1727	22	435
2198	22	440
1456	22	485
2486	22	450
2293	22	446
2508	22	442
1376	22	456
1699	22	440
1516	22	456
1592	22	449
1713	22	417
1592	22	458
2200	22	456
1690	22	435
1400	22	467
1540	22	456
1620	22	481
2538	22	456
2438	22	451
1332	22	450
1940	22	456
2254	22	417
1512	22	484
2393	22	437
1381	22	446
2464	22	449
2339	22	438
1967	22	466
2135	22	416
2545	22	440
1693	22	442
1606	22	458
1367	22	480
2233	22	449
2256	22	416
1696	22	457
1600	22	446
1748	22	433
2231	22	456
1953	22	447
1395	22	458
2080	22	492
2449	22	458
1466	22	449
2414	22	450
1604	22	481
1326	22	458
2537	22	449
1396	22	437
1680	22	435
2245	22	449
2233	22	438
1579	22	481
1377	22	449
2307	22	458
1884	22	438
2447	22	458
1524	22	450
2534	22	442
2230	22	449
2248	22	417
1523	22	449
2421	22	442
1615	22	430
1367	22	458
1517	22	449
2420	22	442
1735	22	435
1918	22	435
2196	22	436
1983	22	416
2504	22	458
1488	22	450
2546	22	417
1384	22	465
1558	22	457
2512	22	441
2452	22	456
1435	22	452
1545	22	449
2204	22	449
2387	22	437
1337	22	450
2243	22	450
1685	22	435
1864	22	430
1319	22	462
2434	22	450
1727	22	433
2021	22	466
1426	22	449
1881	22	443
1380	22	456
2327	22	451
1331	22	450
1623	22	449
2252	22	440
1502	22	446
2475	22	449
1319	22	473
2308	22	458
2519	22	456
1370	22	458
2382	22	448
1357	22	459
1522	22	449
1320	22	442
1691	22	435
1988	22	438
1981	22	454
1427	22	449
1460	22	442
2319	22	438
2441	22	440
2450	22	449
1846	22	426
1372	22	463
1389	22	441
1327	22	450
1563	22	449
2515	22	441
1599	22	446
1982	22	458
2506	22	449
1520	22	458
2287	22	436
1985	22	459
2412	22	435
1647	22	485
1571	22	472
1488	22	449
1352	22	438
1971	22	462
1387	22	450
1390	22	439
1711	22	416
1992	22	447
1537	22	446
2244	22	456
1464	22	449
2200	22	444
1600	22	458
2336	22	456
2293	22	456
2476	22	471
1536	22	481
1536	22	450
1735	22	433
2475	22	456
1983	22	417
2356	22	451
2246	22	450
1929	22	440
2294	22	459
1550	22	485
2406	22	449
2359	22	449
1951	22	489
2511	22	463
2000	22	417
1890	22	440
2200	22	450
2379	22	448
1621	22	449
2135	22	420
2233	22	456
1329	22	446
1438	22	449
1486	22	484
1425	22	449
1391	22	450
2340	22	463
1594	22	475
1796	22	417
1557	22	481
1952	22	418
1463	22	449
1315	22	416
2427	22	449
1605	22	484
1753	22	417
1590	22	458
2297	22	450
1496	22	458
1454	22	449
1423	22	445
1897	22	434
2283	22	440
1348	22	440
1556	22	463
2297	22	449
1358	22	456
2468	22	458
1542	22	458
1684	22	480
1388	22	465
1439	22	450
1541	22	449
1516	22	449
2485	22	459
1990	22	447
2258	22	416
1329	22	458
2366	22	434
2502	22	458
1601	22	446
1698	22	416
2359	22	456
2473	22	450
1593	22	449
2157	22	489
1467	22	449
1565	22	481
1989	22	438
1476	22	458
2510	22	458
2527	22	449
2472	22	438
2234	22	440
1524	22	485
1764	22	417
1715	22	417
2385	22	450
1940	22	458
1700	22	466
1317	22	449
1457	22	450
2523	22	450
1317	22	463
1703	22	442
1322	22	449
1533	22	446
2380	22	438
2434	22	449
1322	22	471
1359	22	450
1366	22	449
2364	22	449
1531	22	449
1965	22	438
2358	22	461
1630	22	480
2451	22	458
1507	22	458
1362	22	449
2528	22	442
1621	22	451
2406	22	463
1797	22	425
2383	22	448
1874	22	434
2240	22	449
1879	22	492
2318	22	449
1321	22	456
2423	22	450
1361	22	449
1448	22	450
1370	22	450
1737	22	435
2488	22	461
1373	22	446
1617	22	484
1807	22	459
2425	22	449
1374	22	458
1332	22	458
2411	22	430
1523	22	476
1740	22	433
1540	22	449
2360	22	449
2424	22	449
2025	22	493
1807	22	445
2058	22	493
2482	22	450
1808	22	436
1940	22	459
2312	22	458
1708	22	434
2239	22	462
1717	22	417
2406	22	456
2409	22	458
2392	22	437
2491	22	465
1420	22	467
1339	22	450
1466	22	456
1325	22	458
1500	22	449
1325	22	449
1451	22	437
1601	22	449
2407	22	456
2476	22	450
1392	22	446
1532	22	446
1891	22	440
1456	22	450
2260	22	416
1341	22	463
2436	22	458
1982	22	435
1956	22	445
2255	22	449
1902	22	442
1600	22	459
1567	22	458
2476	22	458
2232	22	440
2243	22	456
1826	22	493
1707	22	457
2511	22	449
1809	22	442
1565	22	449
1342	22	438
2423	22	449
2417	22	442
1971	22	463
1426	22	450
2413	22	441
1501	22	485
1330	22	449
1373	22	449
2408	22	449
1826	22	416
1541	22	450
2408	22	458
1467	22	450
1321	22	449
2134	22	425
2190	22	425
2414	22	458
1517	22	456
2520	22	450
1955	22	440
1599	22	481
2521	22	442
1493	22	445
1531	22	481
2135	22	457
1712	22	416
2281	22	449
1506	22	458
1947	22	442
1662	22	458
2244	22	449
1608	22	434
1317	22	438
2478	22	446
2289	22	442
2370	22	442
2201	22	456
2490	22	460
2246	22	449
1738	22	433
2195	22	436
1888	22	440
1889	22	440
2376	22	448
2279	22	449
1369	22	449
1600	22	435
1940	22	450
1460	22	458
2348	22	450
2246	22	456
1665	22	467
1430	22	456
1534	22	450
1618	22	484
2520	22	458
1539	22	456
1982	22	433
1986	22	446
1737	22	433
2247	22	417
2444	22	417
1705	22	442
1975	22	435
2436	22	450
1562	22	458
2197	22	440
2229	22	456
1584	22	446
1795	22	425
1914	22	433
1577	22	476
1886	22	492
2239	22	438
2245	22	456
1359	22	456
2230	22	450
1935	22	434
1332	22	449
2502	22	449
1360	22	450
1342	22	450
1718	22	417
2450	22	458
2244	22	438
2427	22	456
2448	22	449
2540	22	456
2446	22	440
1940	22	440
1883	22	438
2466	22	456
2309	22	450
2447	22	450
2261	22	416
1369	22	456
1577	22	485
1833	22	417
2440	22	450
1720	22	416
1350	22	449
2297	22	456
2354	22	451
1560	22	450
1363	22	449
1433	22	452
1428	22	450
1914	22	435
2405	22	440
1324	22	456
2451	22	450
2455	22	492
1949	22	442
1320	22	458
2442	22	440
2240	22	440
1332	22	445
2199	22	440
2535	22	422
2296	22	456
2451	22	449
2322	22	435
1567	22	450
2466	22	449
2528	22	458
2318	22	438
1811	22	442
2350	22	465
2509	22	458
1956	22	459
2117	22	456
2452	22	449
1319	22	466
2526	22	459
1964	22	456
2382	22	493
2487	22	465
1448	22	456
1603	22	458
1645	22	481
1539	22	449
1729	22	435
1391	22	456
2309	22	458
2204	22	456
1919	22	435
2407	22	449
2479	22	456
2262	22	416
2424	22	456
1548	22	445
2506	22	450
2280	22	449
2244	22	435
1422	22	449
1959	22	417
1427	22	450
2440	22	471
2234	22	438
1606	22	449
1716	22	417
2190	22	492
1358	22	450
1372	22	438
1744	22	433
1516	22	458
2296	22	450
1991	22	442
1583	22	472
1555	22	458
2477	22	449
2467	22	449
1893	22	440
2396	6	244
1997	6	720
1351	6	274
1932	6	200
2282	6	578
2220	6	385
2108	6	357
1338	6	409
1890	6	378
1460	6	181
2012	6	388
1904	6	402
2208	6	385
1931	6	656
2528	6	257
1990	6	695
1734	6	378
1607	6	363
1996	6	378
1736	6	388
1897	6	498
2211	6	355
1420	6	287
2546	6	293
2173	6	378
1613	6	200
1725	6	373
1905	6	388
1641	6	297
1339	6	242
2542	6	934
2438	6	873
2415	6	969
2282	6	380
1793	6	545
1387	6	274
2160	6	349
1565	6	402
2045	6	358
1647	6	1283
2012	6	373
1880	6	234
1955	6	410
1682	6	1264
1549	6	361
2222	6	378
2062	6	1300
2439	6	378
1757	6	352
2173	6	379
2428	6	276
1857	6	373
1918	6	512
2025	6	181
1895	6	249
2528	6	414
1534	6	293
2288	6	405
1912	6	388
2120	6	378
1502	6	1188
1618	6	333
2256	6	293
1457	6	291
2058	6	362
2256	6	814
2400	6	352
2039	6	388
1658	6	1121
1650	6	958
2413	6	180
2327	6	874
1884	6	399
2027	6	616
1546	6	254
2247	6	293
2239	6	798
2356	6	900
1739	6	678
2262	6	378
2436	6	399
2302	6	284
1462	6	352
2023	6	380
2244	6	388
1773	6	182
1491	6	248
2329	6	878
2545	6	408
2415	6	970
2284	6	380
1683	6	546
1480	6	242
2467	6	242
2292	6	388
1618	6	246
2518	6	1030
1495	6	743
1533	6	242
1733	6	388
1971	6	514
2121	6	386
2418	6	621
1843	6	408
1541	6	182
2433	6	299
2073	6	720
1988	6	388
2063	6	293
1409	6	929
1622	6	1134
2252	6	355
2347	6	277
2063	6	380
1425	6	1063
1684	6	281
1398	6	183
2087	6	567
1997	6	373
1591	6	281
1600	6	388
2385	6	793
1844	6	293
1410	6	1123
1561	6	1237
2064	6	543
1678	6	1263
2058	6	233
2120	6	385
1671	6	1264
2065	6	730
1656	6	1123
2270	6	349
1601	6	281
1996	6	1229
2075	6	388
1881	6	347
1699	6	355
1509	6	271
2317	6	250
1821	6	385
1320	6	1033
1578	6	378
1397	6	183
1590	6	257
1877	6	378
2314	6	868
2258	6	376
1724	6	363
2246	6	882
1681	6	329
1972	6	242
1434	6	355
1877	6	408
1495	6	360
2518	6	277
1507	6	414
1916	6	567
2209	6	385
2180	6	378
2106	6	385
1436	6	1149
1325	6	1017
2289	6	246
1466	6	257
2330	6	284
2029	6	357
1589	6	305
2114	6	378
2256	6	503
2531	6	369
1417	6	353
1808	6	352
1560	6	1236
2327	6	388
2040	6	179
1742	6	293
2050	6	242
1340	6	1058
1740	6	355
1779	6	388
2071	6	740
2339	6	402
1547	6	180
2105	6	357
2053	6	1300
1855	6	363
2160	6	779
2359	6	259
1803	6	182
1561	6	281
1348	6	1082
1690	6	1032
2077	6	717
1423	6	251
1590	6	378
2106	6	567
2341	6	893
2097	6	752
1341	6	402
1686	6	378
1741	6	397
2262	6	699
1900	6	373
2516	6	248
1750	6	388
1747	6	397
2300	6	284
2472	6	1251
2427	6	399
2217	6	385
2027	6	1032
1499	6	906
1363	6	1101
2521	6	414
2284	6	378
1886	6	361
1555	6	414
1706	6	361
1348	6	271
2236	6	285
2392	6	353
1992	6	690
1963	6	262
2444	6	378
2482	6	1001
2514	6	180
1639	6	1003
1838	6	357
2457	6	261
2400	6	391
1729	6	397
1319	6	409
1694	6	530
2381	6	743
1453	6	1158
2232	6	355
2532	6	353
1364	6	360
2349	6	281
1440	6	366
1942	6	200
1850	6	582
1937	6	1308
2416	6	968
1687	6	378
2517	6	1027
2239	6	679
1538	6	355
2246	6	634
1332	6	281
1997	6	721
1733	6	397
2448	6	355
1508	6	1190
2416	6	970
2452	6	257
1440	6	353
1555	6	1235
1553	6	242
2296	6	858
2153	6	385
2446	6	355
1671	6	1263
2253	6	807
1578	6	373
2196	6	412
1340	6	409
2505	6	354
2490	6	1013
2073	6	717
2241	6	355
1423	6	352
2421	6	414
2164	6	364
2275	6	349
2426	6	793
1518	6	499
1761	6	1302
1445	6	366
2380	6	394
2314	6	870
1759	6	371
2449	6	858
2270	6	385
1736	6	378
1461	6	281
2152	6	346
2437	6	281
2327	6	879
2136	6	772
1749	6	1309
2314	6	867
1863	6	183
2489	6	262
2527	6	1229
1749	6	518
2124	6	385
2303	6	284
2139	6	386
1482	6	281
1421	6	291
2280	6	293
1773	6	380
2229	6	794
1443	6	293
1820	6	569
1740	6	373
2147	6	569
2188	6	379
1664	6	323
2106	6	1064
1383	6	180
1619	6	333
1322	6	301
1388	6	1012
1773	6	378
1585	6	276
1660	6	361
2236	6	200
1634	6	415
2279	6	242
1349	6	316
1858	6	860
2378	6	352
2381	6	786
2282	6	388
1327	6	293
1576	6	353
1968	6	352
2126	6	385
1941	6	219
1675	6	1263
1319	6	293
1623	6	1057
1361	6	1047
2272	6	385
1618	6	414
2512	6	906
2248	6	380
2484	6	936
2503	6	408
1701	6	414
1800	6	548
2223	6	385
1871	6	182
1855	6	585
1996	6	714
1542	6	1209
1915	6	628
2420	6	722
2542	6	1284
2122	6	767
1915	6	388
2226	6	378
2379	6	371
1357	6	276
1378	6	274
1719	6	293
2219	6	385
1949	6	182
1840	6	385
1786	6	293
2516	6	247
2426	6	399
1655	6	960
2129	6	385
1401	6	960
1747	6	363
1971	6	680
2193	6	364
2529	6	242
2537	6	281
2406	6	242
2474	6	281
1738	6	514
2383	6	352
2077	6	715
1683	6	1298
1994	6	678
1972	6	1273
1962	6	373
1765	6	371
1996	6	713
2122	6	364
1517	6	299
1610	6	1193
2545	6	182
1444	6	355
2510	6	246
1694	6	497
1427	6	399
1881	6	261
2287	6	405
1458	6	254
1552	6	293
2112	6	386
1553	6	414
2421	6	388
2266	6	349
1584	6	276
2204	6	388
1948	6	414
2205	6	378
2122	6	200
2292	6	531
1446	6	940
1797	6	396
2136	6	511
1787	6	364
2485	6	378
1623	6	257
2148	6	569
2438	6	874
2327	6	181
1691	6	363
2106	6	179
2131	6	385
1662	6	414
1541	6	1204
1352	6	388
1504	6	200
2043	6	293
1911	6	722
1766	6	378
2433	6	399
2029	6	388
1890	6	376
1727	6	363
1375	6	360
1542	6	1190
2017	6	408
2253	6	808
1787	6	380
2275	6	385
1409	6	926
1582	6	316
2417	6	414
1841	6	388
1822	6	385
2100	6	385
2462	6	1273
1982	6	264
1558	6	373
1537	6	276
1748	6	363
2171	6	385
1768	6	360
1740	6	399
1351	6	293
1376	6	402
2282	6	378
2537	6	242
2172	6	1229
1853	6	388
2022	6	388
2335	6	502
2387	6	948
1543	6	1217
2274	6	349
2083	6	349
1414	6	353
2435	6	293
1533	6	275
2384	6	933
1802	6	388
1551	6	274
2188	6	783
2160	6	776
1806	6	555
1339	6	378
1331	6	410
1536	6	378
1799	6	250
2253	6	1309
2231	6	414
1807	6	410
1390	6	1113
1567	6	299
1615	6	181
1514	6	1314
1519	6	500
1646	6	322
2393	6	356
2484	6	397
1741	6	373
2407	6	402
1348	6	612
2258	6	835
2438	6	277
1981	6	280
2148	6	714
1348	6	1081
2527	6	293
2204	6	399
2137	6	364
2347	6	181
2105	6	179
1649	6	183
1750	6	410
2033	6	1108
2415	6	963
2376	6	352
2207	6	364
2512	6	180
1780	6	408
1603	6	414
2245	6	803
2319	6	355
1423	6	1136
1935	6	388
1481	6	514
1652	6	1288
1776	6	371
2254	6	293
2190	6	347
2380	6	399
2103	6	179
2135	6	388
1480	6	399
2488	6	262
1763	6	352
2418	6	414
1665	6	287
2507	6	414
2016	6	388
2447	6	281
1481	6	892
2021	6	373
2524	6	182
1691	6	378
2148	6	385
2468	6	276
1501	6	274
2040	6	388
2056	6	408
2421	6	963
1705	6	414
2377	6	922
2292	6	924
2114	6	357
1825	6	357
1316	6	261
1796	6	378
1514	6	388
2421	6	973
2336	6	1010
2515	6	248
1607	6	355
2129	6	575
2009	6	408
2193	6	385
2194	6	385
1400	6	930
2424	6	399
1366	6	1102
1585	6	1040
2348	6	281
2291	6	242
1722	6	573
1722	6	182
2034	6	373
2540	6	293
2261	6	850
1675	6	336
1806	6	560
1976	6	363
2391	6	949
1487	6	567
1992	6	693
1475	6	1133
1341	6	495
2504	6	1023
1483	6	245
1749	6	527
2233	6	402
1333	6	276
2115	6	607
1992	6	705
2115	6	605
1653	6	637
1911	6	388
2028	6	179
1927	6	355
1449	6	290
2356	6	277
1415	6	355
1478	6	402
2410	6	965
2093	6	569
1883	6	402
1391	6	1114
2366	6	408
1749	6	385
1806	6	408
2155	6	735
1475	6	287
1998	6	388
2432	6	361
1978	6	408
2004	6	373
1661	6	263
2502	6	1016
2421	6	969
2255	6	258
2121	6	760
1870	6	356
2077	6	388
1380	6	274
1591	6	378
1653	6	388
1466	6	811
2106	6	378
1790	6	371
1749	6	526
1583	6	311
2043	6	373
1446	6	507
2299	6	284
1756	6	352
2321	6	361
1592	6	281
1944	6	200
2416	6	388
2276	6	349
1897	6	530
2464	6	257
2290	6	293
2435	6	388
1578	6	1010
1555	6	1025
1532	6	1284
2206	6	349
1548	6	410
1496	6	1181
2466	6	242
1536	6	313
1520	6	397
2118	6	364
2281	6	293
1914	6	363
2356	6	873
2077	6	724
1365	6	291
1815	6	181
2428	6	264
2508	6	414
1619	6	414
1489	6	1158
2057	6	600
1446	6	807
1829	6	571
2539	6	378
2172	6	385
2425	6	293
1850	6	363
2028	6	388
2469	6	351
2415	6	619
2523	6	859
2416	6	975
2415	6	722
1702	6	414
2006	6	388
1372	6	388
1832	6	1305
1893	6	355
1333	6	410
2256	6	821
1877	6	182
1543	6	414
2470	6	180
1574	6	1245
2108	6	511
2347	6	897
2487	6	1011
2058	6	775
1541	6	277
1916	6	634
1755	6	183
1976	6	264
1637	6	289
2237	6	796
2377	6	925
1581	6	311
1990	6	364
2202	6	399
2472	6	402
1668	6	1263
2454	6	261
1661	6	361
2268	6	385
1628	6	336
2105	6	385
1582	6	272
1553	6	257
2292	6	529
1748	6	388
1608	6	394
2444	6	1120
2366	6	374
2422	6	722
1933	6	261
1548	6	378
1581	6	327
2515	6	906
1971	6	679
1352	6	892
1887	6	378
1678	6	1265
1366	6	1101
1338	6	1067
2005	6	378
2122	6	378
1821	6	570
2425	6	388
1453	6	1157
1990	6	388
2135	6	293
2225	6	349
2160	6	777
1490	6	1178
1574	6	1247
1377	6	1109
2356	6	901
2492	6	408
2144	6	772
1830	6	179
1962	6	378
2014	6	711
1670	6	402
2399	6	958
1412	6	1126
2230	6	795
2234	6	409
1339	6	1070
1995	6	373
2246	6	884
2532	6	396
1460	6	964
1872	6	408
1533	6	1003
1749	6	522
2053	6	1304
1937	6	355
1860	6	183
1591	6	1190
1710	6	505
1546	6	353
1904	6	388
2262	6	363
1756	6	183
2356	6	877
2411	6	373
1500	6	1143
1617	6	963
1379	6	274
1992	6	704
2346	6	875
2136	6	385
1623	6	811
1789	6	225
2034	6	380
1838	6	576
1576	6	366
2534	6	378
2235	6	219
2323	6	354
1502	6	276
2243	6	293
1978	6	293
1581	6	316
1717	6	519
1492	6	301
1351	6	1091
1569	6	1308
1362	6	291
2392	6	356
2438	6	879
2232	6	406
2494	6	269
1644	6	359
1574	6	1242
2540	6	793
2501	6	415
2277	6	364
2060	6	734
1944	6	214
2079	6	282
2195	6	412
2445	6	355
2115	6	271
1737	6	397
1752	6	345
1962	6	1010
1438	6	281
2149	6	385
2074	6	739
1667	6	1264
2418	6	980
1950	6	352
1770	6	179
2082	6	179
1913	6	179
1850	6	1010
1731	6	388
1709	6	503
1759	6	535
1434	6	376
2094	6	750
2297	6	264
1348	6	246
2243	6	802
2466	6	246
1735	6	397
2072	6	179
1795	6	396
1414	6	356
2096	6	385
2064	6	179
2093	6	749
1672	6	1264
1539	6	293
1377	6	1311
1798	6	250
2176	6	346
2505	6	351
1573	6	183
1348	6	560
2385	6	293
2256	6	818
2334	6	250
2220	6	780
1847	6	373
1718	6	293
1610	6	277
1428	6	399
1804	6	363
1936	6	650
1773	6	293
2340	6	402
2371	6	918
2288	6	855
2264	6	378
1465	6	1166
2346	6	877
2493	6	200
1633	6	399
2494	6	200
1895	6	247
1560	6	938
2020	6	388
2133	6	570
1500	6	293
1417	6	254
1488	6	378
1604	6	291
1757	6	183
1881	6	200
1620	6	378
1494	6	1164
2384	6	183
1481	6	402
1997	6	388
2441	6	355
1545	6	511
1736	6	363
2488	6	1007
1498	6	356
1708	6	388
2238	6	797
1754	6	534
2052	6	1304
2512	6	248
2115	6	606
1643	6	1310
2294	6	181
2541	6	266
1925	6	904
1767	6	357
2404	6	183
2256	6	826
1845	6	363
1570	6	180
1580	6	327
1543	6	1214
1552	6	322
1682	6	336
1707	6	374
1402	6	183
2132	6	1229
1345	6	200
2534	6	293
2196	6	785
2136	6	378
1527	6	598
1995	6	182
1814	6	378
1422	6	293
2258	6	793
2108	6	179
1811	6	388
2360	6	291
1373	6	410
1904	6	399
1713	6	1120
1863	6	233
1908	6	373
2085	6	377
2231	6	293
2104	6	567
1869	6	353
1997	6	717
2200	6	376
2297	6	275
1544	6	414
2048	6	378
2060	6	601
2462	6	402
1456	6	1191
1624	6	573
2541	6	276
2248	6	804
1451	6	1116
2027	6	1251
2367	6	394
1322	6	242
1852	6	363
2122	6	769
2416	6	965
1350	6	1084
1587	6	261
2415	6	964
1353	6	1098
2304	6	284
1778	6	388
1688	6	1010
2330	6	888
2518	6	293
1348	6	613
1399	6	860
1904	6	1229
1829	6	572
1968	6	775
2177	6	349
2064	6	380
1458	6	356
2179	6	183
2234	6	399
1684	6	1074
1884	6	527
1408	6	183
1940	6	264
1680	6	1311
2488	6	1008
2361	6	912
1617	6	321
1915	6	627
1557	6	322
2085	6	386
2224	6	385
2188	6	780
1794	6	546
1352	6	1251
1327	6	1051
2311	6	976
2491	6	1011
1558	6	378
1580	6	200
2111	6	385
1388	6	262
1444	6	181
1874	6	637
1972	6	677
1543	6	1025
2472	6	1273
2193	6	349
1943	6	1010
1386	6	415
2296	6	281
1815	6	388
1513	6	1010
1481	6	1251
2045	6	182
2225	6	364
2024	6	378
2067	6	377
1337	6	936
2470	6	248
2481	6	408
1436	6	352
1988	6	293
2097	6	1229
2476	6	291
1324	6	293
1452	6	378
1881	6	613
1708	6	394
1457	6	530
1402	6	1118
2106	6	714
1439	6	938
2256	6	832
2259	6	842
1930	6	355
1723	6	373
1412	6	183
2293	6	402
1837	6	575
2233	6	388
1414	6	254
1375	6	743
2257	6	813
1827	6	546
2064	6	378
1321	6	293
2291	6	410
2050	6	1251
2530	6	351
2214	6	358
1788	6	385
2135	6	378
2385	6	942
2381	6	233
1990	6	690
2239	6	402
2462	6	399
1518	6	351
1608	6	388
2305	6	863
2529	6	293
1806	6	556
1749	6	523
1455	6	1305
2450	6	995
2090	6	378
1950	6	817
2277	6	349
2487	6	262
2518	6	242
1478	6	388
1522	6	277
2286	6	293
2453	6	293
1328	6	352
2274	6	385
1527	6	329
1543	6	1219
2021	6	293
2278	6	788
1825	6	293
2027	6	1229
1441	6	242
2460	6	299
1981	6	200
2258	6	813
1985	6	410
1737	6	1010
1520	6	378
2410	6	414
2157	6	383
1438	6	299
1844	6	615
1457	6	1159
2377	6	931
2043	6	388
1936	6	654
1989	6	388
1875	6	408
2372	6	795
2409	6	293
1662	6	1045
2390	6	356
2231	6	260
1463	6	291
1599	6	242
1391	6	293
2522	6	858
2542	6	1010
1919	6	514
2343	6	182
2418	6	181
1744	6	397
1674	6	1264
2470	6	245
2282	6	373
1496	6	414
1756	6	245
2416	6	969
1860	6	590
1671	6	336
1984	6	399
2495	6	277
1700	6	409
1907	6	388
2149	6	567
1426	6	399
2253	6	1120
1881	6	611
1807	6	563
2185	6	349
1996	6	1064
1575	6	183
1462	6	786
2391	6	353
1351	6	1088
1903	6	399
1617	6	981
1909	6	1120
2220	6	378
1919	6	397
1730	6	397
1947	6	181
2111	6	378
2415	6	975
1956	6	561
1942	6	662
1744	6	363
2282	6	293
1481	6	242
1967	6	293
1406	6	535
2080	6	347
1554	6	271
1636	6	353
1725	6	363
2258	6	408
1522	6	1193
2542	6	1032
1484	6	360
1327	6	1052
2124	6	570
2142	6	364
2082	6	378
1933	6	219
1996	6	574
2072	6	380
2219	6	349
2263	6	363
1368	6	402
1481	6	399
2276	6	364
1894	6	248
2419	6	961
1999	6	373
2004	6	355
2416	6	963
1649	6	954
1767	6	364
1654	6	317
2339	6	259
2347	6	898
2261	6	378
2347	6	388
1651	6	183
1631	6	414
2216	6	789
1610	6	1195
1724	6	376
2350	6	262
2006	6	378
1623	6	1262
1960	6	671
1530	6	242
1979	6	219
1409	6	925
2063	6	179
1406	6	183
2525	6	361
1662	6	242
2535	6	1302
1829	6	226
2109	6	574
1591	6	720
1986	6	276
1806	6	559
2161	6	349
1720	6	355
1323	6	257
2154	6	364
2355	6	277
2019	6	408
2353	6	711
2359	6	402
1691	6	408
2151	6	385
2398	6	251
2346	6	879
1884	6	378
1914	6	373
2487	6	361
1555	6	281
2240	6	409
1465	6	412
1565	6	1084
1837	6	574
2440	6	281
2058	6	786
1377	6	1107
1901	6	181
1543	6	1215
1619	6	313
1696	6	363
1683	6	1293
1851	6	1010
1435	6	352
2472	6	399
1362	6	1100
1722	6	408
2247	6	378
2364	6	914
1328	6	383
2485	6	281
2464	6	414
2054	6	1304
1800	6	250
1618	6	1257
2377	6	928
2256	6	823
2421	6	988
1776	6	352
1943	6	562
2084	6	748
2013	6	373
1997	6	715
2101	6	385
2260	6	838
2095	6	567
1338	6	1068
2482	6	999
1482	6	1137
2226	6	364
2257	6	507
2259	6	808
1461	6	858
2259	6	378
1904	6	618
1697	6	248
1862	6	352
2279	6	402
2452	6	414
1781	6	225
2214	6	385
2472	6	1284
1374	6	299
2083	6	378
2463	6	200
1519	6	499
1798	6	548
1594	6	1239
1651	6	592
1897	6	394
1777	6	179
2103	6	378
1884	6	402
1973	6	378
1516	6	313
1446	6	1154
1890	6	355
2129	6	179
1573	6	279
1642	6	297
2144	6	774
1591	6	414
2531	6	396
2494	6	261
1947	6	388
1504	6	361
1710	6	507
1562	6	281
1932	6	656
1555	6	1226
2513	6	406
1907	6	182
2544	6	1041
1497	6	181
1761	6	1301
1645	6	322
2316	6	871
1392	6	200
2147	6	714
2059	6	408
1444	6	376
2260	6	848
2366	6	394
2501	6	354
1539	6	277
2295	6	293
1531	6	242
2421	6	181
2359	6	291
1439	6	941
1826	6	363
1403	6	860
1537	6	1139
1409	6	930
2086	6	378
2007	6	1299
1614	6	414
1430	6	1143
1806	6	580
2427	6	914
1496	6	1182
1749	6	616
2419	6	982
1400	6	183
2369	6	356
1483	6	180
2271	6	385
1472	6	183
2321	6	354
1682	6	1293
1336	6	1057
1704	6	499
2465	6	361
1534	6	512
1838	6	378
1703	6	374
2517	6	248
1359	6	293
1733	6	378
2054	6	1302
2377	6	930
1567	6	1150
1744	6	1010
2463	6	271
2035	6	388
1556	6	402
2328	6	279
2380	6	402
2399	6	957
2388	6	250
1376	6	1105
1836	6	385
1877	6	181
2297	6	363
2431	6	994
1986	6	683
1327	6	1049
2526	6	264
1336	6	293
1580	6	326
1336	6	1056
2338	6	388
1760	6	354
1903	6	363
1574	6	1243
1329	6	388
1852	6	640
2387	6	945
1954	6	548
2347	6	899
2368	6	361
1556	6	388
1907	6	562
1837	6	385
1364	6	743
1963	6	272
2070	6	388
2024	6	377
1872	6	601
2132	6	753
1490	6	1138
1581	6	271
2326	6	182
2518	6	1031
1933	6	548
2262	6	850
1864	6	626
1315	6	378
1713	6	520
1580	6	316
2300	6	662
1965	6	675
2419	6	969
1772	6	388
2473	6	281
1974	6	414
1512	6	277
1463	6	257
1977	6	388
1721	6	182
1958	6	200
2427	6	916
2089	6	385
2514	6	906
2189	6	385
1604	6	242
1919	6	1262
1799	6	548
2256	6	827
1806	6	378
2468	6	397
1886	6	347
2018	6	373
1773	6	357
2122	6	770
2454	6	910
1761	6	1304
2131	6	771
1642	6	353
2402	6	244
1517	6	305
2436	6	299
1613	6	325
1680	6	1312
2387	6	353
1744	6	378
2363	6	180
1784	6	378
1854	6	1010
1457	6	281
1926	6	355
1669	6	1263
1830	6	378
1959	6	388
2040	6	378
2257	6	818
2345	6	388
2501	6	351
1864	6	1314
2523	6	281
1997	6	724
2256	6	820
2143	6	378
2429	6	250
1694	6	498
1586	6	261
1339	6	293
1895	6	248
2100	6	567
2405	6	409
1886	6	345
1680	6	363
1366	6	291
2047	6	388
1971	6	1273
2424	6	293
1468	6	372
1336	6	1058
1455	6	360
1374	6	291
1542	6	1210
1712	6	380
1849	6	373
1340	6	293
1341	6	1072
2364	6	915
1912	6	399
1472	6	352
2374	6	269
1542	6	1206
1916	6	385
1773	6	388
2313	6	858
1971	6	677
2001	6	388
1648	6	179
2437	6	293
1727	6	515
2376	6	233
2471	6	257
2378	6	371
1737	6	388
1544	6	502
1394	6	376
2129	6	574
1931	6	660
2001	6	373
2013	6	357
1593	6	1084
1618	6	1259
1571	6	310
1732	6	182
1808	6	239
1649	6	955
2416	6	181
2381	6	775
1873	6	600
2499	6	225
2405	6	378
1521	6	373
1764	6	293
2390	6	353
1324	6	1120
2420	6	414
1599	6	275
2156	6	385
1402	6	1117
2307	6	397
2333	6	1119
2497	6	200
1534	6	1058
2304	6	864
2385	6	281
1481	6	798
2208	6	364
1487	6	972
1791	6	544
1974	6	388
1913	6	494
2259	6	846
2319	6	1307
1376	6	259
1664	6	1034
1349	6	555
1348	6	579
2138	6	386
2285	6	293
2290	6	242
2108	6	385
1740	6	182
1431	6	287
2347	6	879
1497	6	900
2497	6	1015
2261	6	699
2253	6	385
2099	6	385
2309	6	281
2093	6	385
2322	6	1009
2486	6	281
2489	6	361
1884	6	242
1329	6	397
1594	6	279
2109	6	385
2061	6	293
1937	6	1310
2049	6	388
1339	6	409
2396	6	952
1540	6	378
1587	6	200
1521	6	1010
2525	6	250
2256	6	819
2053	6	1302
1936	6	373
1685	6	363
2459	6	219
2097	6	756
1526	6	329
1413	6	1132
1769	6	388
1574	6	1278
1408	6	1121
2246	6	887
1403	6	183
2227	6	385
2340	6	892
2422	6	181
2057	6	733
1555	6	592
1348	6	609
1499	6	180
1740	6	408
2058	6	754
1348	6	200
1718	6	804
1348	6	378
1992	6	697
1360	6	409
1991	6	637
1845	6	397
1896	6	249
1340	6	242
1638	6	1272
1804	6	410
1324	6	1047
1337	6	1058
2423	6	293
2230	6	182
1326	6	281
1997	6	378
1817	6	225
1647	6	274
2222	6	511
2258	6	512
1489	6	271
2036	6	364
1554	6	612
1564	6	414
1640	6	329
2004	6	378
2362	6	356
2416	6	414
2503	6	1299
2349	6	903
1637	6	353
2162	6	378
1626	6	1265
1749	6	1251
2298	6	412
1904	6	242
1395	6	397
1571	6	352
2438	6	877
1555	6	1023
2259	6	841
2263	6	851
2261	6	363
2040	6	731
1506	6	414
2104	6	385
2345	6	380
1765	6	539
2436	6	293
1683	6	1296
1752	6	361
1614	6	1025
2420	6	980
1960	6	670
2517	6	180
2066	6	378
2416	6	619
1848	6	363
1367	6	902
1644	6	297
2289	6	758
2292	6	528
2317	6	361
2334	6	361
1873	6	599
2444	6	385
2540	6	378
1579	6	322
1532	6	275
1991	6	696
1995	6	388
2423	6	388
2447	6	299
1479	6	1273
2069	6	362
1917	6	388
1951	6	383
1767	6	378
1714	6	508
1887	6	355
1577	6	299
1396	6	1116
1511	6	353
1740	6	1010
1846	6	181
1439	6	299
1692	6	414
1880	6	347
1806	6	553
1339	6	1065
2464	6	293
2471	6	293
1763	6	183
2115	6	608
1629	6	1267
2253	6	804
2029	6	179
2500	6	200
1324	6	378
1497	6	993
1892	6	406
2394	6	951
1608	6	374
1806	6	579
2534	6	1036
1957	6	373
2340	6	399
2058	6	352
1578	6	376
2183	6	349
1510	6	282
2065	6	736
2351	6	905
1537	6	378
2015	6	573
2146	6	817
1992	6	364
2397	6	954
1393	6	415
1984	6	242
2242	6	293
1979	6	280
2097	6	753
1771	6	360
1802	6	182
2510	6	388
2261	6	293
1550	6	1221
2417	6	978
2287	6	239
2534	6	260
2538	6	293
1595	6	200
1490	6	361
1327	6	1050
2381	6	362
2265	6	699
1542	6	1211
2443	6	1240
2535	6	1304
2061	6	408
1992	6	695
1374	6	1023
1600	6	512
1933	6	644
1555	6	1228
2340	6	891
2382	6	362
1999	6	388
2411	6	388
1889	6	355
2266	6	385
1547	6	248
1413	6	933
1884	6	1284
1820	6	385
2513	6	408
1418	6	254
1575	6	1241
1910	6	388
2246	6	293
1360	6	293
1635	6	1270
1796	6	806
1326	6	1048
1997	6	716
1481	6	679
1992	6	577
2396	6	183
2072	6	543
1325	6	281
1996	6	567
2072	6	357
1658	6	183
2280	6	242
2052	6	1300
1456	6	274
1965	6	388
1557	6	257
2249	6	378
1740	6	388
1795	6	353
2429	6	361
1481	6	1174
1739	6	668
2239	6	799
2288	6	856
1581	6	268
2023	6	543
2115	6	347
2117	6	758
1969	6	361
2344	6	388
2239	6	388
1508	6	397
2246	6	883
1767	6	388
2062	6	1302
1967	6	409
1949	6	414
2177	6	385
1329	6	276
2416	6	722
1372	6	495
1854	6	388
1477	6	274
1615	6	722
2009	6	1302
1597	6	271
1451	6	359
2238	6	796
1461	6	997
1456	6	1192
1612	6	271
2456	6	261
2318	6	388
2273	6	378
2022	6	373
1370	6	305
1903	6	376
1978	6	378
1472	6	538
2046	6	388
2519	6	291
2079	6	179
2166	6	364
1559	6	412
1694	6	495
1871	6	573
1742	6	593
2077	6	378
2134	6	347
1981	6	548
1341	6	388
1964	6	293
1393	6	361
1716	6	378
2463	6	612
1497	6	879
2430	6	291
2265	6	852
2213	6	1229
2135	6	373
1920	6	410
1566	6	356
1961	6	200
2120	6	759
2269	6	385
1915	6	633
2260	6	507
2411	6	181
2072	6	388
2372	6	182
1332	6	410
2279	6	293
1715	6	1120
2484	6	1002
2248	6	378
1585	6	1039
1780	6	388
1958	6	225
1819	6	568
2485	6	410
2365	6	394
1881	6	612
1315	6	363
2092	6	179
1389	6	361
1780	6	182
2256	6	824
1862	6	183
2327	6	873
2515	6	180
2106	6	713
1392	6	275
1759	6	183
2002	6	388
1957	6	1010
2163	6	349
2205	6	349
1331	6	274
1397	6	352
1366	6	293
1934	6	361
1707	6	519
2497	6	1014
1626	6	1263
2311	6	998
1748	6	378
1481	6	266
2415	6	414
1909	6	385
1487	6	1177
1641	6	1279
2098	6	385
2239	6	1273
1846	6	388
2177	6	780
1420	6	1133
1679	6	336
2127	6	378
2322	6	1086
2451	6	281
1846	6	355
2402	6	959
1881	6	610
1509	6	327
1748	6	397
1409	6	922
2169	6	385
2090	6	385
2039	6	373
1348	6	316
2358	6	361
2019	6	1300
2431	6	388
2060	6	602
1529	6	305
2036	6	378
1549	6	1012
1869	6	356
1442	6	242
1911	6	414
1806	6	557
1592	6	1254
1735	6	378
1909	6	527
1452	6	355
1354	6	743
2407	6	293
1320	6	1034
2000	6	378
1498	6	353
2310	6	499
2474	6	291
1462	6	371
2076	6	380
2043	6	182
2042	6	373
1567	6	281
1816	6	225
1904	6	1251
1542	6	1208
2455	6	347
1566	6	353
2072	6	364
2069	6	743
1740	6	513
1745	6	1262
1337	6	1062
2489	6	1013
1703	6	414
2335	6	414
1612	6	200
1319	6	242
1462	6	1306
2439	6	1120
1404	6	355
1829	6	225
2377	6	927
1664	6	964
1676	6	336
1992	6	702
1774	6	371
2065	6	731
1924	6	1273
1427	6	388
2453	6	242
1457	6	1160
2451	6	997
2434	6	281
2415	6	388
1542	6	1181
1479	6	242
1899	6	181
1583	6	1252
1749	6	521
1664	6	1281
1703	6	388
1876	6	408
2370	6	414
2255	6	257
2363	6	245
1745	6	397
2020	6	373
1330	6	293
1903	6	181
1363	6	567
1772	6	373
1465	6	352
2362	6	353
2155	6	358
1621	6	277
2118	6	378
1885	6	388
2161	6	378
1975	6	397
1900	6	388
1409	6	183
2120	6	567
1479	6	677
1777	6	388
1405	6	930
1787	6	543
1501	6	305
2110	6	179
2342	6	352
1470	6	183
1556	6	495
1918	6	1262
1477	6	940
2038	6	388
2369	6	353
1594	6	183
1771	6	352
2238	6	285
2076	6	378
2387	6	944
1553	6	293
2253	6	1032
2259	6	845
1749	6	520
2094	6	1229
2265	6	668
2383	6	754
1749	6	1032
1648	6	1286
1954	6	269
1567	6	1063
2354	6	182
1915	6	624
2277	6	385
2301	6	388
1992	6	701
1487	6	1176
2264	6	363
2031	6	601
2193	6	782
1826	6	378
2065	6	378
1645	6	242
1769	6	373
1391	6	1309
2544	6	276
2038	6	373
2313	6	281
1647	6	1285
2401	6	183
1555	6	1190
2246	6	881
2166	6	780
2346	6	181
2200	6	378
2021	6	388
2030	6	728
1740	6	181
2144	6	773
2527	6	242
1956	6	410
1494	6	1180
2280	6	402
1371	6	274
1377	6	291
2073	6	718
2143	6	357
1540	6	1120
2038	6	293
2101	6	364
2418	6	722
1538	6	711
1969	6	250
1873	6	408
2518	6	257
1891	6	355
2126	6	378
1357	6	680
2003	6	378
2462	6	1086
2145	6	385
1678	6	336
2259	6	804
2077	6	744
1730	6	378
1582	6	311
1631	6	321
1935	6	637
2461	6	271
1430	6	291
2264	6	409
2150	6	385
1471	6	352
2226	6	385
2166	6	349
2437	6	264
1477	6	1051
1787	6	357
1354	6	233
2127	6	576
2420	6	981
1317	6	1045
1794	6	547
2037	6	181
1380	6	1111
2274	6	780
2537	6	299
2333	6	1186
1524	6	274
1439	6	793
1909	6	388
1477	6	1171
1606	6	329
2119	6	569
2490	6	262
2440	6	378
2127	6	357
2484	6	1075
1804	6	378
1481	6	677
1363	6	291
2253	6	809
2472	6	1262
2257	6	293
2537	6	293
2421	6	971
1777	6	373
1363	6	1100
2122	6	768
2026	6	388
1443	6	277
2133	6	385
1993	6	408
2308	6	397
2111	6	357
1754	6	371
1882	6	402
1872	6	602
1460	6	722
1674	6	1263
2259	6	181
2082	6	357
2025	6	388
2270	6	364
2272	6	378
1477	6	1052
1996	6	385
2011	6	182
2258	6	823
2447	6	878
1981	6	269
2328	6	352
2198	6	355
1813	6	293
1702	6	374
2544	6	1040
1430	6	402
1437	6	548
1995	6	378
2322	6	1053
2253	6	583
2381	6	352
2333	6	1164
1868	6	352
2222	6	385
2340	6	890
2179	6	352
1617	6	722
1369	6	1104
2195	6	407
2502	6	914
2333	6	1142
2023	6	357
1382	6	378
1457	6	938
2258	6	293
2383	6	786
2485	6	683
1517	6	291
1716	6	388
2110	6	357
1990	6	692
1990	6	694
1810	6	388
1976	6	388
2432	6	345
2181	6	780
1797	6	353
2075	6	380
2147	6	570
2306	6	363
1451	6	297
1481	6	388
1468	6	352
2415	6	973
1655	6	183
2496	6	219
2242	6	363
2096	6	567
2343	6	573
1583	6	310
1732	6	408
2486	6	1005
2222	6	772
2294	6	410
1734	6	388
2530	6	353
2256	6	574
2121	6	761
1471	6	183
1598	6	1242
1349	6	560
1704	6	351
1856	6	363
1362	6	259
2233	6	259
1632	6	1196
1952	6	373
1822	6	567
1883	6	242
1348	6	552
2065	6	737
2256	6	507
1741	6	363
1344	6	233
1555	6	1208
2048	6	357
2421	6	986
1604	6	257
2058	6	743
2388	6	548
1902	6	181
2485	6	276
2023	6	179
1845	6	388
2469	6	353
2420	6	963
1907	6	373
2404	6	233
1652	6	592
2293	6	399
1327	6	274
2228	6	364
2331	6	361
2407	6	259
2260	6	813
1606	6	299
1726	6	397
2538	6	936
2418	6	981
2268	6	853
2418	6	961
1540	6	1047
1656	6	183
1555	6	1225
2308	6	378
1708	6	374
2102	6	361
1436	6	1148
1669	6	336
1718	6	514
2043	6	380
1628	6	1264
2417	6	977
2306	6	397
2145	6	567
1535	6	1203
1355	6	281
1507	6	277
1996	6	511
2088	6	570
1611	6	512
1616	6	1025
2065	6	732
1581	6	325
1575	6	308
2086	6	377
2277	6	378
2508	6	1025
2121	6	377
1518	6	500
2228	6	378
2476	6	281
1864	6	388
1881	6	361
1710	6	1284
1988	6	675
1968	6	786
1775	6	364
2115	6	613
1936	6	376
1880	6	361
1559	6	369
1559	6	405
1514	6	1303
2533	6	250
2295	6	857
1555	6	1230
2090	6	364
1774	6	183
2022	6	357
1647	6	181
1422	6	291
2127	6	179
2377	6	183
1811	6	181
1477	6	1170
2303	6	200
1389	6	180
2023	6	378
1853	6	373
1532	6	242
2068	6	377
1594	6	1248
2406	6	293
1803	6	1313
1528	6	329
2170	6	379
2506	6	299
2479	6	291
1975	6	363
1908	6	388
2280	6	399
2274	6	378
1537	6	313
2063	6	182
1992	6	1009
2021	6	355
2381	6	754
1584	6	313
2385	6	940
1687	6	1313
2376	6	743
2117	6	414
1729	6	388
1986	6	410
1990	6	691
1743	6	378
2389	6	352
1705	6	502
1696	6	355
1892	6	378
2421	6	974
2006	6	376
2042	6	388
1752	6	225
1508	6	313
2379	6	352
2022	6	179
1784	6	364
2089	6	567
1847	6	363
1459	6	299
2055	6	601
1931	6	659
2332	6	367
2327	6	876
1937	6	378
1842	6	578
1738	6	1262
2122	6	766
1316	6	200
1616	6	414
1915	6	625
2379	6	362
1623	6	1261
2421	6	981
1587	6	326
1463	6	293
1361	6	293
2490	6	1012
2542	6	938
2206	6	378
1867	6	183
2253	6	378
2207	6	385
2418	6	963
1762	6	381
2357	6	182
1581	6	200
1964	6	399
1398	6	233
1660	6	263
2134	6	361
2360	6	242
2043	6	364
1566	6	254
1931	6	200
1749	6	386
1767	6	293
1621	6	682
1749	6	517
1351	6	1093
1523	6	291
1658	6	391
2049	6	380
1460	6	1165
2180	6	385
1497	6	876
1946	6	1262
1321	6	1120
1480	6	182
2319	6	399
2535	6	408
1857	6	378
2009	6	1300
1723	6	182
1636	6	1271
1607	6	1308
2235	6	285
2401	6	960
1990	6	687
1738	6	397
1713	6	293
1773	6	364
1758	6	391
1901	6	388
1390	6	180
1971	6	399
1573	6	352
2085	6	378
2502	6	1017
1555	6	1231
2438	6	875
1573	6	1241
1919	6	512
1666	6	336
2377	6	929
1382	6	889
1351	6	1095
1665	6	183
1982	6	397
2216	6	788
1994	6	668
2121	6	765
1871	6	595
2378	6	362
1882	6	363
1902	6	388
2310	6	351
2302	6	200
2362	6	254
2229	6	793
2044	6	373
2008	6	408
1608	6	378
2419	6	984
2284	6	388
2474	6	293
1563	6	1084
2309	6	264
1758	6	183
1938	6	388
1399	6	183
2534	6	1037
1352	6	677
1687	6	373
2421	6	975
2146	6	828
1990	6	684
1396	6	359
1846	6	363
2443	6	361
2534	6	414
1546	6	1151
1788	6	357
2099	6	179
2394	6	950
1734	6	363
1347	6	274
2164	6	385
1405	6	183
2459	6	261
1897	6	519
2524	6	408
2486	6	865
2400	6	183
2062	6	1301
1788	6	378
1519	6	351
2403	6	183
1831	6	365
1740	6	374
1911	6	621
1555	6	1232
1406	6	743
2253	6	386
2480	6	410
2466	6	293
2243	6	507
1883	6	399
1725	6	648
1583	6	784
1632	6	271
1506	6	281
2532	6	369
2333	6	1175
1708	6	408
2229	6	293
1471	6	1218
1859	6	183
1595	6	250
2084	6	747
2419	6	983
1429	6	310
1432	6	247
1445	6	353
1454	6	402
1807	6	561
2504	6	281
1370	6	378
1552	6	1223
1668	6	1264
2165	6	379
2262	6	293
1778	6	373
2055	6	408
1933	6	200
1951	6	817
1394	6	355
1991	6	388
1992	6	698
1409	6	932
2458	6	261
1635	6	353
1861	6	391
2199	6	355
1581	6	326
2040	6	732
2526	6	397
2111	6	179
1497	6	388
1934	6	647
1555	6	1234
2179	6	245
1391	6	264
1464	6	257
2437	6	378
1858	6	183
1421	6	293
1348	6	605
2018	6	408
2071	6	739
1674	6	336
1657	6	1290
1522	6	1195
2297	6	707
1710	6	293
1349	6	559
1929	6	355
1913	6	623
2060	6	735
2326	6	414
1416	6	388
1781	6	381
1610	6	1194
2041	6	293
2387	6	947
2260	6	842
2057	6	601
1409	6	927
1339	6	1058
2462	6	1262
1466	6	1167
1506	6	374
2131	6	567
1980	6	681
2355	6	182
2174	6	385
1795	6	564
2100	6	378
1818	6	379
1552	6	1222
1580	6	272
1350	6	402
2015	6	182
2265	6	378
1864	6	181
1317	6	402
2094	6	751
1906	6	182
2516	6	180
2438	6	993
2439	6	634
2115	6	555
1787	6	179
2491	6	361
2386	6	281
1515	6	291
1825	6	378
2251	6	293
1918	6	514
1545	6	323
1469	6	183
2468	6	264
1654	6	183
1348	6	559
2250	6	378
1488	6	293
2146	6	383
2522	6	281
1656	6	1290
1706	6	351
1337	6	1063
2132	6	752
2034	6	357
1657	6	1123
2235	6	200
2352	6	906
2435	6	259
1690	6	179
2294	6	388
2253	6	616
2484	6	1003
1837	6	179
1594	6	1241
1717	6	530
1542	6	1023
1400	6	287
1494	6	414
2072	6	378
1340	6	1070
1496	6	1025
1891	6	406
1348	6	355
1508	6	299
1796	6	293
1411	6	183
2328	6	405
1745	6	516
1598	6	1246
2436	6	281
2082	6	385
2037	6	388
2005	6	293
1984	6	182
1442	6	293
2033	6	388
2346	6	388
2469	6	396
2395	6	183
2421	6	980
1422	6	402
2326	6	388
2128	6	385
2123	6	378
2049	6	378
2471	6	242
2276	6	378
2015	6	408
2418	6	979
1617	6	962
1841	6	363
2539	6	293
1968	6	362
2141	6	358
2259	6	843
1591	6	299
1361	6	1120
1668	6	336
2495	6	388
1896	6	247
1997	6	718
1558	6	1010
1953	6	414
1694	6	519
1413	6	183
1622	6	1133
1675	6	1264
2333	6	1108
2035	6	380
1694	6	394
2412	6	264
2346	6	876
1881	6	608
2229	6	503
1973	6	293
1509	6	316
1702	6	388
1818	6	378
2120	6	574
1731	6	363
1725	6	1010
2041	6	408
2416	6	974
1877	6	1010
2221	6	790
1384	6	262
1904	6	1273
2356	6	388
2077	6	742
1384	6	415
1348	6	1080
2407	6	388
2239	6	514
1437	6	250
1492	6	889
2009	6	1304
2421	6	968
2073	6	741
1351	6	1085
2498	6	200
1370	6	299
2333	6	1131
2121	6	762
1591	6	1025
2327	6	875
2298	6	369
1673	6	1263
1381	6	275
2319	6	242
1436	6	1146
1691	6	182
1868	6	383
1994	6	688
2239	6	266
1639	6	1274
2132	6	385
1826	6	293
2157	6	839
1857	6	363
2516	6	245
2461	6	200
1443	6	595
2462	6	388
1828	6	371
1381	6	242
1730	6	363
2164	6	378
1942	6	284
1945	6	361
2420	6	621
1961	6	672
1693	6	181
1704	6	500
2074	6	388
1614	6	1181
1939	6	233
1845	6	378
1520	6	313
1997	6	719
1954	6	200
2063	6	378
1934	6	200
1938	6	378
2385	6	943
2484	6	1004
2376	6	362
1320	6	414
2535	6	1301
2179	6	360
2000	6	293
1545	6	1220
1881	6	606
1392	6	378
2057	6	408
1583	6	1253
1427	6	293
1545	6	966
2073	6	380
1733	6	363
1383	6	248
2073	6	746
1370	6	291
1566	6	1184
2016	6	408
2299	6	862
1577	6	274
2508	6	1024
2406	6	257
1673	6	336
1900	6	181
2498	6	204
2192	6	349
1539	6	257
1440	6	1151
2265	6	293
2358	6	262
1535	6	329
2421	6	985
2162	6	349
2383	6	743
2137	6	378
2087	6	385
2167	6	385
2220	6	364
1671	6	341
1856	6	586
1530	6	275
1644	6	353
2399	6	183
1646	6	242
2427	6	991
1891	6	376
2260	6	808
1724	6	373
1971	6	242
1720	6	388
1508	6	414
1386	6	361
2101	6	378
2310	6	353
1417	6	356
2377	6	923
1546	6	356
1431	6	1145
1721	6	373
2156	6	358
1651	6	1287
2442	6	355
1969	6	249
2472	6	1229
1505	6	1307
2405	6	246
2375	6	247
1464	6	293
1558	6	376
1574	6	1244
2502	6	378
1536	6	281
1980	6	280
1409	6	1115
2506	6	274
2430	6	378
1519	6	353
1669	6	1264
2081	6	179
2194	6	364
2308	6	388
1582	6	200
2439	6	385
1830	6	385
2246	6	397
1760	6	367
2256	6	830
1987	6	366
2245	6	388
2069	6	786
2257	6	834
2408	6	182
2434	6	378
2531	6	270
1954	6	280
2073	6	744
2485	6	264
1353	6	281
2052	6	1302
1913	6	622
2347	6	896
1687	6	363
2546	6	388
2490	6	361
1916	6	388
2137	6	385
2221	6	385
2510	6	414
1999	6	357
1450	6	290
1635	6	1269
2063	6	388
2433	6	293
2322	6	388
2449	6	281
2028	6	385
2023	6	385
1963	6	647
1986	6	1310
2532	6	270
1834	6	183
1591	6	337
2430	6	281
2246	6	886
1483	6	247
2208	6	378
1707	6	540
1717	6	551
1728	6	668
1577	6	305
2264	6	293
2077	6	745
1349	6	556
2003	6	373
1407	6	183
1996	6	569
1959	6	378
1425	6	399
2502	6	1020
2515	6	245
1977	6	373
1954	6	261
2256	6	966
1362	6	1101
2158	6	386
2108	6	507
1603	6	502
1449	6	353
2244	6	399
1352	6	399
2218	6	385
2466	6	182
2196	6	784
1466	6	1029
1604	6	414
2395	6	391
2435	6	402
1842	6	388
2246	6	885
2427	6	992
2168	6	183
1948	6	374
1411	6	1125
2052	6	408
1471	6	1169
2502	6	991
2542	6	281
1965	6	402
2097	6	755
2421	6	972
1806	6	558
2028	6	378
1473	6	743
1544	6	1186
1348	6	608
1766	6	293
1391	6	380
2430	6	293
1731	6	1010
2538	6	378
1358	6	293
1981	6	261
1334	6	360
1358	6	274
1529	6	1198
1383	6	245
1573	6	1239
1749	6	524
2003	6	388
2412	6	397
2472	6	388
2410	6	962
1422	6	259
1315	6	388
2306	6	388
1498	6	254
2394	6	359
1366	6	1103
2256	6	822
1626	6	1264
1555	6	397
2260	6	847
1594	6	308
1508	6	281
1970	6	676
1795	6	351
1805	6	583
1824	6	358
1830	6	357
1659	6	500
1600	6	276
2190	6	345
2175	6	358
1813	6	364
2339	6	388
1336	6	409
2220	6	349
2200	6	355
1731	6	397
2449	6	865
2514	6	248
2160	6	778
2520	6	291
1420	6	1134
2304	6	863
1655	6	1289
1554	6	248
2544	6	1042
2348	6	902
2302	6	662
1992	6	388
1502	6	680
2049	6	373
2511	6	257
1978	6	380
2474	6	378
1791	6	183
1504	6	214
2315	6	264
1423	6	1138
1788	6	179
2322	6	1075
1325	6	1020
2225	6	378
2073	6	378
1769	6	378
2409	6	260
1439	6	1284
2292	6	956
1775	6	293
2364	6	399
2377	6	921
2253	6	811
1770	6	357
2241	6	376
2087	6	507
1352	6	266
2052	6	1301
1736	6	397
1909	6	378
2123	6	386
2298	6	352
1961	6	673
2491	6	262
1952	6	658
2243	6	801
2248	6	293
2073	6	715
2099	6	1053
1639	6	281
1760	6	359
1854	6	363
1866	6	183
1352	6	799
2415	6	577
1555	6	1224
2259	6	844
1542	6	1207
2073	6	742
2504	6	1022
1486	6	374
2005	6	388
1796	6	388
1861	6	183
1572	6	361
2542	6	936
2325	6	354
1516	6	291
1534	6	291
1879	6	347
2398	6	352
1577	6	291
1847	6	581
1620	6	281
1348	6	1079
1871	6	596
1598	6	1244
2088	6	385
2260	6	293
2160	6	378
1801	6	408
2284	6	293
1315	6	399
2170	6	378
1682	6	1294
2468	6	388
1509	6	200
1450	6	353
2524	6	573
1500	6	291
1968	6	743
2000	6	380
1351	6	876
1334	6	743
2336	6	378
1774	6	541
1351	6	1087
2416	6	972
1989	6	402
2269	6	854
2081	6	385
2343	6	894
1729	6	1010
2056	6	599
1629	6	1266
1542	6	1025
2519	6	257
2132	6	756
2415	6	974
2506	6	291
2272	6	364
2246	6	516
1968	6	754
2459	6	200
1786	6	604
2202	6	293
2069	6	352
2416	6	973
1487	6	378
2180	6	364
1710	6	504
1446	6	1058
1562	6	1238
1666	6	1291
1973	6	363
1715	6	293
1738	6	512
1383	6	906
2412	6	388
2289	6	414
2538	6	1038
1348	6	1077
2536	6	261
1974	6	182
2426	6	990
2374	6	919
1748	6	1010
1323	6	242
1832	6	360
2033	6	373
1706	6	367
2311	6	388
1773	6	373
1884	6	1273
2116	6	347
2533	6	200
1948	6	408
1503	6	415
1906	6	373
2324	6	354
2354	6	277
2533	6	361
2274	6	364
1700	6	293
2150	6	569
1647	6	1111
2545	6	409
2081	6	567
2242	6	378
2091	6	414
2071	6	388
1895	6	180
1828	6	352
1636	6	1139
2062	6	1304
2380	6	374
1696	6	376
2027	6	179
1920	6	264
1543	6	1216
1982	6	363
2521	6	388
1842	6	577
1936	6	651
1337	6	409
1575	6	1248
1787	6	385
1806	6	406
2183	6	378
1439	6	1150
1739	6	397
1934	6	646
1723	6	388
1888	6	355
1482	6	275
2190	6	361
1672	6	1263
1568	6	245
2419	6	722
1543	6	994
1932	6	659
2228	6	385
2147	6	385
1746	6	397
1791	6	371
1533	6	1199
2245	6	293
2000	6	388
1517	6	274
1779	6	373
1739	6	699
2377	6	926
2054	6	1300
1361	6	378
1796	6	357
2542	6	937
1422	6	1307
2073	6	388
1338	6	1066
1326	6	408
2462	6	1284
1343	6	200
2402	6	352
2419	6	963
1460	6	414
1870	6	353
2502	6	1019
1904	6	1262
1467	6	291
1345	6	280
1385	6	361
2415	6	965
1843	6	182
1396	6	353
2410	6	964
1852	6	179
1422	6	1084
1842	6	806
1382	6	301
2253	6	1251
2448	6	1307
1881	6	555
2144	6	378
1419	6	351
1814	6	293
2212	6	780
1319	6	277
2316	6	264
1362	6	402
2291	6	293
2253	6	293
2342	6	239
1716	6	293
2523	6	858
1960	6	200
1569	6	1010
1915	6	632
1467	6	281
1712	6	293
1639	6	1275
2282	6	357
2273	6	385
2495	6	414
2465	6	415
1848	6	581
2067	6	378
2260	6	849
2361	6	356
1584	6	1139
1482	6	378
2370	6	388
1329	6	1055
1508	6	994
1318	6	352
2113	6	347
2182	6	349
1904	6	1284
2036	6	388
2496	6	200
2063	6	373
1446	6	293
2416	6	971
1578	6	363
1860	6	591
2043	6	179
1543	6	1213
1627	6	1263
1374	6	281
1992	6	691
1709	6	293
1872	6	1299
1806	6	409
2372	6	293
1508	6	1023
2108	6	567
1316	6	206
1936	6	378
2477	6	293
2431	6	414
2482	6	281
2320	6	250
1568	6	248
2415	6	181
1410	6	1122
2333	6	388
2322	6	1021
1642	6	359
1497	6	277
1590	6	414
2510	6	260
1533	6	1201
1946	6	516
1698	6	409
1773	6	179
2256	6	816
1666	6	1292
1436	6	1147
1629	6	352
1856	6	587
1484	6	743
2218	6	364
1499	6	1187
2239	6	399
1659	6	261
1473	6	360
2453	6	402
1570	6	245
1588	6	355
1936	6	1310
2187	6	349
2011	6	388
1819	6	385
2300	6	200
1766	6	363
2253	6	810
1757	6	184
1727	6	397
1720	6	293
2509	6	1026
1906	6	388
1600	6	397
2361	6	911
2203	6	399
1898	6	388
2393	6	353
2292	6	913
1410	6	183
1695	6	248
1992	6	703
2417	6	619
2258	6	836
2156	6	735
1362	6	293
2250	6	293
1740	6	376
2151	6	568
1536	6	293
2503	6	1295
1592	6	865
2502	6	1018
1543	6	1182
2094	6	385
2059	6	600
1397	6	184
1887	6	376
2243	6	966
2032	6	408
2102	6	234
1507	6	1189
2020	6	720
1735	6	388
2474	6	301
2341	6	402
1351	6	1090
2216	6	385
1503	6	361
1430	6	293
2450	6	281
1812	6	373
1392	6	399
2178	6	349
1897	6	617
1458	6	353
1390	6	1112
2027	6	727
2385	6	299
1689	6	388
1961	6	674
1650	6	183
1996	6	710
1793	6	371
2409	6	414
1839	6	385
1341	6	1071
2478	6	410
1652	6	183
2346	6	277
2414	6	281
2045	6	373
1906	6	562
1727	6	1262
1480	6	266
2338	6	402
2489	6	1012
1561	6	1238
1428	6	388
2230	6	293
1421	6	402
1677	6	1263
1846	6	376
2333	6	1097
1938	6	179
2323	6	361
1897	6	496
2444	6	1229
1928	3	148
1598	3	148
2327	3	148
1805	3	148
2101	3	148
1500	3	148
1346	3	146
2412	3	148
2117	3	148
1972	3	148
2437	3	148
1432	3	146
1508	3	148
1392	3	148
2096	3	148
1461	3	148
2097	3	148
2211	3	148
1547	3	146
1606	3	148
1784	3	148
2127	3	148
1885	3	148
2171	3	148
2363	3	146
1617	3	148
2287	3	147
1788	3	148
1925	3	148
2180	3	148
2160	3	148
2197	3	148
2406	3	148
2231	3	148
1419	3	146
1772	3	148
1520	3	148
1978	3	148
1800	3	146
1478	3	148
1765	3	147
1968	3	147
2294	3	148
1718	3	148
1477	3	148
1866	3	147
1786	3	148
1747	3	148
1721	3	148
1457	3	148
2253	3	148
2508	3	148
1822	3	148
1930	3	148
1702	3	148
1902	3	148
2466	3	148
2448	3	148
2255	3	148
1750	3	148
2144	3	148
1509	3	146
1652	3	147
1581	3	146
2110	3	148
1820	3	148
1911	3	148
2538	3	148
1878	3	148
2083	3	148
2261	3	148
1887	3	148
1377	3	148
2252	3	148
2230	3	148
1801	3	148
1905	3	148
1363	3	148
1339	3	148
1894	3	146
1790	3	147
2479	3	148
2062	3	148
2515	3	146
2339	3	148
1329	3	148
1857	3	148
1946	3	148
1881	3	146
2295	3	148
1900	3	148
1417	3	149
2267	3	148
2361	3	149
2521	3	148
2209	3	148
2410	3	148
2005	3	148
1342	3	148
2531	3	149
1987	3	149
2279	3	148
2116	3	146
2213	3	148
1678	3	148
1737	3	148
1436	3	147
2443	3	146
2422	3	148
1523	3	148
2352	3	146
1489	3	146
2492	3	148
1891	3	148
2345	3	148
1889	3	148
1341	3	148
1453	3	146
2493	3	146
2150	3	148
1427	3	148
1802	3	148
2347	3	148
1370	3	148
1488	3	148
1496	3	148
1781	3	146
1600	3	148
2113	3	146
2115	3	146
1776	3	147
1381	3	148
2077	3	148
1570	3	146
1814	3	148
1653	3	148
1956	3	148
1623	3	148
2027	3	148
2424	3	148
1351	3	148
1940	3	148
1855	3	148
1927	3	148
1656	3	147
2404	3	147
2485	3	148
1410	3	147
1545	3	148
2010	3	148
1327	3	148
1842	3	148
1530	3	148
2258	3	148
2236	3	146
1955	3	148
2086	3	148
2023	3	148
1735	3	148
2338	3	148
1999	3	148
2196	3	147
1860	3	147
2465	3	146
2085	3	148
1672	3	148
2073	3	148
1348	3	148
2284	3	148
2356	3	148
2071	3	148
1671	3	148
1670	3	148
2031	3	148
2134	3	146
2036	3	148
2390	3	149
1982	3	148
1630	3	148
1920	3	148
2190	3	146
1406	3	147
2464	3	148
1604	3	148
1360	3	148
2315	3	148
2047	3	148
2165	3	148
1424	3	148
1682	3	148
1952	3	148
1371	3	148
2436	3	148
1837	3	148
1472	3	147
2149	3	148
2403	3	147
1917	3	148
2006	3	148
2331	3	146
1572	3	146
2346	3	148
2251	3	148
1405	3	147
2360	3	148
1527	3	148
2491	3	146
1974	3	148
2381	3	147
2229	3	148
2394	3	149
2514	3	146
1491	3	146
1333	3	148
1525	3	148
1511	3	149
2533	3	146
2489	3	146
2043	3	148
1395	3	148
1996	3	148
2074	3	148
2131	3	148
1714	3	148
2107	3	148
1668	3	148
2281	3	148
1841	3	148
2011	3	148
1792	3	146
2544	3	148
1541	3	148
1512	3	148
1883	3	148
1418	3	149
1760	3	149
1674	3	148
1746	3	148
1558	3	148
1967	3	148
2302	3	146
2293	3	148
2501	3	146
2084	3	148
1643	3	148
1638	3	146
2233	3	148
2275	3	148
1689	3	148
2425	3	148
1845	3	148
1660	3	146
2208	3	148
1565	3	148
2064	3	148
2291	3	148
2079	3	148
1366	3	148
2400	3	147
1403	3	147
2058	3	147
1957	3	148
1321	3	148
1320	3	148
1896	3	146
1983	3	148
1456	3	148
1359	3	148
1962	3	148
1338	3	148
1733	3	148
2143	3	148
2166	3	148
1980	3	146
1992	3	148
2399	3	147
1753	3	148
1481	3	148
1521	3	148
2057	3	148
2405	3	148
1840	3	148
1693	3	148
1813	3	148
2245	3	148
1935	3	148
1475	3	147
1550	3	148
1348	3	146
2502	3	148
1749	3	148
2111	3	148
2504	3	148
1454	3	148
1694	3	148
1445	3	149
1563	3	148
1495	3	147
2154	3	148
2314	3	148
2431	3	148
2526	3	148
1498	3	149
1434	3	148
1401	3	147
1852	3	148
2200	3	148
1651	3	147
2370	3	148
2374	3	146
1740	3	148
2348	3	148
1649	3	147
2349	3	148
2285	3	148
1501	3	148
2238	3	146
1731	3	148
2375	3	146
1497	3	148
2155	3	148
1868	3	147
2001	3	148
2473	3	148
1474	3	147
1907	3	148
2263	3	148
1904	3	148
1961	3	146
2124	3	148
2118	3	148
1480	3	148
1594	3	147
2415	3	148
1485	3	146
2029	3	148
2386	3	148
2428	3	148
1561	3	148
1697	3	146
2509	3	148
2216	3	148
1976	3	148
1393	3	146
1431	3	147
1818	3	148
2387	3	149
2186	3	148
2487	3	146
2018	3	148
2490	3	146
1787	3	148
2162	3	148
2433	3	148
1546	3	149
1379	3	148
1412	3	147
1834	3	147
1639	3	148
2320	3	146
2106	3	148
2041	3	148
1317	3	148
1971	3	148
1326	3	148
2297	3	148
1803	3	148
1993	3	148
1986	3	148
1947	3	148
2316	3	148
1608	3	148
1413	3	147
2476	3	148
1884	3	148
1824	3	148
2441	3	148
1879	3	146
1832	3	147
2351	3	146
2179	3	147
2068	3	148
1696	3	148
1368	3	148
2310	3	149
1661	3	146
1636	3	149
1439	3	148
1353	3	148
2184	3	148
2454	3	146
1738	3	148
1423	3	147
2219	3	148
1557	3	148
2396	3	147
1524	3	148
1680	3	148
2040	3	148
2046	3	148
1963	3	146
1425	3	148
1825	3	148
1467	3	148
1711	3	148
1988	3	148
2423	3	148
2157	3	147
1821	3	148
1426	3	148
2324	3	146
2298	3	147
2446	3	148
2034	3	148
1811	3	148
2212	3	148
1853	3	148
1400	3	147
1979	3	146
1470	3	147
2262	3	148
1392	3	146
1764	3	148
2397	3	147
1703	3	148
1362	3	148
1391	3	148
2080	3	146
2518	3	148
2122	3	148
1556	3	148
1647	3	148
1473	3	147
2447	3	148
1869	3	149
2530	3	149
2289	3	148
2528	3	148
2108	3	148
1666	3	148
1465	3	147
2432	3	146
1804	3	148
1349	3	146
2455	3	146
1692	3	148
2225	3	148
2256	3	148
2076	3	148
1838	3	148
2234	3	148
1428	3	148
1858	3	147
1513	3	148
2125	3	148
1686	3	148
1953	3	148
1701	3	148
2204	3	148
1909	3	148
1568	3	146
1618	3	148
2336	3	148
1886	3	146
1325	3	148
2477	3	148
1645	3	148
1722	3	148
1552	3	148
1892	3	148
1936	3	148
2461	3	146
2373	3	148
1637	3	149
2484	3	148
1603	3	148
1452	3	148
1402	3	147
1736	3	148
2081	3	148
2217	3	148
1549	3	146
1725	3	148
2126	3	148
1535	3	148
1948	3	148
1622	3	147
1700	3	148
2004	3	148
2525	3	146
1350	3	148
1659	3	146
1579	3	148
1383	3	146
1554	3	146
1440	3	149
2243	3	148
2060	3	148
1576	3	149
2304	3	146
1997	3	148
2257	3	148
2322	3	148
1898	3	148
1937	3	148
2408	3	148
1365	3	148
2413	3	146
2395	3	147
1706	3	146
2185	3	148
2330	3	146
2401	3	147
1507	3	148
2089	3	148
1679	3	148
2305	3	146
2494	3	146
1995	3	148
2207	3	148
1888	3	148
2378	3	147
2496	3	146
1901	3	148
2039	3	148
1593	3	148
2052	3	148
1442	3	148
1486	3	148
2147	3	148
1448	3	148
2459	3	146
1748	3	148
1681	3	148
1616	3	148
2317	3	146
1611	3	148
2214	3	148
1760	3	146
1614	3	148
1914	3	148
1941	3	146
2442	3	148
1430	3	148
1646	3	148
1826	3	148
1741	3	148
2288	3	147
1854	3	148
1965	3	148
2383	3	147
2223	3	148
2067	3	148
1954	3	146
2019	3	148
1684	3	148
1571	3	147
1555	3	148
2003	3	148
1476	3	148
2119	3	148
2193	3	148
1522	3	148
1919	3	148
2105	3	148
2268	3	148
2458	3	146
2172	3	148
2265	3	148
1712	3	148
1388	3	146
2420	3	148
1817	3	146
2301	3	148
1723	3	148
1319	3	148
1650	3	147
2232	3	148
2182	3	148
2025	3	148
1482	3	148
1915	3	148
2226	3	148
2513	3	148
2539	3	148
2497	3	146
1387	3	148
2139	3	148
2282	3	148
1441	3	148
2309	3	148
2471	3	148
1779	3	148
1601	3	148
2334	3	146
1411	3	147
1849	3	148
2440	3	148
1562	3	148
2158	3	148
2240	3	148
2148	3	148
1626	3	148
2524	3	148
2056	3	148
1553	3	148
2114	3	148
1357	3	148
2462	3	148
1828	3	147
1629	3	147
1577	3	148
2300	3	146
1799	3	146
1745	3	148
1635	3	149
1515	3	148
2100	3	148
1516	3	148
2008	3	148
2187	3	148
1934	3	146
1949	3	148
2044	3	148
1861	3	147
2358	3	146
1337	3	148
1665	3	147
2379	3	147
1375	3	147
1642	3	149
2038	3	148
1340	3	148
1687	3	148
2434	3	148
1587	3	146
1358	3	148
2270	3	148
1807	3	148
1989	3	148
2453	3	148
2260	3	148
1493	3	148
2102	3	146
1969	3	146
2050	3	148
1890	3	148
1632	3	146
1708	3	148
2535	3	148
2368	3	146
1421	3	148
2451	3	148
2215	3	148
2306	3	148
1460	3	148
2069	3	147
2372	3	148
2438	3	148
1330	3	148
2188	3	148
1352	3	148
1429	3	147
1640	3	148
2152	3	148
2045	3	148
2095	3	148
2532	3	149
2266	3	148
2353	3	148
2319	3	148
1862	3	147
1893	3	148
1610	3	148
1669	3	148
2028	3	148
2210	3	148
1985	3	148
2178	3	148
2457	3	146
2090	3	148
1829	3	146
1777	3	148
2332	3	146
2427	3	148
1734	3	148
2416	3	148
2009	3	148
2082	3	148
1685	3	148
1518	3	149
2037	3	148
2409	3	148
1762	3	146
2203	3	148
2177	3	148
2483	3	146
2141	3	148
2499	3	146
1385	3	146
1991	3	148
1874	3	148
2308	3	148
2199	3	148
1641	3	149
1354	3	147
1336	3	148
1743	3	148
1676	3	148
1458	3	149
2543	3	146
2276	3	148
2342	3	147
2469	3	149
2520	3	148
2218	3	148
1596	3	146
2452	3	148
2169	3	148
2329	3	148
2286	3	148
1540	3	148
2249	3	148
2312	3	148
2272	3	148
1848	3	148
1975	3	148
1856	3	148
1815	3	148
1903	3	148
2435	3	148
1846	3	148
1897	3	148
2250	3	148
1455	3	147
2201	3	148
1543	3	148
2482	3	148
1728	3	148
2505	3	146
1929	3	148
1950	3	147
1768	3	147
1851	3	148
2523	3	148
1657	3	147
2030	3	148
1376	3	148
1850	3	148
2280	3	148
1778	3	148
1469	3	147
1662	3	148
2120	3	148
1397	3	147
1823	3	148
2140	3	148
2244	3	148
2061	3	148
2145	3	148
2344	3	148
2335	3	148
1343	3	146
2511	3	148
1315	3	148
2122	3	146
1615	3	148
2092	3	148
2510	3	148
2042	3	148
2059	3	148
2191	3	148
1675	3	148
2341	3	148
2123	3	148
2269	3	148
2333	3	148
1384	3	146
1899	3	148
1865	3	147
1970	3	148
1548	3	148
2206	3	148
1468	3	147
2478	3	148
2235	3	146
1864	3	148
1519	3	149
1487	3	148
2506	3	148
1990	3	148
2407	3	148
2439	3	148
1398	3	147
2033	3	148
2227	3	148
1582	3	146
1771	3	147
2495	3	148
1627	3	148
1416	3	148
2303	3	146
1415	3	148
2000	3	148
1756	3	147
1938	3	148
1710	3	148
1490	3	146
1451	3	149
1984	3	148
1726	3	148
2137	3	148
1756	3	146
2002	3	148
1667	3	148
2192	3	148
1322	3	148
1655	3	147
2035	3	148
2296	3	148
1471	3	147
1859	3	147
2328	3	147
2313	3	148
1514	3	148
1719	3	148
1704	3	149
2460	3	148
1590	3	148
1673	3	148
1404	3	148
1707	3	148
2311	3	148
1443	3	148
2419	3	148
1908	3	148
2430	3	148
1494	3	148
2536	3	146
2135	3	148
2174	3	148
2389	3	147
2054	3	148
2048	3	148
1597	3	148
1372	3	148
1331	3	148
1533	3	148
2153	3	148
2195	3	147
1364	3	147
1791	3	147
2354	3	148
2194	3	148
2364	3	148
1484	3	147
1690	3	148
2445	3	148
1926	3	148
2222	3	148
2075	3	148
2179	3	146
2337	3	148
1964	3	148
1758	3	147
1720	3	148
2205	3	148
1564	3	148
2176	3	148
2164	3	148
1830	3	148
1977	3	148
1566	3	149
1973	3	148
2007	3	148
1812	3	148
1382	3	148
1531	3	148
1810	3	148
1334	3	147
1502	3	148
2402	3	147
2500	3	146
1592	3	148
1479	3	148
2472	3	148
2480	3	148
1409	3	147
1463	3	148
2247	3	148
1435	3	147
1732	3	148
1573	3	147
1575	3	147
1695	3	146
2343	3	148
1644	3	149
1715	3	148
1742	3	148
2474	3	148
1589	3	148
1528	3	148
1356	3	148
1873	3	148
1373	3	148
1767	3	148
1335	3	146
1583	3	147
1414	3	149
1933	3	146
2220	3	148
2051	3	148
1466	3	148
2411	3	148
1876	3	148
1394	3	148
1449	3	149
2385	3	148
2545	3	148
1806	3	148
2273	3	148
1808	3	147
2517	3	146
1658	3	147
1599	3	148
1367	3	148
2367	3	148
1763	3	147
1551	3	148
2248	3	148
1958	3	146
2066	3	148
2357	3	148
1773	3	148
1945	3	146
1355	3	148
1323	3	148
2391	3	149
2024	3	148
1532	3	148
1631	3	148
1347	3	148
1796	3	148
2259	3	148
2138	3	148
2032	3	148
1396	3	149
2016	3	148
2202	3	148
2542	3	148
2292	3	148
2026	3	148
2540	3	148
1613	3	146
2065	3	148
1612	3	146
2290	3	148
1602	3	146
1607	3	148
1539	3	148
1833	3	148
1727	3	148
1504	3	146
1836	3	148
1648	3	148
1875	3	148
1912	3	148
1499	3	146
2094	3	148
2063	3	148
1959	3	148
2393	3	149
1880	3	146
1408	3	147
1483	3	146
2537	3	148
1924	3	148
2070	3	148
1910	3	148
2088	3	148
2377	3	147
2463	3	146
1882	3	148
2112	3	148
2021	3	148
1526	3	148
2398	3	147
1839	3	148
1534	3	148
2264	3	148
2173	3	148
1775	3	148
2242	3	148
2421	3	148
2163	3	148
1389	3	146
2239	3	148
2053	3	148
2274	3	148
1542	3	148
1931	3	146
2321	3	146
2418	3	148
2015	3	148
1544	3	148
1663	3	148
1819	3	148
2022	3	148
1369	3	148
1420	3	147
1619	3	148
2221	3	148
2340	3	148
1724	3	148
1605	3	148
2055	3	148
1361	3	148
2132	3	148
1863	3	147
1769	3	148
1633	3	148
1793	3	147
1378	3	148
2020	3	148
2278	3	148
2475	3	148
2307	3	148
1744	3	148
2481	3	148
2444	3	148
2429	3	146
2512	3	146
2522	3	148
1739	3	148
1759	3	147
1628	3	148
2299	3	146
2350	3	146
2254	3	148
2099	3	148
2093	3	148
2151	3	148
1374	3	148
1871	3	148
1529	3	148
2362	3	149
2103	3	148
1588	3	148
1654	3	147
2519	3	148
2183	3	148
1761	3	148
2318	3	148
1795	3	149
1699	3	148
2142	3	148
2392	3	149
2529	3	148
1751	3	148
2133	3	148
1584	3	148
1538	3	148
2098	3	148
1591	3	148
2159	3	148
1754	3	147
1399	3	147
1450	3	149
1698	3	148
1944	3	146
1717	3	148
2369	3	149
2224	3	148
2325	3	146
1506	3	148
1438	3	148
1981	3	146
1536	3	148
2129	3	148
1942	3	146
1872	3	148
1951	3	147
2531	3	147
1390	3	146
1831	3	146
1918	3	148
2541	3	148
2417	3	148
1843	3	148
1816	3	146
2168	3	147
1774	3	147
2546	3	148
2161	3	148
2388	3	146
1459	3	148
2467	3	148
2468	3	148
1664	3	148
2534	3	148
2507	3	148
2121	3	148
2241	3	148
1913	3	148
1380	3	148
2198	3	148
1444	3	148
1586	3	146
2326	3	148
1386	3	146
1870	3	149
1578	3	148
2156	3	148
2384	3	147
2167	3	148
2366	3	148
1960	3	146
2486	3	148
2012	3	148
2527	3	148
1437	3	146
2246	3	148
1844	3	148
2017	3	148
1621	3	148
1446	3	148
1422	3	148
1332	3	148
1407	3	147
1595	3	146
1932	3	146
1503	3	146
1344	3	147
2382	3	147
1713	3	148
1797	3	149
2146	3	147
1716	3	148
1705	3	148
1730	3	148
1766	3	148
1691	3	148
1895	3	146
1867	3	147
2450	3	148
1585	3	148
1752	3	146
1877	3	148
1345	3	146
2414	3	148
1789	3	146
1559	3	147
2470	3	146
1770	3	148
2532	3	147
2013	3	148
1757	3	147
1328	3	147
2365	3	148
1998	3	148
2109	3	148
1318	3	147
1916	3	148
2498	3	146
1583	3	146
1609	3	148
2277	3	148
1537	3	148
1517	3	148
2104	3	148
1847	3	148
2323	3	146
1755	3	147
1709	3	148
2359	3	148
1462	3	147
1625	3	148
1677	3	148
1798	3	146
1574	3	148
1906	3	148
2228	3	148
2189	3	148
1780	3	148
1729	3	148
1634	3	146
1447	3	148
2516	3	146
1567	3	148
2072	3	148
1324	3	148
2449	3	148
1939	3	147
2136	3	148
2175	3	148
2087	3	148
2271	3	148
2488	3	146
1597	3	146
1620	3	148
2128	3	148
1433	3	147
1316	3	146
1809	3	148
1560	3	148
1464	3	148
2376	3	147
2503	3	148
2091	3	148
2380	3	148
2456	3	146
2049	3	148
2170	3	148
2426	3	148
2283	3	148
2355	3	148
1580	3	146
464	13	378
467	13	183
472	13	310
485	13	305
419	13	254
456	13	378
459	13	313
456	13	293
477	13	282
456	13	274
491	13	242
450	13	399
463	13	242
456	13	399
491	13	299
449	13	293
448	13	362
473	13	293
458	13	299
471	13	301
459	13	397
480	13	329
426	13	233
475	13	352
449	13	409
492	13	345
458	13	414
488	13	272
474	13	183
472	13	200
462	13	397
475	13	308
462	13	409
472	13	271
446	13	276
493	13	362
474	13	279
458	13	378
484	13	414
458	13	337
449	13	402
472	13	261
484	13	333
491	13	344
477	13	281
484	13	378
433	13	293
459	13	275
472	13	352
419	13	359
449	13	378
433	13	378
445	13	313
453	13	184
490	13	242
493	13	360
433	13	388
481	13	323
446	13	313
447	13	357
476	13	299
421	13	351
472	13	316
437	13	359
441	13	249
492	13	347
433	13	182
458	13	313
493	13	233
452	13	352
445	13	352
456	13	299
445	13	183
456	13	409
476	13	291
450	13	409
473	13	281
481	13	378
472	13	369
481	13	293
490	13	293
476	13	274
492	13	234
450	13	274
448	13	309
486	13	272
476	13	305
456	13	281
464	13	410
450	13	293
485	13	274
437	13	254
461	13	262
466	13	397
450	13	299
442	13	414
481	13	281
467	13	287
481	13	322
464	13	275
472	13	311
423	13	352
474	13	352
456	13	402
450	13	378
449	13	242
433	13	397
442	13	181
458	13	281
426	13	352
427	13	352
443	13	347
493	13	352
456	13	242
480	13	281
491	13	329
484	13	321
433	13	363
449	13	257
445	13	251
459	13	276
437	13	290
447	13	378
443	13	361
477	13	397
443	13	271
485	13	282
490	13	323
465	13	262
493	13	371
433	13	181
481	13	336
492	13	361
459	13	378
464	13	337
480	13	378
475	13	183
473	13	378
486	13	200
446	13	378
487	13	341
491	13	336
464	13	313
484	13	281
462	13	242
486	13	327
437	13	297
424	13	369
441	13	180
443	13	316
449	13	277
448	13	352
487	13	336
487	13	378
477	13	293
443	13	248
445	13	378
419	13	353
427	13	391
459	13	410
465	13	415
487	13	281
472	13	405
481	13	242
491	13	281
488	13	200
452	13	184
445	13	410
467	13	352
480	13	301
456	13	257
478	13	383
459	13	282
442	13	388
456	13	277
477	13	364
447	13	388
480	13	293
441	13	248
419	13	270
488	13	339
450	13	281
456	13	291
449	13	291
464	13	276
481	13	329
462	13	293
437	13	255
466	13	293
437	13	353
419	13	256
487	13	242
455	13	412
426	13	360
446	13	275
459	13	242
443	13	200
480	13	299
477	13	378
449	13	399
