CompoundID,ChemOntID,ClassifiedResults
71300633,CHEMONTID:0000000,Kingdom: Organic compounds
71300633,CHEMONTID:0000002,Superclass: Organoheterocyclic compounds
71300633,CHEMONTID:0001455,Class: Tetrapyrroles and derivatives
71300633,CHEMONTID:0000353,Subclass: Corrinoids
71300633,CHEMONTID:0000352,Direct_parent: Cobalamin derivatives
71300633,CHEMONTID:0001926,alternative_parents: Metallotetrapyrroles
71300633,CHEMONTID:0000663,alternative_parents: Benzimidazole ribonucleosides and ribonucleotides
71300633,CHEMONTID:0002259,alternative_parents: Pentose phosphates
71300633,CHEMONTID:0002203,alternative_parents: Glycosylamines
71300633,CHEMONTID:0001541,alternative_parents: Monosaccharide phosphates
71300633,CHEMONTID:0000294,alternative_parents: Benzimidazoles
71300633,CHEMONTID:0001266,alternative_parents: Phosphoethanolamines
71300633,CHEMONTID:0003459,alternative_parents: Dialkyl phosphates
71300633,CHEMONTID:0002448,alternative_parents: Benzenoids
71300633,CHEMONTID:0000331,alternative_parents: Fatty amides
71300633,CHEMONTID:0002311,alternative_parents: N-substituted imidazoles
71300633,CHEMONTID:0001967,alternative_parents: Oxolanes
71300633,CHEMONTID:0004144,alternative_parents: Heteroaromatic compounds
71300633,CHEMONTID:0000091,alternative_parents: Pyrrolines
71300633,CHEMONTID:0000218,alternative_parents: Pyrrolidines
71300633,CHEMONTID:0001302,alternative_parents: Organic phosphonic acids
71300633,CHEMONTID:0001662,alternative_parents: Primary carboxylic acid amides
71300633,CHEMONTID:0001663,alternative_parents: Secondary carboxylic acid amides
71300633,CHEMONTID:0001661,alternative_parents: Secondary alcohols
71300633,CHEMONTID:0001673,alternative_parents: Ketimines
71300633,CHEMONTID:0004140,alternative_parents: Oxacyclic compounds
71300633,CHEMONTID:0004064,alternative_parents: Transition metal cyanide salts
71300633,CHEMONTID:0003633,"alternative_parents: Propargyl-type 1,3-dipolar organic compounds"
71300633,CHEMONTID:0004139,alternative_parents: Azacyclic compounds
71300633,CHEMONTID:0004026,alternative_parents: Cyanide salts
71300633,CHEMONTID:0003632,"alternative_parents: Carbene-type 1,3-dipolar compounds"
71300633,CHEMONTID:0000286,alternative_parents: Primary alcohols
71300633,CHEMONTID:0004150,alternative_parents: Hydrocarbon derivatives
71300633,NotAvailable,alternative_parents: ''
71300633,CHEMONTID:0001831,alternative_parents: Carbonyl compounds
71300633,CHEMONTID:0000400,alternative_parents: Organophosphorus compounds
71300633,CHEMONTID:0003610,alternative_parents: Organic zwitterions
71300633,CHEMONTID:0003940,alternative_parents: Organic oxides
71300633,CHEMONTID:0003995,alternative_parents: Organic cobalt salts
71300633,NotAvailable,"Substituents: [""Cobalamin"", ""Metallotetrapyrrole skeleton"", ""1-ribofuranosylbenzimidazole"", ""Pentose phosphate"", ""Glycosyl compound"", ""N-glycosyl compound"", ""Pentose monosaccharide"", ""Monosaccharide phosphate"", ""Benzimidazole"", ""Phosphoethanolamine"", ""Dialkyl phosphate"", ""Monosaccharide"", ""Fatty acyl"", ""N-substituted imidazole"", ""Organic phosphoric acid derivative"", ""Benzenoid"", ""Fatty amide"", ""Alkyl phosphate"", ""Phosphoric acid ester"", ""Organophosphonic acid"", ""Organophosphonic acid derivative"", ""Oxolane"", ""Azole"", ""Heteroaromatic compound"", ""Pyrroline"", ""Pyrrolidine"", ""Imidazole"", ""Carboxamide group"", ""Ketimine"", ""Secondary carboxylic acid amide"", ""Secondary alcohol"", ""Primary carboxylic acid amide"", ""Propargyl-type 1,3-dipolar organic compound"", ""Carboxylic acid derivative"", ""Oxacycle"", ""Azacycle"", ""Carbene-type 1,3-dipolar compound"", ""Organic 1,3-dipolar compound"", ""Transition metal cyanide salt"", ""Organic cyanide salt"", ""Organic transition metal salt"", ""Primary alcohol"", ""Organic cobalt salt"", ""Organic oxygen compound"", ""Imine"", ""Organic salt"", ""Alcohol"", ""Organonitrogen compound"", ""Organooxygen compound"", ""Organic nitrogen compound"", ""Organophosphorus compound"", ""Cyanide"", ""Organic zwitterion"", ""Organic oxide"", ""Hydrocarbon derivative"", ""Carbonyl group"", ""Aromatic heteropolycyclic compound""]"
71300633,NotAvailable,External_descriptors: []
71300633,NotAvailable,"Ancestors: [""Alcohols and polyols"", ""Alkyl phosphates"", ""Azacyclic compounds"", ""Azoles"", ""Benzenoids"", ""Benzimidazole ribonucleosides and ribonucleotides"", ""Benzimidazoles"", ""Carbene-type 1,3-dipolar compounds"", ""Carbohydrates and carbohydrate conjugates"", ""Carbonyl compounds"", ""Carboxylic acid amides"", ""Carboxylic acid derivatives"", ""Carboxylic acids and derivatives"", ""Chemical entities"", ""Cobalamin derivatives"", ""Corrinoids"", ""Cyanide salts"", ""Dialkyl phosphates"", ""Fatty Acyls"", ""Fatty amides"", ""Glycosyl compounds"", ""Glycosylamines"", ""Heteroaromatic compounds"", ""Hydrocarbon derivatives"", ""Imidazoles"", ""Imines"", ""Ketimines"", ""Lipids and lipid-like molecules"", ""Metallotetrapyrroles"", ""Monosaccharide phosphates"", ""Monosaccharides"", ""N-substituted imidazoles"", ""Nucleosides, nucleotides, and analogues"", ""Organic 1,3-dipolar compounds"", ""Organic acids and derivatives"", ""Organic cobalt salts"", ""Organic compounds"", ""Organic cyanides"", ""Organic metal salts"", ""Organic nitrogen compounds"", ""Organic oxides"", ""Organic oxygen compounds"", ""Organic phosphonic acids"", ""Organic phosphonic acids and derivatives"", ""Organic phosphoric acids and derivatives"", ""Organic salts"", ""Organic transition metal salts"", ""Organic zwitterions"", ""Organoheterocyclic compounds"", ""Organonitrogen compounds"", ""Organooxygen compounds"", ""Organophosphorus compounds"", ""Organopnictogen compounds"", ""Oxacyclic compounds"", ""Oxolanes"", ""Pentose phosphates"", ""Pentoses"", ""Phosphate esters"", ""Phosphoethanolamines"", ""Primary alcohols"", ""Primary carboxylic acid amides"", ""Propargyl-type 1,3-dipolar organic compounds"", ""Pyrrolidines"", ""Pyrrolines"", ""Secondary alcohols"", ""Secondary carboxylic acid amides"", ""Substituted imidazoles"", ""Tetrahydrofurans"", ""Tetrapyrroles and derivatives"", ""Transition metal cyanide salts""]"
71300633,NotAvailable,"predicted_chebi_terms: [""metallotetrapyrrole (CHEBI:33909)"", ""nucleobase-containing molecular entity (CHEBI:61120)"", ""phospho sugar (CHEBI:33447)"", ""N-glycosyl compound (CHEBI:21731)"", ""monosaccharide derivative (CHEBI:63367)"", ""carbohydrate phosphate (CHEBI:26816)"", ""benzimidazoles (CHEBI:22715)"", ""phosphoethanolamine (CHEBI:36711)"", ""dialkyl phosphate (CHEBI:16648)"", ""benzenoid aromatic compound (CHEBI:33836)"", ""fatty amide (CHEBI:29348)"", ""imidazoles (CHEBI:24780)"", ""oxolanes (CHEBI:26912)"", ""organic aromatic compound (CHEBI:33659)"", ""pyrroline (CHEBI:23763)"", ""pyrrolidines (CHEBI:38260)"", ""phosphonic acids (CHEBI:26069)"", ""carboxamide (CHEBI:37622)"", ""secondary alcohol (CHEBI:35681)"", ""ketimine (CHEBI:33272)"", ""oxacycle (CHEBI:38104)"", ""transition element molecular entity (CHEBI:33497)"", ""cyanide salt (CHEBI:36572)"", ""dipolar compound (CHEBI:51151)"", ""organonitrogen heterocyclic compound (CHEBI:38101)"", ""primary alcohol (CHEBI:15734)"", ""organic molecule (CHEBI:72695)"", ""cyanides (CHEBI:23424)"", ""carbonyl compound (CHEBI:36586)"", ""organophosphorus compound (CHEBI:25710)"", ""zwitterion (CHEBI:27369)"", ""organic molecular entity (CHEBI:50860)"", ""organic oxide (CHEBI:25701)"", ""organic salt (CHEBI:24868)"", ""cobalt corrinoid (CHEBI:33906)"", ""chemical entity (CHEBI:24431)"", ""organic heterocyclic compound (CHEBI:24532)"", ""tetrapyrrole (CHEBI:26932)"", ""oxygen molecular entity (CHEBI:25806)"", ""organooxygen compound (CHEBI:36963)"", ""carbohydrates and carbohydrate derivatives (CHEBI:78616)"", ""monosaccharide (CHEBI:35381)"", ""pentose (CHEBI:25901)"", ""glycoside (CHEBI:24400)"", ""organic acid (CHEBI:64709)"", ""phosphoric acid derivative (CHEBI:26079)"", ""phosphoric ester (CHEBI:37734)"", ""alkyl phosphate (CHEBI:22324)"", ""lipid (CHEBI:18059)"", ""azole (CHEBI:68452)"", ""carboxylic acid (CHEBI:33575)"", ""amide (CHEBI:32988)"", ""polyol (CHEBI:26191)"", ""organic hydroxy compound (CHEBI:33822)"", ""alcohol (CHEBI:30879)"", ""nitrogen molecular entity (CHEBI:51143)"", ""organonitrogen compound (CHEBI:35352)"", ""imine (CHEBI:24783)"", ""corrinoid (CHEBI:33913)""]"
71300633,NotAvailable,"predicted_lipidmaps_terms: [""Fatty amides (FA08)"", ""Fatty Acyls (FA)""]"
71300633,NotAvailable,Classification_version: 2.1
71300746,CHEMONTID:0000000,Kingdom: Organic compounds
71300746,CHEMONTID:0002448,Superclass: Benzenoids
71300746,CHEMONTID:0002279,Class: Benzene and substituted derivatives
71300746,CHEMONTID:0000369,Subclass: Diphenylmethanes
71300746,CHEMONTID:0000369,Direct_parent: Diphenylmethanes
71300746,CHEMONTID:0002542,alternative_parents: Benzylethers
71300746,CHEMONTID:0000033,alternative_parents: Benzyl alcohols
71300746,CHEMONTID:0000252,alternative_parents: Quinuclidines
71300746,CHEMONTID:0002564,alternative_parents: Dichlorobenzenes
71300746,CHEMONTID:0004646,alternative_parents: 1-hydroxy-2-unsubstituted benzenoids
71300746,CHEMONTID:0003899,alternative_parents: Aralkylamines
71300746,CHEMONTID:0001030,alternative_parents: Aryl chlorides
71300746,CHEMONTID:0000195,alternative_parents: Piperidines
71300746,CHEMONTID:0004225,alternative_parents: Tetraalkylammonium salts
71300746,CHEMONTID:0001670,alternative_parents: Tertiary alcohols
71300746,CHEMONTID:0001661,alternative_parents: Secondary alcohols
71300746,CHEMONTID:0001897,"alternative_parents: 1,2-aminoalcohols"
71300746,CHEMONTID:0002228,alternative_parents: Dialkylamines
71300746,CHEMONTID:0001167,alternative_parents: Dialkyl ethers
71300746,CHEMONTID:0004139,alternative_parents: Azacyclic compounds
71300746,CHEMONTID:0003930,alternative_parents: Organic bromide salts
71300746,CHEMONTID:0004150,alternative_parents: Hydrocarbon derivatives
71300746,CHEMONTID:0000286,alternative_parents: Primary alcohols
71300746,CHEMONTID:0003073,alternative_parents: Aromatic alcohols
71300746,CHEMONTID:0003610,alternative_parents: Organic zwitterions
71300746,CHEMONTID:0001516,alternative_parents: Organochlorides
71300746,NotAvailable,"Substituents: [""Diphenylmethane"", ""Benzylether"", ""Quinuclidine"", ""1,3-dichlorobenzene"", ""Benzyl alcohol"", ""Phenol"", ""Halobenzene"", ""1-hydroxy-2-unsubstituted benzenoid"", ""Chlorobenzene"", ""Aralkylamine"", ""Aryl chloride"", ""Piperidine"", ""Aryl halide"", ""Quaternary ammonium salt"", ""Tertiary alcohol"", ""Tetraalkylammonium salt"", ""1,2-aminoalcohol"", ""Secondary alcohol"", ""Azacycle"", ""Organoheterocyclic compound"", ""Dialkyl ether"", ""Secondary aliphatic amine"", ""Ether"", ""Secondary amine"", ""Aromatic alcohol"", ""Organic oxygen compound"", ""Organic zwitterion"", ""Organic salt"", ""Amine"", ""Alcohol"", ""Organic bromide salt"", ""Organic nitrogen compound"", ""Organohalogen compound"", ""Organochloride"", ""Organonitrogen compound"", ""Organooxygen compound"", ""Hydrocarbon derivative"", ""Primary alcohol"", ""Aromatic heteropolycyclic compound""]"
71300746,NotAvailable,External_descriptors: []
71300746,NotAvailable,"Ancestors: [""1,2-aminoalcohols"", ""1-hydroxy-2-unsubstituted benzenoids"", ""Alcohols and polyols"", ""Alkanolamines"", ""Amines"", ""Aralkylamines"", ""Aromatic alcohols"", ""Aryl chlorides"", ""Aryl halides"", ""Azacyclic compounds"", ""Benzene and substituted derivatives"", ""Benzenoids"", ""Benzyl alcohols"", ""Benzylethers"", ""Chemical entities"", ""Chlorobenzenes"", ""Dialkyl ethers"", ""Dialkylamines"", ""Dichlorobenzenes"", ""Diphenylmethanes"", ""Ethers"", ""Halobenzenes"", ""Hydrocarbon derivatives"", ""Organic bromide salts"", ""Organic compounds"", ""Organic nitrogen compounds"", ""Organic oxygen compounds"", ""Organic salts"", ""Organic zwitterions"", ""Organochlorides"", ""Organohalogen compounds"", ""Organoheterocyclic compounds"", ""Organonitrogen compounds"", ""Organooxygen compounds"", ""Organopnictogen compounds"", ""Phenols"", ""Piperidines"", ""Primary alcohols"", ""Quaternary ammonium salts"", ""Quinuclidines"", ""Secondary alcohols"", ""Secondary amines"", ""Tertiary alcohols"", ""Tetraalkylammonium salts""]"
71300746,NotAvailable,"predicted_chebi_terms: [""benzyl ether (CHEBI:59859)"", ""benzyl alcohols (CHEBI:22743)"", ""quinuclidines (CHEBI:26518)"", ""dichlorobenzene (CHEBI:23697)"", ""phenols (CHEBI:33853)"", ""aralkylamine (CHEBI:18000)"", ""organochlorine compound (CHEBI:36683)"", ""piperidines (CHEBI:26151)"", ""quaternary ammonium salt (CHEBI:35273)"", ""tertiary alcohol (CHEBI:26878)"", ""secondary alcohol (CHEBI:35681)"", ""amino alcohol (CHEBI:22478)"", ""secondary amino compound (CHEBI:50995)"", ""ether (CHEBI:25698)"", ""organonitrogen heterocyclic compound (CHEBI:38101)"", ""organic bromide salt (CHEBI:48369)"", ""organic molecule (CHEBI:72695)"", ""primary alcohol (CHEBI:15734)"", ""aromatic alcohol (CHEBI:33854)"", ""zwitterion (CHEBI:27369)"", ""organic molecular entity (CHEBI:50860)"", ""diarylmethane (CHEBI:51614)"", ""chemical entity (CHEBI:24431)"", ""benzenoid aromatic compound (CHEBI:33836)"", ""benzenes (CHEBI:22712)"", ""organic heterocyclic compound (CHEBI:24532)"", ""organohalogen compound (CHEBI:36684)"", ""nitrogen molecular entity (CHEBI:51143)"", ""organonitrogen compound (CHEBI:35352)"", ""amine (CHEBI:32952)"", ""haloarene (CHEBI:50887)"", ""oxygen molecular entity (CHEBI:25806)"", ""organooxygen compound (CHEBI:36963)"", ""polyol (CHEBI:26191)"", ""organic hydroxy compound (CHEBI:33822)"", ""alcohol (CHEBI:30879)"", ""secondary amine (CHEBI:32863)"", ""organic salt (CHEBI:24868)""]"
71300746,NotAvailable,predicted_lipidmaps_terms: []
71300746,NotAvailable,Classification_version: 2.1
71300936,CHEMONTID:0000000,Kingdom: Organic compounds
71300936,CHEMONTID:0000002,Superclass: Organoheterocyclic compounds
71300936,CHEMONTID:0000160,Class: Lactams
71300936,CHEMONTID:0000162,Subclass: Beta lactams
71300936,CHEMONTID:0000172,Intermediate_nodes: Penams
71300936,CHEMONTID:0000174,Direct_parent: Penicillins
71300936,CHEMONTID:0001189,alternative_parents: N-acyl-alpha amino acids and derivatives
71300936,CHEMONTID:0002309,alternative_parents: Alpha amino acid amides
71300936,CHEMONTID:0002363,alternative_parents: Phenylacetamides
71300936,CHEMONTID:0003899,alternative_parents: Aralkylamines
71300936,CHEMONTID:0000003,alternative_parents: Thiepanes
71300936,CHEMONTID:0000233,alternative_parents: Thiolanes
71300936,CHEMONTID:0000226,alternative_parents: Thiazolidines
71300936,CHEMONTID:0001664,alternative_parents: Tertiary carboxylic acid amides
71300936,CHEMONTID:0000505,alternative_parents: Sulfones
71300936,CHEMONTID:0004176,alternative_parents: Amino acids
71300936,CHEMONTID:0000118,alternative_parents: Ketones
71300936,CHEMONTID:0001166,alternative_parents: Carboxylic acid salts
71300936,CHEMONTID:0000102,alternative_parents: Azetidines
71300936,CHEMONTID:0001663,alternative_parents: Secondary carboxylic acid amides
71300936,CHEMONTID:0002452,alternative_parents: Tertiary amines
71300936,CHEMONTID:0001137,alternative_parents: Monocarboxylic acids and derivatives
71300936,CHEMONTID:0003862,alternative_parents: Dialkylthioethers
71300936,CHEMONTID:0001205,alternative_parents: Carboxylic acids
71300936,CHEMONTID:0001666,alternative_parents: Thiohemiaminal derivatives
71300936,CHEMONTID:0004139,alternative_parents: Azacyclic compounds
71300936,CHEMONTID:0003610,alternative_parents: Organic zwitterions
71300936,CHEMONTID:0003928,alternative_parents: Organic sodium salts
71300936,CHEMONTID:0003940,alternative_parents: Organic oxides
71300936,CHEMONTID:0000469,alternative_parents: Monoalkylamines
71300936,CHEMONTID:0004150,alternative_parents: Hydrocarbon derivatives
71300936,NotAvailable,"Substituents: [""Penicillin"", ""N-acyl-alpha amino acid or derivatives"", ""Alpha-amino acid amide"", ""Alpha-amino acid or derivatives"", ""Phenylacetamide"", ""Thiepane"", ""Aralkylamine"", ""Monocyclic benzene moiety"", ""Benzenoid"", ""Sulfone"", ""Tertiary carboxylic acid amide"", ""Thiazolidine"", ""Thiolane"", ""Azetidine"", ""Carboxamide group"", ""Carboxylic acid salt"", ""Ketone"", ""Amino acid"", ""Secondary carboxylic acid amide"", ""Tertiary amine"", ""Amino acid or derivatives"", ""Organic alkali metal salt"", ""Hemithioaminal"", ""Thioether"", ""Azacycle"", ""Dialkylthioether"", ""Carboxylic acid derivative"", ""Carboxylic acid"", ""Monocarboxylic acid or derivatives"", ""Organic nitrogen compound"", ""Primary aliphatic amine"", ""Organic zwitterion"", ""Organic sodium salt"", ""Organonitrogen compound"", ""Organooxygen compound"", ""Organic oxide"", ""Organic oxygen compound"", ""Amine"", ""Hydrocarbon derivative"", ""Primary amine"", ""Organic salt"", ""Carbonyl group"", ""Aromatic heteropolycyclic compound""]"
71300936,NotAvailable,External_descriptors: []
71300936,NotAvailable,"Ancestors: [""Alpha amino acid amides"", ""Alpha amino acids and derivatives"", ""Amines"", ""Amino acids"", ""Amino acids and derivatives"", ""Amino acids, peptides, and analogues"", ""Aralkylamines"", ""Azacyclic compounds"", ""Azetidines"", ""Azolidines"", ""Benzene and substituted derivatives"", ""Benzenoids"", ""Beta lactams"", ""Carbonyl compounds"", ""Carboxylic acid amides"", ""Carboxylic acid derivatives"", ""Carboxylic acid salts"", ""Carboxylic acids"", ""Carboxylic acids and derivatives"", ""Chemical entities"", ""Dialkylthioethers"", ""Hydrocarbon derivatives"", ""Ketones"", ""Lactams"", ""Monoalkylamines"", ""Monocarboxylic acids and derivatives"", ""N-acyl-alpha amino acids and derivatives"", ""Organic acids and derivatives"", ""Organic alkali metal salts"", ""Organic compounds"", ""Organic metal salts"", ""Organic nitrogen compounds"", ""Organic oxides"", ""Organic oxygen compounds"", ""Organic salts"", ""Organic sodium salts"", ""Organic zwitterions"", ""Organoheterocyclic compounds"", ""Organonitrogen compounds"", ""Organooxygen compounds"", ""Organosulfur compounds"", ""Penams"", ""Penicillins"", ""Phenylacetamides"", ""Primary amines"", ""Secondary carboxylic acid amides"", ""Sulfones"", ""Sulfonyls"", ""Tertiary amines"", ""Tertiary carboxylic acid amides"", ""Thiazolidines"", ""Thiepanes"", ""Thioethers"", ""Thiohemiaminal derivatives"", ""Thiolanes""]"
71300936,NotAvailable,"predicted_chebi_terms: [""N-acyl-amino acid (CHEBI:51569)"", ""amino acid amide (CHEBI:22475)"", ""acetamides (CHEBI:22160)"", ""aralkylamine (CHEBI:18000)"", ""organosulfur heterocyclic compound (CHEBI:38106)"", ""tetrahydrothiophenes (CHEBI:48224)"", ""thiazolidines (CHEBI:35622)"", ""carboxamide (CHEBI:37622)"", ""sulfone (CHEBI:35850)"", ""amino acid (CHEBI:33709)"", ""ketone (CHEBI:17087)"", ""organic salt (CHEBI:24868)"", ""azetidines (CHEBI:38777)"", ""tertiary amine (CHEBI:32876)"", ""monocarboxylic acid (CHEBI:25384)"", ""aliphatic sulfide (CHEBI:22327)"", ""carboxylic acid (CHEBI:33575)"", ""organosulfur compound (CHEBI:33261)"", ""organonitrogen heterocyclic compound (CHEBI:38101)"", ""zwitterion (CHEBI:27369)"", ""organic molecular entity (CHEBI:50860)"", ""organic sodium salt (CHEBI:38700)"", ""organic oxide (CHEBI:25701)"", ""alkylamine (CHEBI:13759)"", ""organic molecule (CHEBI:72695)"", ""penicillin (CHEBI:17334)"", ""chemical entity (CHEBI:24431)"", ""organic acid (CHEBI:64709)"", ""carbonyl compound (CHEBI:36586)"", ""organonitrogen compound (CHEBI:35352)"", ""organooxygen compound (CHEBI:36963)"", ""benzenoid aromatic compound (CHEBI:33836)"", ""benzenes (CHEBI:22712)"", ""nitrogen molecular entity (CHEBI:51143)"", ""amine (CHEBI:32952)"", ""organic heterocyclic compound (CHEBI:24532)"", ""amide (CHEBI:32988)"", ""oxygen molecular entity (CHEBI:25806)"", ""organic sulfide (CHEBI:16385)"", ""alkali metal salt (CHEBI:35479)"", ""primary amine (CHEBI:32877)"", ""lactam (CHEBI:24995)"", ""beta-lactam (CHEBI:35627)"", ""penams (CHEBI:35992)"", ""carboxylic acid anion (CHEBI:29067)"", ""peptide (CHEBI:16670)""]"
71300936,NotAvailable,predicted_lipidmaps_terms: []
71300936,NotAvailable,Classification_version: 2.1
71301229,CHEMONTID:0000000,Kingdom: Organic compounds
71301229,CHEMONTID:0000289,"Superclass: Nucleosides, nucleotides, and analogues"
71301229,CHEMONTID:0004502,Class: 5'-deoxyribonucleosides
71301229,CHEMONTID:0004502,Direct_parent: 5'-deoxyribonucleosides
71301229,CHEMONTID:0002203,alternative_parents: Glycosylamines
71301229,CHEMONTID:0000291,alternative_parents: Pyrimidones
71301229,CHEMONTID:0001893,alternative_parents: Halopyrimidines
71301229,CHEMONTID:0001031,alternative_parents: Aryl fluorides
71301229,CHEMONTID:0000346,alternative_parents: Dicarboxylic acids and derivatives
71301229,CHEMONTID:0002202,alternative_parents: Hydropyrimidines
71301229,CHEMONTID:0003886,alternative_parents: Imidolactams
71301229,CHEMONTID:0001162,alternative_parents: Carbamate esters
71301229,CHEMONTID:0001967,alternative_parents: Oxolanes
71301229,CHEMONTID:0004144,alternative_parents: Heteroaromatic compounds
71301229,CHEMONTID:0002467,"alternative_parents: 1,2-diols"
71301229,CHEMONTID:0001661,alternative_parents: Secondary alcohols
71301229,CHEMONTID:0001166,alternative_parents: Carboxylic acid salts
71301229,CHEMONTID:0004140,alternative_parents: Oxacyclic compounds
71301229,CHEMONTID:0001205,alternative_parents: Carboxylic acids
71301229,CHEMONTID:0004139,alternative_parents: Azacyclic compounds
71301229,CHEMONTID:0002285,alternative_parents: Carboximidic acids and derivatives
71301229,CHEMONTID:0003633,"alternative_parents: Propargyl-type 1,3-dipolar organic compounds"
71301229,CHEMONTID:0003997,alternative_parents: Organic transition metal salts
71301229,CHEMONTID:0004491,alternative_parents: Organic metal halides
71301229,CHEMONTID:0004150,alternative_parents: Hydrocarbon derivatives
71301229,CHEMONTID:0003610,alternative_parents: Organic zwitterions
71301229,CHEMONTID:0001517,alternative_parents: Organofluorides
71301229,CHEMONTID:0000278,alternative_parents: Organonitrogen compounds
71301229,CHEMONTID:0001831,alternative_parents: Carbonyl compounds
71301229,CHEMONTID:0003940,alternative_parents: Organic oxides
71301229,NotAvailable,"Substituents: [""5'-deoxyribonucleoside"", ""Glycosyl compound"", ""N-glycosyl compound"", ""Halopyrimidine"", ""Pyrimidone"", ""Aryl fluoride"", ""Aryl halide"", ""Dicarboxylic acid or derivatives"", ""Hydropyrimidine"", ""Pyrimidine"", ""Imidolactam"", ""Heteroaromatic compound"", ""Oxolane"", ""Carbamic acid ester"", ""Carboxylic acid salt"", ""1,2-diol"", ""Secondary alcohol"", ""Oxacycle"", ""Azacycle"", ""Organic transition metal salt"", ""Organoheterocyclic compound"", ""Carboximidic acid derivative"", ""Carboxylic acid derivative"", ""Carboxylic acid"", ""Organic metal halide"", ""Organic 1,3-dipolar compound"", ""Propargyl-type 1,3-dipolar organic compound"", ""Organic oxygen compound"", ""Organic nitrogen compound"", ""Carbonyl group"", ""Organic salt"", ""Organohalogen compound"", ""Organofluoride"", ""Organonitrogen compound"", ""Organooxygen compound"", ""Hydrocarbon derivative"", ""Alcohol"", ""Organic oxide"", ""Organic zwitterion"", ""Aromatic heteromonocyclic compound""]"
71301229,NotAvailable,External_descriptors: []
71301229,NotAvailable,"Ancestors: [""1,2-diols"", ""5'-deoxyribonucleosides"", ""Alcohols and polyols"", ""Amino acids and derivatives"", ""Amino acids, peptides, and analogues"", ""Aryl fluorides"", ""Aryl halides"", ""Azacyclic compounds"", ""Carbamate esters"", ""Carbamic acids and derivatives"", ""Carbohydrates and carbohydrate conjugates"", ""Carbonyl compounds"", ""Carboximidic acids and derivatives"", ""Carboxylic acid derivatives"", ""Carboxylic acid salts"", ""Carboxylic acids"", ""Carboxylic acids and derivatives"", ""Chemical entities"", ""Diazines"", ""Dicarboxylic acids and derivatives"", ""Glycosyl compounds"", ""Glycosylamines"", ""Halopyrimidines"", ""Heteroaromatic compounds"", ""Hydrocarbon derivatives"", ""Hydropyrimidines"", ""Imidolactams"", ""Nucleosides, nucleotides, and analogues"", ""Organic 1,3-dipolar compounds"", ""Organic acids and derivatives"", ""Organic compounds"", ""Organic metal halides"", ""Organic metal salts"", ""Organic nitrogen compounds"", ""Organic oxides"", ""Organic oxygen compounds"", ""Organic salts"", ""Organic transition metal salts"", ""Organic zwitterions"", ""Organofluorides"", ""Organohalogen compounds"", ""Organoheterocyclic compounds"", ""Organonitrogen compounds"", ""Organooxygen compounds"", ""Organopnictogen compounds"", ""Oxacyclic compounds"", ""Oxolanes"", ""Polyols"", ""Propargyl-type 1,3-dipolar organic compounds"", ""Pyrimidines and pyrimidine derivatives"", ""Pyrimidones"", ""Secondary alcohols""]"
71301229,NotAvailable,"predicted_chebi_terms: [""N-glycosyl compound (CHEBI:21731)"", ""pyrimidone (CHEBI:38337)"", ""pyrimidines (CHEBI:39447)"", ""organohalogen compound (CHEBI:36684)"", ""organofluorine compound (CHEBI:37143)"", ""dicarboxylic acid (CHEBI:35692)"", ""heterocyclic compound (CHEBI:5686)"", ""dicarboximide (CHEBI:35356)"", ""organosulfur compound (CHEBI:33261)"", ""carbamate ester (CHEBI:23003)"", ""oxolanes (CHEBI:26912)"", ""organic aromatic compound (CHEBI:33659)"", ""polyol (CHEBI:26191)"", ""secondary alcohol (CHEBI:35681)"", ""organic salt (CHEBI:24868)"", ""oxacycle (CHEBI:38104)"", ""carboxylic acid (CHEBI:33575)"", ""organonitrogen heterocyclic compound (CHEBI:38101)"", ""organonitrogen compound (CHEBI:35352)"", ""dipolar compound (CHEBI:51151)"", ""transition element molecular entity (CHEBI:33497)"", ""organic molecular entity (CHEBI:50860)"", ""halide (CHEBI:37578)"", ""organic molecule (CHEBI:72695)"", ""zwitterion (CHEBI:27369)"", ""carbonyl compound (CHEBI:36586)"", ""organic oxide (CHEBI:25701)"", ""deoxyribonucleoside (CHEBI:23636)"", ""chemical entity (CHEBI:24431)"", ""oxygen molecular entity (CHEBI:25806)"", ""organooxygen compound (CHEBI:36963)"", ""carbohydrates and carbohydrate derivatives (CHEBI:78616)"", ""glycoside (CHEBI:24400)"", ""organic heterocyclic compound (CHEBI:24532)"", ""diazines (CHEBI:38313)"", ""haloarene (CHEBI:50887)"", ""organic acid (CHEBI:64709)"", ""carbon oxoacid (CHEBI:35605)"", ""organic hydroxy compound (CHEBI:33822)"", ""alcohol (CHEBI:30879)"", ""nitrogen molecular entity (CHEBI:51143)"", ""nucleobase-containing molecular entity (CHEBI:61120)"", ""carboxylic acid anion (CHEBI:29067)"", ""amino acid (CHEBI:33709)"", ""peptide (CHEBI:16670)""]"
71301229,NotAvailable,"predicted_lipidmaps_terms: [""Dicarboxylic acids (FA0117)""]"
71301229,NotAvailable,Classification_version: 2.1
71301261,CHEMONTID:0000000,Kingdom: Organic compounds
71301261,CHEMONTID:0004603,Superclass: Organic oxygen compounds
71301261,CHEMONTID:0000323,Class: Organooxygen compounds
71301261,CHEMONTID:0000011,Subclass: Carbohydrates and carbohydrate conjugates
71301261,CHEMONTID:0003305,Intermediate_nodes: Aminosaccharides
71301261,CHEMONTID:0000282,Direct_parent: Aminoglycosides
71301261,CHEMONTID:0000147,alternative_parents: Macrolides and analogues
71301261,CHEMONTID:0001498,alternative_parents: Hexoses
71301261,CHEMONTID:0002207,alternative_parents: O-glycosyl compounds
71301261,CHEMONTID:0001713,alternative_parents: Beta hydroxy acids and derivatives
71301261,CHEMONTID:0000291,alternative_parents: Pyrimidones
71301261,CHEMONTID:0001893,alternative_parents: Halopyrimidines
71301261,CHEMONTID:0001262,alternative_parents: Aminopyrimidines and derivatives
71301261,CHEMONTID:0002453,alternative_parents: Primary aromatic amines
71301261,CHEMONTID:0000346,alternative_parents: Dicarboxylic acids and derivatives
71301261,CHEMONTID:0002012,alternative_parents: Oxanes
71301261,CHEMONTID:0001031,alternative_parents: Aryl fluorides
71301261,CHEMONTID:0002202,alternative_parents: Hydropyrimidines
71301261,CHEMONTID:0004144,alternative_parents: Heteroaromatic compounds
71301261,CHEMONTID:0001661,alternative_parents: Secondary alcohols
71301261,CHEMONTID:0001238,alternative_parents: Carboxylic acid esters
71301261,CHEMONTID:0001092,alternative_parents: Hemiacetals
71301261,CHEMONTID:0001897,"alternative_parents: 1,2-aminoalcohols"
71301261,CHEMONTID:0004176,alternative_parents: Amino acids
71301261,CHEMONTID:0000050,alternative_parents: Lactones
71301261,CHEMONTID:0004139,alternative_parents: Azacyclic compounds
71301261,CHEMONTID:0001205,alternative_parents: Carboxylic acids
71301261,CHEMONTID:0001656,alternative_parents: Acetals
71301261,CHEMONTID:0002286,alternative_parents: Polyols
71301261,CHEMONTID:0004140,alternative_parents: Oxacyclic compounds
71301261,CHEMONTID:0001831,alternative_parents: Carbonyl compounds
71301261,CHEMONTID:0004150,alternative_parents: Hydrocarbon derivatives
71301261,CHEMONTID:0000469,alternative_parents: Monoalkylamines
71301261,CHEMONTID:0003940,alternative_parents: Organic oxides
71301261,CHEMONTID:0001517,alternative_parents: Organofluorides
71301261,CHEMONTID:0004557,alternative_parents: Organopnictogen compounds
71301261,NotAvailable,"Substituents: [""Aminoglycoside core"", ""Macrolide"", ""Hexose monosaccharide"", ""Glycosyl compound"", ""O-glycosyl compound"", ""Aminopyrimidine"", ""Beta-hydroxy acid"", ""Halopyrimidine"", ""Pyrimidone"", ""Aryl fluoride"", ""Aryl halide"", ""Dicarboxylic acid or derivatives"", ""Hydropyrimidine"", ""Hydroxy acid"", ""Monosaccharide"", ""Oxane"", ""Primary aromatic amine"", ""Pyrimidine"", ""Heteroaromatic compound"", ""Secondary alcohol"", ""1,2-aminoalcohol"", ""Carboxylic acid ester"", ""Amino acid"", ""Hemiacetal"", ""Lactone"", ""Amino acid or derivatives"", ""Organoheterocyclic compound"", ""Azacycle"", ""Polyol"", ""Acetal"", ""Carboxylic acid derivative"", ""Carboxylic acid"", ""Oxacycle"", ""Primary amine"", ""Carbonyl group"", ""Organic oxide"", ""Organofluoride"", ""Organonitrogen compound"", ""Organic nitrogen compound"", ""Organohalogen compound"", ""Alcohol"", ""Primary aliphatic amine"", ""Hydrocarbon derivative"", ""Organopnictogen compound"", ""Amine"", ""Aromatic heteropolycyclic compound""]"
71301261,NotAvailable,External_descriptors: []
71301261,NotAvailable,"Ancestors: [""1,2-aminoalcohols"", ""Acetals"", ""Alcohols and polyols"", ""Alkanolamines"", ""Amines"", ""Amino acids"", ""Amino acids and derivatives"", ""Amino acids, peptides, and analogues"", ""Aminoglycosides"", ""Aminopyrimidines and derivatives"", ""Aminosaccharides"", ""Aryl fluorides"", ""Aryl halides"", ""Azacyclic compounds"", ""Beta hydroxy acids and derivatives"", ""Carbohydrates and carbohydrate conjugates"", ""Carbonyl compounds"", ""Carboxylic acid derivatives"", ""Carboxylic acid esters"", ""Carboxylic acids"", ""Carboxylic acids and derivatives"", ""Chemical entities"", ""Diazines"", ""Dicarboxylic acids and derivatives"", ""Ethers"", ""Glycosyl compounds"", ""Halopyrimidines"", ""Hemiacetals"", ""Heteroaromatic compounds"", ""Hexoses"", ""Hydrocarbon derivatives"", ""Hydropyrimidines"", ""Hydroxy acids and derivatives"", ""Lactones"", ""Macrolides and analogues"", ""Monoalkylamines"", ""Monosaccharides"", ""O-glycosyl compounds"", ""Organic acids and derivatives"", ""Organic compounds"", ""Organic nitrogen compounds"", ""Organic oxides"", ""Organic oxygen compounds"", ""Organofluorides"", ""Organohalogen compounds"", ""Organoheterocyclic compounds"", ""Organonitrogen compounds"", ""Organooxygen compounds"", ""Organopnictogen compounds"", ""Oxacyclic compounds"", ""Oxanes"", ""Phenylpropanoids and polyketides"", ""Polyols"", ""Primary amines"", ""Primary aromatic amines"", ""Pyrimidines and pyrimidine derivatives"", ""Pyrimidones"", ""Secondary alcohols""]"
71301261,NotAvailable,"predicted_chebi_terms: [""macrolide (CHEBI:25106)"", ""hexose (CHEBI:18133)"", ""glycoside (CHEBI:24400)"", ""3-hydroxy carboxylic acid (CHEBI:61355)"", ""pyrimidone (CHEBI:38337)"", ""pyrimidines (CHEBI:39447)"", ""organohalogen compound (CHEBI:36684)"", ""aminopyrimidine (CHEBI:38338)"", ""primary arylamine (CHEBI:50471)"", ""dicarboxylic acid (CHEBI:35692)"", ""oxanes (CHEBI:46942)"", ""organofluorine compound (CHEBI:37143)"", ""organic aromatic compound (CHEBI:33659)"", ""secondary alcohol (CHEBI:35681)"", ""carboxylic ester (CHEBI:33308)"", ""hemiacetal (CHEBI:5653)"", ""amino alcohol (CHEBI:22478)"", ""amino acid (CHEBI:33709)"", ""lactone (CHEBI:25000)"", ""organonitrogen heterocyclic compound (CHEBI:38101)"", ""carboxylic acid (CHEBI:33575)"", ""acetal (CHEBI:59769)"", ""polyol (CHEBI:26191)"", ""oxacycle (CHEBI:38104)"", ""carbonyl compound (CHEBI:36586)"", ""organic molecule (CHEBI:72695)"", ""alkylamine (CHEBI:13759)"", ""organic oxide (CHEBI:25701)"", ""pnictogen molecular entity (CHEBI:33302)"", ""organic molecular entity (CHEBI:50860)"", ""aminoglycoside (CHEBI:47779)"", ""chemical entity (CHEBI:24431)"", ""organooxygen compound (CHEBI:36963)"", ""oxygen molecular entity (CHEBI:25806)"", ""carbohydrates and carbohydrate derivatives (CHEBI:78616)"", ""monosaccharide (CHEBI:35381)"", ""organic acid (CHEBI:64709)"", ""hydroxy carboxylic acid (CHEBI:24669)"", ""organic heterocyclic compound (CHEBI:24532)"", ""diazines (CHEBI:38313)"", ""nitrogen molecular entity (CHEBI:51143)"", ""organonitrogen compound (CHEBI:35352)"", ""amine (CHEBI:32952)"", ""primary amine (CHEBI:32877)"", ""haloarene (CHEBI:50887)"", ""organic hydroxy compound (CHEBI:33822)"", ""alcohol (CHEBI:30879)"", ""ether (CHEBI:25698)"", ""amino sugar (CHEBI:28963)""]"
71301261,NotAvailable,"predicted_lipidmaps_terms: [""Macrolides and lactone polyketides (PK04)"", ""Dicarboxylic acids (FA0117)""]"
71301261,NotAvailable,Classification_version: 2.1
71306732,CHEMONTID:0000000,Kingdom: Organic compounds
71306732,CHEMONTID:0004603,Superclass: Organic oxygen compounds
71306732,CHEMONTID:0000323,Class: Organooxygen compounds
71306732,CHEMONTID:0000011,Subclass: Carbohydrates and carbohydrate conjugates
71306732,CHEMONTID:0003305,Intermediate_nodes: Aminosaccharides
71306732,CHEMONTID:0000282,Direct_parent: Aminoglycosides
71306732,CHEMONTID:0001542,alternative_parents: Disaccharides
71306732,CHEMONTID:0001986,alternative_parents: Tricarboxylic acids and derivatives
71306732,CHEMONTID:0002012,alternative_parents: Oxanes
71306732,CHEMONTID:0001670,alternative_parents: Tertiary alcohols
71306732,CHEMONTID:0002434,alternative_parents: Alpha-hydrogen aldehydes
71306732,CHEMONTID:0002239,alternative_parents: Trialkylamines
71306732,CHEMONTID:0001661,alternative_parents: Secondary alcohols
71306732,CHEMONTID:0000050,alternative_parents: Lactones
71306732,CHEMONTID:0001238,alternative_parents: Carboxylic acid esters
71306732,CHEMONTID:0000347,alternative_parents: Amino acids and derivatives
71306732,CHEMONTID:0001897,"alternative_parents: 1,2-aminoalcohols"
71306732,CHEMONTID:0004140,alternative_parents: Oxacyclic compounds
71306732,CHEMONTID:0001167,alternative_parents: Dialkyl ethers
71306732,CHEMONTID:0001656,alternative_parents: Acetals
71306732,CHEMONTID:0004557,alternative_parents: Organopnictogen compounds
71306732,CHEMONTID:0003940,alternative_parents: Organic oxides
71306732,CHEMONTID:0004150,alternative_parents: Hydrocarbon derivatives
71306732,NotAvailable,"Substituents: [""Aminoglycoside core"", ""Disaccharide"", ""Tricarboxylic acid or derivatives"", ""Oxane"", ""Tertiary alcohol"", ""Alpha-hydrogen aldehyde"", ""Tertiary aliphatic amine"", ""Tertiary amine"", ""Secondary alcohol"", ""Lactone"", ""Carboxylic acid ester"", ""Amino acid or derivatives"", ""1,2-aminoalcohol"", ""Oxacycle"", ""Organoheterocyclic compound"", ""Ether"", ""Dialkyl ether"", ""Carboxylic acid derivative"", ""Acetal"", ""Organic nitrogen compound"", ""Organopnictogen compound"", ""Organic oxide"", ""Hydrocarbon derivative"", ""Organonitrogen compound"", ""Carbonyl group"", ""Amine"", ""Aldehyde"", ""Alcohol"", ""Aliphatic heteromonocyclic compound""]"
71306732,NotAvailable,External_descriptors: []
71306732,NotAvailable,"Ancestors: [""1,2-aminoalcohols"", ""Acetals"", ""Alcohols and polyols"", ""Aldehydes"", ""Alkanolamines"", ""Alpha-hydrogen aldehydes"", ""Amines"", ""Amino acids and derivatives"", ""Amino acids, peptides, and analogues"", ""Aminoglycosides"", ""Aminosaccharides"", ""Carbohydrates and carbohydrate conjugates"", ""Carbonyl compounds"", ""Carboxylic acid derivatives"", ""Carboxylic acid esters"", ""Carboxylic acids and derivatives"", ""Chemical entities"", ""Dialkyl ethers"", ""Disaccharides"", ""Ethers"", ""Hydrocarbon derivatives"", ""Lactones"", ""Organic acids and derivatives"", ""Organic compounds"", ""Organic nitrogen compounds"", ""Organic oxides"", ""Organic oxygen compounds"", ""Organoheterocyclic compounds"", ""Organonitrogen compounds"", ""Organooxygen compounds"", ""Organopnictogen compounds"", ""Oxacyclic compounds"", ""Oxanes"", ""Secondary alcohols"", ""Tertiary alcohols"", ""Tertiary amines"", ""Trialkylamines"", ""Tricarboxylic acids and derivatives""]"
71306732,NotAvailable,predicted_chebi_terms: []
71306732,NotAvailable,predicted_lipidmaps_terms: []
71306732,NotAvailable,Classification_version: 2.1
71311919,CHEMONTID:0000000,Kingdom: Organic compounds
71311919,CHEMONTID:0000264,Superclass: Organic acids and derivatives
71311919,CHEMONTID:0000265,Class: Carboxylic acids and derivatives
71311919,CHEMONTID:0000013,"Subclass: Amino acids, peptides, and analogues"
71311919,CHEMONTID:0000348,Intermediate_nodes: Peptides
71311919,CHEMONTID:0004830,Direct_parent: Dipeptides
71311919,CHEMONTID:0000174,alternative_parents: Penicillins
71311919,CHEMONTID:0001189,alternative_parents: N-acyl-alpha amino acids and derivatives
71311919,CHEMONTID:0002363,alternative_parents: Phenylacetamides
71311919,CHEMONTID:0002647,alternative_parents: Cyclohexanols
71311919,CHEMONTID:0002012,alternative_parents: Oxanes
71311919,CHEMONTID:0001540,alternative_parents: Monosaccharides
71311919,CHEMONTID:0002509,alternative_parents: Cyclitols and derivatives
71311919,CHEMONTID:0000226,alternative_parents: Thiazolidines
71311919,CHEMONTID:0002648,alternative_parents: Tetrahydrofurans
71311919,CHEMONTID:0001664,alternative_parents: Tertiary carboxylic acid amides
71311919,CHEMONTID:0001670,alternative_parents: Tertiary alcohols
71311919,CHEMONTID:0003675,alternative_parents: Alpha-hydroxyaldehydes
71311919,CHEMONTID:0001663,alternative_parents: Secondary carboxylic acid amides
71311919,CHEMONTID:0000375,alternative_parents: Guanidines
71311919,CHEMONTID:0000102,alternative_parents: Azetidines
71311919,CHEMONTID:0001666,alternative_parents: Thiohemiaminal derivatives
71311919,CHEMONTID:0003633,"alternative_parents: Propargyl-type 1,3-dipolar organic compounds"
71311919,CHEMONTID:0004140,alternative_parents: Oxacyclic compounds
71311919,CHEMONTID:0001137,alternative_parents: Monocarboxylic acids and derivatives
71311919,CHEMONTID:0003862,alternative_parents: Dialkylthioethers
71311919,CHEMONTID:0002228,alternative_parents: Dialkylamines
71311919,CHEMONTID:0001205,alternative_parents: Carboxylic acids
71311919,CHEMONTID:0003152,alternative_parents: Carboximidamides
71311919,CHEMONTID:0004139,alternative_parents: Azacyclic compounds
71311919,CHEMONTID:0004557,alternative_parents: Organopnictogen compounds
71311919,CHEMONTID:0003940,alternative_parents: Organic oxides
71311919,CHEMONTID:0004150,alternative_parents: Hydrocarbon derivatives
71311919,NotAvailable,"Substituents: [""Alpha-dipeptide"", ""Penicillin"", ""N-acyl-alpha amino acid or derivatives"", ""Phenylacetamide"", ""Alpha-amino acid or derivatives"", ""Penam"", ""Cyclohexanol"", ""Benzenoid"", ""Oxane"", ""Monosaccharide"", ""Monocyclic benzene moiety"", ""Cyclitol or derivatives"", ""Alpha-hydroxyaldehyde"", ""Thiazolidine"", ""Tetrahydrofuran"", ""Tertiary carboxylic acid amide"", ""Tertiary alcohol"", ""Cyclic alcohol"", ""Beta-lactam"", ""Secondary carboxylic acid amide"", ""Secondary alcohol"", ""Lactam"", ""Guanidine"", ""Carboxamide group"", ""Azetidine"", ""Oxacycle"", ""Azacycle"", ""Organoheterocyclic compound"", ""Dialkylthioether"", ""Organic 1,3-dipolar compound"", ""Propargyl-type 1,3-dipolar organic compound"", ""Carboximidamide"", ""Hemithioaminal"", ""Thioether"", ""Secondary amine"", ""Monocarboxylic acid or derivatives"", ""Secondary aliphatic amine"", ""Carboxylic acid"", ""Organic nitrogen compound"", ""Organic oxygen compound"", ""Organopnictogen compound"", ""Organic oxide"", ""Hydrocarbon derivative"", ""Organooxygen compound"", ""Organonitrogen compound"", ""Carbonyl group"", ""Amine"", ""Aldehyde"", ""Alcohol"", ""Aromatic heteropolycyclic compound""]"
71311919,NotAvailable,External_descriptors: []
71311919,NotAvailable,"Ancestors: [""Alcohols and polyols"", ""Aldehydes"", ""Alpha amino acids and derivatives"", ""Alpha-hydroxyaldehydes"", ""Amines"", ""Amino acids and derivatives"", ""Amino acids, peptides, and analogues"", ""Azacyclic compounds"", ""Azetidines"", ""Azolidines"", ""Benzene and substituted derivatives"", ""Benzenoids"", ""Beta lactams"", ""Carbohydrates and carbohydrate conjugates"", ""Carbonyl compounds"", ""Carboximidamides"", ""Carboxylic acid amides"", ""Carboxylic acid derivatives"", ""Carboxylic acids"", ""Carboxylic acids and derivatives"", ""Chemical entities"", ""Cyclic alcohols and derivatives"", ""Cyclitols and derivatives"", ""Cyclohexanols"", ""Dialkylamines"", ""Dialkylthioethers"", ""Dipeptides"", ""Guanidines"", ""Hydrocarbon derivatives"", ""Lactams"", ""Monocarboxylic acids and derivatives"", ""Monosaccharides"", ""N-acyl-alpha amino acids and derivatives"", ""Organic 1,3-dipolar compounds"", ""Organic acids and derivatives"", ""Organic compounds"", ""Organic nitrogen compounds"", ""Organic oxides"", ""Organic oxygen compounds"", ""Organoheterocyclic compounds"", ""Organonitrogen compounds"", ""Organooxygen compounds"", ""Organopnictogen compounds"", ""Organosulfur compounds"", ""Oxacyclic compounds"", ""Oxanes"", ""Penams"", ""Penicillins"", ""Peptides"", ""Phenylacetamides"", ""Propargyl-type 1,3-dipolar organic compounds"", ""Secondary alcohols"", ""Secondary amines"", ""Secondary carboxylic acid amides"", ""Tertiary alcohols"", ""Tertiary carboxylic acid amides"", ""Tetrahydrofurans"", ""Thiazolidines"", ""Thioethers"", ""Thiohemiaminal derivatives""]"
71311919,NotAvailable,predicted_chebi_terms: []
71311919,NotAvailable,predicted_lipidmaps_terms: []
71311919,NotAvailable,Classification_version: 2.1
71312131,CHEMONTID:0000000,Kingdom: Organic compounds
71312131,CHEMONTID:0004603,Superclass: Organic oxygen compounds
71312131,CHEMONTID:0000323,Class: Organooxygen compounds
71312131,CHEMONTID:0000011,Subclass: Carbohydrates and carbohydrate conjugates
71312131,CHEMONTID:0002105,Intermediate_nodes: Glycosyl compounds
71312131,CHEMONTID:0002207,Direct_parent: O-glycosyl compounds
71312131,CHEMONTID:0001542,alternative_parents: Disaccharides
71312131,CHEMONTID:0002012,alternative_parents: Oxanes
71312131,CHEMONTID:0001661,alternative_parents: Secondary alcohols
71312131,CHEMONTID:0004140,alternative_parents: Oxacyclic compounds
71312131,CHEMONTID:0001167,alternative_parents: Dialkyl ethers
71312131,CHEMONTID:0001656,alternative_parents: Acetals
71312131,CHEMONTID:0000286,alternative_parents: Primary alcohols
71312131,CHEMONTID:0004150,alternative_parents: Hydrocarbon derivatives
71312131,NotAvailable,mMlecular_framework: Aliphatic heteromonocyclic compounds
71312131,NotAvailable,"Substituents: [""O-glycosyl compound"", ""Disaccharide"", ""Oxane"", ""Secondary alcohol"", ""Oxacycle"", ""Organoheterocyclic compound"", ""Ether"", ""Dialkyl ether"", ""Acetal"", ""Hydrocarbon derivative"", ""Primary alcohol"", ""Alcohol"", ""Aliphatic heteromonocyclic compound""]"
71312131,NotAvailable,External_descriptors: []
71312131,NotAvailable,"Ancestors: [""Acetals"", ""Alcohols and polyols"", ""Carbohydrates and carbohydrate conjugates"", ""Chemical entities"", ""Dialkyl ethers"", ""Disaccharides"", ""Ethers"", ""Glycosyl compounds"", ""Hydrocarbon derivatives"", ""O-glycosyl compounds"", ""Organic compounds"", ""Organic oxygen compounds"", ""Organoheterocyclic compounds"", ""Organooxygen compounds"", ""Oxacyclic compounds"", ""Oxanes"", ""Primary alcohols"", ""Secondary alcohols""]"
71312131,NotAvailable,"predicted_chebi_terms: [""disaccharide (CHEBI:36233)"", ""oxanes (CHEBI:46942)"", ""secondary alcohol (CHEBI:35681)"", ""oxacycle (CHEBI:38104)"", ""ether (CHEBI:25698)"", ""acetal (CHEBI:59769)"", ""primary alcohol (CHEBI:15734)"", ""organic molecule (CHEBI:72695)"", ""glycoside (CHEBI:24400)"", ""chemical entity (CHEBI:24431)"", ""oxygen molecular entity (CHEBI:25806)"", ""organic molecular entity (CHEBI:50860)"", ""organooxygen compound (CHEBI:36963)"", ""carbohydrates and carbohydrate derivatives (CHEBI:78616)"", ""organic heterocyclic compound (CHEBI:24532)"", ""polyol (CHEBI:26191)"", ""organic hydroxy compound (CHEBI:33822)"", ""alcohol (CHEBI:30879)""]"
71312131,NotAvailable,predicted_lipidmaps_terms: []
71312131,NotAvailable,Classification_version: 2.1
71312545,CHEMONTID:0000000,Kingdom: Organic compounds
71312545,CHEMONTID:0000261,Superclass: Phenylpropanoids and polyketides
71312545,CHEMONTID:0002551,Class: Phenylpropanoic acids
71312545,CHEMONTID:0002551,Direct_parent: Phenylpropanoic acids
71312545,CHEMONTID:0001563,alternative_parents: Monocyclic monoterpenoids
71312545,CHEMONTID:0000051,alternative_parents: Aromatic monoterpenoids
71312545,CHEMONTID:0002811,alternative_parents: Phenylpropanes
71312545,CHEMONTID:0001137,alternative_parents: Monocarboxylic acids and derivatives
71312545,CHEMONTID:0001205,alternative_parents: Carboxylic acids
71312545,CHEMONTID:0000286,alternative_parents: Primary alcohols
71312545,CHEMONTID:0003940,alternative_parents: Organic oxides
71312545,CHEMONTID:0004150,alternative_parents: Hydrocarbon derivatives
71312545,CHEMONTID:0001831,alternative_parents: Carbonyl compounds
71312545,NotAvailable,mMlecular_framework: Aromatic homomonocyclic compounds
71312545,NotAvailable,"Substituents: [""2-phenylpropanoic-acid"", ""P-cymene"", ""Aromatic monoterpenoid"", ""Monocyclic monoterpenoid"", ""Monoterpenoid"", ""Phenylpropane"", ""Monocyclic benzene moiety"", ""Benzenoid"", ""Monocarboxylic acid or derivatives"", ""Carboxylic acid"", ""Carboxylic acid derivative"", ""Organic oxygen compound"", ""Organooxygen compound"", ""Alcohol"", ""Carbonyl group"", ""Primary alcohol"", ""Hydrocarbon derivative"", ""Organic oxide"", ""Aromatic homomonocyclic compound""]"
71312545,NotAvailable,External_descriptors: []
71312545,NotAvailable,"Ancestors: [""Alcohols and polyols"", ""Aromatic monoterpenoids"", ""Benzene and substituted derivatives"", ""Benzenoids"", ""Carbonyl compounds"", ""Carboxylic acids"", ""Carboxylic acids and derivatives"", ""Chemical entities"", ""Hydrocarbon derivatives"", ""Lipids and lipid-like molecules"", ""Monocarboxylic acids and derivatives"", ""Monocyclic monoterpenoids"", ""Monoterpenoids"", ""Organic acids and derivatives"", ""Organic compounds"", ""Organic oxides"", ""Organic oxygen compounds"", ""Organooxygen compounds"", ""Phenylpropanes"", ""Phenylpropanoic acids"", ""Phenylpropanoids and polyketides"", ""Prenol lipids"", ""Primary alcohols""]"
71312545,NotAvailable,"predicted_chebi_terms: [""monoterpenoid (CHEBI:25409)"", ""alkylbenzene (CHEBI:38976)"", ""carbonyl compound (CHEBI:36586)"", ""carboxylic acid (CHEBI:33575)"", ""carboxylic acid anion (CHEBI:29067)"", ""primary alcohol (CHEBI:15734)"", ""organic oxide (CHEBI:25701)"", ""organic molecule (CHEBI:72695)"", ""benzenes (CHEBI:22712)"", ""chemical entity (CHEBI:24431)"", ""lipid (CHEBI:18059)"", ""ether lipid (CHEBI:64611)"", ""benzenoid aromatic compound (CHEBI:33836)"", ""organooxygen compound (CHEBI:36963)"", ""oxygen molecular entity (CHEBI:25806)"", ""organic molecular entity (CHEBI:50860)"", ""polyol (CHEBI:26191)"", ""organic hydroxy compound (CHEBI:33822)"", ""alcohol (CHEBI:30879)""]"
71312545,NotAvailable,"predicted_lipidmaps_terms: [""C10 isoprenoids (monoterpenes) (PR0102)"", ""Prenol Lipids (PR)""]"
71312545,NotAvailable,Classification_version: 2.1
71312957,CHEMONTID:0000000,Kingdom: Organic compounds
71312957,CHEMONTID:0000279,Superclass: Alkaloids and derivatives
71312957,CHEMONTID:0000058,Class: Morphinans
71312957,CHEMONTID:0000058,Direct_parent: Morphinans
71312957,CHEMONTID:0003861,alternative_parents: Fatty acyl glycosides of mono- and disaccharides
71312957,CHEMONTID:0004165,alternative_parents: Phenolic glycosides
71312957,CHEMONTID:0002813,alternative_parents: O-glucuronides
71312957,CHEMONTID:0000025,alternative_parents: Phenanthrenes and derivatives
71312957,CHEMONTID:0001498,alternative_parents: Hexoses
71312957,CHEMONTID:0002125,alternative_parents: Alkyl glycosides
71312957,CHEMONTID:0002207,alternative_parents: O-glycosyl compounds
71312957,CHEMONTID:0000048,alternative_parents: Tetralins
71312957,CHEMONTID:0004189,alternative_parents: Coumarans
71312957,CHEMONTID:0001713,alternative_parents: Beta hydroxy acids and derivatives
71312957,CHEMONTID:0003899,alternative_parents: Aralkylamines
71312957,CHEMONTID:0000128,alternative_parents: Alkyl aryl ethers
71312957,CHEMONTID:0000086,alternative_parents: Pyrans
71312957,CHEMONTID:0002012,alternative_parents: Oxanes
71312957,CHEMONTID:0000346,alternative_parents: Dicarboxylic acids and derivatives
71312957,CHEMONTID:0000195,alternative_parents: Piperidines
71312957,CHEMONTID:0001661,alternative_parents: Secondary alcohols
71312957,CHEMONTID:0002239,alternative_parents: Trialkylamines
71312957,CHEMONTID:0001238,alternative_parents: Carboxylic acid esters
71312957,CHEMONTID:0004176,alternative_parents: Amino acids
71312957,CHEMONTID:0004139,alternative_parents: Azacyclic compounds
71312957,CHEMONTID:0002286,alternative_parents: Polyols
71312957,CHEMONTID:0001205,alternative_parents: Carboxylic acids
71312957,CHEMONTID:0001656,alternative_parents: Acetals
71312957,CHEMONTID:0004140,alternative_parents: Oxacyclic compounds
71312957,CHEMONTID:0001831,alternative_parents: Carbonyl compounds
71312957,CHEMONTID:0004150,alternative_parents: Hydrocarbon derivatives
71312957,CHEMONTID:0003940,alternative_parents: Organic oxides
71312957,CHEMONTID:0004557,alternative_parents: Organopnictogen compounds
71312957,NotAvailable,mMlecular_framework: Aromatic heteropolycyclic compounds
71312957,NotAvailable,"Substituents: [""Morphinan"", ""Phenolic glycoside"", ""Fatty acyl glycoside"", ""Fatty acyl glycoside of mono- or disaccharide"", ""1-o-glucuronide"", ""O-glucuronide"", ""Phenanthrene"", ""Glucuronic acid or derivatives"", ""Alkyl glycoside"", ""Hexose monosaccharide"", ""O-glycosyl compound"", ""Glycosyl compound"", ""Tetralin"", ""Coumaran"", ""Aralkylamine"", ""Alkyl aryl ether"", ""Beta-hydroxy acid"", ""Benzenoid"", ""Monosaccharide"", ""Hydroxy acid"", ""Oxane"", ""Dicarboxylic acid or derivatives"", ""Piperidine"", ""Pyran"", ""Fatty acyl"", ""Amino acid or derivatives"", ""Tertiary aliphatic amine"", ""Tertiary amine"", ""Amino acid"", ""Carboxylic acid ester"", ""Secondary alcohol"", ""Acetal"", ""Carboxylic acid derivative"", ""Carboxylic acid"", ""Oxacycle"", ""Ether"", ""Azacycle"", ""Organoheterocyclic compound"", ""Polyol"", ""Hydrocarbon derivative"", ""Alcohol"", ""Carbonyl group"", ""Organic nitrogen compound"", ""Organic oxygen compound"", ""Amine"", ""Organopnictogen compound"", ""Organic oxide"", ""Organooxygen compound"", ""Organonitrogen compound"", ""Aromatic heteropolycyclic compound""]"
71312957,NotAvailable,External_descriptors: []
71312957,NotAvailable,"Ancestors: [""Acetals"", ""Alcohols and polyols"", ""Alkaloids and derivatives"", ""Alkyl aryl ethers"", ""Alkyl glycosides"", ""Amines"", ""Amino acids"", ""Amino acids and derivatives"", ""Amino acids, peptides, and analogues"", ""Aralkylamines"", ""Azacyclic compounds"", ""Benzenoids"", ""Beta hydroxy acids and derivatives"", ""Carbohydrates and carbohydrate conjugates"", ""Carbonyl compounds"", ""Carboxylic acid derivatives"", ""Carboxylic acid esters"", ""Carboxylic acids"", ""Carboxylic acids and derivatives"", ""Chemical entities"", ""Coumarans"", ""Dicarboxylic acids and derivatives"", ""Ethers"", ""Fatty Acyls"", ""Fatty acyl glycosides"", ""Fatty acyl glycosides of mono- and disaccharides"", ""Glucuronic acid derivatives"", ""Glucuronides"", ""Glycosyl compounds"", ""Hexoses"", ""Hydrocarbon derivatives"", ""Hydroxy acids and derivatives"", ""Lipids and lipid-like molecules"", ""Monosaccharides"", ""Morphinans"", ""O-glucuronides"", ""O-glycosyl compounds"", ""Organic acids and derivatives"", ""Organic compounds"", ""Organic nitrogen compounds"", ""Organic oxides"", ""Organic oxygen compounds"", ""Organoheterocyclic compounds"", ""Organonitrogen compounds"", ""Organooxygen compounds"", ""Organopnictogen compounds"", ""Oxacyclic compounds"", ""Oxanes"", ""Phenanthrenes and derivatives"", ""Phenolic glycosides"", ""Piperidines"", ""Polyols"", ""Pyrans"", ""Secondary alcohols"", ""Sugar acids and derivatives"", ""Tertiary amines"", ""Tetralins"", ""Trialkylamines""]"
71312957,NotAvailable,"predicted_chebi_terms: [""glycoside (CHEBI:24400)"", ""O-acyl carbohydrate (CHEBI:52782)"", ""lipid (CHEBI:18059)"", ""glucosiduronic acid (CHEBI:24302)"", ""phenanthrenes (CHEBI:25961)"", ""hexose (CHEBI:18133)"", ""tetralins (CHEBI:36786)"", ""1-benzofurans (CHEBI:38830)"", ""3-hydroxy carboxylic acid (CHEBI:61355)"", ""aralkylamine (CHEBI:18000)"", ""aromatic ether (CHEBI:35618)"", ""pyrans (CHEBI:26407)"", ""oxanes (CHEBI:46942)"", ""dicarboxylic acid (CHEBI:35692)"", ""piperidines (CHEBI:26151)"", ""secondary alcohol (CHEBI:35681)"", ""tertiary amino compound (CHEBI:50996)"", ""carboxylic ester (CHEBI:33308)"", ""amino acid (CHEBI:33709)"", ""organonitrogen heterocyclic compound (CHEBI:38101)"", ""polyol (CHEBI:26191)"", ""carboxylic acid (CHEBI:33575)"", ""carboxylic acid anion (CHEBI:29067)"", ""acetal (CHEBI:59769)"", ""oxacycle (CHEBI:38104)"", ""carbonyl compound (CHEBI:36586)"", ""organic molecule (CHEBI:72695)"", ""organic oxide (CHEBI:25701)"", ""pnictogen molecular entity (CHEBI:33302)"", ""organic molecular entity (CHEBI:50860)"", ""morphinane alkaloid (CHEBI:25418)"", ""chemical entity (CHEBI:24431)"", ""organooxygen compound (CHEBI:36963)"", ""fatty acid derivative (CHEBI:61697)"", ""oxygen molecular entity (CHEBI:25806)"", ""carbohydrates and carbohydrate derivatives (CHEBI:78616)"", ""carbohydrate acid derivative (CHEBI:63436)"", ""benzenoid aromatic compound (CHEBI:33836)"", ""monosaccharide (CHEBI:35381)"", ""organic heterocyclic compound (CHEBI:24532)"", ""hydroxy carboxylic acid (CHEBI:24669)"", ""nitrogen molecular entity (CHEBI:51143)"", ""organonitrogen compound (CHEBI:35352)"", ""amine (CHEBI:32952)"", ""ether (CHEBI:25698)"", ""organic hydroxy compound (CHEBI:33822)"", ""alcohol (CHEBI:30879)"", ""tertiary amine (CHEBI:32876)"", ""peptide (CHEBI:16670)"", ""alkaloid (CHEBI:22315)""]"
71312957,NotAvailable,"predicted_lipidmaps_terms: [""Fatty acyl glycosides of mono- and disaccharides (FA1301)"", ""Fatty acyl glycosides (FA13)"", ""Dicarboxylic acids (FA0117)"", ""Fatty Acyls (FA)""]"
71312957,NotAvailable,Classification_version: 2.1
71313964,CHEMONTID:0000000,Kingdom: Organic compounds
71313964,CHEMONTID:0004603,Superclass: Organic oxygen compounds
71313964,CHEMONTID:0000323,Class: Organooxygen compounds
71313964,CHEMONTID:0000011,Subclass: Carbohydrates and carbohydrate conjugates
71313964,CHEMONTID:0000215,Intermediate_nodes: Sugar acids and derivatives
71313964,CHEMONTID:0002094,Intermediate_nodes: Glucuronic acid derivatives
71313964,CHEMONTID:0000374,Intermediate_nodes: Glucuronides
71313964,CHEMONTID:0002813,Direct_parent: O-glucuronides
71313964,CHEMONTID:0001498,alternative_parents: Hexoses
71313964,CHEMONTID:0002207,alternative_parents: O-glycosyl compounds
71313964,CHEMONTID:0004551,alternative_parents: Trifluoromethylbenzenes
71313964,CHEMONTID:0000285,alternative_parents: Anilides
71313964,CHEMONTID:0004233,alternative_parents: Benzenesulfonyl compounds
71313964,CHEMONTID:0001530,alternative_parents: Benzonitriles
71313964,CHEMONTID:0003282,alternative_parents: N-arylamides
71313964,CHEMONTID:0001713,alternative_parents: Beta hydroxy acids and derivatives
71313964,CHEMONTID:0001100,alternative_parents: Fluorobenzenes
71313964,CHEMONTID:0001031,alternative_parents: Aryl fluorides
71313964,CHEMONTID:0002012,alternative_parents: Oxanes
71313964,CHEMONTID:0000086,alternative_parents: Pyrans
71313964,CHEMONTID:0000505,alternative_parents: Sulfones
71313964,CHEMONTID:0001663,alternative_parents: Secondary carboxylic acid amides
71313964,CHEMONTID:0001661,alternative_parents: Secondary alcohols
71313964,CHEMONTID:0004140,alternative_parents: Oxacyclic compounds
71313964,CHEMONTID:0000362,alternative_parents: Nitriles
71313964,CHEMONTID:0002286,alternative_parents: Polyols
71313964,CHEMONTID:0001656,alternative_parents: Acetals
71313964,CHEMONTID:0001205,alternative_parents: Carboxylic acids
71313964,CHEMONTID:0001137,alternative_parents: Monocarboxylic acids and derivatives
71313964,CHEMONTID:0003940,alternative_parents: Organic oxides
71313964,CHEMONTID:0001831,alternative_parents: Carbonyl compounds
71313964,CHEMONTID:0004557,alternative_parents: Organopnictogen compounds
71313964,CHEMONTID:0001027,alternative_parents: Alkyl fluorides
71313964,CHEMONTID:0001517,alternative_parents: Organofluorides
71313964,CHEMONTID:0004150,alternative_parents: Hydrocarbon derivatives
71313964,NotAvailable,mMlecular_framework: Aromatic heteromonocyclic compounds
71313964,NotAvailable,"Substituents: [""O-glucuronide"", ""1-o-glucuronide"", ""Hexose monosaccharide"", ""O-glycosyl compound"", ""Glycosyl compound"", ""Trifluoromethylbenzene"", ""Benzenesulfonyl group"", ""Anilide"", ""Benzonitrile"", ""N-arylamide"", ""Beta-hydroxy acid"", ""Fluorobenzene"", ""Halobenzene"", ""Benzenoid"", ""Hydroxy acid"", ""Monosaccharide"", ""Pyran"", ""Monocyclic benzene moiety"", ""Oxane"", ""Aryl halide"", ""Aryl fluoride"", ""Sulfonyl"", ""Sulfone"", ""Carboxamide group"", ""Secondary carboxylic acid amide"", ""Secondary alcohol"", ""Carboxylic acid derivative"", ""Carboxylic acid"", ""Oxacycle"", ""Organoheterocyclic compound"", ""Acetal"", ""Monocarboxylic acid or derivatives"", ""Polyol"", ""Carbonitrile"", ""Nitrile"", ""Organohalogen compound"", ""Organofluoride"", ""Organonitrogen compound"", ""Carbonyl group"", ""Hydrocarbon derivative"", ""Alkyl fluoride"", ""Alkyl halide"", ""Alcohol"", ""Organosulfur compound"", ""Organic nitrogen compound"", ""Organopnictogen compound"", ""Cyanide"", ""Organic oxide"", ""Aromatic heteromonocyclic compound""]"
71313964,NotAvailable,External_descriptors: []
71313964,NotAvailable,"Ancestors: [""Acetals"", ""Alcohols and polyols"", ""Alkyl fluorides"", ""Alkyl halides"", ""Anilides"", ""Aryl fluorides"", ""Aryl halides"", ""Benzene and substituted derivatives"", ""Benzenesulfonyl compounds"", ""Benzenoids"", ""Benzonitriles"", ""Beta hydroxy acids and derivatives"", ""Branched fatty acids"", ""Carbohydrates and carbohydrate conjugates"", ""Carbonyl compounds"", ""Carboxylic acid amides"", ""Carboxylic acid derivatives"", ""Carboxylic acids"", ""Carboxylic acids and derivatives"", ""Chemical entities"", ""Ethers"", ""Fatty Acyls"", ""Fatty acids and conjugates"", ""Fluoroalkenes"", ""Fluorobenzenes"", ""Glucuronic acid derivatives"", ""Glucuronides"", ""Glycosyl compounds"", ""Haloalkenes"", ""Halobenzenes"", ""Halogenated fatty acids"", ""Heterocyclic fatty acids"", ""Hexoses"", ""Hydrocarbon derivatives"", ""Hydroxy acids and derivatives"", ""Hydroxy fatty acids"", ""Lipids and lipid-like molecules"", ""Monocarboxylic acids and derivatives"", ""Monosaccharides"", ""N-arylamides"", ""Nitriles"", ""O-glucuronides"", ""O-glycosyl compounds"", ""Organic acids and derivatives"", ""Organic compounds"", ""Organic cyanides"", ""Organic nitrogen compounds"", ""Organic oxides"", ""Organic oxygen compounds"", ""Organofluorides"", ""Organohalogen compounds"", ""Organoheterocyclic compounds"", ""Organonitrogen compounds"", ""Organooxygen compounds"", ""Organopnictogen compounds"", ""Organosulfur compounds"", ""Oxacyclic compounds"", ""Oxanes"", ""Polyols"", ""Pyrans"", ""Saccharolipids"", ""Secondary alcohols"", ""Secondary carboxylic acid amides"", ""Short-chain hydroxy acids and derivatives"", ""Sugar acids and derivatives"", ""Sulfones"", ""Sulfonyls"", ""Trifluoromethylbenzenes"", ""Vinyl fluorides"", ""Vinyl halides""]"
71313964,NotAvailable,"predicted_chebi_terms: [""hexose (CHEBI:18133)"", ""glycoside (CHEBI:24400)"", ""(trifluoromethyl)benzenes (CHEBI:83565)"", ""anilide (CHEBI:13248)"", ""benzenes (CHEBI:22712)"", ""organosulfur compound (CHEBI:33261)"", ""nitrile (CHEBI:18379)"", ""aromatic amide (CHEBI:62733)"", ""3-hydroxy carboxylic acid (CHEBI:61355)"", ""organofluorine compound (CHEBI:37143)"", ""oxanes (CHEBI:46942)"", ""pyrans (CHEBI:26407)"", ""sulfone (CHEBI:35850)"", ""carboxamide (CHEBI:37622)"", ""secondary alcohol (CHEBI:35681)"", ""oxacycle (CHEBI:38104)"", ""polyol (CHEBI:26191)"", ""acetal (CHEBI:59769)"", ""carboxylic acid (CHEBI:33575)"", ""monocarboxylic acid (CHEBI:25384)"", ""organic oxide (CHEBI:25701)"", ""carbonyl compound (CHEBI:36586)"", ""pnictogen molecular entity (CHEBI:33302)"", ""organic molecular entity (CHEBI:50860)"", ""organic molecule (CHEBI:72695)"", ""glucosiduronic acid (CHEBI:24302)"", ""chemical entity (CHEBI:24431)"", ""oxygen molecular entity (CHEBI:25806)"", ""organooxygen compound (CHEBI:36963)"", ""carbohydrates and carbohydrate derivatives (CHEBI:78616)"", ""monosaccharide (CHEBI:35381)"", ""benzenoid aromatic compound (CHEBI:33836)"", ""nitrogen molecular entity (CHEBI:51143)"", ""organonitrogen compound (CHEBI:35352)"", ""organic acid (CHEBI:64709)"", ""hydroxy carboxylic acid (CHEBI:24669)"", ""organohalogen compound (CHEBI:36684)"", ""haloarene (CHEBI:50887)"", ""organic heterocyclic compound (CHEBI:24532)"", ""amide (CHEBI:32988)"", ""organic hydroxy compound (CHEBI:33822)"", ""alcohol (CHEBI:30879)"", ""cyanides (CHEBI:23424)"", ""ether (CHEBI:25698)"", ""haloalkane (CHEBI:24469)"", ""carbohydrate acid derivative (CHEBI:63436)""]"
71313964,NotAvailable,predicted_lipidmaps_terms: []
71313964,NotAvailable,Classification_version: 2.1
71315107,CHEMONTID:0000000,Kingdom: Organic compounds
71315107,CHEMONTID:0000264,Superclass: Organic acids and derivatives
71315107,CHEMONTID:0000265,Class: Carboxylic acids and derivatives
71315107,CHEMONTID:0000013,"Subclass: Amino acids, peptides, and analogues"
71315107,CHEMONTID:0000347,Intermediate_nodes: Amino acids and derivatives
71315107,CHEMONTID:0000060,Intermediate_nodes: Alpha amino acids and derivatives
71315107,CHEMONTID:0004329,Direct_parent: Leucine and derivatives
71315107,CHEMONTID:0002309,alternative_parents: Alpha amino acid amides
71315107,CHEMONTID:0001096,alternative_parents: N-acyl amines
71315107,CHEMONTID:0000122,alternative_parents: Alpha-amino ketones
71315107,CHEMONTID:0002239,alternative_parents: Trialkylamines
71315107,CHEMONTID:0001238,alternative_parents: Carboxylic acid esters
71315107,CHEMONTID:0001137,alternative_parents: Monocarboxylic acids and derivatives
71315107,CHEMONTID:0002228,alternative_parents: Dialkylamines
71315107,CHEMONTID:0000475,alternative_parents: Carboxylic acid amides
71315107,CHEMONTID:0004557,alternative_parents: Organopnictogen compounds
71315107,CHEMONTID:0003940,alternative_parents: Organic oxides
71315107,CHEMONTID:0004150,alternative_parents: Hydrocarbon derivatives
71315107,NotAvailable,mMlecular_framework: Aliphatic acyclic compounds
71315107,NotAvailable,"Substituents: [""Leucine or derivatives"", ""Alpha-amino acid amide"", ""Fatty acyl"", ""N-acyl-amine"", ""Fatty amide"", ""Alpha-aminoketone"", ""Tertiary aliphatic amine"", ""Tertiary amine"", ""Ketone"", ""Carboxylic acid ester"", ""Carboxamide group"", ""Secondary amine"", ""Monocarboxylic acid or derivatives"", ""Secondary aliphatic amine"", ""Organic nitrogen compound"", ""Organic oxygen compound"", ""Organopnictogen compound"", ""Organic oxide"", ""Hydrocarbon derivative"", ""Organooxygen compound"", ""Organonitrogen compound"", ""Amine"", ""Aliphatic acyclic compound""]"
71315107,NotAvailable,External_descriptors: []
71315107,NotAvailable,"Ancestors: [""Alpha amino acid amides"", ""Alpha amino acids and derivatives"", ""Alpha-amino ketones"", ""Amines"", ""Amino acids and derivatives"", ""Amino acids, peptides, and analogues"", ""Carbonyl compounds"", ""Carboxylic acid amides"", ""Carboxylic acid derivatives"", ""Carboxylic acid esters"", ""Carboxylic acids and derivatives"", ""Chemical entities"", ""Dialkylamines"", ""Fatty Acyls"", ""Fatty amides"", ""Hydrocarbon derivatives"", ""Ketones"", ""Leucine and derivatives"", ""Lipids and lipid-like molecules"", ""Monocarboxylic acids and derivatives"", ""N-acyl amines"", ""Organic acids and derivatives"", ""Organic compounds"", ""Organic nitrogen compounds"", ""Organic oxides"", ""Organic oxygen compounds"", ""Organonitrogen compounds"", ""Organooxygen compounds"", ""Organopnictogen compounds"", ""Secondary amines"", ""Tertiary amines"", ""Trialkylamines""]"
71315107,NotAvailable,predicted_chebi_terms: []
71315107,NotAvailable,predicted_lipidmaps_terms: []
71315107,NotAvailable,Classification_version: 2.1
71315116,CHEMONTID:0000000,Kingdom: Organic compounds
71315116,CHEMONTID:0000264,Superclass: Organic acids and derivatives
71315116,CHEMONTID:0000265,Class: Carboxylic acids and derivatives
71315116,CHEMONTID:0000013,"Subclass: Amino acids, peptides, and analogues"
71315116,CHEMONTID:0000347,Intermediate_nodes: Amino acids and derivatives
71315116,CHEMONTID:0000060,Intermediate_nodes: Alpha amino acids and derivatives
71315116,CHEMONTID:0004329,Direct_parent: Leucine and derivatives
71315116,CHEMONTID:0002309,alternative_parents: Alpha amino acid amides
71315116,CHEMONTID:0001096,alternative_parents: N-acyl amines
71315116,CHEMONTID:0002913,alternative_parents: Beta-hydroxy ketones
71315116,CHEMONTID:0000122,alternative_parents: Alpha-amino ketones
71315116,CHEMONTID:0002239,alternative_parents: Trialkylamines
71315116,CHEMONTID:0001663,alternative_parents: Secondary carboxylic acid amides
71315116,CHEMONTID:0001661,alternative_parents: Secondary alcohols
71315116,CHEMONTID:0002228,alternative_parents: Dialkylamines
71315116,CHEMONTID:0003940,alternative_parents: Organic oxides
71315116,CHEMONTID:0004150,alternative_parents: Hydrocarbon derivatives
71315116,NotAvailable,mMlecular_framework: Aliphatic acyclic compounds
71315116,NotAvailable,"Substituents: [""Leucine or derivatives"", ""Alpha-amino acid amide"", ""Beta-hydroxy ketone"", ""Fatty acyl"", ""Fatty amide"", ""N-acyl-amine"", ""Alpha-aminoketone"", ""Carboxamide group"", ""Tertiary aliphatic amine"", ""Tertiary amine"", ""Secondary carboxylic acid amide"", ""Secondary alcohol"", ""Ketone"", ""Secondary amine"", ""Secondary aliphatic amine"", ""Alcohol"", ""Organonitrogen compound"", ""Organooxygen compound"", ""Hydrocarbon derivative"", ""Carbonyl group"", ""Organic oxide"", ""Amine"", ""Organic oxygen compound"", ""Organic nitrogen compound"", ""Aliphatic acyclic compound""]"
71315116,NotAvailable,External_descriptors: []
71315116,NotAvailable,"Ancestors: [""Alcohols and polyols"", ""Alpha amino acid amides"", ""Alpha amino acids and derivatives"", ""Alpha-amino ketones"", ""Amines"", ""Amino acids and derivatives"", ""Amino acids, peptides, and analogues"", ""Beta-hydroxy ketones"", ""Carbonyl compounds"", ""Carboxylic acid amides"", ""Carboxylic acid derivatives"", ""Carboxylic acids and derivatives"", ""Chemical entities"", ""Dialkylamines"", ""Fatty Acyls"", ""Fatty amides"", ""Hydrocarbon derivatives"", ""Ketones"", ""Leucine and derivatives"", ""Lipids and lipid-like molecules"", ""N-acyl amines"", ""Organic acids and derivatives"", ""Organic compounds"", ""Organic nitrogen compounds"", ""Organic oxides"", ""Organic oxygen compounds"", ""Organonitrogen compounds"", ""Organooxygen compounds"", ""Organopnictogen compounds"", ""Secondary alcohols"", ""Secondary amines"", ""Secondary carboxylic acid amides"", ""Tertiary amines"", ""Trialkylamines""]"
71315116,NotAvailable,"predicted_chebi_terms: [""amino acid amide (CHEBI:22475)"", ""fatty amide (CHEBI:29348)"", ""beta-hydroxy ketone (CHEBI:55380)"", ""organic amino compound (CHEBI:50047)"", ""ketone (CHEBI:17087)"", ""tertiary amino compound (CHEBI:50996)"", ""carboxamide (CHEBI:37622)"", ""secondary alcohol (CHEBI:35681)"", ""secondary amino compound (CHEBI:50995)"", ""organic oxide (CHEBI:25701)"", ""organic molecule (CHEBI:72695)"", ""leucine derivative (CHEBI:47003)"", ""chemical entity (CHEBI:24431)"", ""organic acid (CHEBI:64709)"", ""carboxylic acid (CHEBI:33575)"", ""carbonyl compound (CHEBI:36586)"", ""organonitrogen compound (CHEBI:35352)"", ""organooxygen compound (CHEBI:36963)"", ""lipid (CHEBI:18059)"", ""oxygen molecular entity (CHEBI:25806)"", ""organic molecular entity (CHEBI:50860)"", ""nitrogen molecular entity (CHEBI:51143)"", ""amine (CHEBI:32952)"", ""tertiary amine (CHEBI:32876)"", ""amide (CHEBI:32988)"", ""polyol (CHEBI:26191)"", ""organic hydroxy compound (CHEBI:33822)"", ""alcohol (CHEBI:30879)"", ""secondary amine (CHEBI:32863)""]"
71315116,NotAvailable,"predicted_lipidmaps_terms: [""N-acyl amines (FA0802)"", ""Fatty Acyls (FA)"", ""Fatty amides (FA08)""]"
71315116,NotAvailable,Classification_version: 2.1
71315173,CHEMONTID:0000000,Kingdom: Organic compounds
71315173,CHEMONTID:0000264,Superclass: Organic acids and derivatives
71315173,CHEMONTID:0000265,Class: Carboxylic acids and derivatives
71315173,CHEMONTID:0000013,"Subclass: Amino acids, peptides, and analogues"
71315173,CHEMONTID:0000347,Intermediate_nodes: Amino acids and derivatives
71315173,CHEMONTID:0000060,Intermediate_nodes: Alpha amino acids and derivatives
71315173,CHEMONTID:0002309,Direct_parent: Alpha amino acid amides
71315173,CHEMONTID:0002205,alternative_parents: Thioglycosides
71315173,CHEMONTID:0002287,alternative_parents: Pyrroline carboxylic acids and derivatives
71315173,CHEMONTID:0001540,alternative_parents: Monosaccharides
71315173,CHEMONTID:0002012,alternative_parents: Oxanes
71315173,CHEMONTID:0002131,alternative_parents: Monothioacetals
71315173,CHEMONTID:0002239,alternative_parents: Trialkylamines
71315173,CHEMONTID:0001663,alternative_parents: Secondary carboxylic acid amides
71315173,CHEMONTID:0001661,alternative_parents: Secondary alcohols
71315173,CHEMONTID:0004140,alternative_parents: Oxacyclic compounds
71315173,CHEMONTID:0003260,alternative_parents: Sulfenyl compounds
71315173,CHEMONTID:0004139,alternative_parents: Azacyclic compounds
71315173,CHEMONTID:0002286,alternative_parents: Polyols
71315173,CHEMONTID:0001516,alternative_parents: Organochlorides
71315173,CHEMONTID:0003940,alternative_parents: Organic oxides
71315173,CHEMONTID:0001026,alternative_parents: Alkyl chlorides
71315173,CHEMONTID:0004150,alternative_parents: Hydrocarbon derivatives
71315173,CHEMONTID:0001831,alternative_parents: Carbonyl compounds
71315173,NotAvailable,mMlecular_framework: Aliphatic heteromonocyclic compounds
71315173,NotAvailable,"Substituents: [""Alpha-amino acid amide"", ""Glycosyl compound"", ""S-glycosyl compound"", ""Pyrroline carboxylic acid or derivatives"", ""Monosaccharide"", ""Oxane"", ""Pyrroline"", ""Monothioacetal"", ""Tertiary aliphatic amine"", ""Tertiary amine"", ""Secondary carboxylic acid amide"", ""Secondary alcohol"", ""Carboxamide group"", ""Organoheterocyclic compound"", ""Sulfenyl compound"", ""Oxacycle"", ""Azacycle"", ""Polyol"", ""Hydrocarbon derivative"", ""Organooxygen compound"", ""Organonitrogen compound"", ""Organochloride"", ""Organohalogen compound"", ""Organosulfur compound"", ""Alcohol"", ""Organic oxygen compound"", ""Carbonyl group"", ""Amine"", ""Organic nitrogen compound"", ""Alkyl halide"", ""Alkyl chloride"", ""Organic oxide"", ""Aliphatic heteromonocyclic compound""]"
71315173,NotAvailable,External_descriptors: []
71315173,NotAvailable,"Ancestors: [""Alcohols and polyols"", ""Alkyl chlorides"", ""Alkyl halides"", ""Alpha amino acid amides"", ""Alpha amino acids and derivatives"", ""Amines"", ""Amino acids and derivatives"", ""Amino acids, peptides, and analogues"", ""Azacyclic compounds"", ""Carbohydrates and carbohydrate conjugates"", ""Carbonyl compounds"", ""Carboxylic acid amides"", ""Carboxylic acid derivatives"", ""Carboxylic acids and derivatives"", ""Chemical entities"", ""Fatty Acyls"", ""Fatty amides"", ""Glycosyl compounds"", ""Hydrocarbon derivatives"", ""Lipids and lipid-like molecules"", ""Monosaccharides"", ""Monothioacetals"", ""N-acyl amines"", ""Organic acids and derivatives"", ""Organic compounds"", ""Organic nitrogen compounds"", ""Organic oxides"", ""Organic oxygen compounds"", ""Organochlorides"", ""Organohalogen compounds"", ""Organoheterocyclic compounds"", ""Organonitrogen compounds"", ""Organooxygen compounds"", ""Organopnictogen compounds"", ""Organosulfur compounds"", ""Oxacyclic compounds"", ""Oxanes"", ""Polyols"", ""Pyrroline carboxylic acids and derivatives"", ""Pyrrolines"", ""Secondary alcohols"", ""Secondary carboxylic acid amides"", ""Sulfenyl compounds"", ""Tertiary amines"", ""Thioacetals"", ""Thioglycosides"", ""Trialkylamines""]"
71315173,NotAvailable,"predicted_chebi_terms: [""S-glycosyl compound (CHEBI:35275)"", ""pyrroline (CHEBI:23763)"", ""monosaccharide (CHEBI:35381)"", ""oxanes (CHEBI:46942)"", ""monothioacetal (CHEBI:59793)"", ""tertiary amino compound (CHEBI:50996)"", ""carboxamide (CHEBI:37622)"", ""secondary alcohol (CHEBI:35681)"", ""oxacycle (CHEBI:38104)"", ""organosulfur compound (CHEBI:33261)"", ""organonitrogen heterocyclic compound (CHEBI:38101)"", ""polyol (CHEBI:26191)"", ""organochlorine compound (CHEBI:36683)"", ""organic oxide (CHEBI:25701)"", ""organic molecule (CHEBI:72695)"", ""carbonyl compound (CHEBI:36586)"", ""amino acid amide (CHEBI:22475)"", ""chemical entity (CHEBI:24431)"", ""oxygen molecular entity (CHEBI:25806)"", ""organic molecular entity (CHEBI:50860)"", ""organooxygen compound (CHEBI:36963)"", ""carbohydrates and carbohydrate derivatives (CHEBI:78616)"", ""glycoside (CHEBI:24400)"", ""organic heterocyclic compound (CHEBI:24532)"", ""thioacetal (CHEBI:59792)"", ""nitrogen molecular entity (CHEBI:51143)"", ""organonitrogen compound (CHEBI:35352)"", ""amine (CHEBI:32952)"", ""tertiary amine (CHEBI:32876)"", ""organic acid (CHEBI:64709)"", ""carboxylic acid (CHEBI:33575)"", ""amide (CHEBI:32988)"", ""organic hydroxy compound (CHEBI:33822)"", ""alcohol (CHEBI:30879)"", ""organohalogen compound (CHEBI:36684)"", ""haloalkane (CHEBI:24469)""]"
71315173,NotAvailable,predicted_lipidmaps_terms: []
71315173,NotAvailable,Classification_version: 2.1
71315210,CHEMONTID:0000000,Kingdom: Organic compounds
71315210,CHEMONTID:0000002,Superclass: Organoheterocyclic compounds
71315210,CHEMONTID:0000317,Class: Benzothiazepines
71315210,CHEMONTID:0000317,Direct_parent: Benzothiazepines
71315210,CHEMONTID:0004742,alternative_parents: Phenoxy compounds
71315210,CHEMONTID:0000138,alternative_parents: Anisoles
71315210,CHEMONTID:0004113,alternative_parents: Methoxybenzenes
71315210,CHEMONTID:0000128,alternative_parents: Alkyl aryl ethers
71315210,CHEMONTID:0003863,alternative_parents: Alkylarylthioethers
71315210,CHEMONTID:0004184,alternative_parents: Trialkyl amine oxides
71315210,CHEMONTID:0001664,alternative_parents: Tertiary carboxylic acid amides
71315210,CHEMONTID:0001661,alternative_parents: Secondary alcohols
71315210,CHEMONTID:0000160,alternative_parents: Lactams
71315210,CHEMONTID:0003070,alternative_parents: Trisubstituted amine oxides and derivatives
71315210,CHEMONTID:0004139,alternative_parents: Azacyclic compounds
71315210,CHEMONTID:0001831,alternative_parents: Carbonyl compounds
71315210,CHEMONTID:0004150,alternative_parents: Hydrocarbon derivatives
71315210,CHEMONTID:0003940,alternative_parents: Organic oxides
71315210,CHEMONTID:0003865,alternative_parents: Organic salts
71315210,CHEMONTID:0003610,alternative_parents: Organic zwitterions
71315210,NotAvailable,mMlecular_framework: Aromatic heteropolycyclic compounds
71315210,NotAvailable,"Substituents: [""Benzothiazepine"", ""Phenoxy compound"", ""Aryl thioether"", ""Anisole"", ""Phenol ether"", ""Methoxybenzene"", ""Alkyl aryl ether"", ""Alkylarylthioether"", ""Monocyclic benzene moiety"", ""Benzenoid"", ""Trialkyl amine oxide"", ""Tertiary carboxylic acid amide"", ""Carboxamide group"", ""Lactam"", ""Secondary alcohol"", ""Trisubstituted n-oxide"", ""N-oxide"", ""Azacycle"", ""Thioether"", ""Carboxylic acid derivative"", ""Ether"", ""Organic zwitterion"", ""Organic nitrogen compound"", ""Organonitrogen compound"", ""Alcohol"", ""Carbonyl group"", ""Hydrocarbon derivative"", ""Organic oxide"", ""Organic oxygen compound"", ""Organooxygen compound"", ""Organic salt"", ""Aromatic heteropolycyclic compound""]"
71315210,NotAvailable,External_descriptors: []
71315210,NotAvailable,"Ancestors: [""Alcohols and polyols"", ""Alkyl aryl ethers"", ""Alkylarylthioethers"", ""Amine oxides and derivatives"", ""Amines"", ""Aminoxides"", ""Anisoles"", ""Aryl thioethers"", ""Azacyclic compounds"", ""Benzene and substituted derivatives"", ""Benzenoids"", ""Benzothiazepines"", ""Carbohydrates and carbohydrate conjugates"", ""Carbonyl compounds"", ""Carboxylic acid amides"", ""Carboxylic acid derivatives"", ""Carboxylic acids and derivatives"", ""Chemical entities"", ""Ethers"", ""Fatty Acyls"", ""Fatty amides"", ""Hydrocarbon derivatives"", ""Lactams"", ""Lipids and lipid-like molecules"", ""Methoxybenzenes"", ""Monosaccharides"", ""N-acyl amines"", ""Organic acids and derivatives"", ""Organic compounds"", ""Organic nitrogen compounds"", ""Organic oxides"", ""Organic oxoanionic compounds"", ""Organic oxygen compounds"", ""Organic salts"", ""Organic zwitterions"", ""Organoheterocyclic compounds"", ""Organonitrogen compounds"", ""Organooxygen compounds"", ""Organopnictogen compounds"", ""Organosulfur compounds"", ""Phenol ethers"", ""Phenoxy compounds"", ""Secondary alcohols"", ""Sulfenyl compounds"", ""Tertiary carboxylic acid amides"", ""Thioenol ethers"", ""Thioethers"", ""Trialkyl amine oxides"", ""Trisubstituted amine oxides and derivatives""]"
71315210,NotAvailable,"predicted_chebi_terms: [""benzenes (CHEBI:22712)"", ""methoxybenzene (CHEBI:51683)"", ""aromatic ether (CHEBI:35618)"", ""aryl sulfide (CHEBI:35683)"", ""organonitrogen compound (CHEBI:35352)"", ""N-oxide (CHEBI:35580)"", ""carboxamide (CHEBI:37622)"", ""secondary alcohol (CHEBI:35681)"", ""lactam (CHEBI:24995)"", ""organonitrogen heterocyclic compound (CHEBI:38101)"", ""carbonyl compound (CHEBI:36586)"", ""organic molecule (CHEBI:72695)"", ""organic oxide (CHEBI:25701)"", ""organic salt (CHEBI:24868)"", ""zwitterion (CHEBI:27369)"", ""organic molecular entity (CHEBI:50860)"", ""benzothiazepine (CHEBI:48684)"", ""chemical entity (CHEBI:24431)"", ""benzenoid aromatic compound (CHEBI:33836)"", ""oxygen molecular entity (CHEBI:25806)"", ""organooxygen compound (CHEBI:36963)"", ""ether (CHEBI:25698)"", ""organosulfur compound (CHEBI:33261)"", ""organic sulfide (CHEBI:16385)"", ""nitrogen molecular entity (CHEBI:51143)"", ""organic acid (CHEBI:64709)"", ""carboxylic acid (CHEBI:33575)"", ""amide (CHEBI:32988)"", ""polyol (CHEBI:26191)"", ""organic hydroxy compound (CHEBI:33822)"", ""alcohol (CHEBI:30879)"", ""organic heterocyclic compound (CHEBI:24532)"", ""amine (CHEBI:32952)"", ""N-substituted amine (CHEBI:35323)""]"
71315210,NotAvailable,predicted_lipidmaps_terms: []
71315210,NotAvailable,Classification_version: 2.1
71315252,CHEMONTID:0000000,Kingdom: Organic compounds
71315252,CHEMONTID:0000002,Superclass: Organoheterocyclic compounds
71315252,CHEMONTID:0002389,Class: Diazinanes
71315252,CHEMONTID:0000189,Subclass: Piperazines
71315252,CHEMONTID:0001984,Direct_parent: Phenylpiperazines
71315252,CHEMONTID:0003359,alternative_parents: N-arylpiperazines
71315252,CHEMONTID:0004683,"alternative_parents: Aryl 1,2,4-triazolones"
71315252,CHEMONTID:0000314,alternative_parents: Triazolopyridines
71315252,CHEMONTID:0003901,alternative_parents: Dialkylarylamines
71315252,CHEMONTID:0000284,alternative_parents: Aniline and substituted anilines
71315252,CHEMONTID:0001160,alternative_parents: Pyridinones
71315252,CHEMONTID:0003357,alternative_parents: N-alkylpiperazines
71315252,CHEMONTID:0004144,alternative_parents: Heteroaromatic compounds
71315252,CHEMONTID:0002239,alternative_parents: Trialkylamines
71315252,CHEMONTID:0004139,alternative_parents: Azacyclic compounds
71315252,CHEMONTID:0000323,alternative_parents: Organooxygen compounds
71315252,CHEMONTID:0003940,alternative_parents: Organic oxides
71315252,CHEMONTID:0004150,alternative_parents: Hydrocarbon derivatives
71315252,NotAvailable,mMlecular_framework: Aromatic heteropolycyclic compounds
71315252,NotAvailable,"Substituents: [""Phenylpiperazine"", ""N-arylpiperazine"", ""Aryl 1,2,4-triazol-3-one"", ""Triazolopyridine"", ""Tertiary aliphatic/aromatic amine"", ""Dialkylarylamine"", ""Aniline or substituted anilines"", ""N-alkylpiperazine"", ""Pyridinone"", ""Benzenoid"", ""Monocyclic benzene moiety"", ""Pyridine"", ""Azole"", ""Heteroaromatic compound"", ""1,2,4-triazole"", ""Triazole"", ""Tertiary aliphatic amine"", ""Tertiary amine"", ""Azacycle"", ""Hydrocarbon derivative"", ""Organic oxygen compound"", ""Organic nitrogen compound"", ""Organooxygen compound"", ""Organonitrogen compound"", ""Organic oxide"", ""Amine"", ""Aromatic heteropolycyclic compound""]"
71315252,NotAvailable,External_descriptors: []
71315252,NotAvailable,"Ancestors: [""Amines"", ""Aniline and substituted anilines"", ""Aryl 1,2,4-triazolones"", ""Azacyclic compounds"", ""Azoles"", ""Benzene and substituted derivatives"", ""Benzenoids"", ""Chemical entities"", ""Dialkylarylamines"", ""Diazinanes"", ""Heteroaromatic compounds"", ""Hydrocarbon derivatives"", ""Hydropyridines"", ""N-alkylpiperazines"", ""N-arylpiperazines"", ""Organic compounds"", ""Organic nitrogen compounds"", ""Organic oxides"", ""Organic oxygen compounds"", ""Organoheterocyclic compounds"", ""Organonitrogen compounds"", ""Organooxygen compounds"", ""Organopnictogen compounds"", ""Phenylpiperazines"", ""Piperazines"", ""Pyridines and derivatives"", ""Pyridinones"", ""Tertiary alkylarylamines"", ""Tertiary amines"", ""Trialkylamines"", ""Triazoles"", ""Triazolones"", ""Triazolopyridines""]"
71315252,NotAvailable,"predicted_chebi_terms: [""N-arylpiperazine (CHEBI:46848)"", ""triazoles (CHEBI:35727)"", ""triazolopyridine (CHEBI:46746)"", ""dialkylarylamine (CHEBI:23665)"", ""tertiary amino compound (CHEBI:50996)"", ""anilines (CHEBI:22562)"", ""pyridone (CHEBI:38183)"", ""N-alkylpiperazine (CHEBI:46845)"", ""organic aromatic compound (CHEBI:33659)"", ""organonitrogen heterocyclic compound (CHEBI:38101)"", ""organooxygen compound (CHEBI:36963)"", ""organic oxide (CHEBI:25701)"", ""organic molecule (CHEBI:72695)"", ""piperazines (CHEBI:26144)"", ""chemical entity (CHEBI:24431)"", ""organic heterocyclic compound (CHEBI:24532)"", ""organic heteromonocyclic compound (CHEBI:25693)"", ""azole (CHEBI:68452)"", ""nitrogen molecular entity (CHEBI:51143)"", ""organic molecular entity (CHEBI:50860)"", ""organonitrogen compound (CHEBI:35352)"", ""amine (CHEBI:32952)"", ""tertiary amine (CHEBI:32876)"", ""benzenoid aromatic compound (CHEBI:33836)"", ""benzenes (CHEBI:22712)"", ""pyridines (CHEBI:26421)"", ""dihydropyridine (CHEBI:50075)"", ""oxygen molecular entity (CHEBI:25806)""]"
71315252,NotAvailable,predicted_lipidmaps_terms: []
71315252,NotAvailable,Classification_version: 2.1
71315319,CHEMONTID:0000000,Kingdom: Organic compounds
71315319,CHEMONTID:0002448,Superclass: Benzenoids
71315319,CHEMONTID:0002341,Class: Phenol ethers
71315319,CHEMONTID:0004670,Subclass: Aminophenyl ethers
71315319,CHEMONTID:0004670,Direct_parent: Aminophenyl ethers
71315319,CHEMONTID:0002454,alternative_parents: Tertiary alkylarylamines
71315319,CHEMONTID:0004742,alternative_parents: Phenoxy compounds
71315319,CHEMONTID:0000284,alternative_parents: Aniline and substituted anilines
71315319,CHEMONTID:0002564,alternative_parents: Dichlorobenzenes
71315319,CHEMONTID:0000128,alternative_parents: Alkyl aryl ethers
71315319,CHEMONTID:0004472,alternative_parents: Ketals
71315319,CHEMONTID:0001030,alternative_parents: Aryl chlorides
71315319,CHEMONTID:0002311,alternative_parents: N-substituted imidazoles
71315319,CHEMONTID:0001316,"alternative_parents: 1,3-dioxolanes"
71315319,CHEMONTID:0003922,alternative_parents: Acetamides
71315319,CHEMONTID:0001664,alternative_parents: Tertiary carboxylic acid amides
71315319,CHEMONTID:0004144,alternative_parents: Heteroaromatic compounds
71315319,CHEMONTID:0000347,alternative_parents: Amino acids and derivatives
71315319,CHEMONTID:0004139,alternative_parents: Azacyclic compounds
71315319,CHEMONTID:0004140,alternative_parents: Oxacyclic compounds
71315319,CHEMONTID:0000470,alternative_parents: Enamines
71315319,CHEMONTID:0001516,alternative_parents: Organochlorides
71315319,CHEMONTID:0001831,alternative_parents: Carbonyl compounds
71315319,CHEMONTID:0004557,alternative_parents: Organopnictogen compounds
71315319,CHEMONTID:0004150,alternative_parents: Hydrocarbon derivatives
71315319,CHEMONTID:0003940,alternative_parents: Organic oxides
71315319,NotAvailable,mMlecular_framework: Aromatic heteromonocyclic compounds
71315319,NotAvailable,"Substituents: [""Aminophenyl ether"", ""Phenoxy compound"", ""1,3-dichlorobenzene"", ""Tertiary aliphatic/aromatic amine"", ""Aniline or substituted anilines"", ""Chlorobenzene"", ""Alkyl aryl ether"", ""Ketal"", ""Halobenzene"", ""N-substituted imidazole"", ""Monocyclic benzene moiety"", ""Aryl halide"", ""Aryl chloride"", ""Tertiary carboxylic acid amide"", ""Azole"", ""Meta-dioxolane"", ""Imidazole"", ""Acetamide"", ""Heteroaromatic compound"", ""Tertiary amine"", ""Carboxamide group"", ""Amino acid or derivatives"", ""Organoheterocyclic compound"", ""Enamine"", ""Acetal"", ""Carboxylic acid derivative"", ""Ether"", ""Azacycle"", ""Oxacycle"", ""Organic nitrogen compound"", ""Organohalogen compound"", ""Carbonyl group"", ""Organochloride"", ""Organonitrogen compound"", ""Organooxygen compound"", ""Hydrocarbon derivative"", ""Organic oxide"", ""Amine"", ""Organopnictogen compound"", ""Organic oxygen compound"", ""Aromatic heteromonocyclic compound""]"
71315319,NotAvailable,External_descriptors: []
71315319,NotAvailable,"Ancestors: [""1,3-dioxolanes"", ""Acetals"", ""Acetamides"", ""Alkyl aryl ethers"", ""Amines"", ""Amino acids and derivatives"", ""Amino acids, peptides, and analogues"", ""Aminophenyl ethers"", ""Aniline and substituted anilines"", ""Aryl chlorides"", ""Aryl halides"", ""Azacyclic compounds"", ""Azoles"", ""Benzene and substituted derivatives"", ""Benzenoids"", ""Carbonyl compounds"", ""Carboxylic acid amides"", ""Carboxylic acid derivatives"", ""Carboxylic acids and derivatives"", ""Chemical entities"", ""Chlorobenzenes"", ""Dichlorobenzenes"", ""Dioxolanes"", ""Enamines"", ""Ethers"", ""Halobenzenes"", ""Heteroaromatic compounds"", ""Hydrocarbon derivatives"", ""Imidazoles"", ""Ketals"", ""N-substituted imidazoles"", ""Organic acids and derivatives"", ""Organic compounds"", ""Organic nitrogen compounds"", ""Organic oxides"", ""Organic oxygen compounds"", ""Organochlorides"", ""Organohalogen compounds"", ""Organoheterocyclic compounds"", ""Organonitrogen compounds"", ""Organooxygen compounds"", ""Organopnictogen compounds"", ""Oxacyclic compounds"", ""Phenol ethers"", ""Phenoxy compounds"", ""Substituted imidazoles"", ""Tertiary alkylarylamines"", ""Tertiary amines"", ""Tertiary carboxylic acid amides""]"
71315319,NotAvailable,"predicted_chebi_terms: [""tertiary amine (CHEBI:32876)"", ""benzenes (CHEBI:22712)"", ""anilines (CHEBI:22562)"", ""dichlorobenzene (CHEBI:23697)"", ""aromatic ether (CHEBI:35618)"", ""ketal (CHEBI:59777)"", ""organochlorine compound (CHEBI:36683)"", ""imidazoles (CHEBI:24780)"", ""dioxolane (CHEBI:39430)"", ""acetamides (CHEBI:22160)"", ""carboxamide (CHEBI:37622)"", ""organic aromatic compound (CHEBI:33659)"", ""organonitrogen compound (CHEBI:35352)"", ""organooxygen compound (CHEBI:36963)"", ""organonitrogen heterocyclic compound (CHEBI:38101)"", ""oxacycle (CHEBI:38104)"", ""enamine (CHEBI:47989)"", ""carbonyl compound (CHEBI:36586)"", ""pnictogen molecular entity (CHEBI:33302)"", ""organic molecular entity (CHEBI:50860)"", ""organic molecule (CHEBI:72695)"", ""organic oxide (CHEBI:25701)"", ""substituted aniline (CHEBI:48975)"", ""chemical entity (CHEBI:24431)"", ""nitrogen molecular entity (CHEBI:51143)"", ""amine (CHEBI:32952)"", ""benzenoid aromatic compound (CHEBI:33836)"", ""organohalogen compound (CHEBI:36684)"", ""oxygen molecular entity (CHEBI:25806)"", ""ether (CHEBI:25698)"", ""acetal (CHEBI:59769)"", ""haloarene (CHEBI:50887)"", ""organic heterocyclic compound (CHEBI:24532)"", ""azole (CHEBI:68452)"", ""organic acid (CHEBI:64709)"", ""carboxylic acid (CHEBI:33575)"", ""amide (CHEBI:32988)"", ""amino acid (CHEBI:33709)"", ""peptide (CHEBI:16670)""]"
71315319,NotAvailable,predicted_lipidmaps_terms: []
71315319,NotAvailable,Classification_version: 2.1
71315438,CHEMONTID:0000000,Kingdom: Organic compounds
71315438,CHEMONTID:0000012,Superclass: Lipids and lipid-like molecules
71315438,CHEMONTID:0003909,Class: Fatty Acyls
71315438,CHEMONTID:0000513,Subclass: Eicosanoids
71315438,CHEMONTID:0000514,Direct_parent: Prostaglandins and related compounds
71315438,CHEMONTID:0003417,alternative_parents: Fatty acid methyl esters
71315438,CHEMONTID:0001670,alternative_parents: Tertiary alcohols
71315438,CHEMONTID:0003416,alternative_parents: Methyl esters
71315438,CHEMONTID:0003487,alternative_parents: Cyclic ketones
71315438,CHEMONTID:0001137,alternative_parents: Monocarboxylic acids and derivatives
71315438,CHEMONTID:0003940,alternative_parents: Organic oxides
71315438,CHEMONTID:0004150,alternative_parents: Hydrocarbon derivatives
71315438,NotAvailable,mMlecular_framework: Aliphatic homomonocyclic compounds
71315438,NotAvailable,"Substituents: [""Prostaglandin skeleton"", ""Fatty acid ester"", ""Fatty acid methyl ester"", ""Tertiary alcohol"", ""Methyl ester"", ""Carboxylic acid ester"", ""Ketone"", ""Cyclic ketone"", ""Monocarboxylic acid or derivatives"", ""Carboxylic acid derivative"", ""Organooxygen compound"", ""Organic oxygen compound"", ""Alcohol"", ""Organic oxide"", ""Hydrocarbon derivative"", ""Carbonyl group"", ""Aliphatic homomonocyclic compound""]"
71315438,NotAvailable,External_descriptors: []
71315438,NotAvailable,"Ancestors: [""Acryloyl compounds"", ""Alcohols and polyols"", ""Alpha,beta-unsaturated carbonyl compounds"", ""Alpha,beta-unsaturated ketones"", ""Alpha-branched alpha,beta-unsaturated ketones"", ""Carbonyl compounds"", ""Carboxylic acid derivatives"", ""Carboxylic acid esters"", ""Carboxylic acids and derivatives"", ""Chemical entities"", ""Cyclic ketones"", ""Eicosanoids"", ""Enones"", ""Fatty Acyls"", ""Fatty acid esters"", ""Fatty acid methyl esters"", ""Hydrocarbon derivatives"", ""Ketones"", ""Lipids and lipid-like molecules"", ""Methyl esters"", ""Monocarboxylic acids and derivatives"", ""Organic acids and derivatives"", ""Organic compounds"", ""Organic oxides"", ""Organic oxygen compounds"", ""Organooxygen compounds"", ""Prostaglandins and related compounds"", ""Tertiary alcohols""]"
71315438,NotAvailable,"predicted_chebi_terms: [""fatty acid methyl ester (CHEBI:4986)"", ""tertiary alcohol (CHEBI:26878)"", ""carboxylic ester (CHEBI:33308)"", ""cyclic ketone (CHEBI:3992)"", ""monocarboxylic acid (CHEBI:25384)"", ""organic oxide (CHEBI:25701)"", ""organic molecule (CHEBI:72695)"", ""prostanoid (CHEBI:26347)"", ""chemical entity (CHEBI:24431)"", ""lipid (CHEBI:18059)"", ""organooxygen compound (CHEBI:36963)"", ""fatty acid ester (CHEBI:35748)"", ""oxygen molecular entity (CHEBI:25806)"", ""organic molecular entity (CHEBI:50860)"", ""polyol (CHEBI:26191)"", ""organic hydroxy compound (CHEBI:33822)"", ""alcohol (CHEBI:30879)"", ""organic acid (CHEBI:64709)"", ""carboxylic acid (CHEBI:33575)"", ""carbonyl compound (CHEBI:36586)"", ""ketone (CHEBI:17087)"", ""icosanoid (CHEBI:23899)""]"
71315438,NotAvailable,"predicted_lipidmaps_terms: [""Fatty esters (FA07)"", ""Fatty Acyls (FA)"", ""Eicosanoids (FA03)""]"
71315438,NotAvailable,Classification_version: 2.1
71315530,CHEMONTID:0000000,Kingdom: Organic compounds
71315530,CHEMONTID:0000279,Superclass: Alkaloids and derivatives
71315530,CHEMONTID:0002756,Class: Vinca alkaloids
71315530,CHEMONTID:0002756,Direct_parent: Vinca alkaloids
71315530,CHEMONTID:0000210,alternative_parents: Carbazoles
71315530,CHEMONTID:0004196,alternative_parents: 3-alkylindoles
71315530,CHEMONTID:0000138,alternative_parents: Anisoles
71315530,CHEMONTID:0000128,alternative_parents: Alkyl aryl ethers
71315530,CHEMONTID:0003899,alternative_parents: Aralkylamines
71315530,CHEMONTID:0001713,alternative_parents: Beta hydroxy acids and derivatives
71315530,CHEMONTID:0000195,alternative_parents: Piperidines
71315530,CHEMONTID:0000346,alternative_parents: Dicarboxylic acids and derivatives
71315530,CHEMONTID:0003449,alternative_parents: N-alkylpyrrolidines
71315530,CHEMONTID:0001664,alternative_parents: Tertiary carboxylic acid amides
71315530,CHEMONTID:0001670,alternative_parents: Tertiary alcohols
71315530,CHEMONTID:0000090,alternative_parents: Pyrroles
71315530,CHEMONTID:0004144,alternative_parents: Heteroaromatic compounds
71315530,CHEMONTID:0003416,alternative_parents: Methyl esters
71315530,CHEMONTID:0001897,"alternative_parents: 1,2-aminoalcohols"
71315530,CHEMONTID:0001661,alternative_parents: Secondary alcohols
71315530,CHEMONTID:0001292,alternative_parents: Cyclic alcohols and derivatives
71315530,CHEMONTID:0000347,alternative_parents: Amino acids and derivatives
71315530,CHEMONTID:0002239,alternative_parents: Trialkylamines
71315530,CHEMONTID:0004139,alternative_parents: Azacyclic compounds
71315530,CHEMONTID:0001831,alternative_parents: Carbonyl compounds
71315530,CHEMONTID:0004557,alternative_parents: Organopnictogen compounds
71315530,CHEMONTID:0003940,alternative_parents: Organic oxides
71315530,CHEMONTID:0004150,alternative_parents: Hydrocarbon derivatives
71315530,NotAvailable,mMlecular_framework: Aromatic heteropolycyclic compounds
71315530,NotAvailable,"Substituents: [""Vinca alkaloid skeleton"", ""Carbazole"", ""3-alkylindole"", ""Indole"", ""Indole or derivatives"", ""Anisole"", ""Alkyl aryl ether"", ""Beta-hydroxy acid"", ""Aralkylamine"", ""Dicarboxylic acid or derivatives"", ""Hydroxy acid"", ""Piperidine"", ""N-alkylpyrrolidine"", ""Benzenoid"", ""Tertiary carboxylic acid amide"", ""Tertiary alcohol"", ""Pyrrolidine"", ""Pyrrole"", ""Methyl ester"", ""Heteroaromatic compound"", ""Cyclic alcohol"", ""Tertiary aliphatic amine"", ""Tertiary amine"", ""Secondary alcohol"", ""Amino acid or derivatives"", ""Carboxylic acid ester"", ""Carboxamide group"", ""1,2-aminoalcohol"", ""Ether"", ""Azacycle"", ""Organoheterocyclic compound"", ""Carboxylic acid derivative"", ""Organic nitrogen compound"", ""Alcohol"", ""Carbonyl group"", ""Organic oxide"", ""Organopnictogen compound"", ""Organic oxygen compound"", ""Hydrocarbon derivative"", ""Organonitrogen compound"", ""Amine"", ""Organooxygen compound"", ""Aromatic heteropolycyclic compound""]"
71315530,NotAvailable,External_descriptors: []
71315530,NotAvailable,"Ancestors: [""1,2-aminoalcohols"", ""3-alkylindoles"", ""Alcohols and polyols"", ""Alkaloids and derivatives"", ""Alkanolamines"", ""Alkyl aryl ethers"", ""Amines"", ""Amino acids and derivatives"", ""Amino acids, peptides, and analogues"", ""Anisoles"", ""Aralkylamines"", ""Azacyclic compounds"", ""Benzenoids"", ""Beta hydroxy acids and derivatives"", ""Carbazoles"", ""Carbonyl compounds"", ""Carboxylic acid amides"", ""Carboxylic acid derivatives"", ""Carboxylic acid esters"", ""Carboxylic acids and derivatives"", ""Chemical entities"", ""Cyclic alcohols and derivatives"", ""Dicarboxylic acids and derivatives"", ""Ethers"", ""Heteroaromatic compounds"", ""Hydrocarbon derivatives"", ""Hydroxy acids and derivatives"", ""Indoles"", ""Indoles and derivatives"", ""Methyl esters"", ""N-alkylpyrrolidines"", ""Organic acids and derivatives"", ""Organic compounds"", ""Organic nitrogen compounds"", ""Organic oxides"", ""Organic oxygen compounds"", ""Organoheterocyclic compounds"", ""Organonitrogen compounds"", ""Organooxygen compounds"", ""Organopnictogen compounds"", ""Phenol ethers"", ""Piperidines"", ""Pyrroles"", ""Pyrrolidines"", ""Secondary alcohols"", ""Tertiary alcohols"", ""Tertiary amines"", ""Tertiary carboxylic acid amides"", ""Trialkylamines"", ""Vinca alkaloids""]"
71315530,NotAvailable,"predicted_chebi_terms: [""carbazoles (CHEBI:48513)"", ""indoles (CHEBI:24828)"", ""methoxybenzene (CHEBI:51683)"", ""aromatic ether (CHEBI:35618)"", ""aralkylamine (CHEBI:18000)"", ""3-hydroxy carboxylic acid (CHEBI:61355)"", ""piperidines (CHEBI:26151)"", ""dicarboxylic acid (CHEBI:35692)"", ""N-alkylpyrrolidine (CHEBI:46775)"", ""carboxamide (CHEBI:37622)"", ""tertiary alcohol (CHEBI:26878)"", ""pyrroles (CHEBI:26455)"", ""organic aromatic compound (CHEBI:33659)"", ""carboxylic ester (CHEBI:33308)"", ""amino alcohol (CHEBI:22478)"", ""secondary alcohol (CHEBI:35681)"", ""organic hydroxy compound (CHEBI:33822)"", ""organonitrogen compound (CHEBI:35352)"", ""organooxygen compound (CHEBI:36963)"", ""tertiary amino compound (CHEBI:50996)"", ""organonitrogen heterocyclic compound (CHEBI:38101)"", ""carbonyl compound (CHEBI:36586)"", ""pnictogen molecular entity (CHEBI:33302)"", ""organic molecular entity (CHEBI:50860)"", ""organic oxide (CHEBI:25701)"", ""organic molecule (CHEBI:72695)"", ""vinca alkaloid (CHEBI:27288)"", ""chemical entity (CHEBI:24431)"", ""organic heterocyclic compound (CHEBI:24532)"", ""benzenoid aromatic compound (CHEBI:33836)"", ""oxygen molecular entity (CHEBI:25806)"", ""ether (CHEBI:25698)"", ""nitrogen molecular entity (CHEBI:51143)"", ""amine (CHEBI:32952)"", ""hydroxy carboxylic acid (CHEBI:24669)"", ""pyrrolidines (CHEBI:38260)"", ""amide (CHEBI:32988)"", ""polyol (CHEBI:26191)"", ""alcohol (CHEBI:30879)"", ""amino acid (CHEBI:33709)"", ""peptide (CHEBI:16670)"", ""tertiary amine (CHEBI:32876)"", ""alkaloid (CHEBI:22315)""]"
71315530,NotAvailable,"predicted_lipidmaps_terms: [""Dicarboxylic acids (FA0117)""]"
71315530,NotAvailable,Classification_version: 2.1
71315660,CHEMONTID:0000000,Kingdom: Organic compounds
71315660,CHEMONTID:0000002,Superclass: Organoheterocyclic compounds
71315660,CHEMONTID:0000160,Class: Lactams
71315660,CHEMONTID:0000162,Subclass: Beta lactams
71315660,CHEMONTID:0000168,Intermediate_nodes: Cephems
71315660,CHEMONTID:0000173,Direct_parent: Cephalosporins
71315660,CHEMONTID:0001189,alternative_parents: N-acyl-alpha amino acids and derivatives
71315660,CHEMONTID:0004555,alternative_parents: L-cysteine-S-conjugates
71315660,CHEMONTID:0004146,alternative_parents: L-alpha-amino acids
71315660,CHEMONTID:0002634,"alternative_parents: 2,4-disubstituted thiazoles"
71315660,CHEMONTID:0001347,"alternative_parents: 1,3-thiazines"
71315660,CHEMONTID:0004003,"alternative_parents: 2-amino-1,3-thiazoles"
71315660,CHEMONTID:0000346,alternative_parents: Dicarboxylic acids and derivatives
71315660,CHEMONTID:0001664,alternative_parents: Tertiary carboxylic acid amides
71315660,CHEMONTID:0004144,alternative_parents: Heteroaromatic compounds
71315660,CHEMONTID:0001663,alternative_parents: Secondary carboxylic acid amides
71315660,CHEMONTID:0004089,alternative_parents: Dialkyldisulfides
71315660,CHEMONTID:0000102,alternative_parents: Azetidines
71315660,CHEMONTID:0004176,alternative_parents: Amino acids
71315660,CHEMONTID:0001666,alternative_parents: Thiohemiaminal derivatives
71315660,CHEMONTID:0003862,alternative_parents: Dialkylthioethers
71315660,CHEMONTID:0001205,alternative_parents: Carboxylic acids
71315660,CHEMONTID:0004139,alternative_parents: Azacyclic compounds
71315660,CHEMONTID:0003260,alternative_parents: Sulfenyl compounds
71315660,CHEMONTID:0004150,alternative_parents: Hydrocarbon derivatives
71315660,CHEMONTID:0001831,alternative_parents: Carbonyl compounds
71315660,CHEMONTID:0003940,alternative_parents: Organic oxides
71315660,CHEMONTID:0000469,alternative_parents: Monoalkylamines
71315660,NotAvailable,mMlecular_framework: Aromatic heteropolycyclic compounds
71315660,NotAvailable,"Substituents: [""Cephalosporin"", ""L-cysteine-s-conjugate"", ""N-acyl-alpha amino acid or derivatives"", ""Cysteine or derivatives"", ""Alpha-amino acid"", ""Alpha-amino acid or derivatives"", ""L-alpha-amino acid"", ""2,4-disubstituted 1,3-thiazole"", ""Meta-thiazine"", ""Dicarboxylic acid or derivatives"", ""1,3-thiazol-2-amine"", ""Azole"", ""Heteroaromatic compound"", ""Tertiary carboxylic acid amide"", ""Thiazole"", ""Amino acid"", ""Amino acid or derivatives"", ""Azetidine"", ""Carboxamide group"", ""Dialkyldisulfide"", ""Organic disulfide"", ""Secondary carboxylic acid amide"", ""Thioether"", ""Hemithioaminal"", ""Dialkylthioether"", ""Sulfenyl compound"", ""Carboxylic acid derivative"", ""Azacycle"", ""Carboxylic acid"", ""Organonitrogen compound"", ""Amine"", ""Organic nitrogen compound"", ""Carbonyl group"", ""Hydrocarbon derivative"", ""Organic oxide"", ""Organooxygen compound"", ""Organosulfur compound"", ""Primary amine"", ""Primary aliphatic amine"", ""Organic oxygen compound"", ""Aromatic heteropolycyclic compound""]"
71315660,NotAvailable,External_descriptors: []
71315660,NotAvailable,"Ancestors: [""1,3-thiazines"", ""2,4-disubstituted thiazoles"", ""2-amino-1,3-thiazoles"", ""Alpha amino acids"", ""Alpha amino acids and derivatives"", ""Amines"", ""Amino acids"", ""Amino acids and derivatives"", ""Amino acids, peptides, and analogues"", ""Aminothiazoles"", ""Azacyclic compounds"", ""Azetidines"", ""Azoles"", ""Beta lactams"", ""Carbonyl compounds"", ""Carboxylic acid amides"", ""Carboxylic acid derivatives"", ""Carboxylic acids"", ""Carboxylic acids and derivatives"", ""Cephalosporins"", ""Cephems"", ""Chemical entities"", ""Cysteine and derivatives"", ""Dialkyldisulfides"", ""Dialkylthioethers"", ""Dicarboxylic acids and derivatives"", ""Heteroaromatic compounds"", ""Hydrocarbon derivatives"", ""L-alpha-amino acids"", ""L-cysteine-S-conjugates"", ""Lactams"", ""Monoalkylamines"", ""N-acyl-alpha amino acids and derivatives"", ""Organic acids and derivatives"", ""Organic compounds"", ""Organic disulfides"", ""Organic nitrogen compounds"", ""Organic oxides"", ""Organic oxygen compounds"", ""Organoheterocyclic compounds"", ""Organonitrogen compounds"", ""Organooxygen compounds"", ""Organopnictogen compounds"", ""Organosulfur compounds"", ""Primary amines"", ""Secondary carboxylic acid amides"", ""Sulfenyl compounds"", ""Tertiary carboxylic acid amides"", ""Thiazines"", ""Thiazoles"", ""Thioethers"", ""Thiohemiaminal derivatives""]"
71315660,NotAvailable,"predicted_chebi_terms: [""N-acyl-amino acid (CHEBI:51569)"", ""S-substituted L-cysteine (CHEBI:47910)"", ""L-alpha-amino acid (CHEBI:15705)"", ""thiazoles (CHEBI:48901)"", ""1,3-thiazine (CHEBI:46975)"", ""1,3-thiazole (CHEBI:38418)"", ""dicarboxylic acid (CHEBI:35692)"", ""carboxamide (CHEBI:37622)"", ""organic aromatic compound (CHEBI:33659)"", ""organic disulfide (CHEBI:35489)"", ""azetidines (CHEBI:38777)"", ""amino acid (CHEBI:33709)"", ""organosulfur compound (CHEBI:33261)"", ""aliphatic sulfide (CHEBI:22327)"", ""carboxylic acid (CHEBI:33575)"", ""organonitrogen heterocyclic compound (CHEBI:38101)"", ""organic molecule (CHEBI:72695)"", ""carbonyl compound (CHEBI:36586)"", ""organic oxide (CHEBI:25701)"", ""alkylamine (CHEBI:13759)"", ""cephalosporin (CHEBI:23066)"", ""chemical entity (CHEBI:24431)"", ""organic acid (CHEBI:64709)"", ""organonitrogen compound (CHEBI:35352)"", ""organooxygen compound (CHEBI:36963)"", ""cysteine derivative (CHEBI:23509)"", ""alpha-amino acid (CHEBI:33704)"", ""organic heterocyclic compound (CHEBI:24532)"", ""azole (CHEBI:68452)"", ""thiazine (CHEBI:38326)"", ""amide (CHEBI:32988)"", ""organic sulfide (CHEBI:16385)"", ""oxygen molecular entity (CHEBI:25806)"", ""organic molecular entity (CHEBI:50860)"", ""nitrogen molecular entity (CHEBI:51143)"", ""amine (CHEBI:32952)"", ""primary amine (CHEBI:32877)"", ""lactam (CHEBI:24995)"", ""beta-lactam (CHEBI:35627)"", ""cephem (CHEBI:38311)"", ""carboxylic acid anion (CHEBI:29067)"", ""peptide (CHEBI:16670)""]"
71315660,NotAvailable,"predicted_lipidmaps_terms: [""Dicarboxylic acids (FA0117)""]"
71315660,NotAvailable,Classification_version: 2.1
71316575,CHEMONTID:0000000,Kingdom: Organic compounds
71316575,CHEMONTID:0004603,Superclass: Organic oxygen compounds
71316575,CHEMONTID:0000323,Class: Organooxygen compounds
71316575,CHEMONTID:0001831,Subclass: Carbonyl compounds
71316575,CHEMONTID:0000118,Intermediate_nodes: Ketones
71316575,CHEMONTID:0003670,Intermediate_nodes: Aryl ketones
71316575,CHEMONTID:0004296,Intermediate_nodes: Phenylketones
71316575,CHEMONTID:0004298,Direct_parent: Alkyl-phenylketones
71316575,CHEMONTID:0002811,alternative_parents: Phenylpropanes
71316575,CHEMONTID:0000321,alternative_parents: Benzoyl derivatives
71316575,CHEMONTID:0003671,alternative_parents: Aryl alkyl ketones
71316575,CHEMONTID:0000122,alternative_parents: Alpha-amino ketones
71316575,CHEMONTID:0002228,alternative_parents: Dialkylamines
71316575,CHEMONTID:0003940,alternative_parents: Organic oxides
71316575,CHEMONTID:0003921,alternative_parents: Hydrochlorides
71316575,CHEMONTID:0004150,alternative_parents: Hydrocarbon derivatives
71316575,NotAvailable,mMlecular_framework: Aromatic homomonocyclic compounds
71316575,NotAvailable,"Substituents: [""Alkyl-phenylketone"", ""Phenylpropane"", ""Benzoyl"", ""Aryl alkyl ketone"", ""Monocyclic benzene moiety"", ""Benzenoid"", ""Alpha-aminoketone"", ""Secondary aliphatic amine"", ""Secondary amine"", ""Organonitrogen compound"", ""Organic nitrogen compound"", ""Hydrocarbon derivative"", ""Organic oxide"", ""Hydrochloride"", ""Amine"", ""Aromatic homomonocyclic compound""]"
71316575,NotAvailable,External_descriptors: []
71316575,NotAvailable,"Ancestors: [""Acryloyl compounds"", ""Alkyl-phenylketones"", ""Alpha,beta-unsaturated carbonyl compounds"", ""Alpha,beta-unsaturated ketones"", ""Alpha-amino ketones"", ""Alpha-branched alpha,beta-unsaturated ketones"", ""Amines"", ""Aryl alkyl ketones"", ""Aryl ketones"", ""Benzene and substituted derivatives"", ""Benzenoids"", ""Benzoyl derivatives"", ""Carbonyl compounds"", ""Chemical entities"", ""Dialkylamines"", ""Enones"", ""Hydrocarbon derivatives"", ""Hydrochlorides"", ""Ketones"", ""Organic compounds"", ""Organic nitrogen compounds"", ""Organic oxides"", ""Organic oxygen compounds"", ""Organic salts"", ""Organonitrogen compounds"", ""Organooxygen compounds"", ""Organopnictogen compounds"", ""Phenylketones"", ""Phenylpropanes"", ""Secondary amines""]"
71316575,NotAvailable,"predicted_chebi_terms: [""alkylbenzene (CHEBI:38976)"", ""carbonyl compound (CHEBI:36586)"", ""aromatic ketone (CHEBI:76224)"", ""organic amino compound (CHEBI:50047)"", ""ketone (CHEBI:17087)"", ""secondary amino compound (CHEBI:50995)"", ""organic oxide (CHEBI:25701)"", ""hydrochloride (CHEBI:36807)"", ""organic molecule (CHEBI:72695)"", ""acetophenones (CHEBI:22187)"", ""chemical entity (CHEBI:24431)"", ""benzenoid aromatic compound (CHEBI:33836)"", ""benzenes (CHEBI:22712)"", ""oxygen molecular entity (CHEBI:25806)"", ""organic molecular entity (CHEBI:50860)"", ""organooxygen compound (CHEBI:36963)"", ""nitrogen molecular entity (CHEBI:51143)"", ""organonitrogen compound (CHEBI:35352)"", ""amine (CHEBI:32952)"", ""secondary amine (CHEBI:32863)"", ""organic salt (CHEBI:24868)""]"
71316575,NotAvailable,predicted_lipidmaps_terms: []
71316575,NotAvailable,Classification_version: 2.1
71316708,CHEMONTID:0000000,Kingdom: Organic compounds
71316708,CHEMONTID:0002448,Superclass: Benzenoids
71316708,CHEMONTID:0002279,Class: Benzene and substituted derivatives
71316708,CHEMONTID:0000285,Subclass: Anilides
71316708,CHEMONTID:0000285,Direct_parent: Anilides
71316708,CHEMONTID:0003282,alternative_parents: N-arylamides
71316708,CHEMONTID:0001100,alternative_parents: Fluorobenzenes
71316708,CHEMONTID:0004646,alternative_parents: 1-hydroxy-2-unsubstituted benzenoids
71316708,CHEMONTID:0002012,alternative_parents: Oxanes
71316708,CHEMONTID:0001031,alternative_parents: Aryl fluorides
71316708,CHEMONTID:0001663,alternative_parents: Secondary carboxylic acid amides
71316708,CHEMONTID:0004140,alternative_parents: Oxacyclic compounds
71316708,CHEMONTID:0001167,alternative_parents: Dialkyl ethers
71316708,CHEMONTID:0001517,alternative_parents: Organofluorides
71316708,CHEMONTID:0003940,alternative_parents: Organic oxides
71316708,CHEMONTID:0004150,alternative_parents: Hydrocarbon derivatives
71316708,CHEMONTID:0001831,alternative_parents: Carbonyl compounds
71316708,NotAvailable,mMlecular_framework: Aromatic heteromonocyclic compounds
71316708,NotAvailable,"Substituents: [""Anilide"", ""N-arylamide"", ""1-hydroxy-2-unsubstituted benzenoid"", ""Fluorobenzene"", ""Halobenzene"", ""Phenol"", ""Aryl fluoride"", ""Aryl halide"", ""Oxane"", ""Carboxamide group"", ""Secondary carboxylic acid amide"", ""Carboxylic acid derivative"", ""Dialkyl ether"", ""Ether"", ""Oxacycle"", ""Organoheterocyclic compound"", ""Carbonyl group"", ""Hydrocarbon derivative"", ""Organic oxygen compound"", ""Organic nitrogen compound"", ""Organohalogen compound"", ""Organofluoride"", ""Organonitrogen compound"", ""Organooxygen compound"", ""Organic oxide"", ""Aromatic heteromonocyclic compound""]"
71316708,NotAvailable,External_descriptors: []
71316708,NotAvailable,"Ancestors: [""1-hydroxy-2-unsubstituted benzenoids"", ""Anilides"", ""Aryl fluorides"", ""Aryl halides"", ""Benzene and substituted derivatives"", ""Benzenoids"", ""Carbonyl compounds"", ""Carboxylic acid amides"", ""Carboxylic acid derivatives"", ""Carboxylic acids and derivatives"", ""Chemical entities"", ""Dialkyl ethers"", ""Ethers"", ""Fatty Acyls"", ""Fatty amides"", ""Fluoroalkenes"", ""Fluorobenzenes"", ""Haloalkenes"", ""Halobenzenes"", ""Hydrocarbon derivatives"", ""Lipids and lipid-like molecules"", ""N-acyl amines"", ""N-arylamides"", ""Organic acids and derivatives"", ""Organic compounds"", ""Organic nitrogen compounds"", ""Organic oxides"", ""Organic oxygen compounds"", ""Organofluorides"", ""Organohalogen compounds"", ""Organoheterocyclic compounds"", ""Organonitrogen compounds"", ""Organooxygen compounds"", ""Organopnictogen compounds"", ""Oxacyclic compounds"", ""Oxanes"", ""Phenols"", ""Secondary carboxylic acid amides"", ""Vinyl fluorides"", ""Vinyl halides""]"
71316708,NotAvailable,"predicted_chebi_terms: [""aromatic amide (CHEBI:62733)"", ""organofluorine compound (CHEBI:37143)"", ""phenols (CHEBI:33853)"", ""oxanes (CHEBI:46942)"", ""carboxamide (CHEBI:37622)"", ""oxacycle (CHEBI:38104)"", ""ether (CHEBI:25698)"", ""organic oxide (CHEBI:25701)"", ""organic molecule (CHEBI:72695)"", ""carbonyl compound (CHEBI:36586)"", ""anilide (CHEBI:13248)"", ""chemical entity (CHEBI:24431)"", ""nitrogen molecular entity (CHEBI:51143)"", ""organic molecular entity (CHEBI:50860)"", ""organonitrogen compound (CHEBI:35352)"", ""benzenoid aromatic compound (CHEBI:33836)"", ""benzenes (CHEBI:22712)"", ""organohalogen compound (CHEBI:36684)"", ""organic heterocyclic compound (CHEBI:24532)"", ""haloarene (CHEBI:50887)"", ""organic acid (CHEBI:64709)"", ""carboxylic acid (CHEBI:33575)"", ""organooxygen compound (CHEBI:36963)"", ""amide (CHEBI:32988)"", ""oxygen molecular entity (CHEBI:25806)""]"
71316708,NotAvailable,predicted_lipidmaps_terms: []
71316708,NotAvailable,Classification_version: 2.1
71434219,CHEMONTID:0000000,Kingdom: Organic compounds
71434219,CHEMONTID:0002448,Superclass: Benzenoids
71434219,CHEMONTID:0002341,Class: Phenol ethers
71434219,CHEMONTID:0002341,Direct_parent: Phenol ethers
71434219,CHEMONTID:0004211,alternative_parents: p-Xylenes
71434219,CHEMONTID:0004742,alternative_parents: Phenoxy compounds
71434219,CHEMONTID:0000324,alternative_parents: Fatty acid esters
71434219,CHEMONTID:0000128,alternative_parents: Alkyl aryl ethers
71434219,CHEMONTID:0002012,alternative_parents: Oxanes
71434219,CHEMONTID:0001238,alternative_parents: Carboxylic acid esters
71434219,CHEMONTID:0004140,alternative_parents: Oxacyclic compounds
71434219,CHEMONTID:0001137,alternative_parents: Monocarboxylic acids and derivatives
71434219,CHEMONTID:0001656,alternative_parents: Acetals
71434219,CHEMONTID:0003940,alternative_parents: Organic oxides
71434219,CHEMONTID:0004150,alternative_parents: Hydrocarbon derivatives
71434219,CHEMONTID:0001831,alternative_parents: Carbonyl compounds
71434219,NotAvailable,mMlecular_framework: Aromatic heteromonocyclic compounds
71434219,NotAvailable,"Substituents: [""Phenoxy compound"", ""P-xylene"", ""Xylene"", ""Phenol ether"", ""Alkyl aryl ether"", ""Fatty acid ester"", ""Monocyclic benzene moiety"", ""Fatty acyl"", ""Oxane"", ""Carboxylic acid ester"", ""Acetal"", ""Carboxylic acid derivative"", ""Ether"", ""Oxacycle"", ""Monocarboxylic acid or derivatives"", ""Organoheterocyclic compound"", ""Hydrocarbon derivative"", ""Organic oxide"", ""Carbonyl group"", ""Organooxygen compound"", ""Organic oxygen compound"", ""Aromatic heteromonocyclic compound""]"
71434219,NotAvailable,External_descriptors: []
71434219,NotAvailable,"Ancestors: [""Acetals"", ""Alkyl aryl ethers"", ""Benzene and substituted derivatives"", ""Benzenoids"", ""Carbonyl compounds"", ""Carboxylic acid derivatives"", ""Carboxylic acid esters"", ""Carboxylic acids and derivatives"", ""Chemical entities"", ""Ethers"", ""Fatty Acyls"", ""Fatty acid esters"", ""Hydrocarbon derivatives"", ""Lipids and lipid-like molecules"", ""Monocarboxylic acids and derivatives"", ""Organic acids and derivatives"", ""Organic compounds"", ""Organic oxides"", ""Organic oxygen compounds"", ""Organoheterocyclic compounds"", ""Organooxygen compounds"", ""Oxacyclic compounds"", ""Oxanes"", ""Phenol ethers"", ""Phenoxy compounds"", ""Xylenes"", ""p-Xylenes""]"
71434219,NotAvailable,"predicted_chebi_terms: [""xylene (CHEBI:27338)"", ""benzenes (CHEBI:22712)"", ""fatty acid ester (CHEBI:35748)"", ""aromatic ether (CHEBI:35618)"", ""oxanes (CHEBI:46942)"", ""carboxylic ester (CHEBI:33308)"", ""oxacycle (CHEBI:38104)"", ""monocarboxylic acid (CHEBI:25384)"", ""acetal (CHEBI:59769)"", ""organic oxide (CHEBI:25701)"", ""organic molecule (CHEBI:72695)"", ""carbonyl compound (CHEBI:36586)"", ""chemical entity (CHEBI:24431)"", ""benzenoid aromatic compound (CHEBI:33836)"", ""lipid (CHEBI:18059)"", ""organooxygen compound (CHEBI:36963)"", ""oxygen molecular entity (CHEBI:25806)"", ""organic molecular entity (CHEBI:50860)"", ""ether (CHEBI:25698)"", ""organic heterocyclic compound (CHEBI:24532)"", ""organic acid (CHEBI:64709)"", ""carboxylic acid (CHEBI:33575)""]"
71434219,NotAvailable,"predicted_lipidmaps_terms: [""Fatty esters (FA07)"", ""Fatty Acyls (FA)""]"
71434219,NotAvailable,Classification_version: 2.1
71450067,CHEMONTID:0000000,Kingdom: Organic compounds
71450067,CHEMONTID:0000279,Superclass: Alkaloids and derivatives
71450067,CHEMONTID:0001775,Class: Amaryllidaceae alkaloids
71450067,CHEMONTID:0004128,Subclass: Galanthamine-type amaryllidaceae alkaloids
71450067,CHEMONTID:0004128,Direct_parent: Galanthamine-type amaryllidaceae alkaloids
71450067,CHEMONTID:0000293,alternative_parents: Benzazepines
71450067,CHEMONTID:0004189,alternative_parents: Coumarans
71450067,CHEMONTID:0000138,alternative_parents: Anisoles
71450067,CHEMONTID:0000069,alternative_parents: Azepines
71450067,CHEMONTID:0003899,alternative_parents: Aralkylamines
71450067,CHEMONTID:0000128,alternative_parents: Alkyl aryl ethers
71450067,CHEMONTID:0002239,alternative_parents: Trialkylamines
71450067,CHEMONTID:0001661,alternative_parents: Secondary alcohols
71450067,CHEMONTID:0004140,alternative_parents: Oxacyclic compounds
71450067,CHEMONTID:0002228,alternative_parents: Dialkylamines
71450067,CHEMONTID:0004139,alternative_parents: Azacyclic compounds
71450067,CHEMONTID:0004150,alternative_parents: Hydrocarbon derivatives
71450067,NotAvailable,mMlecular_framework: Aromatic heteropolycyclic compounds
71450067,NotAvailable,"Substituents: [""Galanthamine-type amaryllidaceae alkaloid"", ""Benzazepine"", ""Coumaran"", ""Anisole"", ""Phenol ether"", ""Alkyl aryl ether"", ""Azepine"", ""Aralkylamine"", ""Benzenoid"", ""Secondary alcohol"", ""Tertiary amine"", ""Tertiary aliphatic amine"", ""Secondary amine"", ""Ether"", ""Secondary aliphatic amine"", ""Azacycle"", ""Oxacycle"", ""Organoheterocyclic compound"", ""Organic oxygen compound"", ""Organic nitrogen compound"", ""Organooxygen compound"", ""Organonitrogen compound"", ""Alcohol"", ""Hydrocarbon derivative"", ""Amine"", ""Aromatic heteropolycyclic compound""]"
71450067,NotAvailable,External_descriptors: []
71450067,NotAvailable,"Ancestors: [""Alcohols and polyols"", ""Alkaloids and derivatives"", ""Alkyl aryl ethers"", ""Amaryllidaceae alkaloids"", ""Amines"", ""Anisoles"", ""Aralkylamines"", ""Azacyclic compounds"", ""Azepines"", ""Benzazepines"", ""Benzenoids"", ""Chemical entities"", ""Coumarans"", ""Dialkylamines"", ""Ethers"", ""Galanthamine-type amaryllidaceae alkaloids"", ""Hydrocarbon derivatives"", ""Organic compounds"", ""Organic nitrogen compounds"", ""Organic oxygen compounds"", ""Organoheterocyclic compounds"", ""Organonitrogen compounds"", ""Organooxygen compounds"", ""Organopnictogen compounds"", ""Oxacyclic compounds"", ""Phenol ethers"", ""Secondary alcohols"", ""Secondary amines"", ""Tertiary amines"", ""Trialkylamines""]"
71450067,NotAvailable,"predicted_chebi_terms: [""benzazepine (CHEBI:35676)"", ""1-benzofurans (CHEBI:38830)"", ""methoxybenzene (CHEBI:51683)"", ""azepine (CHEBI:48105)"", ""aralkylamine (CHEBI:18000)"", ""aromatic ether (CHEBI:35618)"", ""tertiary amino compound (CHEBI:50996)"", ""secondary alcohol (CHEBI:35681)"", ""oxacycle (CHEBI:38104)"", ""secondary amino compound (CHEBI:50995)"", ""organonitrogen heterocyclic compound (CHEBI:38101)"", ""organic molecule (CHEBI:72695)"", ""alkaloid (CHEBI:22315)"", ""chemical entity (CHEBI:24431)"", ""organic heterocyclic compound (CHEBI:24532)"", ""benzenoid aromatic compound (CHEBI:33836)"", ""nitrogen molecular entity (CHEBI:51143)"", ""organic molecular entity (CHEBI:50860)"", ""organonitrogen compound (CHEBI:35352)"", ""amine (CHEBI:32952)"", ""oxygen molecular entity (CHEBI:25806)"", ""organooxygen compound (CHEBI:36963)"", ""ether (CHEBI:25698)"", ""tertiary amine (CHEBI:32876)"", ""polyol (CHEBI:26191)"", ""organic hydroxy compound (CHEBI:33822)"", ""alcohol (CHEBI:30879)"", ""secondary amine (CHEBI:32863)""]"
71450067,NotAvailable,predicted_lipidmaps_terms: []
71450067,NotAvailable,Classification_version: 2.1
71464585,CHEMONTID:0000000,Kingdom: Organic compounds
71464585,CHEMONTID:0004603,Superclass: Organic oxygen compounds
71464585,CHEMONTID:0000323,Class: Organooxygen compounds
71464585,CHEMONTID:0000011,Subclass: Carbohydrates and carbohydrate conjugates
71464585,CHEMONTID:0003305,Intermediate_nodes: Aminosaccharides
71464585,CHEMONTID:0000282,Intermediate_nodes: Aminoglycosides
71464585,CHEMONTID:0001675,Intermediate_nodes: Aminocyclitol glycosides
71464585,CHEMONTID:0003575,Intermediate_nodes: 2-deoxystreptamine aminoglycosides
71464585,CHEMONTID:0003574,"Direct_parent: 4,6-disubstituted 2-deoxystreptamines"
71464585,CHEMONTID:0002207,alternative_parents: O-glycosyl compounds
71464585,CHEMONTID:0002510,alternative_parents: Aminocyclitols and derivatives
71464585,CHEMONTID:0002674,alternative_parents: Cyclohexylamines
71464585,CHEMONTID:0002647,alternative_parents: Cyclohexanols
71464585,CHEMONTID:0002012,alternative_parents: Oxanes
71464585,CHEMONTID:0001540,alternative_parents: Monosaccharides
71464585,CHEMONTID:0001162,alternative_parents: Carbamate esters
71464585,CHEMONTID:0001897,"alternative_parents: 1,2-aminoalcohols"
71464585,CHEMONTID:0000364,alternative_parents: Organic carbonic acids and derivatives
71464585,CHEMONTID:0002286,alternative_parents: Polyols
71464585,CHEMONTID:0004140,alternative_parents: Oxacyclic compounds
71464585,CHEMONTID:0001656,alternative_parents: Acetals
71464585,CHEMONTID:0001831,alternative_parents: Carbonyl compounds
71464585,CHEMONTID:0004150,alternative_parents: Hydrocarbon derivatives
71464585,CHEMONTID:0000469,alternative_parents: Monoalkylamines
71464585,CHEMONTID:0003940,alternative_parents: Organic oxides
71464585,CHEMONTID:0004557,alternative_parents: Organopnictogen compounds
71464585,NotAvailable,mMlecular_framework: Aliphatic heteromonocyclic compounds
71464585,NotAvailable,"Substituents: [""4,6-disubstituted 2-deoxystreptamine"", ""Glycosyl compound"", ""O-glycosyl compound"", ""Aminocyclitol or derivatives"", ""Cyclohexanol"", ""Cyclohexylamine"", ""Cyclitol or derivatives"", ""Monosaccharide"", ""Oxane"", ""Cyclic alcohol"", ""Carbamic acid ester"", ""Secondary alcohol"", ""Carbonic acid derivative"", ""1,2-aminoalcohol"", ""Polyol"", ""Acetal"", ""Organoheterocyclic compound"", ""Oxacycle"", ""Primary amine"", ""Hydrocarbon derivative"", ""Organic oxide"", ""Primary aliphatic amine"", ""Carbonyl group"", ""Organopnictogen compound"", ""Organic nitrogen compound"", ""Amine"", ""Alcohol"", ""Organonitrogen compound"", ""Aliphatic heteromonocyclic compound""]"
71464585,NotAvailable,"External_descriptors: [[""source: CHEBI"", ""source_id: CHEBI:73683"", ""annotation: [\""carbamoylkanamycin\""]""]]"
71464585,NotAvailable,"Ancestors: [""1,2-aminoalcohols"", ""2-deoxystreptamine aminoglycosides"", ""4,6-disubstituted 2-deoxystreptamines"", ""Acetals"", ""Alcohols and polyols"", ""Alkanolamines"", ""Amines"", ""Amino acids and derivatives"", ""Amino acids, peptides, and analogues"", ""Aminocyclitol glycosides"", ""Aminocyclitols and derivatives"", ""Aminoglycosides"", ""Aminosaccharides"", ""Carbamate esters"", ""Carbamic acids and derivatives"", ""Carbohydrates and carbohydrate conjugates"", ""Carbonyl compounds"", ""Carboxylic acids and derivatives"", ""Chemical entities"", ""Cyclic alcohols and derivatives"", ""Cyclitols and derivatives"", ""Cyclohexanols"", ""Cyclohexylamines"", ""Ethers"", ""Glycosyl compounds"", ""Hydrocarbon derivatives"", ""Monoalkylamines"", ""Monosaccharides"", ""O-glycosyl compounds"", ""Organic acids and derivatives"", ""Organic carbonic acids and derivatives"", ""Organic compounds"", ""Organic nitrogen compounds"", ""Organic oxides"", ""Organic oxygen compounds"", ""Organoheterocyclic compounds"", ""Organonitrogen compounds"", ""Organooxygen compounds"", ""Organopnictogen compounds"", ""Oxacyclic compounds"", ""Oxanes"", ""Polyols"", ""Primary amines"", ""Secondary alcohols""]"
71464585,NotAvailable,"predicted_chebi_terms: [""glycoside (CHEBI:24400)"", ""organonitrogen compound (CHEBI:35352)"", ""organooxygen compound (CHEBI:36963)"", ""primary aliphatic amine (CHEBI:17062)"", ""cyclohexanols (CHEBI:23480)"", ""oxanes (CHEBI:46942)"", ""monosaccharide (CHEBI:35381)"", ""carbamate ester (CHEBI:23003)"", ""amino alcohol (CHEBI:22478)"", ""polyol (CHEBI:26191)"", ""oxacycle (CHEBI:38104)"", ""acetal (CHEBI:59769)"", ""carbonyl compound (CHEBI:36586)"", ""organic molecule (CHEBI:72695)"", ""alkylamine (CHEBI:13759)"", ""organic oxide (CHEBI:25701)"", ""pnictogen molecular entity (CHEBI:33302)"", ""organic molecular entity (CHEBI:50860)"", ""2-deoxystreptamine derivative (CHEBI:61800)"", ""chemical entity (CHEBI:24431)"", ""oxygen molecular entity (CHEBI:25806)"", ""carbohydrates and carbohydrate derivatives (CHEBI:78616)"", ""organic hydroxy compound (CHEBI:33822)"", ""alcohol (CHEBI:30879)"", ""nitrogen molecular entity (CHEBI:51143)"", ""secondary alcohol (CHEBI:35681)"", ""organic heterocyclic compound (CHEBI:24532)"", ""amino acid (CHEBI:33709)"", ""peptide (CHEBI:16670)"", ""carbon oxoacid (CHEBI:35605)"", ""amine (CHEBI:32952)"", ""ether (CHEBI:25698)"", ""primary amine (CHEBI:32877)"", ""amino sugar (CHEBI:28963)"", ""aminoglycoside (CHEBI:47779)"", ""amino cyclitol (CHEBI:61689)""]"
71464585,NotAvailable,predicted_lipidmaps_terms: []
71464585,NotAvailable,Classification_version: 2.1
71516447,CHEMONTID:0000000,Kingdom: Organic compounds
71516447,CHEMONTID:0000002,Superclass: Organoheterocyclic compounds
71516447,CHEMONTID:0001253,Class: Quinolines and derivatives
71516447,CHEMONTID:0002552,Subclass: Quinoline carboxylic acids
71516447,CHEMONTID:0002552,Direct_parent: Quinoline carboxylic acids
71516447,CHEMONTID:0003359,alternative_parents: N-arylpiperazines
71516447,CHEMONTID:0001716,alternative_parents: Hydroquinolones
71516447,CHEMONTID:0000053,alternative_parents: Aminoquinolines and derivatives
71516447,CHEMONTID:0004403,alternative_parents: Haloquinolines
71516447,CHEMONTID:0001396,alternative_parents: Benzoxazines
71516447,CHEMONTID:0001715,alternative_parents: Hydroquinolines
71516447,CHEMONTID:0002414,alternative_parents: Pyridinecarboxylic acids
71516447,CHEMONTID:0003901,alternative_parents: Dialkylarylamines
71516447,CHEMONTID:0000128,alternative_parents: Alkyl aryl ethers
71516447,CHEMONTID:0003358,alternative_parents: N-methylpiperazines
71516447,CHEMONTID:0001031,alternative_parents: Aryl fluorides
71516447,CHEMONTID:0002448,alternative_parents: Benzenoids
71516447,CHEMONTID:0003890,alternative_parents: Vinylogous amides
71516447,CHEMONTID:0004144,alternative_parents: Heteroaromatic compounds
71516447,CHEMONTID:0002239,alternative_parents: Trialkylamines
71516447,CHEMONTID:0004176,alternative_parents: Amino acids
71516447,CHEMONTID:0004140,alternative_parents: Oxacyclic compounds
71516447,CHEMONTID:0004139,alternative_parents: Azacyclic compounds
71516447,CHEMONTID:0001205,alternative_parents: Carboxylic acids
71516447,CHEMONTID:0004150,alternative_parents: Hydrocarbon derivatives
71516447,CHEMONTID:0003940,alternative_parents: Organic oxides
71516447,CHEMONTID:0001517,alternative_parents: Organofluorides
71516447,NotAvailable,mMlecular_framework: Aromatic heteropolycyclic compounds
71516447,NotAvailable,"Substituents: [""Quinoline-3-carboxylic acid"", ""N-arylpiperazine"", ""Aminoquinoline"", ""Haloquinoline"", ""Dihydroquinolone"", ""Benzoxazine"", ""Dihydroquinoline"", ""Pyridine carboxylic acid"", ""Pyridine carboxylic acid or derivatives"", ""Dialkylarylamine"", ""Tertiary aliphatic/aromatic amine"", ""Alkyl aryl ether"", ""N-methylpiperazine"", ""N-alkylpiperazine"", ""Aryl fluoride"", ""Aryl halide"", ""1,4-diazinane"", ""Piperazine"", ""Pyridine"", ""Benzenoid"", ""Heteroaromatic compound"", ""Vinylogous amide"", ""Tertiary aliphatic amine"", ""Tertiary amine"", ""Amino acid"", ""Amino acid or derivatives"", ""Oxacycle"", ""Azacycle"", ""Carboxylic acid derivative"", ""Carboxylic acid"", ""Ether"", ""Organic nitrogen compound"", ""Hydrocarbon derivative"", ""Organohalogen compound"", ""Organic oxide"", ""Amine"", ""Organofluoride"", ""Organonitrogen compound"", ""Organooxygen compound"", ""Organic oxygen compound"", ""Aromatic heteropolycyclic compound""]"
71516447,NotAvailable,External_descriptors: []
71516447,NotAvailable,"Ancestors: [""Alkyl aryl ethers"", ""Amines"", ""Amino acids"", ""Amino acids and derivatives"", ""Amino acids, peptides, and analogues"", ""Aminoquinolines and derivatives"", ""Aryl fluorides"", ""Aryl halides"", ""Azacyclic compounds"", ""Benzenoids"", ""Benzoxazines"", ""Carboxylic acids"", ""Carboxylic acids and derivatives"", ""Chemical entities"", ""Dialkylarylamines"", ""Diazinanes"", ""Ethers"", ""Haloquinolines"", ""Heteroaromatic compounds"", ""Hydrocarbon derivatives"", ""Hydroquinolines"", ""Hydroquinolones"", ""Monocarboxylic acids and derivatives"", ""N-alkylpiperazines"", ""N-arylpiperazines"", ""N-methylpiperazines"", ""Organic acids and derivatives"", ""Organic compounds"", ""Organic nitrogen compounds"", ""Organic oxides"", ""Organic oxygen compounds"", ""Organofluorides"", ""Organohalogen compounds"", ""Organoheterocyclic compounds"", ""Organonitrogen compounds"", ""Organooxygen compounds"", ""Organopnictogen compounds"", ""Oxacyclic compounds"", ""Piperazines"", ""Pyridinecarboxylic acids"", ""Pyridinecarboxylic acids and derivatives"", ""Pyridines and derivatives"", ""Quinoline carboxylic acids"", ""Quinolines and derivatives"", ""Quinolones and derivatives"", ""Tertiary alkylarylamines"", ""Tertiary amines"", ""Trialkylamines"", ""Vinylogous amides""]"
71516447,NotAvailable,"predicted_chebi_terms: [""N-arylpiperazine (CHEBI:46848)"", ""quinolines (CHEBI:26513)"", ""aminoquinoline (CHEBI:36709)"", ""benzoxazine (CHEBI:46969)"", ""pyridines (CHEBI:26421)"", ""aromatic carboxylic acid (CHEBI:33859)"", ""dialkylarylamine (CHEBI:23665)"", ""tertiary amino compound (CHEBI:50996)"", ""aromatic ether (CHEBI:35618)"", ""N-methylpiperazine (CHEBI:46920)"", ""organofluorine compound (CHEBI:37143)"", ""benzenoid aromatic compound (CHEBI:33836)"", ""enone (CHEBI:51689)"", ""enamine (CHEBI:47989)"", ""organic aromatic compound (CHEBI:33659)"", ""amino acid (CHEBI:33709)"", ""oxacycle (CHEBI:38104)"", ""organonitrogen heterocyclic compound (CHEBI:38101)"", ""carboxylic acid (CHEBI:33575)"", ""organic molecule (CHEBI:72695)"", ""organic oxide (CHEBI:25701)"", ""chemical entity (CHEBI:24431)"", ""organic heterocyclic compound (CHEBI:24532)"", ""organic heteromonocyclic compound (CHEBI:25693)"", ""piperazines (CHEBI:26144)"", ""quinolone (CHEBI:23765)"", ""pyridinemonocarboxylic acid (CHEBI:26420)"", ""nitrogen molecular entity (CHEBI:51143)"", ""organic molecular entity (CHEBI:50860)"", ""organonitrogen compound (CHEBI:35352)"", ""amine (CHEBI:32952)"", ""tertiary amine (CHEBI:32876)"", ""oxygen molecular entity (CHEBI:25806)"", ""organooxygen compound (CHEBI:36963)"", ""ether (CHEBI:25698)"", ""N-alkylpiperazine (CHEBI:46845)"", ""organohalogen compound (CHEBI:36684)"", ""haloarene (CHEBI:50887)"", ""organic acid (CHEBI:64709)"", ""carbonyl compound (CHEBI:36586)"", ""carboxylic acid anion (CHEBI:29067)"", ""peptide (CHEBI:16670)""]"
71516447,NotAvailable,predicted_lipidmaps_terms: []
71516447,NotAvailable,Classification_version: 2.1
71528851,CHEMONTID:0000000,Kingdom: Organic compounds
71528851,CHEMONTID:0000002,Superclass: Organoheterocyclic compounds
71528851,CHEMONTID:0000160,Class: Lactams
71528851,CHEMONTID:0000162,Subclass: Beta lactams
71528851,CHEMONTID:0000168,Intermediate_nodes: Cephems
71528851,CHEMONTID:0000173,Direct_parent: Cephalosporins
71528851,CHEMONTID:0001189,alternative_parents: N-acyl-alpha amino acids and derivatives
71528851,CHEMONTID:0000172,alternative_parents: Penams
71528851,CHEMONTID:0001347,"alternative_parents: 1,3-thiazines"
71528851,CHEMONTID:0000346,alternative_parents: Dicarboxylic acids and derivatives
71528851,CHEMONTID:0004144,alternative_parents: Heteroaromatic compounds
71528851,CHEMONTID:0000099,alternative_parents: Triazoles
71528851,CHEMONTID:0000226,alternative_parents: Thiazolidines
71528851,CHEMONTID:0000093,alternative_parents: Thiadiazoles
71528851,CHEMONTID:0001664,alternative_parents: Tertiary carboxylic acid amides
71528851,CHEMONTID:0000505,alternative_parents: Sulfones
71528851,CHEMONTID:0000087,alternative_parents: Pyrazoles
71528851,CHEMONTID:0004176,alternative_parents: Amino acids
71528851,CHEMONTID:0000102,alternative_parents: Azetidines
71528851,CHEMONTID:0001166,alternative_parents: Carboxylic acid salts
71528851,CHEMONTID:0001663,alternative_parents: Secondary carboxylic acid amides
71528851,CHEMONTID:0002452,alternative_parents: Tertiary amines
71528851,CHEMONTID:0000517,alternative_parents: Ureas
71528851,CHEMONTID:0001666,alternative_parents: Thiohemiaminal derivatives
71528851,CHEMONTID:0004139,alternative_parents: Azacyclic compounds
71528851,CHEMONTID:0001205,alternative_parents: Carboxylic acids
71528851,CHEMONTID:0003862,alternative_parents: Dialkylthioethers
71528851,CHEMONTID:0003940,alternative_parents: Organic oxides
71528851,CHEMONTID:0001831,alternative_parents: Carbonyl compounds
71528851,CHEMONTID:0003610,alternative_parents: Organic zwitterions
71528851,CHEMONTID:0003865,alternative_parents: Organic salts
71528851,CHEMONTID:0000469,alternative_parents: Monoalkylamines
71528851,CHEMONTID:0004150,alternative_parents: Hydrocarbon derivatives
71528851,NotAvailable,"Substituents: [""Cephalosporin"", ""N-acyl-alpha amino acid or derivatives"", ""Alpha-amino acid or derivatives"", ""Penam"", ""Meta-thiazine"", ""Dicarboxylic acid or derivatives"", ""Azole"", ""Heteroaromatic compound"", ""Pyrazole"", ""Sulfone"", ""Tertiary carboxylic acid amide"", ""1,2,3-triazole"", ""Thiadiazole"", ""Thiazolidine"", ""Amino acid or derivatives"", ""Azetidine"", ""Carboxamide group"", ""Carboxylic acid salt"", ""Amino acid"", ""Secondary carboxylic acid amide"", ""Tertiary amine"", ""Urea"", ""Thioether"", ""Hemithioaminal"", ""Dialkylthioether"", ""Azacycle"", ""Carboxylic acid derivative"", ""Carboxylic acid"", ""Organic salt"", ""Hydrocarbon derivative"", ""Organic nitrogen compound"", ""Primary aliphatic amine"", ""Amine"", ""Primary amine"", ""Organonitrogen compound"", ""Organic oxygen compound"", ""Organic zwitterion"", ""Organic oxide"", ""Carbonyl group"", ""Organooxygen compound"", ""Aromatic heteropolycyclic compound""]"
71528851,NotAvailable,External_descriptors: []
71528851,NotAvailable,"Ancestors: [""1,3-thiazines"", ""Alpha amino acids and derivatives"", ""Amines"", ""Amino acids"", ""Amino acids and derivatives"", ""Amino acids, peptides, and analogues"", ""Azacyclic compounds"", ""Azetidines"", ""Azoles"", ""Azolidines"", ""Beta lactams"", ""Carbonyl compounds"", ""Carboxylic acid amides"", ""Carboxylic acid derivatives"", ""Carboxylic acid salts"", ""Carboxylic acids"", ""Carboxylic acids and derivatives"", ""Cephalosporins"", ""Cephems"", ""Chemical entities"", ""Dialkylthioethers"", ""Dicarboxylic acids and derivatives"", ""Heteroaromatic compounds"", ""Hydrocarbon derivatives"", ""Lactams"", ""Monoalkylamines"", ""N-acyl-alpha amino acids and derivatives"", ""Organic acids and derivatives"", ""Organic carbonic acids and derivatives"", ""Organic compounds"", ""Organic nitrogen compounds"", ""Organic oxides"", ""Organic oxygen compounds"", ""Organic salts"", ""Organic zwitterions"", ""Organoheterocyclic compounds"", ""Organonitrogen compounds"", ""Organooxygen compounds"", ""Organopnictogen compounds"", ""Organosulfur compounds"", ""Penams"", ""Primary amines"", ""Pyrazoles"", ""Secondary carboxylic acid amides"", ""Sulfones"", ""Sulfonyls"", ""Tertiary amines"", ""Tertiary carboxylic acid amides"", ""Thiadiazoles"", ""Thiazines"", ""Thiazolidines"", ""Thioethers"", ""Thiohemiaminal derivatives"", ""Triazoles"", ""Ureas""]"
71528851,NotAvailable,"predicted_chebi_terms: [""N-acyl-amino acid (CHEBI:51569)"", ""penams (CHEBI:35992)"", ""1,3-thiazine (CHEBI:46975)"", ""dicarboxylic acid (CHEBI:35692)"", ""organic aromatic compound (CHEBI:33659)"", ""triazoles (CHEBI:35727)"", ""thiazolidines (CHEBI:35622)"", ""thiadiazoles (CHEBI:38099)"", ""carboxamide (CHEBI:37622)"", ""sulfone (CHEBI:35850)"", ""pyrazoles (CHEBI:26410)"", ""amino acid (CHEBI:33709)"", ""azetidines (CHEBI:38777)"", ""organic salt (CHEBI:24868)"", ""tertiary amine (CHEBI:32876)"", ""ureas (CHEBI:47857)"", ""organosulfur compound (CHEBI:33261)"", ""organonitrogen heterocyclic compound (CHEBI:38101)"", ""carboxylic acid (CHEBI:33575)"", ""aliphatic sulfide (CHEBI:22327)"", ""organic oxide (CHEBI:25701)"", ""carbonyl compound (CHEBI:36586)"", ""zwitterion (CHEBI:27369)"", ""organic molecular entity (CHEBI:50860)"", ""alkylamine (CHEBI:13759)"", ""organic molecule (CHEBI:72695)"", ""cephalosporin (CHEBI:23066)"", ""chemical entity (CHEBI:24431)"", ""organic acid (CHEBI:64709)"", ""organonitrogen compound (CHEBI:35352)"", ""organooxygen compound (CHEBI:36963)"", ""organic heterocyclic compound (CHEBI:24532)"", ""lactam (CHEBI:24995)"", ""beta-lactam (CHEBI:35627)"", ""thiazine (CHEBI:38326)"", ""azole (CHEBI:68452)"", ""amide (CHEBI:32988)"", ""nitrogen molecular entity (CHEBI:51143)"", ""amine (CHEBI:32952)"", ""organic sulfide (CHEBI:16385)"", ""oxygen molecular entity (CHEBI:25806)"", ""primary amine (CHEBI:32877)"", ""cephem (CHEBI:38311)""]"
71528851,NotAvailable,"predicted_lipidmaps_terms: [""Dicarboxylic acids (FA0117)""]"
71528851,NotAvailable,Classification_version: 2.1
71586929,CHEMONTID:0000000,Kingdom: Organic compounds
71586929,CHEMONTID:0002448,Superclass: Benzenoids
71586929,CHEMONTID:0002279,Class: Benzene and substituted derivatives
71586929,CHEMONTID:0000176,Subclass: Benzoic acids and derivatives
71586929,CHEMONTID:0001248,Intermediate_nodes: Hydroxybenzoic acid derivatives
71586929,CHEMONTID:0000487,Intermediate_nodes: Salicylic acid and derivatives
71586929,CHEMONTID:0004576,Intermediate_nodes: Acylsalicylic acids and derivatives
71586929,CHEMONTID:0004577,Direct_parent: Acylsalicylic acids
71586929,CHEMONTID:0002319,alternative_parents: Phenol esters
71586929,CHEMONTID:0002565,alternative_parents: Benzoic acids
71586929,CHEMONTID:0004742,alternative_parents: Phenoxy compounds
71586929,CHEMONTID:0000321,alternative_parents: Benzoyl derivatives
71586929,CHEMONTID:0000346,alternative_parents: Dicarboxylic acids and derivatives
71586929,CHEMONTID:0001238,alternative_parents: Carboxylic acid esters
71586929,CHEMONTID:0001205,alternative_parents: Carboxylic acids
71586929,CHEMONTID:0003940,alternative_parents: Organic oxides
71586929,CHEMONTID:0004041,alternative_parents: Organic aluminium salts
71586929,CHEMONTID:0004150,alternative_parents: Hydrocarbon derivatives
71586929,CHEMONTID:0001831,alternative_parents: Carbonyl compounds
71586929,NotAvailable,mMlecular_framework: Aromatic homomonocyclic compounds
71586929,NotAvailable,"Substituents: [""Acylsalicylic acid"", ""Phenol ester"", ""Benzoic acid"", ""Phenoxy compound"", ""Benzoyl"", ""Dicarboxylic acid or derivatives"", ""Carboxylic acid ester"", ""Carboxylic acid derivative"", ""Carboxylic acid"", ""Organic oxygen compound"", ""Organooxygen compound"", ""Organic salt"", ""Organic aluminium salt"", ""Hydrocarbon derivative"", ""Carbonyl group"", ""Organic oxide"", ""Aromatic homomonocyclic compound""]"
71586929,NotAvailable,External_descriptors: []
71586929,NotAvailable,"Ancestors: [""Acylsalicylic acids"", ""Acylsalicylic acids and derivatives"", ""Benzene and substituted derivatives"", ""Benzenoids"", ""Benzoic acids"", ""Benzoic acids and derivatives"", ""Benzoyl derivatives"", ""Carbonyl compounds"", ""Carboxylic acid derivatives"", ""Carboxylic acid esters"", ""Carboxylic acids"", ""Carboxylic acids and derivatives"", ""Chemical entities"", ""Dicarboxylic acids and derivatives"", ""Hydrocarbon derivatives"", ""Hydroxybenzoic acid derivatives"", ""Organic acids and derivatives"", ""Organic aluminium salts"", ""Organic compounds"", ""Organic metal salts"", ""Organic oxides"", ""Organic oxygen compounds"", ""Organic post-transition metal salts"", ""Organic salts"", ""Organooxygen compounds"", ""Phenol esters"", ""Phenoxy compounds"", ""Salicylic acid and derivatives""]"
71586929,NotAvailable,"predicted_chebi_terms: [""benzoate ester (CHEBI:36054)"", ""phenols (CHEBI:33853)"", ""benzoic acids (CHEBI:22723)"", ""benzenes (CHEBI:22712)"", ""carbonyl compound (CHEBI:36586)"", ""dicarboxylic acid (CHEBI:35692)"", ""carboxylic ester (CHEBI:33308)"", ""carboxylic acid (CHEBI:33575)"", ""carboxylic acid anion (CHEBI:29067)"", ""organic oxide (CHEBI:25701)"", ""organic salt (CHEBI:24868)"", ""organic molecule (CHEBI:72695)"", ""monohydroxybenzoic acid (CHEBI:25389)"", ""chemical entity (CHEBI:24431)"", ""benzenoid aromatic compound (CHEBI:33836)"", ""organooxygen compound (CHEBI:36963)"", ""oxygen molecular entity (CHEBI:25806)"", ""organic molecular entity (CHEBI:50860)"", ""hydroxybenzoic acid (CHEBI:24676)""]"
71586929,NotAvailable,"predicted_lipidmaps_terms: [""Dicarboxylic acids (FA0117)""]"
71586929,NotAvailable,Classification_version: 2.1
71587281,CHEMONTID:0000000,Kingdom: Organic compounds
71587281,CHEMONTID:0004603,Superclass: Organic oxygen compounds
71587281,CHEMONTID:0000323,Class: Organooxygen compounds
71587281,CHEMONTID:0000011,Subclass: Carbohydrates and carbohydrate conjugates
71587281,CHEMONTID:0001540,Intermediate_nodes: Monosaccharides
71587281,CHEMONTID:0001498,Direct_parent: Hexoses
71587281,CHEMONTID:0001852,"alternative_parents: 1,3-aminoalcohols"
71587281,CHEMONTID:0001661,alternative_parents: Secondary alcohols
71587281,CHEMONTID:0001897,"alternative_parents: 1,2-aminoalcohols"
71587281,CHEMONTID:0002286,alternative_parents: Polyols
71587281,CHEMONTID:0001137,alternative_parents: Monocarboxylic acids and derivatives
71587281,CHEMONTID:0002228,alternative_parents: Dialkylamines
71587281,CHEMONTID:0000286,alternative_parents: Primary alcohols
71587281,CHEMONTID:0004557,alternative_parents: Organopnictogen compounds
71587281,CHEMONTID:0004150,alternative_parents: Hydrocarbon derivatives
71587281,NotAvailable,"Substituents: [""Hexose monosaccharide"", ""1,3-aminoalcohol"", ""1,2-aminoalcohol"", ""Secondary alcohol"", ""Secondary aliphatic amine"", ""Secondary amine"", ""Polyol"", ""Monocarboxylic acid or derivatives"", ""Organic nitrogen compound"", ""Organonitrogen compound"", ""Primary alcohol"", ""Hydrocarbon derivative"", ""Amine"", ""Alcohol"", ""Organopnictogen compound"", ""Aromatic homomonocyclic compound""]"
71587281,NotAvailable,External_descriptors: []
71587281,NotAvailable,"Ancestors: [""1,2-aminoalcohols"", ""1,3-aminoalcohols"", ""Alcohols and polyols"", ""Alkanolamines"", ""Amines"", ""Carbohydrates and carbohydrate conjugates"", ""Carboxylic acids and derivatives"", ""Chemical entities"", ""Dialkylamines"", ""Hexoses"", ""Hydrocarbon derivatives"", ""Monocarboxylic acids and derivatives"", ""Monosaccharides"", ""Organic acids and derivatives"", ""Organic compounds"", ""Organic nitrogen compounds"", ""Organic oxygen compounds"", ""Organonitrogen compounds"", ""Organooxygen compounds"", ""Organopnictogen compounds"", ""Polyols"", ""Primary alcohols"", ""Secondary alcohols"", ""Secondary amines""]"
71587281,NotAvailable,"predicted_chebi_terms: [""amino alcohol (CHEBI:22478)"", ""secondary alcohol (CHEBI:35681)"", ""polyol (CHEBI:26191)"", ""carbonyl compound (CHEBI:36586)"", ""secondary amino compound (CHEBI:50995)"", ""primary alcohol (CHEBI:15734)"", ""pnictogen molecular entity (CHEBI:33302)"", ""organic molecular entity (CHEBI:50860)"", ""organic molecule (CHEBI:72695)"", ""hexose (CHEBI:18133)"", ""chemical entity (CHEBI:24431)"", ""nitrogen molecular entity (CHEBI:51143)"", ""organonitrogen compound (CHEBI:35352)"", ""amine (CHEBI:32952)"", ""oxygen molecular entity (CHEBI:25806)"", ""organooxygen compound (CHEBI:36963)"", ""organic hydroxy compound (CHEBI:33822)"", ""alcohol (CHEBI:30879)"", ""secondary amine (CHEBI:32863)"", ""carbohydrates and carbohydrate derivatives (CHEBI:78616)"", ""monosaccharide (CHEBI:35381)""]"
71587281,NotAvailable,predicted_lipidmaps_terms: []
71587281,NotAvailable,Classification_version: 2.1
71587907,CHEMONTID:0000000,Kingdom: Organic compounds
71587907,CHEMONTID:0000002,Superclass: Organoheterocyclic compounds
71587907,CHEMONTID:0004788,Class: Diazanaphthalenes
71587907,CHEMONTID:0004789,Subclass: Benzodiazines
71587907,CHEMONTID:0000485,Intermediate_nodes: Quinazolines
71587907,CHEMONTID:0002314,Direct_parent: Quinazolinamines
71587907,CHEMONTID:0000284,alternative_parents: Aniline and substituted anilines
71587907,CHEMONTID:0003282,alternative_parents: N-arylamides
71587907,CHEMONTID:0000128,alternative_parents: Alkyl aryl ethers
71587907,CHEMONTID:0001262,alternative_parents: Aminopyrimidines and derivatives
71587907,CHEMONTID:0001101,alternative_parents: Iodobenzenes
71587907,CHEMONTID:0001032,alternative_parents: Aryl iodides
71587907,CHEMONTID:0003886,alternative_parents: Imidolactams
71587907,CHEMONTID:0004450,alternative_parents: Acrylic acids and derivatives
71587907,CHEMONTID:0004144,alternative_parents: Heteroaromatic compounds
71587907,CHEMONTID:0001663,alternative_parents: Secondary carboxylic acid amides
71587907,CHEMONTID:0000347,alternative_parents: Amino acids and derivatives
71587907,CHEMONTID:0001167,alternative_parents: Dialkyl ethers
71587907,CHEMONTID:0004139,alternative_parents: Azacyclic compounds
71587907,CHEMONTID:0002451,alternative_parents: Secondary amines
71587907,CHEMONTID:0004150,alternative_parents: Hydrocarbon derivatives
71587907,CHEMONTID:0001831,alternative_parents: Carbonyl compounds
71587907,CHEMONTID:0001518,alternative_parents: Organoiodides
71587907,CHEMONTID:0004557,alternative_parents: Organopnictogen compounds
71587907,CHEMONTID:0001027,alternative_parents: Alkyl fluorides
71587907,CHEMONTID:0001517,alternative_parents: Organofluorides
71587907,CHEMONTID:0003940,alternative_parents: Organic oxides
71587907,NotAvailable,mMlecular_framework: Aromatic heteropolycyclic compounds
71587907,NotAvailable,"Substituents: [""Quinazolinamine"", ""N-arylamide"", ""Aniline or substituted anilines"", ""Alkyl aryl ether"", ""Aminopyrimidine"", ""Halobenzene"", ""Iodobenzene"", ""Aryl halide"", ""Aryl iodide"", ""Monocyclic benzene moiety"", ""Pyrimidine"", ""Benzenoid"", ""Imidolactam"", ""Heteroaromatic compound"", ""Acrylic acid or derivatives"", ""Amino acid or derivatives"", ""Secondary carboxylic acid amide"", ""Carboxamide group"", ""Secondary amine"", ""Azacycle"", ""Carboxylic acid derivative"", ""Dialkyl ether"", ""Ether"", ""Organic oxide"", ""Organopnictogen compound"", ""Organohalogen compound"", ""Organofluoride"", ""Organoiodide"", ""Carbonyl group"", ""Alkyl halide"", ""Alkyl fluoride"", ""Organic nitrogen compound"", ""Organonitrogen compound"", ""Hydrocarbon derivative"", ""Organooxygen compound"", ""Organic oxygen compound"", ""Amine"", ""Aromatic heteropolycyclic compound""]"
71587907,NotAvailable,External_descriptors: []
71587907,NotAvailable,"Ancestors: [""Acrylic acids and derivatives"", ""Alkyl aryl ethers"", ""Alkyl fluorides"", ""Alkyl halides"", ""Amines"", ""Amino acids and derivatives"", ""Amino acids, peptides, and analogues"", ""Aminopyrimidines and derivatives"", ""Aniline and substituted anilines"", ""Aryl halides"", ""Aryl iodides"", ""Azacyclic compounds"", ""Benzene and substituted derivatives"", ""Benzenoids"", ""Benzodiazines"", ""Carbonyl compounds"", ""Carboxylic acid amides"", ""Carboxylic acid derivatives"", ""Carboxylic acids and derivatives"", ""Chemical entities"", ""Dialkyl ethers"", ""Diazanaphthalenes"", ""Diazines"", ""Ethers"", ""Halobenzenes"", ""Heteroaromatic compounds"", ""Hydrocarbon derivatives"", ""Imidolactams"", ""Iodobenzenes"", ""N-arylamides"", ""Organic acids and derivatives"", ""Organic compounds"", ""Organic nitrogen compounds"", ""Organic oxides"", ""Organic oxygen compounds"", ""Organofluorides"", ""Organohalogen compounds"", ""Organoheterocyclic compounds"", ""Organoiodides"", ""Organonitrogen compounds"", ""Organooxygen compounds"", ""Organopnictogen compounds"", ""Pyrimidines and pyrimidine derivatives"", ""Quinazolinamines"", ""Quinazolines"", ""Secondary amines"", ""Secondary carboxylic acid amides""]"
71587907,NotAvailable,"predicted_chebi_terms: [""anilines (CHEBI:22562)"", ""aromatic amide (CHEBI:62733)"", ""aromatic ether (CHEBI:35618)"", ""aminopyrimidine (CHEBI:38338)"", ""organoiodine compound (CHEBI:37142)"", ""heterocyclic compound (CHEBI:5686)"", ""dicarboximide (CHEBI:35356)"", ""organooxygen compound (CHEBI:36963)"", ""organic aromatic compound (CHEBI:33659)"", ""carboxamide (CHEBI:37622)"", ""organonitrogen compound (CHEBI:35352)"", ""ether (CHEBI:25698)"", ""organonitrogen heterocyclic compound (CHEBI:38101)"", ""secondary amine (CHEBI:32863)"", ""organic molecule (CHEBI:72695)"", ""carbonyl compound (CHEBI:36586)"", ""pnictogen molecular entity (CHEBI:33302)"", ""organic molecular entity (CHEBI:50860)"", ""organofluorine compound (CHEBI:37143)"", ""organic oxide (CHEBI:25701)"", ""quinazolines (CHEBI:38530)"", ""chemical entity (CHEBI:24431)"", ""benzenoid aromatic compound (CHEBI:33836)"", ""benzenes (CHEBI:22712)"", ""nitrogen molecular entity (CHEBI:51143)"", ""oxygen molecular entity (CHEBI:25806)"", ""organic heterocyclic compound (CHEBI:24532)"", ""diazines (CHEBI:38313)"", ""pyrimidines (CHEBI:39447)"", ""organohalogen compound (CHEBI:36684)"", ""haloarene (CHEBI:50887)"", ""amide (CHEBI:32988)"", ""amino acid (CHEBI:33709)"", ""peptide (CHEBI:16670)"", ""amine (CHEBI:32952)"", ""haloalkane (CHEBI:24469)"", ""azaarene (CHEBI:50893)""]"
71587907,NotAvailable,predicted_lipidmaps_terms: []
71587907,NotAvailable,Classification_version: 2.1
71587934,CHEMONTID:0000000,Kingdom: Organic compounds
71587934,CHEMONTID:0004603,Superclass: Organic oxygen compounds
71587934,CHEMONTID:0000323,Class: Organooxygen compounds
71587934,CHEMONTID:0001831,Subclass: Carbonyl compounds
71587934,CHEMONTID:0000118,Intermediate_nodes: Ketones
71587934,CHEMONTID:0003670,Intermediate_nodes: Aryl ketones
71587934,CHEMONTID:0004296,Intermediate_nodes: Phenylketones
71587934,CHEMONTID:0004298,Direct_parent: Alkyl-phenylketones
71587934,CHEMONTID:0000303,alternative_parents: Phenylpiperidines
71587934,CHEMONTID:0000014,alternative_parents: Phenylbutylamines
71587934,CHEMONTID:0000350,alternative_parents: Butyrophenones
71587934,CHEMONTID:0001097,alternative_parents: Benzyloxycarbonyls
71587934,CHEMONTID:0003671,alternative_parents: Aryl alkyl ketones
71587934,CHEMONTID:0000321,alternative_parents: Benzoyl derivatives
71587934,CHEMONTID:0003899,alternative_parents: Aralkylamines
71587934,CHEMONTID:0001100,alternative_parents: Fluorobenzenes
71587934,CHEMONTID:0000324,alternative_parents: Fatty acid esters
71587934,CHEMONTID:0001099,alternative_parents: Chlorobenzenes
71587934,CHEMONTID:0001030,alternative_parents: Aryl chlorides
71587934,CHEMONTID:0001031,alternative_parents: Aryl fluorides
71587934,CHEMONTID:0001118,alternative_parents: Gamma-amino ketones
71587934,CHEMONTID:0002239,alternative_parents: Trialkylamines
71587934,CHEMONTID:0000347,alternative_parents: Amino acids and derivatives
71587934,CHEMONTID:0001238,alternative_parents: Carboxylic acid esters
71587934,CHEMONTID:0001137,alternative_parents: Monocarboxylic acids and derivatives
71587934,CHEMONTID:0004139,alternative_parents: Azacyclic compounds
71587934,CHEMONTID:0001517,alternative_parents: Organofluorides
71587934,CHEMONTID:0003940,alternative_parents: Organic oxides
71587934,CHEMONTID:0004150,alternative_parents: Hydrocarbon derivatives
71587934,CHEMONTID:0001516,alternative_parents: Organochlorides
71587934,NotAvailable,mMlecular_framework: Aromatic heteromonocyclic compounds
71587934,NotAvailable,"Substituents: [""Alkyl-phenylketone"", ""Phenylpiperidine"", ""Butyrophenone"", ""Phenylbutylamine"", ""Benzyloxycarbonyl"", ""Benzoyl"", ""Aryl alkyl ketone"", ""Chlorobenzene"", ""Fatty acid ester"", ""Aralkylamine"", ""Fluorobenzene"", ""Halobenzene"", ""Aryl chloride"", ""Aryl fluoride"", ""Aryl halide"", ""Monocyclic benzene moiety"", ""Fatty acyl"", ""Gamma-aminoketone"", ""Benzenoid"", ""Piperidine"", ""Tertiary amine"", ""Tertiary aliphatic amine"", ""Amino acid or derivatives"", ""Carboxylic acid ester"", ""Organoheterocyclic compound"", ""Azacycle"", ""Carboxylic acid derivative"", ""Monocarboxylic acid or derivatives"", ""Organic nitrogen compound"", ""Organic oxide"", ""Hydrocarbon derivative"", ""Organohalogen compound"", ""Organochloride"", ""Organofluoride"", ""Organonitrogen compound"", ""Amine"", ""Aromatic heteromonocyclic compound""]"
71587934,NotAvailable,External_descriptors: []
71587934,NotAvailable,"Ancestors: [""Alkyl-phenylketones"", ""Amines"", ""Amino acids and derivatives"", ""Amino acids, peptides, and analogues"", ""Aralkylamines"", ""Aryl alkyl ketones"", ""Aryl chlorides"", ""Aryl fluorides"", ""Aryl halides"", ""Aryl ketones"", ""Azacyclic compounds"", ""Benzene and substituted derivatives"", ""Benzenoids"", ""Benzoyl derivatives"", ""Benzyloxycarbonyls"", ""Butyrophenones"", ""Carbonyl compounds"", ""Carboxylic acid derivatives"", ""Carboxylic acid esters"", ""Carboxylic acids and derivatives"", ""Chemical entities"", ""Chlorobenzenes"", ""Fatty Acyls"", ""Fatty acid esters"", ""Fluorobenzenes"", ""Gamma-amino ketones"", ""Halobenzenes"", ""Hydrocarbon derivatives"", ""Ketones"", ""Lipids and lipid-like molecules"", ""Monocarboxylic acids and derivatives"", ""Organic acids and derivatives"", ""Organic compounds"", ""Organic nitrogen compounds"", ""Organic oxides"", ""Organic oxygen compounds"", ""Organochlorides"", ""Organofluorides"", ""Organohalogen compounds"", ""Organoheterocyclic compounds"", ""Organonitrogen compounds"", ""Organooxygen compounds"", ""Organopnictogen compounds"", ""Phenylbutylamines"", ""Phenylketones"", ""Phenylpiperidines"", ""Piperidines"", ""Tertiary amines"", ""Trialkylamines""]"
71587934,NotAvailable,"predicted_chebi_terms: [""piperidines (CHEBI:26151)"", ""organic amino compound (CHEBI:50047)"", ""benzenes (CHEBI:22712)"", ""butanone (CHEBI:22951)"", ""carboxylic ester (CHEBI:33308)"", ""aromatic ketone (CHEBI:76224)"", ""carbonyl compound (CHEBI:36586)"", ""aralkylamine (CHEBI:18000)"", ""organofluorine compound (CHEBI:37143)"", ""fatty acid ester (CHEBI:35748)"", ""organochlorine compound (CHEBI:36683)"", ""ketone (CHEBI:17087)"", ""tertiary amino compound (CHEBI:50996)"", ""organonitrogen compound (CHEBI:35352)"", ""organooxygen compound (CHEBI:36963)"", ""monocarboxylic acid (CHEBI:25384)"", ""organonitrogen heterocyclic compound (CHEBI:38101)"", ""organic oxide (CHEBI:25701)"", ""organic molecule (CHEBI:72695)"", ""acetophenones (CHEBI:22187)"", ""chemical entity (CHEBI:24431)"", ""organic heterocyclic compound (CHEBI:24532)"", ""benzenoid aromatic compound (CHEBI:33836)"", ""oxygen molecular entity (CHEBI:25806)"", ""organic molecular entity (CHEBI:50860)"", ""nitrogen molecular entity (CHEBI:51143)"", ""amine (CHEBI:32952)"", ""organohalogen compound (CHEBI:36684)"", ""lipid (CHEBI:18059)"", ""haloarene (CHEBI:50887)"", ""tertiary amine (CHEBI:32876)"", ""organic acid (CHEBI:64709)"", ""carboxylic acid (CHEBI:33575)"", ""amino acid (CHEBI:33709)"", ""peptide (CHEBI:16670)""]"
71587934,NotAvailable,"predicted_lipidmaps_terms: [""Fatty esters (FA07)"", ""Fatty Acyls (FA)""]"
71587934,NotAvailable,Classification_version: 2.1
71588007,CHEMONTID:0000000,Kingdom: Organic compounds
71588007,CHEMONTID:0002448,Superclass: Benzenoids
71588007,CHEMONTID:0002279,Class: Benzene and substituted derivatives
71588007,CHEMONTID:0000035,Subclass: Halobenzenes
71588007,CHEMONTID:0001098,Direct_parent: Bromobenzenes
71588007,CHEMONTID:0003899,alternative_parents: Aralkylamines
71588007,CHEMONTID:0001029,alternative_parents: Aryl bromides
71588007,CHEMONTID:0003487,alternative_parents: Cyclic ketones
71588007,CHEMONTID:0002228,alternative_parents: Dialkylamines
71588007,CHEMONTID:0001515,alternative_parents: Organobromides
71588007,CHEMONTID:0003940,alternative_parents: Organic oxides
71588007,CHEMONTID:0004150,alternative_parents: Hydrocarbon derivatives
71588007,NotAvailable,mMlecular_framework: Aromatic homomonocyclic compounds
71588007,NotAvailable,"Substituents: [""Bromobenzene"", ""Aralkylamine"", ""Aryl bromide"", ""Aryl halide"", ""Ketone"", ""Cyclic ketone"", ""Secondary amine"", ""Secondary aliphatic amine"", ""Organooxygen compound"", ""Organonitrogen compound"", ""Organobromide"", ""Organohalogen compound"", ""Amine"", ""Carbonyl group"", ""Organic oxide"", ""Organic oxygen compound"", ""Organic nitrogen compound"", ""Hydrocarbon derivative"", ""Aromatic homomonocyclic compound""]"
71588007,NotAvailable,External_descriptors: []
71588007,NotAvailable,"Ancestors: [""Amines"", ""Aralkylamines"", ""Aryl bromides"", ""Aryl halides"", ""Benzene and substituted derivatives"", ""Benzenoids"", ""Bromobenzenes"", ""Carbonyl compounds"", ""Chemical entities"", ""Cyclic ketones"", ""Dialkylamines"", ""Halobenzenes"", ""Hydrocarbon derivatives"", ""Ketones"", ""Organic compounds"", ""Organic nitrogen compounds"", ""Organic oxides"", ""Organic oxygen compounds"", ""Organobromides"", ""Organohalogen compounds"", ""Organonitrogen compounds"", ""Organooxygen compounds"", ""Organopnictogen compounds"", ""Secondary amines""]"
71588007,NotAvailable,"predicted_chebi_terms: [""aralkylamine (CHEBI:18000)"", ""organobromine compound (CHEBI:37141)"", ""cyclic ketone (CHEBI:3992)"", ""secondary amino compound (CHEBI:50995)"", ""organic oxide (CHEBI:25701)"", ""organic molecule (CHEBI:72695)"", ""chemical entity (CHEBI:24431)"", ""nitrogen molecular entity (CHEBI:51143)"", ""organic molecular entity (CHEBI:50860)"", ""organonitrogen compound (CHEBI:35352)"", ""amine (CHEBI:32952)"", ""organohalogen compound (CHEBI:36684)"", ""haloarene (CHEBI:50887)"", ""oxygen molecular entity (CHEBI:25806)"", ""organooxygen compound (CHEBI:36963)"", ""carbonyl compound (CHEBI:36586)"", ""ketone (CHEBI:17087)"", ""secondary amine (CHEBI:32863)"", ""benzenoid aromatic compound (CHEBI:33836)"", ""benzenes (CHEBI:22712)""]"
71588007,NotAvailable,predicted_lipidmaps_terms: []
71588007,NotAvailable,Classification_version: 2.1
71589247,CHEMONTID:0000000,Kingdom: Organic compounds
71589247,CHEMONTID:0000002,Superclass: Organoheterocyclic compounds
71589247,CHEMONTID:0001346,Class: Diazines
71589247,CHEMONTID:0000075,Subclass: Pyrimidines and pyrimidine derivatives
71589247,CHEMONTID:0000291,Direct_parent: Pyrimidones
71589247,CHEMONTID:0001262,alternative_parents: Aminopyrimidines and derivatives
71589247,CHEMONTID:0003886,alternative_parents: Imidolactams
71589247,CHEMONTID:0002202,alternative_parents: Hydropyrimidines
71589247,CHEMONTID:0001611,alternative_parents: Carbonic acid diesters
71589247,CHEMONTID:0000106,alternative_parents: Oxathiolanes
71589247,CHEMONTID:0002131,alternative_parents: Monothioacetals
71589247,CHEMONTID:0004144,alternative_parents: Heteroaromatic compounds
71589247,CHEMONTID:0004140,alternative_parents: Oxacyclic compounds
71589247,CHEMONTID:0004139,alternative_parents: Azacyclic compounds
71589247,CHEMONTID:0002450,alternative_parents: Primary amines
71589247,CHEMONTID:0003940,alternative_parents: Organic oxides
71589247,CHEMONTID:0004150,alternative_parents: Hydrocarbon derivatives
71589247,CHEMONTID:0001831,alternative_parents: Carbonyl compounds
71589247,NotAvailable,mMlecular_framework: Aromatic heteromonocyclic compounds
71589247,NotAvailable,"Substituents: [""Aminopyrimidine"", ""Pyrimidone"", ""Carbonic acid diester"", ""Hydropyrimidine"", ""Imidolactam"", ""Monothioacetal"", ""Oxathiolane"", ""Heteroaromatic compound"", ""Carbonic acid derivative"", ""Azacycle"", ""Oxacycle"", ""Hydrocarbon derivative"", ""Primary amine"", ""Organic nitrogen compound"", ""Organooxygen compound"", ""Organonitrogen compound"", ""Amine"", ""Organic oxide"", ""Carbonyl group"", ""Organic oxygen compound"", ""Aromatic heteromonocyclic compound""]"
71589247,NotAvailable,External_descriptors: []
71589247,NotAvailable,"Ancestors: [""Amines"", ""Aminopyrimidines and derivatives"", ""Azacyclic compounds"", ""Carbonic acid diesters"", ""Carbonyl compounds"", ""Carboximidamides"", ""Chemical entities"", ""Diazines"", ""Heteroaromatic compounds"", ""Hydrocarbon derivatives"", ""Hydropyrimidines"", ""Imidolactams"", ""Monothioacetals"", ""Organic 1,3-dipolar compounds"", ""Organic acids and derivatives"", ""Organic carbonic acids and derivatives"", ""Organic compounds"", ""Organic nitrogen compounds"", ""Organic oxides"", ""Organic oxygen compounds"", ""Organoheterocyclic compounds"", ""Organonitrogen compounds"", ""Organooxygen compounds"", ""Organopnictogen compounds"", ""Organosulfur compounds"", ""Oxacyclic compounds"", ""Oxathiolanes"", ""Primary amines"", ""Propargyl-type 1,3-dipolar organic compounds"", ""Pyrimidines and pyrimidine derivatives"", ""Pyrimidones"", ""Sulfenyl compounds"", ""Thioacetals""]"
71589247,NotAvailable,"predicted_chebi_terms: [""aminopyrimidine (CHEBI:38338)"", ""heterocyclic compound (CHEBI:5686)"", ""dicarboximide (CHEBI:35356)"", ""organosulfur compound (CHEBI:33261)"", ""pyrimidines (CHEBI:39447)"", ""carbonate ester (CHEBI:46722)"", ""oxathiolane (CHEBI:78801)"", ""monothioacetal (CHEBI:59793)"", ""organic aromatic compound (CHEBI:33659)"", ""oxacycle (CHEBI:38104)"", ""organonitrogen heterocyclic compound (CHEBI:38101)"", ""primary amine (CHEBI:32877)"", ""organic oxide (CHEBI:25701)"", ""organic molecule (CHEBI:72695)"", ""carbonyl compound (CHEBI:36586)"", ""pyrimidone (CHEBI:38337)"", ""chemical entity (CHEBI:24431)"", ""organic heterocyclic compound (CHEBI:24532)"", ""diazines (CHEBI:38313)"", ""organic acid (CHEBI:64709)"", ""organooxygen compound (CHEBI:36963)"", ""thioacetal (CHEBI:59792)"", ""nitrogen molecular entity (CHEBI:51143)"", ""organic molecular entity (CHEBI:50860)"", ""organonitrogen compound (CHEBI:35352)"", ""amine (CHEBI:32952)"", ""oxygen molecular entity (CHEBI:25806)""]"
71589247,NotAvailable,predicted_lipidmaps_terms: []
71589247,NotAvailable,Classification_version: 2.1
71589261,CHEMONTID:0000000,Kingdom: Organic compounds
71589261,CHEMONTID:0000002,Superclass: Organoheterocyclic compounds
71589261,CHEMONTID:0001346,Class: Diazines
71589261,CHEMONTID:0000075,Subclass: Pyrimidines and pyrimidine derivatives
71589261,CHEMONTID:0000291,Direct_parent: Pyrimidones
71589261,CHEMONTID:0001262,alternative_parents: Aminopyrimidines and derivatives
71589261,CHEMONTID:0003886,alternative_parents: Imidolactams
71589261,CHEMONTID:0002202,alternative_parents: Hydropyrimidines
71589261,CHEMONTID:0001611,alternative_parents: Carbonic acid diesters
71589261,CHEMONTID:0000106,alternative_parents: Oxathiolanes
71589261,CHEMONTID:0002131,alternative_parents: Monothioacetals
71589261,CHEMONTID:0004144,alternative_parents: Heteroaromatic compounds
71589261,CHEMONTID:0004140,alternative_parents: Oxacyclic compounds
71589261,CHEMONTID:0004139,alternative_parents: Azacyclic compounds
71589261,CHEMONTID:0002450,alternative_parents: Primary amines
71589261,CHEMONTID:0003940,alternative_parents: Organic oxides
71589261,CHEMONTID:0004150,alternative_parents: Hydrocarbon derivatives
71589261,CHEMONTID:0001831,alternative_parents: Carbonyl compounds
71589261,NotAvailable,mMlecular_framework: Aromatic heteromonocyclic compounds
71589261,NotAvailable,"Substituents: [""Aminopyrimidine"", ""Pyrimidone"", ""Carbonic acid diester"", ""Hydropyrimidine"", ""Imidolactam"", ""Monothioacetal"", ""Oxathiolane"", ""Heteroaromatic compound"", ""Carbonic acid derivative"", ""Azacycle"", ""Oxacycle"", ""Hydrocarbon derivative"", ""Primary amine"", ""Organic nitrogen compound"", ""Organooxygen compound"", ""Organonitrogen compound"", ""Amine"", ""Organic oxide"", ""Carbonyl group"", ""Organic oxygen compound"", ""Aromatic heteromonocyclic compound""]"
71589261,NotAvailable,External_descriptors: []
71589261,NotAvailable,"Ancestors: [""Amines"", ""Aminopyrimidines and derivatives"", ""Azacyclic compounds"", ""Carbonic acid diesters"", ""Carbonyl compounds"", ""Carboximidamides"", ""Chemical entities"", ""Diazines"", ""Heteroaromatic compounds"", ""Hydrocarbon derivatives"", ""Hydropyrimidines"", ""Imidolactams"", ""Monothioacetals"", ""Organic 1,3-dipolar compounds"", ""Organic acids and derivatives"", ""Organic carbonic acids and derivatives"", ""Organic compounds"", ""Organic nitrogen compounds"", ""Organic oxides"", ""Organic oxygen compounds"", ""Organoheterocyclic compounds"", ""Organonitrogen compounds"", ""Organooxygen compounds"", ""Organopnictogen compounds"", ""Organosulfur compounds"", ""Oxacyclic compounds"", ""Oxathiolanes"", ""Primary amines"", ""Propargyl-type 1,3-dipolar organic compounds"", ""Pyrimidines and pyrimidine derivatives"", ""Pyrimidones"", ""Sulfenyl compounds"", ""Thioacetals""]"
71589261,NotAvailable,"predicted_chebi_terms: [""aminopyrimidine (CHEBI:38338)"", ""heterocyclic compound (CHEBI:5686)"", ""dicarboximide (CHEBI:35356)"", ""organosulfur compound (CHEBI:33261)"", ""pyrimidines (CHEBI:39447)"", ""carbonate ester (CHEBI:46722)"", ""oxathiolane (CHEBI:78801)"", ""monothioacetal (CHEBI:59793)"", ""organic aromatic compound (CHEBI:33659)"", ""oxacycle (CHEBI:38104)"", ""organonitrogen heterocyclic compound (CHEBI:38101)"", ""primary amine (CHEBI:32877)"", ""organic oxide (CHEBI:25701)"", ""organic molecule (CHEBI:72695)"", ""carbonyl compound (CHEBI:36586)"", ""pyrimidone (CHEBI:38337)"", ""chemical entity (CHEBI:24431)"", ""organic heterocyclic compound (CHEBI:24532)"", ""diazines (CHEBI:38313)"", ""organic acid (CHEBI:64709)"", ""organooxygen compound (CHEBI:36963)"", ""thioacetal (CHEBI:59792)"", ""nitrogen molecular entity (CHEBI:51143)"", ""organic molecular entity (CHEBI:50860)"", ""organonitrogen compound (CHEBI:35352)"", ""amine (CHEBI:32952)"", ""oxygen molecular entity (CHEBI:25806)""]"
71589261,NotAvailable,predicted_lipidmaps_terms: []
71589261,NotAvailable,Classification_version: 2.1
71589266,CHEMONTID:0000000,Kingdom: Organic compounds
71589266,CHEMONTID:0000002,Superclass: Organoheterocyclic compounds
71589266,CHEMONTID:0001346,Class: Diazines
71589266,CHEMONTID:0000075,Subclass: Pyrimidines and pyrimidine derivatives
71589266,CHEMONTID:0000291,Direct_parent: Pyrimidones
71589266,CHEMONTID:0001262,alternative_parents: Aminopyrimidines and derivatives
71589266,CHEMONTID:0003886,alternative_parents: Imidolactams
71589266,CHEMONTID:0002202,alternative_parents: Hydropyrimidines
71589266,CHEMONTID:0001611,alternative_parents: Carbonic acid diesters
71589266,CHEMONTID:0000106,alternative_parents: Oxathiolanes
71589266,CHEMONTID:0002131,alternative_parents: Monothioacetals
71589266,CHEMONTID:0004144,alternative_parents: Heteroaromatic compounds
71589266,CHEMONTID:0004140,alternative_parents: Oxacyclic compounds
71589266,CHEMONTID:0004139,alternative_parents: Azacyclic compounds
71589266,CHEMONTID:0002450,alternative_parents: Primary amines
71589266,CHEMONTID:0003940,alternative_parents: Organic oxides
71589266,CHEMONTID:0004150,alternative_parents: Hydrocarbon derivatives
71589266,CHEMONTID:0001831,alternative_parents: Carbonyl compounds
71589266,NotAvailable,mMlecular_framework: Aromatic heteromonocyclic compounds
71589266,NotAvailable,"Substituents: [""Aminopyrimidine"", ""Pyrimidone"", ""Carbonic acid diester"", ""Hydropyrimidine"", ""Imidolactam"", ""Monothioacetal"", ""Oxathiolane"", ""Heteroaromatic compound"", ""Carbonic acid derivative"", ""Azacycle"", ""Oxacycle"", ""Hydrocarbon derivative"", ""Primary amine"", ""Organic nitrogen compound"", ""Organooxygen compound"", ""Organonitrogen compound"", ""Amine"", ""Organic oxide"", ""Carbonyl group"", ""Organic oxygen compound"", ""Aromatic heteromonocyclic compound""]"
71589266,NotAvailable,External_descriptors: []
71589266,NotAvailable,"Ancestors: [""Amines"", ""Aminopyrimidines and derivatives"", ""Azacyclic compounds"", ""Carbonic acid diesters"", ""Carbonyl compounds"", ""Carboximidamides"", ""Chemical entities"", ""Diazines"", ""Heteroaromatic compounds"", ""Hydrocarbon derivatives"", ""Hydropyrimidines"", ""Imidolactams"", ""Monothioacetals"", ""Organic 1,3-dipolar compounds"", ""Organic acids and derivatives"", ""Organic carbonic acids and derivatives"", ""Organic compounds"", ""Organic nitrogen compounds"", ""Organic oxides"", ""Organic oxygen compounds"", ""Organoheterocyclic compounds"", ""Organonitrogen compounds"", ""Organooxygen compounds"", ""Organopnictogen compounds"", ""Organosulfur compounds"", ""Oxacyclic compounds"", ""Oxathiolanes"", ""Primary amines"", ""Propargyl-type 1,3-dipolar organic compounds"", ""Pyrimidines and pyrimidine derivatives"", ""Pyrimidones"", ""Sulfenyl compounds"", ""Thioacetals""]"
71589266,NotAvailable,"predicted_chebi_terms: [""aminopyrimidine (CHEBI:38338)"", ""heterocyclic compound (CHEBI:5686)"", ""dicarboximide (CHEBI:35356)"", ""organosulfur compound (CHEBI:33261)"", ""pyrimidines (CHEBI:39447)"", ""carbonate ester (CHEBI:46722)"", ""oxathiolane (CHEBI:78801)"", ""monothioacetal (CHEBI:59793)"", ""organic aromatic compound (CHEBI:33659)"", ""oxacycle (CHEBI:38104)"", ""organonitrogen heterocyclic compound (CHEBI:38101)"", ""primary amine (CHEBI:32877)"", ""organic oxide (CHEBI:25701)"", ""organic molecule (CHEBI:72695)"", ""carbonyl compound (CHEBI:36586)"", ""pyrimidone (CHEBI:38337)"", ""chemical entity (CHEBI:24431)"", ""organic heterocyclic compound (CHEBI:24532)"", ""diazines (CHEBI:38313)"", ""organic acid (CHEBI:64709)"", ""organooxygen compound (CHEBI:36963)"", ""thioacetal (CHEBI:59792)"", ""nitrogen molecular entity (CHEBI:51143)"", ""organic molecular entity (CHEBI:50860)"", ""organonitrogen compound (CHEBI:35352)"", ""amine (CHEBI:32952)"", ""oxygen molecular entity (CHEBI:25806)""]"
71589266,NotAvailable,predicted_lipidmaps_terms: []
71589266,NotAvailable,Classification_version: 2.1
71589343,CHEMONTID:0000000,Kingdom: Organic compounds
71589343,CHEMONTID:0000002,Superclass: Organoheterocyclic compounds
71589343,CHEMONTID:0001346,Class: Diazines
71589343,CHEMONTID:0000075,Subclass: Pyrimidines and pyrimidine derivatives
71589343,CHEMONTID:0000291,Direct_parent: Pyrimidones
71589343,CHEMONTID:0001262,alternative_parents: Aminopyrimidines and derivatives
71589343,CHEMONTID:0003886,alternative_parents: Imidolactams
71589343,CHEMONTID:0002202,alternative_parents: Hydropyrimidines
71589343,CHEMONTID:0001611,alternative_parents: Carbonic acid diesters
71589343,CHEMONTID:0000106,alternative_parents: Oxathiolanes
71589343,CHEMONTID:0002131,alternative_parents: Monothioacetals
71589343,CHEMONTID:0004144,alternative_parents: Heteroaromatic compounds
71589343,CHEMONTID:0004140,alternative_parents: Oxacyclic compounds
71589343,CHEMONTID:0004139,alternative_parents: Azacyclic compounds
71589343,CHEMONTID:0002450,alternative_parents: Primary amines
71589343,CHEMONTID:0003940,alternative_parents: Organic oxides
71589343,CHEMONTID:0004150,alternative_parents: Hydrocarbon derivatives
71589343,CHEMONTID:0001831,alternative_parents: Carbonyl compounds
71589343,NotAvailable,mMlecular_framework: Aromatic heteromonocyclic compounds
71589343,NotAvailable,"Substituents: [""Aminopyrimidine"", ""Pyrimidone"", ""Carbonic acid diester"", ""Hydropyrimidine"", ""Imidolactam"", ""Monothioacetal"", ""Oxathiolane"", ""Heteroaromatic compound"", ""Carbonic acid derivative"", ""Azacycle"", ""Oxacycle"", ""Hydrocarbon derivative"", ""Primary amine"", ""Organic nitrogen compound"", ""Organooxygen compound"", ""Organonitrogen compound"", ""Amine"", ""Organic oxide"", ""Carbonyl group"", ""Organic oxygen compound"", ""Aromatic heteromonocyclic compound""]"
71589343,NotAvailable,External_descriptors: []
71589343,NotAvailable,"Ancestors: [""Amines"", ""Aminopyrimidines and derivatives"", ""Azacyclic compounds"", ""Carbonic acid diesters"", ""Carbonyl compounds"", ""Carboximidamides"", ""Chemical entities"", ""Diazines"", ""Heteroaromatic compounds"", ""Hydrocarbon derivatives"", ""Hydropyrimidines"", ""Imidolactams"", ""Monothioacetals"", ""Organic 1,3-dipolar compounds"", ""Organic acids and derivatives"", ""Organic carbonic acids and derivatives"", ""Organic compounds"", ""Organic nitrogen compounds"", ""Organic oxides"", ""Organic oxygen compounds"", ""Organoheterocyclic compounds"", ""Organonitrogen compounds"", ""Organooxygen compounds"", ""Organopnictogen compounds"", ""Organosulfur compounds"", ""Oxacyclic compounds"", ""Oxathiolanes"", ""Primary amines"", ""Propargyl-type 1,3-dipolar organic compounds"", ""Pyrimidines and pyrimidine derivatives"", ""Pyrimidones"", ""Sulfenyl compounds"", ""Thioacetals""]"
71589343,NotAvailable,"predicted_chebi_terms: [""aminopyrimidine (CHEBI:38338)"", ""heterocyclic compound (CHEBI:5686)"", ""dicarboximide (CHEBI:35356)"", ""organosulfur compound (CHEBI:33261)"", ""pyrimidines (CHEBI:39447)"", ""carbonate ester (CHEBI:46722)"", ""oxathiolane (CHEBI:78801)"", ""monothioacetal (CHEBI:59793)"", ""organic aromatic compound (CHEBI:33659)"", ""oxacycle (CHEBI:38104)"", ""organonitrogen heterocyclic compound (CHEBI:38101)"", ""primary amine (CHEBI:32877)"", ""organic oxide (CHEBI:25701)"", ""organic molecule (CHEBI:72695)"", ""carbonyl compound (CHEBI:36586)"", ""pyrimidone (CHEBI:38337)"", ""chemical entity (CHEBI:24431)"", ""organic heterocyclic compound (CHEBI:24532)"", ""diazines (CHEBI:38313)"", ""organic acid (CHEBI:64709)"", ""organooxygen compound (CHEBI:36963)"", ""thioacetal (CHEBI:59792)"", ""nitrogen molecular entity (CHEBI:51143)"", ""organic molecular entity (CHEBI:50860)"", ""organonitrogen compound (CHEBI:35352)"", ""amine (CHEBI:32952)"", ""oxygen molecular entity (CHEBI:25806)""]"
71589343,NotAvailable,predicted_lipidmaps_terms: []
71589343,NotAvailable,Classification_version: 2.1
71589344,CHEMONTID:0000000,Kingdom: Organic compounds
71589344,CHEMONTID:0000002,Superclass: Organoheterocyclic compounds
71589344,CHEMONTID:0001346,Class: Diazines
71589344,CHEMONTID:0000075,Subclass: Pyrimidines and pyrimidine derivatives
71589344,CHEMONTID:0000291,Direct_parent: Pyrimidones
71589344,CHEMONTID:0001262,alternative_parents: Aminopyrimidines and derivatives
71589344,CHEMONTID:0003886,alternative_parents: Imidolactams
71589344,CHEMONTID:0002202,alternative_parents: Hydropyrimidines
71589344,CHEMONTID:0001611,alternative_parents: Carbonic acid diesters
71589344,CHEMONTID:0000106,alternative_parents: Oxathiolanes
71589344,CHEMONTID:0002131,alternative_parents: Monothioacetals
71589344,CHEMONTID:0004144,alternative_parents: Heteroaromatic compounds
71589344,CHEMONTID:0004140,alternative_parents: Oxacyclic compounds
71589344,CHEMONTID:0004139,alternative_parents: Azacyclic compounds
71589344,CHEMONTID:0002450,alternative_parents: Primary amines
71589344,CHEMONTID:0003940,alternative_parents: Organic oxides
71589344,CHEMONTID:0004150,alternative_parents: Hydrocarbon derivatives
71589344,CHEMONTID:0001831,alternative_parents: Carbonyl compounds
71589344,NotAvailable,mMlecular_framework: Aromatic heteromonocyclic compounds
71589344,NotAvailable,"Substituents: [""Aminopyrimidine"", ""Pyrimidone"", ""Carbonic acid diester"", ""Hydropyrimidine"", ""Imidolactam"", ""Monothioacetal"", ""Oxathiolane"", ""Heteroaromatic compound"", ""Carbonic acid derivative"", ""Azacycle"", ""Oxacycle"", ""Hydrocarbon derivative"", ""Primary amine"", ""Organic nitrogen compound"", ""Organooxygen compound"", ""Organonitrogen compound"", ""Amine"", ""Organic oxide"", ""Carbonyl group"", ""Organic oxygen compound"", ""Aromatic heteromonocyclic compound""]"
71589344,NotAvailable,External_descriptors: []
71589344,NotAvailable,"Ancestors: [""Amines"", ""Aminopyrimidines and derivatives"", ""Azacyclic compounds"", ""Carbonic acid diesters"", ""Carbonyl compounds"", ""Carboximidamides"", ""Chemical entities"", ""Diazines"", ""Heteroaromatic compounds"", ""Hydrocarbon derivatives"", ""Hydropyrimidines"", ""Imidolactams"", ""Monothioacetals"", ""Organic 1,3-dipolar compounds"", ""Organic acids and derivatives"", ""Organic carbonic acids and derivatives"", ""Organic compounds"", ""Organic nitrogen compounds"", ""Organic oxides"", ""Organic oxygen compounds"", ""Organoheterocyclic compounds"", ""Organonitrogen compounds"", ""Organooxygen compounds"", ""Organopnictogen compounds"", ""Organosulfur compounds"", ""Oxacyclic compounds"", ""Oxathiolanes"", ""Primary amines"", ""Propargyl-type 1,3-dipolar organic compounds"", ""Pyrimidines and pyrimidine derivatives"", ""Pyrimidones"", ""Sulfenyl compounds"", ""Thioacetals""]"
71589344,NotAvailable,"predicted_chebi_terms: [""aminopyrimidine (CHEBI:38338)"", ""heterocyclic compound (CHEBI:5686)"", ""dicarboximide (CHEBI:35356)"", ""organosulfur compound (CHEBI:33261)"", ""pyrimidines (CHEBI:39447)"", ""carbonate ester (CHEBI:46722)"", ""oxathiolane (CHEBI:78801)"", ""monothioacetal (CHEBI:59793)"", ""organic aromatic compound (CHEBI:33659)"", ""oxacycle (CHEBI:38104)"", ""organonitrogen heterocyclic compound (CHEBI:38101)"", ""primary amine (CHEBI:32877)"", ""organic oxide (CHEBI:25701)"", ""organic molecule (CHEBI:72695)"", ""carbonyl compound (CHEBI:36586)"", ""pyrimidone (CHEBI:38337)"", ""chemical entity (CHEBI:24431)"", ""organic heterocyclic compound (CHEBI:24532)"", ""diazines (CHEBI:38313)"", ""organic acid (CHEBI:64709)"", ""organooxygen compound (CHEBI:36963)"", ""thioacetal (CHEBI:59792)"", ""nitrogen molecular entity (CHEBI:51143)"", ""organic molecular entity (CHEBI:50860)"", ""organonitrogen compound (CHEBI:35352)"", ""amine (CHEBI:32952)"", ""oxygen molecular entity (CHEBI:25806)""]"
71589344,NotAvailable,predicted_lipidmaps_terms: []
71589344,NotAvailable,Classification_version: 2.1
71589345,CHEMONTID:0000000,Kingdom: Organic compounds
71589345,CHEMONTID:0000002,Superclass: Organoheterocyclic compounds
71589345,CHEMONTID:0001346,Class: Diazines
71589345,CHEMONTID:0000075,Subclass: Pyrimidines and pyrimidine derivatives
71589345,CHEMONTID:0000291,Direct_parent: Pyrimidones
71589345,CHEMONTID:0001262,alternative_parents: Aminopyrimidines and derivatives
71589345,CHEMONTID:0003886,alternative_parents: Imidolactams
71589345,CHEMONTID:0002202,alternative_parents: Hydropyrimidines
71589345,CHEMONTID:0001611,alternative_parents: Carbonic acid diesters
71589345,CHEMONTID:0000106,alternative_parents: Oxathiolanes
71589345,CHEMONTID:0002131,alternative_parents: Monothioacetals
71589345,CHEMONTID:0004144,alternative_parents: Heteroaromatic compounds
71589345,CHEMONTID:0004140,alternative_parents: Oxacyclic compounds
71589345,CHEMONTID:0004139,alternative_parents: Azacyclic compounds
71589345,CHEMONTID:0002450,alternative_parents: Primary amines
71589345,CHEMONTID:0003940,alternative_parents: Organic oxides
71589345,CHEMONTID:0004150,alternative_parents: Hydrocarbon derivatives
71589345,CHEMONTID:0001831,alternative_parents: Carbonyl compounds
71589345,NotAvailable,mMlecular_framework: Aromatic heteromonocyclic compounds
71589345,NotAvailable,"Substituents: [""Aminopyrimidine"", ""Pyrimidone"", ""Carbonic acid diester"", ""Hydropyrimidine"", ""Imidolactam"", ""Monothioacetal"", ""Oxathiolane"", ""Heteroaromatic compound"", ""Carbonic acid derivative"", ""Azacycle"", ""Oxacycle"", ""Hydrocarbon derivative"", ""Primary amine"", ""Organic nitrogen compound"", ""Organooxygen compound"", ""Organonitrogen compound"", ""Amine"", ""Organic oxide"", ""Carbonyl group"", ""Organic oxygen compound"", ""Aromatic heteromonocyclic compound""]"
71589345,NotAvailable,External_descriptors: []
71589345,NotAvailable,"Ancestors: [""Amines"", ""Aminopyrimidines and derivatives"", ""Azacyclic compounds"", ""Carbonic acid diesters"", ""Carbonyl compounds"", ""Carboximidamides"", ""Chemical entities"", ""Diazines"", ""Heteroaromatic compounds"", ""Hydrocarbon derivatives"", ""Hydropyrimidines"", ""Imidolactams"", ""Monothioacetals"", ""Organic 1,3-dipolar compounds"", ""Organic acids and derivatives"", ""Organic carbonic acids and derivatives"", ""Organic compounds"", ""Organic nitrogen compounds"", ""Organic oxides"", ""Organic oxygen compounds"", ""Organoheterocyclic compounds"", ""Organonitrogen compounds"", ""Organooxygen compounds"", ""Organopnictogen compounds"", ""Organosulfur compounds"", ""Oxacyclic compounds"", ""Oxathiolanes"", ""Primary amines"", ""Propargyl-type 1,3-dipolar organic compounds"", ""Pyrimidines and pyrimidine derivatives"", ""Pyrimidones"", ""Sulfenyl compounds"", ""Thioacetals""]"
71589345,NotAvailable,"predicted_chebi_terms: [""aminopyrimidine (CHEBI:38338)"", ""heterocyclic compound (CHEBI:5686)"", ""dicarboximide (CHEBI:35356)"", ""organosulfur compound (CHEBI:33261)"", ""pyrimidines (CHEBI:39447)"", ""carbonate ester (CHEBI:46722)"", ""oxathiolane (CHEBI:78801)"", ""monothioacetal (CHEBI:59793)"", ""organic aromatic compound (CHEBI:33659)"", ""oxacycle (CHEBI:38104)"", ""organonitrogen heterocyclic compound (CHEBI:38101)"", ""primary amine (CHEBI:32877)"", ""organic oxide (CHEBI:25701)"", ""organic molecule (CHEBI:72695)"", ""carbonyl compound (CHEBI:36586)"", ""pyrimidone (CHEBI:38337)"", ""chemical entity (CHEBI:24431)"", ""organic heterocyclic compound (CHEBI:24532)"", ""diazines (CHEBI:38313)"", ""organic acid (CHEBI:64709)"", ""organooxygen compound (CHEBI:36963)"", ""thioacetal (CHEBI:59792)"", ""nitrogen molecular entity (CHEBI:51143)"", ""organic molecular entity (CHEBI:50860)"", ""organonitrogen compound (CHEBI:35352)"", ""amine (CHEBI:32952)"", ""oxygen molecular entity (CHEBI:25806)""]"
71589345,NotAvailable,predicted_lipidmaps_terms: []
71589345,NotAvailable,Classification_version: 2.1
71592241,CHEMONTID:0000000,Kingdom: Organic compounds
71592241,CHEMONTID:0000012,Superclass: Lipids and lipid-like molecules
71592241,CHEMONTID:0000259,Class: Prenol lipids
71592241,CHEMONTID:0001283,Subclass: Terpene lactones
71592241,CHEMONTID:0001283,Direct_parent: Terpene lactones
71592241,CHEMONTID:0002440,alternative_parents: Artemisinins
71592241,CHEMONTID:0004538,alternative_parents: 4-quinolinemethanols
71592241,CHEMONTID:0001729,alternative_parents: Oxepanes
71592241,CHEMONTID:0003899,alternative_parents: Aralkylamines
71592241,CHEMONTID:0001244,alternative_parents: Delta valerolactones
71592241,CHEMONTID:0001853,alternative_parents: Trioxanes
71592241,CHEMONTID:0000089,alternative_parents: Pyridines and derivatives
71592241,CHEMONTID:0000195,alternative_parents: Piperidines
71592241,CHEMONTID:0002012,alternative_parents: Oxanes
71592241,CHEMONTID:0002448,alternative_parents: Benzenoids
71592241,CHEMONTID:0004144,alternative_parents: Heteroaromatic compounds
71592241,CHEMONTID:0001661,alternative_parents: Secondary alcohols
71592241,CHEMONTID:0001897,"alternative_parents: 1,2-aminoalcohols"
71592241,CHEMONTID:0001238,alternative_parents: Carboxylic acid esters
71592241,CHEMONTID:0003951,alternative_parents: Dialkyl peroxides
71592241,CHEMONTID:0004140,alternative_parents: Oxacyclic compounds
71592241,CHEMONTID:0001656,alternative_parents: Acetals
71592241,CHEMONTID:0001137,alternative_parents: Monocarboxylic acids and derivatives
71592241,CHEMONTID:0004139,alternative_parents: Azacyclic compounds
71592241,CHEMONTID:0002228,alternative_parents: Dialkylamines
71592241,CHEMONTID:0003073,alternative_parents: Aromatic alcohols
71592241,CHEMONTID:0004557,alternative_parents: Organopnictogen compounds
71592241,CHEMONTID:0001027,alternative_parents: Alkyl fluorides
71592241,CHEMONTID:0004150,alternative_parents: Hydrocarbon derivatives
71592241,CHEMONTID:0001831,alternative_parents: Carbonyl compounds
71592241,CHEMONTID:0001517,alternative_parents: Organofluorides
71592241,NotAvailable,"Substituents: [""Artemisinin skeleton"", ""Terpene lactone"", ""Sesquiterpenoid"", ""4-quinolinemethanol"", ""Quinoline"", ""Delta valerolactone"", ""Delta_valerolactone"", ""Oxepane"", ""Aralkylamine"", ""Oxane"", ""Piperidine"", ""Pyridine"", ""1,2,4-trioxane"", ""Benzenoid"", ""Heteroaromatic compound"", ""Secondary alcohol"", ""Carboxylic acid ester"", ""Lactone"", ""1,2-aminoalcohol"", ""Dialkyl peroxide"", ""Secondary aliphatic amine"", ""Azacycle"", ""Carboxylic acid derivative"", ""Secondary amine"", ""Acetal"", ""Oxacycle"", ""Monocarboxylic acid or derivatives"", ""Organoheterocyclic compound"", ""Hydrocarbon derivative"", ""Organohalogen compound"", ""Organofluoride"", ""Organonitrogen compound"", ""Organooxygen compound"", ""Alcohol"", ""Organic oxygen compound"", ""Organopnictogen compound"", ""Carbonyl group"", ""Organic nitrogen compound"", ""Amine"", ""Alkyl halide"", ""Organic oxide"", ""Aromatic alcohol"", ""Alkyl fluoride"", ""Aromatic heteropolycyclic compound""]"
71592241,NotAvailable,External_descriptors: []
71592241,NotAvailable,"Ancestors: [""1,2-aminoalcohols"", ""4-quinolinemethanols"", ""Acetals"", ""Alcohols and polyols"", ""Alkanolamines"", ""Alkyl fluorides"", ""Alkyl halides"", ""Amines"", ""Aralkylamines"", ""Aromatic alcohols"", ""Artemisinins"", ""Azacyclic compounds"", ""Benzenoids"", ""Carbonyl compounds"", ""Carboxylic acid derivatives"", ""Carboxylic acid esters"", ""Carboxylic acids and derivatives"", ""Chemical entities"", ""Delta valerolactones"", ""Dialkyl peroxides"", ""Dialkylamines"", ""Ethers"", ""Heteroaromatic compounds"", ""Hydrocarbon derivatives"", ""Lactones"", ""Lipids and lipid-like molecules"", ""Monocarboxylic acids and derivatives"", ""Organic acids and derivatives"", ""Organic compounds"", ""Organic nitrogen compounds"", ""Organic oxides"", ""Organic oxygen compounds"", ""Organic peroxides"", ""Organofluorides"", ""Organohalogen compounds"", ""Organoheterocyclic compounds"", ""Organonitrogen compounds"", ""Organooxygen compounds"", ""Organopnictogen compounds"", ""Oxacyclic compounds"", ""Oxanes"", ""Oxepanes"", ""Piperidines"", ""Prenol lipids"", ""Pyridines and derivatives"", ""Quinolines and derivatives"", ""Secondary alcohols"", ""Secondary amines"", ""Sesquiterpenoids"", ""Terpene lactones"", ""Trioxanes""]"
71592241,NotAvailable,"predicted_chebi_terms: [""sesquiterpenoid (CHEBI:26658)"", ""quinolines (CHEBI:26513)"", ""aromatic alcohol (CHEBI:33854)"", ""oxacycle (CHEBI:38104)"", ""aralkylamine (CHEBI:18000)"", ""delta-lactone (CHEBI:18946)"", ""trioxane (CHEBI:38044)"", ""pyridines (CHEBI:26421)"", ""piperidines (CHEBI:26151)"", ""oxanes (CHEBI:46942)"", ""benzenoid aromatic compound (CHEBI:33836)"", ""organic aromatic compound (CHEBI:33659)"", ""secondary alcohol (CHEBI:35681)"", ""amino alcohol (CHEBI:22478)"", ""carboxylic ester (CHEBI:33308)"", ""organic peroxide (CHEBI:25702)"", ""acetal (CHEBI:59769)"", ""monocarboxylic acid (CHEBI:25384)"", ""organonitrogen heterocyclic compound (CHEBI:38101)"", ""secondary amino compound (CHEBI:50995)"", ""pnictogen molecular entity (CHEBI:33302)"", ""organic molecular entity (CHEBI:50860)"", ""organofluorine compound (CHEBI:37143)"", ""organic molecule (CHEBI:72695)"", ""carbonyl compound (CHEBI:36586)"", ""terpene lactone (CHEBI:37668)"", ""chemical entity (CHEBI:24431)"", ""lipid (CHEBI:18059)"", ""ether lipid (CHEBI:64611)"", ""organic heterocyclic compound (CHEBI:24532)"", ""nitrogen molecular entity (CHEBI:51143)"", ""organonitrogen compound (CHEBI:35352)"", ""amine (CHEBI:32952)"", ""lactone (CHEBI:25000)"", ""oxygen molecular entity (CHEBI:25806)"", ""organooxygen compound (CHEBI:36963)"", ""polyol (CHEBI:26191)"", ""organic hydroxy compound (CHEBI:33822)"", ""alcohol (CHEBI:30879)"", ""organic acid (CHEBI:64709)"", ""carboxylic acid (CHEBI:33575)"", ""organic oxide (CHEBI:25701)"", ""ether (CHEBI:25698)"", ""secondary amine (CHEBI:32863)"", ""organohalogen compound (CHEBI:36684)"", ""haloalkane (CHEBI:24469)""]"
71592241,NotAvailable,"predicted_lipidmaps_terms: [""C15 isoprenoids (sesquiterpenes) (PR0103)"", ""Prenol Lipids (PR)""]"
71592241,NotAvailable,Classification_version: 2.1
71594126,CHEMONTID:0000000,Kingdom: Organic compounds
71594126,CHEMONTID:0000279,Superclass: Alkaloids and derivatives
71594126,CHEMONTID:0003759,Class: Macroline alkaloids
71594126,CHEMONTID:0003759,Direct_parent: Macroline alkaloids
71594126,CHEMONTID:0002744,alternative_parents: Vobasan alkaloids
71594126,CHEMONTID:0002749,alternative_parents: Strychnos alkaloids
71594126,CHEMONTID:0001794,alternative_parents: Ajmaline-sarpagine alkaloids
71594126,CHEMONTID:0001914,alternative_parents: Beta carbolines
71594126,CHEMONTID:0000210,alternative_parents: Carbazoles
71594126,CHEMONTID:0004196,alternative_parents: 3-alkylindoles
71594126,CHEMONTID:0002312,alternative_parents: Piperidinecarboxamides
71594126,CHEMONTID:0000251,alternative_parents: Indolizidines
71594126,CHEMONTID:0000252,alternative_parents: Quinuclidines
71594126,CHEMONTID:0003901,alternative_parents: Dialkylarylamines
71594126,CHEMONTID:0003899,alternative_parents: Aralkylamines
71594126,CHEMONTID:0002790,"alternative_parents: 1,3-oxazinanes"
71594126,CHEMONTID:0002448,alternative_parents: Benzenoids
71594126,CHEMONTID:0003449,alternative_parents: N-alkylpyrrolidines
71594126,CHEMONTID:0000090,alternative_parents: Pyrroles
71594126,CHEMONTID:0004144,alternative_parents: Heteroaromatic compounds
71594126,CHEMONTID:0002239,alternative_parents: Trialkylamines
71594126,CHEMONTID:0004139,alternative_parents: Azacyclic compounds
71594126,CHEMONTID:0004140,alternative_parents: Oxacyclic compounds
71594126,CHEMONTID:0000323,alternative_parents: Organooxygen compounds
71594126,CHEMONTID:0004150,alternative_parents: Hydrocarbon derivatives
71594126,NotAvailable,mMlecular_framework: Aromatic heteropolycyclic compounds
71594126,NotAvailable,"Substituents: [""Macroline skeleton"", ""Strychnan skeleton"", ""Akuammicine-skeleton"", ""Sarpagine-skeleton"", ""Vobasan skeleton"", ""Stemmadenine-skeleton"", ""Beta-carboline"", ""Carbazole"", ""Pyridoindole"", ""3-alkylindole"", ""Indole"", ""Indole or derivatives"", ""Indolizidine"", ""3-piperidinecarboxamide"", ""Piperidinecarboxamide"", ""Dialkylarylamine"", ""Quinuclidine"", ""Aralkylamine"", ""Benzenoid"", ""Oxazinane"", ""N-alkylpyrrolidine"", ""Piperidine"", ""1,3-oxazinane"", ""Heteroaromatic compound"", ""Pyrrole"", ""Pyrrolidine"", ""Tertiary aliphatic amine"", ""Tertiary amine"", ""Organoheterocyclic compound"", ""Azacycle"", ""Oxacycle"", ""Amine"", ""Organooxygen compound"", ""Organonitrogen compound"", ""Hydrocarbon derivative"", ""Organic oxygen compound"", ""Organic nitrogen compound"", ""Aromatic heteropolycyclic compound""]"
71594126,NotAvailable,External_descriptors: []
71594126,NotAvailable,"Ancestors: [""1,3-oxazinanes"", ""3-alkylindoles"", ""Ajmaline-sarpagine alkaloids"", ""Alkaloids and derivatives"", ""Amines"", ""Aralkylamines"", ""Azacyclic compounds"", ""Benzenoids"", ""Beta carbolines"", ""Carbazoles"", ""Chemical entities"", ""Dialkylarylamines"", ""Heteroaromatic compounds"", ""Hydrocarbon derivatives"", ""Indoles"", ""Indoles and derivatives"", ""Indolizidines"", ""Macroline alkaloids"", ""N-alkylpyrrolidines"", ""Organic compounds"", ""Organic nitrogen compounds"", ""Organic oxygen compounds"", ""Organoheterocyclic compounds"", ""Organonitrogen compounds"", ""Organooxygen compounds"", ""Organopnictogen compounds"", ""Oxacyclic compounds"", ""Oxazinanes"", ""Piperidinecarboxamides"", ""Piperidinecarboxylic acids and derivatives"", ""Piperidines"", ""Pyridoindoles"", ""Pyrroles"", ""Pyrrolidines"", ""Quinuclidines"", ""Strychnos alkaloids"", ""Tertiary alkylarylamines"", ""Tertiary amines"", ""Trialkylamines"", ""Vobasan alkaloids""]"
71594126,NotAvailable,"predicted_chebi_terms: [""alkaloid (CHEBI:22315)"", ""indole alkaloid (CHEBI:38958)"", ""beta-carbolines (CHEBI:60834)"", ""carbazoles (CHEBI:48513)"", ""indoles (CHEBI:24828)"", ""piperidinecarboxamide (CHEBI:48592)"", ""indolizines (CHEBI:38485)"", ""quinuclidines (CHEBI:26518)"", ""dialkylarylamine (CHEBI:23665)"", ""tertiary amino compound (CHEBI:50996)"", ""aralkylamine (CHEBI:18000)"", ""oxazinane (CHEBI:46952)"", ""benzenoid aromatic compound (CHEBI:33836)"", ""N-alkylpyrrolidine (CHEBI:46775)"", ""pyrroles (CHEBI:26455)"", ""organic aromatic compound (CHEBI:33659)"", ""organonitrogen heterocyclic compound (CHEBI:38101)"", ""oxacycle (CHEBI:38104)"", ""organooxygen compound (CHEBI:36963)"", ""organic molecule (CHEBI:72695)"", ""chemical entity (CHEBI:24431)"", ""organic heterocyclic compound (CHEBI:24532)"", ""pyridoindole (CHEBI:48888)"", ""piperidines (CHEBI:26151)"", ""carbonyl compound (CHEBI:36586)"", ""nitrogen molecular entity (CHEBI:51143)"", ""organic molecular entity (CHEBI:50860)"", ""organonitrogen compound (CHEBI:35352)"", ""amine (CHEBI:32952)"", ""tertiary amine (CHEBI:32876)"", ""pyrrolidines (CHEBI:38260)"", ""oxygen molecular entity (CHEBI:25806)"", ""organic heteropolycyclic compound (CHEBI:38166)""]"
71594126,NotAvailable,predicted_lipidmaps_terms: []
71594126,NotAvailable,Classification_version: 2.1
71597391,CHEMONTID:0000000,Kingdom: Organic compounds
71597391,CHEMONTID:0000012,Superclass: Lipids and lipid-like molecules
71597391,CHEMONTID:0000259,Class: Prenol lipids
71597391,CHEMONTID:0001553,Subclass: Triterpenoids
71597391,CHEMONTID:0001553,Direct_parent: Triterpenoids
71597391,CHEMONTID:0002509,alternative_parents: Cyclitols and derivatives
71597391,CHEMONTID:0001670,alternative_parents: Tertiary alcohols
71597391,CHEMONTID:0001661,alternative_parents: Secondary alcohols
71597391,CHEMONTID:0002286,alternative_parents: Polyols
71597391,CHEMONTID:0001137,alternative_parents: Monocarboxylic acids and derivatives
71597391,CHEMONTID:0001205,alternative_parents: Carboxylic acids
71597391,CHEMONTID:0003940,alternative_parents: Organic oxides
71597391,CHEMONTID:0004150,alternative_parents: Hydrocarbon derivatives
71597391,CHEMONTID:0001831,alternative_parents: Carbonyl compounds
71597391,NotAvailable,mMlecular_framework: Aliphatic homopolycyclic compounds
71597391,NotAvailable,"Substituents: [""Triterpenoid"", ""Cyclitol or derivatives"", ""Cyclic alcohol"", ""Tertiary alcohol"", ""Secondary alcohol"", ""Carboxylic acid derivative"", ""Carboxylic acid"", ""Monocarboxylic acid or derivatives"", ""Polyol"", ""Organic oxide"", ""Alcohol"", ""Organic oxygen compound"", ""Organooxygen compound"", ""Carbonyl group"", ""Hydrocarbon derivative"", ""Aliphatic homopolycyclic compound""]"
71597391,NotAvailable,External_descriptors: []
71597391,NotAvailable,"Ancestors: [""Alcohols and polyols"", ""Carbonyl compounds"", ""Carboxylic acids"", ""Carboxylic acids and derivatives"", ""Chemical entities"", ""Cyclic alcohols and derivatives"", ""Cyclitols and derivatives"", ""Hydrocarbon derivatives"", ""Lipids and lipid-like molecules"", ""Monocarboxylic acids and derivatives"", ""Organic acids and derivatives"", ""Organic compounds"", ""Organic oxides"", ""Organic oxygen compounds"", ""Organooxygen compounds"", ""Polyols"", ""Prenol lipids"", ""Secondary alcohols"", ""Tertiary alcohols"", ""Triterpenoids""]"
71597391,NotAvailable,"predicted_chebi_terms: [""organooxygen compound (CHEBI:36963)"", ""tertiary alcohol (CHEBI:26878)"", ""secondary alcohol (CHEBI:35681)"", ""polyol (CHEBI:26191)"", ""carbonyl compound (CHEBI:36586)"", ""carboxylic acid (CHEBI:33575)"", ""carboxylic acid anion (CHEBI:29067)"", ""organic oxide (CHEBI:25701)"", ""organic molecule (CHEBI:72695)"", ""triterpenoid (CHEBI:36615)"", ""chemical entity (CHEBI:24431)"", ""oxygen molecular entity (CHEBI:25806)"", ""organic molecular entity (CHEBI:50860)"", ""organic hydroxy compound (CHEBI:33822)"", ""alcohol (CHEBI:30879)"", ""lipid (CHEBI:18059)"", ""ether lipid (CHEBI:64611)""]"
71597391,NotAvailable,"predicted_lipidmaps_terms: [""C30 isoprenoids (triterpenes) (PR0106)"", ""Prenol Lipids (PR)""]"
71597391,NotAvailable,Classification_version: 2.1
71717894,CHEMONTID:0000000,Kingdom: Organic compounds
71717894,CHEMONTID:0000279,Superclass: Alkaloids and derivatives
71717894,CHEMONTID:0002679,Class: Ergoline and derivatives
71717894,CHEMONTID:0002680,Subclass: Lysergic acids and derivatives
71717894,CHEMONTID:0002030,Direct_parent: Ergopeptines
71717894,CHEMONTID:0002010,alternative_parents: Hybrid peptides
71717894,CHEMONTID:0004830,alternative_parents: Dipeptides
71717894,CHEMONTID:0002746,alternative_parents: Lysergamides
71717894,CHEMONTID:0000061,alternative_parents: Indoloquinolines
71717894,CHEMONTID:0001908,alternative_parents: Benzoquinolines
71717894,CHEMONTID:0002252,alternative_parents: Quinoline-3-carboxamides
71717894,CHEMONTID:0001734,alternative_parents: Pyrroloquinolines
71717894,CHEMONTID:0001189,alternative_parents: N-acyl-alpha amino acids and derivatives
71717894,CHEMONTID:0004196,alternative_parents: 3-alkylindoles
71717894,CHEMONTID:0002312,alternative_parents: Piperidinecarboxamides
71717894,CHEMONTID:0001819,alternative_parents: Isoindoles and derivatives
71717894,CHEMONTID:0003899,alternative_parents: Aralkylamines
71717894,CHEMONTID:0003357,alternative_parents: N-alkylpiperazines
71717894,CHEMONTID:0000196,alternative_parents: Oxazolidinones
71717894,CHEMONTID:0002448,alternative_parents: Benzenoids
71717894,CHEMONTID:0000090,alternative_parents: Pyrroles
71717894,CHEMONTID:0000218,alternative_parents: Pyrrolidines
71717894,CHEMONTID:0001664,alternative_parents: Tertiary carboxylic acid amides
71717894,CHEMONTID:0004144,alternative_parents: Heteroaromatic compounds
71717894,CHEMONTID:0001663,alternative_parents: Secondary carboxylic acid amides
71717894,CHEMONTID:0002239,alternative_parents: Trialkylamines
71717894,CHEMONTID:0001236,alternative_parents: Orthocarboxylic acid derivatives
71717894,CHEMONTID:0000160,alternative_parents: Lactams
71717894,CHEMONTID:0004139,alternative_parents: Azacyclic compounds
71717894,CHEMONTID:0004140,alternative_parents: Oxacyclic compounds
71717894,CHEMONTID:0002460,alternative_parents: Alkanolamines
71717894,CHEMONTID:0004150,alternative_parents: Hydrocarbon derivatives
71717894,CHEMONTID:0004557,alternative_parents: Organopnictogen compounds
71717894,CHEMONTID:0001831,alternative_parents: Carbonyl compounds
71717894,CHEMONTID:0003940,alternative_parents: Organic oxides
71717894,NotAvailable,"Substituents: [""Ergopeptine"", ""Hybrid peptide"", ""Alpha-dipeptide"", ""Lysergic acid amide"", ""Indoloquinoline"", ""Benzoquinoline"", ""Quinoline-3-carboxamide"", ""N-acyl-alpha amino acid or derivatives"", ""Pyrroloquinoline"", ""Alpha-amino acid or derivatives"", ""Quinoline"", ""3-alkylindole"", ""Indole"", ""Indole or derivatives"", ""Isoindole or derivatives"", ""3-piperidinecarboxamide"", ""Piperidinecarboxamide"", ""N-alkylpiperazine"", ""Aralkylamine"", ""Benzenoid"", ""Piperidine"", ""1,4-diazinane"", ""Piperazine"", ""Oxazolidinone"", ""Tertiary carboxylic acid amide"", ""Pyrrolidine"", ""Pyrrole"", ""Heteroaromatic compound"", ""Oxazolidine"", ""Tertiary amine"", ""Secondary carboxylic acid amide"", ""Tertiary aliphatic amine"", ""Carboxamide group"", ""Lactam"", ""Amino acid or derivatives"", ""Orthocarboxylic acid derivative"", ""Alkanolamine"", ""Carboxylic acid derivative"", ""Organoheterocyclic compound"", ""Azacycle"", ""Oxacycle"", ""Hydrocarbon derivative"", ""Organic nitrogen compound"", ""Organic oxide"", ""Organopnictogen compound"", ""Amine"", ""Organic oxygen compound"", ""Organonitrogen compound"", ""Organooxygen compound"", ""Carbonyl group"", ""Aromatic heteropolycyclic compound""]"
71717894,NotAvailable,External_descriptors: []
71717894,NotAvailable,"Ancestors: [""3-alkylindoles"", ""Alkaloids and derivatives"", ""Alkanolamines"", ""Alpha amino acids and derivatives"", ""Amines"", ""Amino acids and derivatives"", ""Amino acids, peptides, and analogues"", ""Aralkylamines"", ""Azacyclic compounds"", ""Azolidines"", ""Benzenoids"", ""Benzoquinolines"", ""Carbonyl compounds"", ""Carboxylic acid amides"", ""Carboxylic acid derivatives"", ""Carboxylic acids and derivatives"", ""Chemical entities"", ""Diazinanes"", ""Dipeptides"", ""Ergoline and derivatives"", ""Ergopeptines"", ""Heteroaromatic compounds"", ""Hybrid peptides"", ""Hydrocarbon derivatives"", ""Indoles"", ""Indoles and derivatives"", ""Indoloquinolines"", ""Isoindoles and derivatives"", ""Lactams"", ""Lysergamides"", ""Lysergic acids and derivatives"", ""N-acyl-alpha amino acids and derivatives"", ""N-alkylpiperazines"", ""Organic acids and derivatives"", ""Organic compounds"", ""Organic nitrogen compounds"", ""Organic oxides"", ""Organic oxygen compounds"", ""Organoheterocyclic compounds"", ""Organonitrogen compounds"", ""Organooxygen compounds"", ""Organopnictogen compounds"", ""Orthocarboxylic acid derivatives"", ""Oxacyclic compounds"", ""Oxazolidines"", ""Oxazolidinones"", ""Peptides"", ""Peptidomimetics"", ""Piperazines"", ""Piperidinecarboxamides"", ""Piperidinecarboxylic acids and derivatives"", ""Piperidines"", ""Pyrroles"", ""Pyrrolidines"", ""Pyrroloquinolines"", ""Quinoline carboxamides"", ""Quinoline-3-carboxamides"", ""Quinolines and derivatives"", ""Secondary carboxylic acid amides"", ""Tertiary amines"", ""Tertiary carboxylic acid amides"", ""Trialkylamines""]"
71717894,NotAvailable,"predicted_chebi_terms: [""peptide (CHEBI:16670)"", ""dipeptide (CHEBI:46761)"", ""ergoline alkaloid (CHEBI:60529)"", ""organonitrogen heterocyclic compound (CHEBI:38101)"", ""organic heterotetracyclic compound (CHEBI:38163)"", ""organic heterotricyclic compound (CHEBI:26979)"", ""quinolines (CHEBI:26513)"", ""carboxamide (CHEBI:37622)"", ""pyrroloquinoline (CHEBI:50918)"", ""N-acyl-amino acid (CHEBI:51569)"", ""indoles (CHEBI:24828)"", ""piperidinecarboxamide (CHEBI:48592)"", ""isoindoles (CHEBI:24897)"", ""aralkylamine (CHEBI:18000)"", ""N-alkylpiperazine (CHEBI:46845)"", ""oxazolidinone (CHEBI:55374)"", ""benzenoid aromatic compound (CHEBI:33836)"", ""pyrroles (CHEBI:26455)"", ""pyrrolidines (CHEBI:38260)"", ""organic aromatic compound (CHEBI:33659)"", ""tertiary amino compound (CHEBI:50996)"", ""organic molecular entity (CHEBI:50860)"", ""lactam (CHEBI:24995)"", ""oxacycle (CHEBI:38104)"", ""amino alcohol (CHEBI:22478)"", ""organic molecule (CHEBI:72695)"", ""pnictogen molecular entity (CHEBI:33302)"", ""carbonyl compound (CHEBI:36586)"", ""organic oxide (CHEBI:25701)"", ""peptide ergot alkaloid (CHEBI:25904)"", ""chemical entity (CHEBI:24431)"", ""organooxygen compound (CHEBI:36963)"", ""peptidomimetic (CHEBI:63175)"", ""amino acid (CHEBI:33709)"", ""alkaloid (CHEBI:22315)"", ""organic heterocyclic compound (CHEBI:24532)"", ""organonitrogen compound (CHEBI:35352)"", ""piperidines (CHEBI:26151)"", ""nitrogen molecular entity (CHEBI:51143)"", ""amine (CHEBI:32952)"", ""piperazines (CHEBI:26144)"", ""oxazolidines (CHEBI:38329)"", ""amide (CHEBI:32988)"", ""tertiary amine (CHEBI:32876)"", ""oxygen molecular entity (CHEBI:25806)""]"
71717894,NotAvailable,predicted_lipidmaps_terms: []
71717894,NotAvailable,Classification_version: 2.1
71748830,CHEMONTID:0000000,Kingdom: Organic compounds
71748830,CHEMONTID:0000012,Superclass: Lipids and lipid-like molecules
71748830,CHEMONTID:0000259,Class: Prenol lipids
71748830,CHEMONTID:0001606,Subclass: Retinoids
71748830,CHEMONTID:0001606,Direct_parent: Retinoids
71748830,CHEMONTID:0001550,alternative_parents: Sesquiterpenoids
71748830,CHEMONTID:0000048,alternative_parents: Tetralins
71748830,CHEMONTID:0002565,alternative_parents: Benzoic acids
71748830,CHEMONTID:0000037,alternative_parents: Styrenes
71748830,CHEMONTID:0000321,alternative_parents: Benzoyl derivatives
71748830,CHEMONTID:0001661,alternative_parents: Secondary alcohols
71748830,CHEMONTID:0001205,alternative_parents: Carboxylic acids
71748830,CHEMONTID:0003940,alternative_parents: Organic oxides
71748830,CHEMONTID:0004150,alternative_parents: Hydrocarbon derivatives
71748830,NotAvailable,mMlecular_framework: Aromatic homopolycyclic compounds
71748830,NotAvailable,"Substituents: [""Bexarotene"", ""Sesquiterpenoid"", ""Bisabolane sesquiterpenoid"", ""Tetralin"", ""Benzoic acid or derivatives"", ""Benzoic acid"", ""Benzoyl"", ""Styrene"", ""Monocyclic benzene moiety"", ""Benzenoid"", ""Secondary alcohol"", ""Carboxylic acid"", ""Carboxylic acid derivative"", ""Hydrocarbon derivative"", ""Organic oxide"", ""Organic oxygen compound"", ""Organooxygen compound"", ""Alcohol"", ""Aromatic homopolycyclic compound""]"
71748830,NotAvailable,External_descriptors: []
71748830,NotAvailable,"Ancestors: [""Alcohols and polyols"", ""Benzene and substituted derivatives"", ""Benzenoids"", ""Benzoic acids"", ""Benzoic acids and derivatives"", ""Benzoyl derivatives"", ""Carboxylic acids"", ""Carboxylic acids and derivatives"", ""Chemical entities"", ""Hydrocarbon derivatives"", ""Lipids and lipid-like molecules"", ""Monocarboxylic acids and derivatives"", ""Organic acids and derivatives"", ""Organic compounds"", ""Organic oxides"", ""Organic oxygen compounds"", ""Organooxygen compounds"", ""Prenol lipids"", ""Retinoids"", ""Secondary alcohols"", ""Sesquiterpenoids"", ""Styrenes"", ""Tetralins""]"
71748830,NotAvailable,"predicted_chebi_terms: [""sesquiterpenoid (CHEBI:26658)"", ""tetralins (CHEBI:36786)"", ""benzoic acids (CHEBI:22723)"", ""styrenes (CHEBI:26799)"", ""carbonyl compound (CHEBI:36586)"", ""secondary alcohol (CHEBI:35681)"", ""carboxylic acid (CHEBI:33575)"", ""organic oxide (CHEBI:25701)"", ""organic molecule (CHEBI:72695)"", ""retinoid (CHEBI:26537)"", ""chemical entity (CHEBI:24431)"", ""lipid (CHEBI:18059)"", ""ether lipid (CHEBI:64611)"", ""benzenoid aromatic compound (CHEBI:33836)"", ""benzenes (CHEBI:22712)"", ""organooxygen compound (CHEBI:36963)"", ""oxygen molecular entity (CHEBI:25806)"", ""organic molecular entity (CHEBI:50860)"", ""polyol (CHEBI:26191)"", ""organic hydroxy compound (CHEBI:33822)"", ""alcohol (CHEBI:30879)"", ""organic acid (CHEBI:64709)"", ""carboxylic acid anion (CHEBI:29067)""]"
71748830,NotAvailable,"predicted_lipidmaps_terms: [""C15 isoprenoids (sesquiterpenes) (PR0103)"", ""Retinoids (PR0109)"", ""Prenol Lipids (PR)""]"
71748830,NotAvailable,Classification_version: 2.1
71748876,CHEMONTID:0000000,Kingdom: Organic compounds
71748876,CHEMONTID:0000012,Superclass: Lipids and lipid-like molecules
71748876,CHEMONTID:0000258,Class: Steroids and steroid derivatives
71748876,CHEMONTID:0003568,Subclass: Androstane steroids
71748876,CHEMONTID:0001467,Direct_parent: Androgens and derivatives
71748876,CHEMONTID:0002973,"alternative_parents: 3-oxo delta-1,4-steroids"
71748876,CHEMONTID:0003558,alternative_parents: 17-oxosteroids
71748876,CHEMONTID:0002977,"alternative_parents: Delta-1,4-steroids"
71748876,CHEMONTID:0003487,alternative_parents: Cyclic ketones
71748876,CHEMONTID:0000286,alternative_parents: Primary alcohols
71748876,CHEMONTID:0003940,alternative_parents: Organic oxides
71748876,CHEMONTID:0004150,alternative_parents: Hydrocarbon derivatives
71748876,NotAvailable,mMlecular_framework: Aliphatic homopolycyclic compounds
71748876,NotAvailable,"Substituents: [""Androgen-skeleton"", ""3-oxo-delta-1,4-steroid"", ""3-oxosteroid"", ""17-oxosteroid"", ""Oxosteroid"", ""Delta-1,4-steroid"", ""Cyclic ketone"", ""Ketone"", ""Organic oxide"", ""Organic oxygen compound"", ""Carbonyl group"", ""Hydrocarbon derivative"", ""Alcohol"", ""Organooxygen compound"", ""Primary alcohol"", ""Aliphatic homopolycyclic compound""]"
71748876,NotAvailable,External_descriptors: []
71748876,NotAvailable,"Ancestors: [""17-oxosteroids"", ""3-oxo delta-1,4-steroids"", ""3-oxosteroids"", ""Alcohols and polyols"", ""Androgens and derivatives"", ""Androstane steroids"", ""Carbonyl compounds"", ""Chemical entities"", ""Cyclic ketones"", ""Delta-1,4-steroids"", ""Hydrocarbon derivatives"", ""Ketones"", ""Lipids and lipid-like molecules"", ""Organic compounds"", ""Organic oxides"", ""Organic oxygen compounds"", ""Organooxygen compounds"", ""Oxosteroids"", ""Primary alcohols"", ""Steroids and steroid derivatives""]"
71748876,NotAvailable,"predicted_chebi_terms: [""3-oxo-Delta(1),Delta(4)-steroid (CHEBI:77166)"", ""17-oxo steroid (CHEBI:19168)"", ""steroid (CHEBI:35341)"", ""cyclic ketone (CHEBI:3992)"", ""primary alcohol (CHEBI:15734)"", ""organic oxide (CHEBI:25701)"", ""organic molecule (CHEBI:72695)"", ""3-hydroxy steroid (CHEBI:36834)"", ""chemical entity (CHEBI:24431)"", ""lipid (CHEBI:18059)"", ""oxo steroid (CHEBI:35789)"", ""3-oxo steroid (CHEBI:47788)"", ""oxygen molecular entity (CHEBI:25806)"", ""organic molecular entity (CHEBI:50860)"", ""organooxygen compound (CHEBI:36963)"", ""carbonyl compound (CHEBI:36586)"", ""ketone (CHEBI:17087)"", ""polyol (CHEBI:26191)"", ""organic hydroxy compound (CHEBI:33822)"", ""alcohol (CHEBI:30879)"", ""androstanoid (CHEBI:50402)""]"
71748876,NotAvailable,"predicted_lipidmaps_terms: [""Sterol Lipids (ST)"", ""C19 steroids (androgens) and derivatives (ST0202)""]"
71748876,NotAvailable,Classification_version: 2.1
71748968,CHEMONTID:0000000,Kingdom: Organic compounds
71748968,CHEMONTID:0000002,Superclass: Organoheterocyclic compounds
71748968,CHEMONTID:0001910,Class: Benzoxepines
71748968,CHEMONTID:0001988,Subclass: Dibenzoxepines
71748968,CHEMONTID:0001988,Direct_parent: Dibenzoxepines
71748968,CHEMONTID:0000128,alternative_parents: Alkyl aryl ethers
71748968,CHEMONTID:0004646,alternative_parents: 1-hydroxy-2-unsubstituted benzenoids
71748968,CHEMONTID:0002239,alternative_parents: Trialkylamines
71748968,CHEMONTID:0004140,alternative_parents: Oxacyclic compounds
71748968,CHEMONTID:0004150,alternative_parents: Hydrocarbon derivatives
71748968,NotAvailable,mMlecular_framework: Aromatic heteropolycyclic compounds
71748968,NotAvailable,"Substituents: [""Dibenzoxepine"", ""Alkyl aryl ether"", ""1-hydroxy-2-unsubstituted benzenoid"", ""Phenol"", ""Benzenoid"", ""Tertiary amine"", ""Tertiary aliphatic amine"", ""Ether"", ""Oxacycle"", ""Organooxygen compound"", ""Organonitrogen compound"", ""Organic nitrogen compound"", ""Organic oxygen compound"", ""Hydrocarbon derivative"", ""Amine"", ""Aromatic heteropolycyclic compound""]"
71748968,NotAvailable,External_descriptors: []
71748968,NotAvailable,"Ancestors: [""1-hydroxy-2-unsubstituted benzenoids"", ""Alkyl aryl ethers"", ""Amines"", ""Benzenoids"", ""Benzoxepines"", ""Chemical entities"", ""Dibenzoxepines"", ""Ethers"", ""Hydrocarbon derivatives"", ""Organic compounds"", ""Organic nitrogen compounds"", ""Organic oxygen compounds"", ""Organoheterocyclic compounds"", ""Organonitrogen compounds"", ""Organooxygen compounds"", ""Organopnictogen compounds"", ""Oxacyclic compounds"", ""Phenols"", ""Tertiary amines"", ""Trialkylamines""]"
71748968,NotAvailable,"predicted_chebi_terms: [""aromatic ether (CHEBI:35618)"", ""phenols (CHEBI:33853)"", ""tertiary amino compound (CHEBI:50996)"", ""oxacycle (CHEBI:38104)"", ""organic molecule (CHEBI:72695)"", ""dibenzooxazepine (CHEBI:53802)"", ""chemical entity (CHEBI:24431)"", ""oxygen molecular entity (CHEBI:25806)"", ""organic molecular entity (CHEBI:50860)"", ""organooxygen compound (CHEBI:36963)"", ""ether (CHEBI:25698)"", ""benzenoid aromatic compound (CHEBI:33836)"", ""nitrogen molecular entity (CHEBI:51143)"", ""organonitrogen compound (CHEBI:35352)"", ""amine (CHEBI:32952)"", ""tertiary amine (CHEBI:32876)"", ""organic heterocyclic compound (CHEBI:24532)""]"
71748968,NotAvailable,predicted_lipidmaps_terms: []
71748968,NotAvailable,Classification_version: 2.1
71748969,CHEMONTID:0000000,Kingdom: Organic compounds
71748969,CHEMONTID:0000002,Superclass: Organoheterocyclic compounds
71748969,CHEMONTID:0001910,Class: Benzoxepines
71748969,CHEMONTID:0001988,Subclass: Dibenzoxepines
71748969,CHEMONTID:0001988,Direct_parent: Dibenzoxepines
71748969,CHEMONTID:0000128,alternative_parents: Alkyl aryl ethers
71748969,CHEMONTID:0004646,alternative_parents: 1-hydroxy-2-unsubstituted benzenoids
71748969,CHEMONTID:0002239,alternative_parents: Trialkylamines
71748969,CHEMONTID:0004140,alternative_parents: Oxacyclic compounds
71748969,CHEMONTID:0004150,alternative_parents: Hydrocarbon derivatives
71748969,NotAvailable,mMlecular_framework: Aromatic heteropolycyclic compounds
71748969,NotAvailable,"Substituents: [""Dibenzoxepine"", ""Alkyl aryl ether"", ""1-hydroxy-2-unsubstituted benzenoid"", ""Phenol"", ""Benzenoid"", ""Tertiary amine"", ""Tertiary aliphatic amine"", ""Ether"", ""Oxacycle"", ""Organooxygen compound"", ""Organonitrogen compound"", ""Organic nitrogen compound"", ""Organic oxygen compound"", ""Hydrocarbon derivative"", ""Amine"", ""Aromatic heteropolycyclic compound""]"
71748969,NotAvailable,External_descriptors: []
71748969,NotAvailable,"Ancestors: [""1-hydroxy-2-unsubstituted benzenoids"", ""Alkyl aryl ethers"", ""Amines"", ""Benzenoids"", ""Benzoxepines"", ""Chemical entities"", ""Dibenzoxepines"", ""Ethers"", ""Hydrocarbon derivatives"", ""Organic compounds"", ""Organic nitrogen compounds"", ""Organic oxygen compounds"", ""Organoheterocyclic compounds"", ""Organonitrogen compounds"", ""Organooxygen compounds"", ""Organopnictogen compounds"", ""Oxacyclic compounds"", ""Phenols"", ""Tertiary amines"", ""Trialkylamines""]"
71748969,NotAvailable,"predicted_chebi_terms: [""aromatic ether (CHEBI:35618)"", ""phenols (CHEBI:33853)"", ""tertiary amino compound (CHEBI:50996)"", ""oxacycle (CHEBI:38104)"", ""organic molecule (CHEBI:72695)"", ""dibenzooxazepine (CHEBI:53802)"", ""chemical entity (CHEBI:24431)"", ""oxygen molecular entity (CHEBI:25806)"", ""organic molecular entity (CHEBI:50860)"", ""organooxygen compound (CHEBI:36963)"", ""ether (CHEBI:25698)"", ""benzenoid aromatic compound (CHEBI:33836)"", ""nitrogen molecular entity (CHEBI:51143)"", ""organonitrogen compound (CHEBI:35352)"", ""amine (CHEBI:32952)"", ""tertiary amine (CHEBI:32876)"", ""organic heterocyclic compound (CHEBI:24532)""]"
71748969,NotAvailable,predicted_lipidmaps_terms: []
71748969,NotAvailable,Classification_version: 2.1
71749220,CHEMONTID:0000000,Kingdom: Organic compounds
71749220,CHEMONTID:0002448,Superclass: Benzenoids
71749220,CHEMONTID:0002279,Class: Benzene and substituted derivatives
71749220,CHEMONTID:0000285,Subclass: Anilides
71749220,CHEMONTID:0000285,Direct_parent: Anilides
71749220,CHEMONTID:0000195,alternative_parents: Piperidines
71749220,CHEMONTID:0001664,alternative_parents: Tertiary carboxylic acid amides
71749220,CHEMONTID:0000347,alternative_parents: Amino acids and derivatives
71749220,CHEMONTID:0002228,alternative_parents: Dialkylamines
71749220,CHEMONTID:0004139,alternative_parents: Azacyclic compounds
71749220,CHEMONTID:0000286,alternative_parents: Primary alcohols
71749220,CHEMONTID:0003940,alternative_parents: Organic oxides
71749220,CHEMONTID:0004150,alternative_parents: Hydrocarbon derivatives
71749220,CHEMONTID:0001831,alternative_parents: Carbonyl compounds
71749220,NotAvailable,mMlecular_framework: Aromatic heteromonocyclic compounds
71749220,NotAvailable,"Substituents: [""Anilide"", ""Piperidine"", ""Tertiary carboxylic acid amide"", ""Amino acid or derivatives"", ""Carboxamide group"", ""Azacycle"", ""Carboxylic acid derivative"", ""Organoheterocyclic compound"", ""Secondary amine"", ""Secondary aliphatic amine"", ""Organic oxygen compound"", ""Alcohol"", ""Organooxygen compound"", ""Organonitrogen compound"", ""Primary alcohol"", ""Organic nitrogen compound"", ""Hydrocarbon derivative"", ""Carbonyl group"", ""Organic oxide"", ""Amine"", ""Aromatic heteromonocyclic compound""]"
71749220,NotAvailable,External_descriptors: []
71749220,NotAvailable,"Ancestors: [""Alcohols and polyols"", ""Amines"", ""Amino acids and derivatives"", ""Amino acids, peptides, and analogues"", ""Anilides"", ""Azacyclic compounds"", ""Benzene and substituted derivatives"", ""Benzenoids"", ""Carbonyl compounds"", ""Carboxylic acid amides"", ""Carboxylic acid derivatives"", ""Carboxylic acids and derivatives"", ""Chemical entities"", ""Dialkylamines"", ""Hydrocarbon derivatives"", ""Organic acids and derivatives"", ""Organic compounds"", ""Organic nitrogen compounds"", ""Organic oxides"", ""Organic oxygen compounds"", ""Organoheterocyclic compounds"", ""Organonitrogen compounds"", ""Organooxygen compounds"", ""Organopnictogen compounds"", ""Piperidines"", ""Primary alcohols"", ""Secondary amines"", ""Tertiary carboxylic acid amides""]"
71749220,NotAvailable,"predicted_chebi_terms: [""piperidines (CHEBI:26151)"", ""carboxamide (CHEBI:37622)"", ""organonitrogen compound (CHEBI:35352)"", ""organooxygen compound (CHEBI:36963)"", ""secondary amino compound (CHEBI:50995)"", ""organonitrogen heterocyclic compound (CHEBI:38101)"", ""primary alcohol (CHEBI:15734)"", ""organic oxide (CHEBI:25701)"", ""organic molecule (CHEBI:72695)"", ""carbonyl compound (CHEBI:36586)"", ""anilide (CHEBI:13248)"", ""chemical entity (CHEBI:24431)"", ""organic heterocyclic compound (CHEBI:24532)"", ""organic acid (CHEBI:64709)"", ""carboxylic acid (CHEBI:33575)"", ""amide (CHEBI:32988)"", ""nitrogen molecular entity (CHEBI:51143)"", ""organic molecular entity (CHEBI:50860)"", ""amine (CHEBI:32952)"", ""secondary amine (CHEBI:32863)"", ""oxygen molecular entity (CHEBI:25806)"", ""polyol (CHEBI:26191)"", ""organic hydroxy compound (CHEBI:33822)"", ""alcohol (CHEBI:30879)"", ""benzenoid aromatic compound (CHEBI:33836)"", ""benzenes (CHEBI:22712)"", ""amino acid (CHEBI:33709)"", ""peptide (CHEBI:16670)""]"
71749220,NotAvailable,predicted_lipidmaps_terms: []
71749220,NotAvailable,Classification_version: 2.1
71749264,CHEMONTID:0000000,Kingdom: Organic compounds
71749264,CHEMONTID:0000002,Superclass: Organoheterocyclic compounds
71749264,CHEMONTID:0000211,Class: Indoles and derivatives
71749264,CHEMONTID:0000210,Subclass: Carbazoles
71749264,CHEMONTID:0000210,Direct_parent: Carbazoles
71749264,CHEMONTID:0004197,alternative_parents: N-alkylindoles
71749264,CHEMONTID:0004162,alternative_parents: Hydroxyindoles
71749264,CHEMONTID:0002497,alternative_parents: Indoles
71749264,CHEMONTID:0003671,alternative_parents: Aryl alkyl ketones
71749264,CHEMONTID:0004646,alternative_parents: 1-hydroxy-2-unsubstituted benzenoids
71749264,CHEMONTID:0002311,alternative_parents: N-substituted imidazoles
71749264,CHEMONTID:0002809,alternative_parents: N-methylpyrroles
71749264,CHEMONTID:0003890,alternative_parents: Vinylogous amides
71749264,CHEMONTID:0004144,alternative_parents: Heteroaromatic compounds
71749264,CHEMONTID:0004139,alternative_parents: Azacyclic compounds
71749264,CHEMONTID:0000278,alternative_parents: Organonitrogen compounds
71749264,CHEMONTID:0003940,alternative_parents: Organic oxides
71749264,CHEMONTID:0004150,alternative_parents: Hydrocarbon derivatives
71749264,NotAvailable,mMlecular_framework: Aromatic heteropolycyclic compounds
71749264,NotAvailable,"Substituents: [""Carbazole"", ""N-alkylindole"", ""Hydroxyindole"", ""Indole"", ""Aryl ketone"", ""Aryl alkyl ketone"", ""1-hydroxy-2-unsubstituted benzenoid"", ""Phenol"", ""N-methylpyrrole"", ""N-substituted imidazole"", ""Substituted pyrrole"", ""Benzenoid"", ""Imidazole"", ""Pyrrole"", ""Azole"", ""Heteroaromatic compound"", ""Vinylogous amide"", ""Ketone"", ""Azacycle"", ""Organic nitrogen compound"", ""Organic oxide"", ""Organooxygen compound"", ""Organonitrogen compound"", ""Organic oxygen compound"", ""Hydrocarbon derivative"", ""Aromatic heteropolycyclic compound""]"
71749264,NotAvailable,External_descriptors: []
71749264,NotAvailable,"Ancestors: [""1-hydroxy-2-unsubstituted benzenoids"", ""Aryl alkyl ketones"", ""Aryl ketones"", ""Azacyclic compounds"", ""Azoles"", ""Benzenoids"", ""Carbazoles"", ""Carbonyl compounds"", ""Chemical entities"", ""Heteroaromatic compounds"", ""Hydrocarbon derivatives"", ""Hydroxyindoles"", ""Imidazoles"", ""Indoles"", ""Indoles and derivatives"", ""Ketones"", ""N-alkylindoles"", ""N-methylpyrroles"", ""N-substituted imidazoles"", ""N-substituted pyrroles"", ""Organic acids and derivatives"", ""Organic compounds"", ""Organic nitrogen compounds"", ""Organic oxides"", ""Organic oxygen compounds"", ""Organoheterocyclic compounds"", ""Organonitrogen compounds"", ""Organooxygen compounds"", ""Organopnictogen compounds"", ""Phenols"", ""Pyrroles"", ""Substituted imidazoles"", ""Substituted pyrroles"", ""Vinylogous amides""]"
71749264,NotAvailable,"predicted_chebi_terms: [""indoles (CHEBI:24828)"", ""hydroxyindoles (CHEBI:84729)"", ""aromatic ketone (CHEBI:76224)"", ""phenols (CHEBI:33853)"", ""imidazoles (CHEBI:24780)"", ""pyrroles (CHEBI:26455)"", ""enone (CHEBI:51689)"", ""enamine (CHEBI:47989)"", ""organic aromatic compound (CHEBI:33659)"", ""organonitrogen heterocyclic compound (CHEBI:38101)"", ""organonitrogen compound (CHEBI:35352)"", ""organic oxide (CHEBI:25701)"", ""organic molecule (CHEBI:72695)"", ""carbazoles (CHEBI:48513)"", ""chemical entity (CHEBI:24431)"", ""organic heterocyclic compound (CHEBI:24532)"", ""oxygen molecular entity (CHEBI:25806)"", ""organic molecular entity (CHEBI:50860)"", ""organooxygen compound (CHEBI:36963)"", ""carbonyl compound (CHEBI:36586)"", ""ketone (CHEBI:17087)"", ""benzenoid aromatic compound (CHEBI:33836)"", ""azole (CHEBI:68452)"", ""organic acid (CHEBI:64709)"", ""nitrogen molecular entity (CHEBI:51143)""]"
71749264,NotAvailable,predicted_lipidmaps_terms: []
71749264,NotAvailable,Classification_version: 2.1
71750333,CHEMONTID:0000000,Kingdom: Organic compounds
71750333,CHEMONTID:0000002,Superclass: Organoheterocyclic compounds
71750333,CHEMONTID:0004788,Class: Diazanaphthalenes
71750333,CHEMONTID:0004789,Subclass: Benzodiazines
71750333,CHEMONTID:0000485,Intermediate_nodes: Quinazolines
71750333,CHEMONTID:0002314,Direct_parent: Quinazolinamines
71750333,CHEMONTID:0002341,alternative_parents: Phenol ethers
71750333,CHEMONTID:0000284,alternative_parents: Aniline and substituted anilines
71750333,CHEMONTID:0001091,alternative_parents: Toluenes
71750333,CHEMONTID:0001262,alternative_parents: Aminopyrimidines and derivatives
71750333,CHEMONTID:0000128,alternative_parents: Alkyl aryl ethers
71750333,CHEMONTID:0003886,alternative_parents: Imidolactams
71750333,CHEMONTID:0004144,alternative_parents: Heteroaromatic compounds
71750333,CHEMONTID:0001167,alternative_parents: Dialkyl ethers
71750333,CHEMONTID:0004139,alternative_parents: Azacyclic compounds
71750333,CHEMONTID:0004478,alternative_parents: Acetylides
71750333,CHEMONTID:0004150,alternative_parents: Hydrocarbon derivatives
71750333,CHEMONTID:0002449,alternative_parents: Amines
71750333,NotAvailable,mMlecular_framework: Aromatic heteropolycyclic compounds
71750333,NotAvailable,"Substituents: [""Quinazolinamine"", ""Phenol ether"", ""Aniline or substituted anilines"", ""Alkyl aryl ether"", ""Aminopyrimidine"", ""Toluene"", ""Monocyclic benzene moiety"", ""Pyrimidine"", ""Imidolactam"", ""Benzenoid"", ""Heteroaromatic compound"", ""Acetylide"", ""Dialkyl ether"", ""Ether"", ""Azacycle"", ""Organic oxygen compound"", ""Amine"", ""Organic nitrogen compound"", ""Organonitrogen compound"", ""Organooxygen compound"", ""Hydrocarbon derivative"", ""Aromatic heteropolycyclic compound""]"
71750333,NotAvailable,External_descriptors: []
71750333,NotAvailable,"Ancestors: [""Acetylides"", ""Alkyl aryl ethers"", ""Amines"", ""Aminopyrimidines and derivatives"", ""Aniline and substituted anilines"", ""Azacyclic compounds"", ""Benzene and substituted derivatives"", ""Benzenoids"", ""Benzodiazines"", ""Carbides"", ""Chemical entities"", ""Dialkyl ethers"", ""Diazanaphthalenes"", ""Diazines"", ""Ethers"", ""Heteroaromatic compounds"", ""Hydrocarbon derivatives"", ""Imidolactams"", ""Organic compounds"", ""Organic nitrogen compounds"", ""Organic oxygen compounds"", ""Organoheterocyclic compounds"", ""Organonitrogen compounds"", ""Organooxygen compounds"", ""Organopnictogen compounds"", ""Phenol ethers"", ""Pyrimidines and pyrimidine derivatives"", ""Quinazolinamines"", ""Quinazolines"", ""Toluenes""]"
71750333,NotAvailable,"predicted_chebi_terms: [""aromatic ether (CHEBI:35618)"", ""anilines (CHEBI:22562)"", ""toluenes (CHEBI:27024)"", ""aminopyrimidine (CHEBI:38338)"", ""heterocyclic compound (CHEBI:5686)"", ""dicarboximide (CHEBI:35356)"", ""organosulfur compound (CHEBI:33261)"", ""organic aromatic compound (CHEBI:33659)"", ""ether (CHEBI:25698)"", ""organonitrogen heterocyclic compound (CHEBI:38101)"", ""acetylide (CHEBI:73478)"", ""organic molecule (CHEBI:72695)"", ""amine (CHEBI:32952)"", ""quinazolines (CHEBI:38530)"", ""chemical entity (CHEBI:24431)"", ""benzenoid aromatic compound (CHEBI:33836)"", ""benzenes (CHEBI:22712)"", ""organic heterocyclic compound (CHEBI:24532)"", ""diazines (CHEBI:38313)"", ""pyrimidines (CHEBI:39447)"", ""oxygen molecular entity (CHEBI:25806)"", ""organic molecular entity (CHEBI:50860)"", ""organooxygen compound (CHEBI:36963)"", ""nitrogen molecular entity (CHEBI:51143)"", ""organonitrogen compound (CHEBI:35352)"", ""azaarene (CHEBI:50893)""]"
71750333,NotAvailable,predicted_lipidmaps_terms: []
71750333,NotAvailable,Classification_version: 2.1
71751719,CHEMONTID:0000000,Kingdom: Organic compounds
71751719,CHEMONTID:0004707,Superclass: Organic nitrogen compounds
71751719,CHEMONTID:0000278,Class: Organonitrogen compounds
71751719,CHEMONTID:0002449,Subclass: Amines
71751719,CHEMONTID:0003899,Intermediate_nodes: Aralkylamines
71751719,CHEMONTID:0003924,Direct_parent: Phenylalkylamines
71751719,CHEMONTID:0000284,alternative_parents: Aniline and substituted anilines
71751719,CHEMONTID:0002458,alternative_parents: Secondary alkylarylamines
71751719,CHEMONTID:0001100,alternative_parents: Fluorobenzenes
71751719,CHEMONTID:0000196,alternative_parents: Oxazolidinones
71751719,CHEMONTID:0001031,alternative_parents: Aryl fluorides
71751719,CHEMONTID:0003922,alternative_parents: Acetamides
71751719,CHEMONTID:0001162,alternative_parents: Carbamate esters
71751719,CHEMONTID:0001663,alternative_parents: Secondary carboxylic acid amides
71751719,CHEMONTID:0004176,alternative_parents: Amino acids
71751719,CHEMONTID:0004140,alternative_parents: Oxacyclic compounds
71751719,CHEMONTID:0001137,alternative_parents: Monocarboxylic acids and derivatives
71751719,CHEMONTID:0004139,alternative_parents: Azacyclic compounds
71751719,CHEMONTID:0001205,alternative_parents: Carboxylic acids
71751719,CHEMONTID:0001167,alternative_parents: Dialkyl ethers
71751719,CHEMONTID:0004150,alternative_parents: Hydrocarbon derivatives
71751719,CHEMONTID:0001831,alternative_parents: Carbonyl compounds
71751719,CHEMONTID:0001517,alternative_parents: Organofluorides
71751719,CHEMONTID:0003940,alternative_parents: Organic oxides
71751719,NotAvailable,mMlecular_framework: Aromatic heteromonocyclic compounds
71751719,NotAvailable,"Substituents: [""Phenylalkylamine"", ""Aniline or substituted anilines"", ""Fluorobenzene"", ""Halobenzene"", ""Secondary aliphatic/aromatic amine"", ""Aryl fluoride"", ""Aryl halide"", ""Monocyclic benzene moiety"", ""Oxazolidinone"", ""Benzenoid"", ""Oxazolidine"", ""Acetamide"", ""Carbamic acid ester"", ""Amino acid or derivatives"", ""Secondary carboxylic acid amide"", ""Amino acid"", ""Carboxamide group"", ""Secondary amine"", ""Organoheterocyclic compound"", ""Azacycle"", ""Monocarboxylic acid or derivatives"", ""Oxacycle"", ""Carboxylic acid derivative"", ""Ether"", ""Dialkyl ether"", ""Carboxylic acid"", ""Organic oxygen compound"", ""Hydrocarbon derivative"", ""Organohalogen compound"", ""Carbonyl group"", ""Organofluoride"", ""Organic oxide"", ""Organooxygen compound"", ""Aromatic heteromonocyclic compound""]"
71751719,NotAvailable,External_descriptors: []
71751719,NotAvailable,"Ancestors: [""Acetamides"", ""Amines"", ""Amino acids"", ""Amino acids and derivatives"", ""Amino acids, peptides, and analogues"", ""Aniline and substituted anilines"", ""Aralkylamines"", ""Aryl fluorides"", ""Aryl halides"", ""Azacyclic compounds"", ""Azolidines"", ""Benzene and substituted derivatives"", ""Benzenoids"", ""Carbamate esters"", ""Carbamic acids and derivatives"", ""Carbonyl compounds"", ""Carboxylic acid amides"", ""Carboxylic acid derivatives"", ""Carboxylic acids"", ""Carboxylic acids and derivatives"", ""Chemical entities"", ""Dialkyl ethers"", ""Dialkylamines"", ""Ethers"", ""Fluoroalkenes"", ""Fluorobenzenes"", ""Haloalkenes"", ""Halobenzenes"", ""Hydrocarbon derivatives"", ""Monocarboxylic acids and derivatives"", ""Organic acids and derivatives"", ""Organic carbonic acids and derivatives"", ""Organic compounds"", ""Organic nitrogen compounds"", ""Organic oxides"", ""Organic oxygen compounds"", ""Organofluorides"", ""Organohalogen compounds"", ""Organoheterocyclic compounds"", ""Organonitrogen compounds"", ""Organooxygen compounds"", ""Organopnictogen compounds"", ""Oxacyclic compounds"", ""Oxazolidines"", ""Oxazolidinones"", ""Phenylalkylamines"", ""Secondary alkylarylamines"", ""Secondary amines"", ""Secondary carboxylic acid amides"", ""Vinyl fluorides"", ""Vinyl halides""]"
71751719,NotAvailable,"predicted_chebi_terms: [""anilines (CHEBI:22562)"", ""secondary amine (CHEBI:32863)"", ""organofluorine compound (CHEBI:37143)"", ""oxazolidinone (CHEBI:55374)"", ""acetamides (CHEBI:22160)"", ""carbamate ester (CHEBI:23003)"", ""carboxamide (CHEBI:37622)"", ""amino acid (CHEBI:33709)"", ""oxacycle (CHEBI:38104)"", ""monocarboxylic acid (CHEBI:25384)"", ""organonitrogen heterocyclic compound (CHEBI:38101)"", ""carboxylic acid (CHEBI:33575)"", ""ether (CHEBI:25698)"", ""organic molecule (CHEBI:72695)"", ""carbonyl compound (CHEBI:36586)"", ""organic oxide (CHEBI:25701)"", ""phenylalkylamine (CHEBI:60977)"", ""chemical entity (CHEBI:24431)"", ""benzenoid aromatic compound (CHEBI:33836)"", ""benzenes (CHEBI:22712)"", ""nitrogen molecular entity (CHEBI:51143)"", ""organic molecular entity (CHEBI:50860)"", ""organonitrogen compound (CHEBI:35352)"", ""amine (CHEBI:32952)"", ""organohalogen compound (CHEBI:36684)"", ""organic heterocyclic compound (CHEBI:24532)"", ""oxazolidines (CHEBI:38329)"", ""haloarene (CHEBI:50887)"", ""organic acid (CHEBI:64709)"", ""organooxygen compound (CHEBI:36963)"", ""amide (CHEBI:32988)"", ""carbon oxoacid (CHEBI:35605)"", ""oxygen molecular entity (CHEBI:25806)"", ""aralkylamine (CHEBI:18000)""]"
71751719,NotAvailable,predicted_lipidmaps_terms: []
71751719,NotAvailable,Classification_version: 2.1
71751720,CHEMONTID:0000000,Kingdom: Organic compounds
71751720,CHEMONTID:0000264,Superclass: Organic acids and derivatives
71751720,CHEMONTID:0000265,Class: Carboxylic acids and derivatives
71751720,CHEMONTID:0000013,"Subclass: Amino acids, peptides, and analogues"
71751720,CHEMONTID:0000347,Intermediate_nodes: Amino acids and derivatives
71751720,CHEMONTID:0000060,Intermediate_nodes: Alpha amino acids and derivatives
71751720,CHEMONTID:0002404,Direct_parent: Alpha amino acids
71751720,CHEMONTID:0000284,alternative_parents: Aniline and substituted anilines
71751720,CHEMONTID:0003901,alternative_parents: Dialkylarylamines
71751720,CHEMONTID:0001100,alternative_parents: Fluorobenzenes
71751720,CHEMONTID:0001031,alternative_parents: Aryl fluorides
71751720,CHEMONTID:0000196,alternative_parents: Oxazolidinones
71751720,CHEMONTID:0003922,alternative_parents: Acetamides
71751720,CHEMONTID:0001162,alternative_parents: Carbamate esters
71751720,CHEMONTID:0001897,"alternative_parents: 1,2-aminoalcohols"
71751720,CHEMONTID:0001663,alternative_parents: Secondary carboxylic acid amides
71751720,CHEMONTID:0004176,alternative_parents: Amino acids
71751720,CHEMONTID:0001137,alternative_parents: Monocarboxylic acids and derivatives
71751720,CHEMONTID:0001205,alternative_parents: Carboxylic acids
71751720,CHEMONTID:0004139,alternative_parents: Azacyclic compounds
71751720,CHEMONTID:0004140,alternative_parents: Oxacyclic compounds
71751720,CHEMONTID:0003940,alternative_parents: Organic oxides
71751720,CHEMONTID:0004150,alternative_parents: Hydrocarbon derivatives
71751720,CHEMONTID:0000286,alternative_parents: Primary alcohols
71751720,CHEMONTID:0001831,alternative_parents: Carbonyl compounds
71751720,CHEMONTID:0001517,alternative_parents: Organofluorides
71751720,NotAvailable,mMlecular_framework: Aromatic heteromonocyclic compounds
71751720,NotAvailable,"Substituents: [""Alpha-amino acid"", ""Aniline or substituted anilines"", ""Tertiary aliphatic/aromatic amine"", ""Dialkylarylamine"", ""Fluorobenzene"", ""Halobenzene"", ""Aryl fluoride"", ""Aryl halide"", ""Monocyclic benzene moiety"", ""Oxazolidinone"", ""Benzenoid"", ""Oxazolidine"", ""Acetamide"", ""Carbamic acid ester"", ""Secondary carboxylic acid amide"", ""1,2-aminoalcohol"", ""Tertiary amine"", ""Amino acid"", ""Carboxamide group"", ""Organoheterocyclic compound"", ""Alkanolamine"", ""Azacycle"", ""Carboxylic acid"", ""Monocarboxylic acid or derivatives"", ""Oxacycle"", ""Alcohol"", ""Hydrocarbon derivative"", ""Organohalogen compound"", ""Organofluoride"", ""Carbonyl group"", ""Organonitrogen compound"", ""Organic oxide"", ""Organic oxygen compound"", ""Amine"", ""Organic nitrogen compound"", ""Organooxygen compound"", ""Primary alcohol"", ""Aromatic heteromonocyclic compound""]"
71751720,NotAvailable,External_descriptors: []
71751720,NotAvailable,"Ancestors: [""1,2-aminoalcohols"", ""Acetamides"", ""Alcohols and polyols"", ""Alkanolamines"", ""Alpha amino acids"", ""Alpha amino acids and derivatives"", ""Amines"", ""Amino acids"", ""Amino acids and derivatives"", ""Amino acids, peptides, and analogues"", ""Aniline and substituted anilines"", ""Aryl fluorides"", ""Aryl halides"", ""Azacyclic compounds"", ""Azolidines"", ""Benzene and substituted derivatives"", ""Benzenoids"", ""Carbamate esters"", ""Carbamic acids and derivatives"", ""Carbonyl compounds"", ""Carboxylic acid amides"", ""Carboxylic acid derivatives"", ""Carboxylic acids"", ""Carboxylic acids and derivatives"", ""Chemical entities"", ""Dialkylarylamines"", ""Enamines"", ""Fluoroalkenes"", ""Fluorobenzenes"", ""Haloalkenes"", ""Halobenzenes"", ""Hydrocarbon derivatives"", ""Monocarboxylic acids and derivatives"", ""Organic acids and derivatives"", ""Organic carbonic acids and derivatives"", ""Organic compounds"", ""Organic nitrogen compounds"", ""Organic oxides"", ""Organic oxygen compounds"", ""Organofluorides"", ""Organohalogen compounds"", ""Organoheterocyclic compounds"", ""Organonitrogen compounds"", ""Organooxygen compounds"", ""Organopnictogen compounds"", ""Oxacyclic compounds"", ""Oxazolidines"", ""Oxazolidinones"", ""Primary alcohols"", ""Secondary carboxylic acid amides"", ""Tertiary alkylarylamines"", ""Tertiary amines"", ""Trialkylamines"", ""Vinyl fluorides"", ""Vinyl halides""]"
71751720,NotAvailable,"predicted_chebi_terms: [""anilines (CHEBI:22562)"", ""dialkylarylamine (CHEBI:23665)"", ""tertiary amino compound (CHEBI:50996)"", ""organofluorine compound (CHEBI:37143)"", ""oxazolidinone (CHEBI:55374)"", ""acetamides (CHEBI:22160)"", ""carbamate ester (CHEBI:23003)"", ""amino alcohol (CHEBI:22478)"", ""carboxamide (CHEBI:37622)"", ""amino acid (CHEBI:33709)"", ""monocarboxylic acid (CHEBI:25384)"", ""carboxylic acid (CHEBI:33575)"", ""organonitrogen heterocyclic compound (CHEBI:38101)"", ""oxacycle (CHEBI:38104)"", ""organic oxide (CHEBI:25701)"", ""organic molecule (CHEBI:72695)"", ""primary alcohol (CHEBI:15734)"", ""carbonyl compound (CHEBI:36586)"", ""alpha-amino acid (CHEBI:33704)"", ""chemical entity (CHEBI:24431)"", ""benzenoid aromatic compound (CHEBI:33836)"", ""benzenes (CHEBI:22712)"", ""nitrogen molecular entity (CHEBI:51143)"", ""organic molecular entity (CHEBI:50860)"", ""organonitrogen compound (CHEBI:35352)"", ""amine (CHEBI:32952)"", ""tertiary amine (CHEBI:32876)"", ""organohalogen compound (CHEBI:36684)"", ""haloarene (CHEBI:50887)"", ""organic heterocyclic compound (CHEBI:24532)"", ""oxazolidines (CHEBI:38329)"", ""organic acid (CHEBI:64709)"", ""organooxygen compound (CHEBI:36963)"", ""amide (CHEBI:32988)"", ""carbon oxoacid (CHEBI:35605)"", ""oxygen molecular entity (CHEBI:25806)"", ""polyol (CHEBI:26191)"", ""organic hydroxy compound (CHEBI:33822)"", ""alcohol (CHEBI:30879)""]"
71751720,NotAvailable,predicted_lipidmaps_terms: []
71751720,NotAvailable,Classification_version: 2.1
71752093,CHEMONTID:0000000,Kingdom: Organic compounds
71752093,CHEMONTID:0000002,Superclass: Organoheterocyclic compounds
71752093,CHEMONTID:0000211,Class: Indoles and derivatives
71752093,CHEMONTID:0000183,Subclass: Tryptamines and derivatives
71752093,CHEMONTID:0000183,Direct_parent: Tryptamines and derivatives
71752093,CHEMONTID:0004196,alternative_parents: 3-alkylindoles
71752093,CHEMONTID:0003899,alternative_parents: Aralkylamines
71752093,CHEMONTID:0002257,alternative_parents: Substituted pyrroles
71752093,CHEMONTID:0002448,alternative_parents: Benzenoids
71752093,CHEMONTID:0000099,alternative_parents: Triazoles
71752093,CHEMONTID:0004144,alternative_parents: Heteroaromatic compounds
71752093,CHEMONTID:0002239,alternative_parents: Trialkylamines
71752093,CHEMONTID:0004139,alternative_parents: Azacyclic compounds
71752093,CHEMONTID:0004150,alternative_parents: Hydrocarbon derivatives
71752093,NotAvailable,mMlecular_framework: Aromatic heteropolycyclic compounds
71752093,NotAvailable,"Substituents: [""Tryptamine"", ""3-alkylindole"", ""Indole"", ""Aralkylamine"", ""Substituted pyrrole"", ""Benzenoid"", ""Azole"", ""Pyrrole"", ""1,2,4-triazole"", ""Heteroaromatic compound"", ""Tertiary amine"", ""Tertiary aliphatic amine"", ""Azacycle"", ""Hydrocarbon derivative"", ""Organonitrogen compound"", ""Amine"", ""Organic nitrogen compound"", ""Aromatic heteropolycyclic compound""]"
71752093,NotAvailable,External_descriptors: []
71752093,NotAvailable,"Ancestors: [""3-alkylindoles"", ""Amidines"", ""Amines"", ""Aralkylamines"", ""Azacyclic compounds"", ""Azoles"", ""Benzenoids"", ""Chemical entities"", ""Dialkylamines"", ""Formamidines"", ""Heteroaromatic compounds"", ""Hydrocarbon derivatives"", ""Imines"", ""Indoles"", ""Indoles and derivatives"", ""Organic 1,3-dipolar compounds"", ""Organic compounds"", ""Organic nitrogen compounds"", ""Organoheterocyclic compounds"", ""Organonitrogen compounds"", ""Organopnictogen compounds"", ""Propargyl-type 1,3-dipolar organic compounds"", ""Pyrroles"", ""Secondary amines"", ""Substituted pyrroles"", ""Tertiary amines"", ""Trialkylamines"", ""Triazoles"", ""Tryptamines and derivatives""]"
71752093,NotAvailable,"predicted_chebi_terms: [""indoles (CHEBI:24828)"", ""aralkylamine (CHEBI:18000)"", ""pyrroles (CHEBI:26455)"", ""benzenoid aromatic compound (CHEBI:33836)"", ""triazoles (CHEBI:35727)"", ""organic aromatic compound (CHEBI:33659)"", ""tertiary amino compound (CHEBI:50996)"", ""organonitrogen heterocyclic compound (CHEBI:38101)"", ""organic molecule (CHEBI:72695)"", ""tryptamines (CHEBI:27162)"", ""chemical entity (CHEBI:24431)"", ""organic heterocyclic compound (CHEBI:24532)"", ""nitrogen molecular entity (CHEBI:51143)"", ""organic molecular entity (CHEBI:50860)"", ""organonitrogen compound (CHEBI:35352)"", ""amine (CHEBI:32952)"", ""azole (CHEBI:68452)"", ""tertiary amine (CHEBI:32876)""]"
71752093,NotAvailable,predicted_lipidmaps_terms: []
71752093,NotAvailable,Classification_version: 2.1
71752573,CHEMONTID:0000000,Kingdom: Organic compounds
71752573,CHEMONTID:0000002,Superclass: Organoheterocyclic compounds
71752573,CHEMONTID:0000344,Class: Thienopyridines
71752573,CHEMONTID:0000344,Direct_parent: Thienopyridines
71752573,CHEMONTID:0001099,alternative_parents: Chlorobenzenes
71752573,CHEMONTID:0000089,alternative_parents: Pyridines and derivatives
71752573,CHEMONTID:0001030,alternative_parents: Aryl chlorides
71752573,CHEMONTID:0004184,alternative_parents: Trialkyl amine oxides
71752573,CHEMONTID:0000097,alternative_parents: Thiophenes
71752573,CHEMONTID:0004144,alternative_parents: Heteroaromatic compounds
71752573,CHEMONTID:0003070,alternative_parents: Trisubstituted amine oxides and derivatives
71752573,CHEMONTID:0004139,alternative_parents: Azacyclic compounds
71752573,CHEMONTID:0004557,alternative_parents: Organopnictogen compounds
71752573,CHEMONTID:0001516,alternative_parents: Organochlorides
71752573,CHEMONTID:0003610,alternative_parents: Organic zwitterions
71752573,CHEMONTID:0003940,alternative_parents: Organic oxides
71752573,CHEMONTID:0004150,alternative_parents: Hydrocarbon derivatives
71752573,NotAvailable,mMlecular_framework: Aromatic heteropolycyclic compounds
71752573,NotAvailable,"Substituents: [""Thienopyridine"", ""Chlorobenzene"", ""Halobenzene"", ""Aryl chloride"", ""Aryl halide"", ""Monocyclic benzene moiety"", ""Pyridine"", ""Benzenoid"", ""Trialkyl amine oxide"", ""Heteroaromatic compound"", ""Thiophene"", ""N-oxide"", ""Trisubstituted n-oxide"", ""Azacycle"", ""Organic nitrogen compound"", ""Hydrocarbon derivative"", ""Organonitrogen compound"", ""Organochloride"", ""Organohalogen compound"", ""Organic oxide"", ""Organopnictogen compound"", ""Organic oxygen compound"", ""Organic zwitterion"", ""Aromatic heteropolycyclic compound""]"
71752573,NotAvailable,External_descriptors: []
71752573,NotAvailable,"Ancestors: [""Amine oxides and derivatives"", ""Amines"", ""Aminoxides"", ""Aryl chlorides"", ""Aryl halides"", ""Azacyclic compounds"", ""Benzene and substituted derivatives"", ""Benzenoids"", ""Chemical entities"", ""Chlorobenzenes"", ""Halobenzenes"", ""Heteroaromatic compounds"", ""Hydrocarbon derivatives"", ""Organic compounds"", ""Organic nitrogen compounds"", ""Organic oxides"", ""Organic oxygen compounds"", ""Organic zwitterions"", ""Organochlorides"", ""Organohalogen compounds"", ""Organoheterocyclic compounds"", ""Organonitrogen compounds"", ""Organopnictogen compounds"", ""Pyridines and derivatives"", ""Thienopyridines"", ""Thiophenes"", ""Trialkyl amine oxides"", ""Trisubstituted amine oxides and derivatives""]"
71752573,NotAvailable,"predicted_chebi_terms: [""organochlorine compound (CHEBI:36683)"", ""pyridines (CHEBI:26421)"", ""organonitrogen compound (CHEBI:35352)"", ""N-oxide (CHEBI:35580)"", ""thiophenes (CHEBI:26961)"", ""organic aromatic compound (CHEBI:33659)"", ""organonitrogen heterocyclic compound (CHEBI:38101)"", ""pnictogen molecular entity (CHEBI:33302)"", ""organic molecular entity (CHEBI:50860)"", ""zwitterion (CHEBI:27369)"", ""organic oxide (CHEBI:25701)"", ""organic molecule (CHEBI:72695)"", ""thienopyridine (CHEBI:37942)"", ""chemical entity (CHEBI:24431)"", ""benzenoid aromatic compound (CHEBI:33836)"", ""benzenes (CHEBI:22712)"", ""organohalogen compound (CHEBI:36684)"", ""organic heterocyclic compound (CHEBI:24532)"", ""haloarene (CHEBI:50887)"", ""nitrogen molecular entity (CHEBI:51143)"", ""amine (CHEBI:32952)"", ""N-substituted amine (CHEBI:35323)"", ""oxygen molecular entity (CHEBI:25806)""]"
71752573,NotAvailable,predicted_lipidmaps_terms: []
71752573,NotAvailable,Classification_version: 2.1
72699183,CHEMONTID:0000000,Kingdom: Organic compounds
72699183,CHEMONTID:0004603,Superclass: Organic oxygen compounds
72699183,CHEMONTID:0000323,Class: Organooxygen compounds
72699183,CHEMONTID:0000011,Subclass: Carbohydrates and carbohydrate conjugates
72699183,CHEMONTID:0003305,Intermediate_nodes: Aminosaccharides
72699183,CHEMONTID:0000282,Intermediate_nodes: Aminoglycosides
72699183,CHEMONTID:0001675,Intermediate_nodes: Aminocyclitol glycosides
72699183,CHEMONTID:0003576,Direct_parent: Streptamine aminoglycosides
72699183,CHEMONTID:0002647,alternative_parents: Cyclohexanols
72699183,CHEMONTID:0002012,alternative_parents: Oxanes
72699183,CHEMONTID:0001540,alternative_parents: Monosaccharides
72699183,CHEMONTID:0002509,alternative_parents: Cyclitols and derivatives
72699183,CHEMONTID:0000126,alternative_parents: Organic azides
72699183,CHEMONTID:0004465,alternative_parents: Alkyl azides
72699183,CHEMONTID:0004140,alternative_parents: Oxacyclic compounds
72699183,CHEMONTID:0001167,alternative_parents: Dialkyl ethers
72699183,CHEMONTID:0004557,alternative_parents: Organopnictogen compounds
72699183,CHEMONTID:0003610,alternative_parents: Organic zwitterions
72699183,CHEMONTID:0000469,alternative_parents: Monoalkylamines
72699183,CHEMONTID:0004150,alternative_parents: Hydrocarbon derivatives
72699183,NotAvailable,mMlecular_framework: Aliphatic heteromonocyclic compounds
72699183,NotAvailable,"Substituents: [""Streptamine aminoglycoside"", ""Cyclohexanol"", ""Oxane"", ""Monosaccharide"", ""Cyclitol or derivatives"", ""Cyclic alcohol"", ""Organoazide"", ""Alkyl azide"", ""Secondary alcohol"", ""Organic azide"", ""Oxacycle"", ""Organoheterocyclic compound"", ""Organic 1,3-dipolar compound"", ""Propargyl-type 1,3-dipolar organic compound"", ""Ether"", ""Dialkyl ether"", ""Organic nitrogen compound"", ""Organopnictogen compound"", ""Hydrocarbon derivative"", ""Organic zwitterion"", ""Organonitrogen compound"", ""Primary aliphatic amine"", ""Alcohol"", ""Aliphatic heteromonocyclic compound""]"
72699183,NotAvailable,External_descriptors: []
72699183,NotAvailable,"Ancestors: [""Alcohols and polyols"", ""Alkyl azides"", ""Amines"", ""Aminocyclitol glycosides"", ""Aminoglycosides"", ""Aminosaccharides"", ""Carbohydrates and carbohydrate conjugates"", ""Chemical entities"", ""Cyclic alcohols and derivatives"", ""Cyclitols and derivatives"", ""Cyclohexanols"", ""Dialkyl ethers"", ""Ethers"", ""Hydrocarbon derivatives"", ""Monoalkylamines"", ""Monosaccharides"", ""Organic 1,3-dipolar compounds"", ""Organic azides"", ""Organic compounds"", ""Organic nitrogen compounds"", ""Organic oxygen compounds"", ""Organic salts"", ""Organic zwitterions"", ""Organoazides"", ""Organoheterocyclic compounds"", ""Organonitrogen compounds"", ""Organooxygen compounds"", ""Organopnictogen compounds"", ""Oxacyclic compounds"", ""Oxanes"", ""Primary amines"", ""Propargyl-type 1,3-dipolar organic compounds"", ""Secondary alcohols"", ""Streptamine aminoglycosides""]"
72699183,NotAvailable,predicted_chebi_terms: []
72699183,NotAvailable,predicted_lipidmaps_terms: []
72699183,NotAvailable,Classification_version: 2.1
72699188,CHEMONTID:0000000,Kingdom: Organic compounds
72699188,CHEMONTID:0004603,Superclass: Organic oxygen compounds
72699188,CHEMONTID:0000323,Class: Organooxygen compounds
72699188,CHEMONTID:0000011,Subclass: Carbohydrates and carbohydrate conjugates
72699188,CHEMONTID:0003305,Intermediate_nodes: Aminosaccharides
72699188,CHEMONTID:0000282,Intermediate_nodes: Aminoglycosides
72699188,CHEMONTID:0001675,Intermediate_nodes: Aminocyclitol glycosides
72699188,CHEMONTID:0003576,Direct_parent: Streptamine aminoglycosides
72699188,CHEMONTID:0003575,alternative_parents: 2-deoxystreptamine aminoglycosides
72699188,CHEMONTID:0002647,alternative_parents: Cyclohexanols
72699188,CHEMONTID:0002012,alternative_parents: Oxanes
72699188,CHEMONTID:0001540,alternative_parents: Monosaccharides
72699188,CHEMONTID:0002509,alternative_parents: Cyclitols and derivatives
72699188,CHEMONTID:0000126,alternative_parents: Organic azides
72699188,CHEMONTID:0004465,alternative_parents: Alkyl azides
72699188,CHEMONTID:0004140,alternative_parents: Oxacyclic compounds
72699188,CHEMONTID:0004557,alternative_parents: Organopnictogen compounds
72699188,CHEMONTID:0003610,alternative_parents: Organic zwitterions
72699188,CHEMONTID:0000469,alternative_parents: Monoalkylamines
72699188,CHEMONTID:0004150,alternative_parents: Hydrocarbon derivatives
72699188,NotAvailable,mMlecular_framework: Aliphatic heteromonocyclic compounds
72699188,NotAvailable,"Substituents: [""Streptamine aminoglycoside"", ""2-deoxystreptamine aminoglycoside"", ""Cyclohexanol"", ""Oxane"", ""Monosaccharide"", ""Cyclitol or derivatives"", ""Cyclic alcohol"", ""Organoazide"", ""Alkyl azide"", ""Secondary alcohol"", ""Organic azide"", ""Oxacycle"", ""Organoheterocyclic compound"", ""Organic 1,3-dipolar compound"", ""Propargyl-type 1,3-dipolar organic compound"", ""Organic nitrogen compound"", ""Organopnictogen compound"", ""Hydrocarbon derivative"", ""Organic zwitterion"", ""Organonitrogen compound"", ""Primary aliphatic amine"", ""Alcohol"", ""Aliphatic heteromonocyclic compound""]"
72699188,NotAvailable,External_descriptors: []
72699188,NotAvailable,"Ancestors: [""2-deoxystreptamine aminoglycosides"", ""Alcohols and polyols"", ""Alkyl azides"", ""Amines"", ""Aminocyclitol glycosides"", ""Aminoglycosides"", ""Aminosaccharides"", ""Carbohydrates and carbohydrate conjugates"", ""Chemical entities"", ""Cyclic alcohols and derivatives"", ""Cyclitols and derivatives"", ""Cyclohexanols"", ""Hydrocarbon derivatives"", ""Monoalkylamines"", ""Monosaccharides"", ""Organic 1,3-dipolar compounds"", ""Organic azides"", ""Organic compounds"", ""Organic nitrogen compounds"", ""Organic oxygen compounds"", ""Organic salts"", ""Organic zwitterions"", ""Organoazides"", ""Organoheterocyclic compounds"", ""Organonitrogen compounds"", ""Organooxygen compounds"", ""Organopnictogen compounds"", ""Oxacyclic compounds"", ""Oxanes"", ""Primary amines"", ""Propargyl-type 1,3-dipolar organic compounds"", ""Secondary alcohols"", ""Streptamine aminoglycosides""]"
72699188,NotAvailable,predicted_chebi_terms: []
72699188,NotAvailable,predicted_lipidmaps_terms: []
72699188,NotAvailable,Classification_version: 2.1
72699343,CHEMONTID:0000000,Kingdom: Organic compounds
72699343,CHEMONTID:0000289,"Superclass: Nucleosides, nucleotides, and analogues"
72699343,CHEMONTID:0004502,Class: 5'-deoxyribonucleosides
72699343,CHEMONTID:0004502,Direct_parent: 5'-deoxyribonucleosides
72699343,CHEMONTID:0002203,alternative_parents: Glycosylamines
72699343,CHEMONTID:0002001,alternative_parents: Imidazotetrazines
72699343,CHEMONTID:0004817,alternative_parents: 2-heteroaryl carboxamides
72699343,CHEMONTID:0002529,alternative_parents: Carbonylimidazoles
72699343,CHEMONTID:0000291,alternative_parents: Pyrimidones
72699343,CHEMONTID:0001893,alternative_parents: Halopyrimidines
72699343,CHEMONTID:0001031,alternative_parents: Aryl fluorides
72699343,CHEMONTID:0000092,alternative_parents: Tetrazines
72699343,CHEMONTID:0002202,alternative_parents: Hydropyrimidines
72699343,CHEMONTID:0002311,alternative_parents: N-substituted imidazoles
72699343,CHEMONTID:0004144,alternative_parents: Heteroaromatic compounds
72699343,CHEMONTID:0003890,alternative_parents: Vinylogous amides
72699343,CHEMONTID:0001967,alternative_parents: Oxolanes
72699343,CHEMONTID:0001662,alternative_parents: Primary carboxylic acid amides
72699343,CHEMONTID:0002467,"alternative_parents: 1,2-diols"
72699343,CHEMONTID:0001661,alternative_parents: Secondary alcohols
72699343,CHEMONTID:0004139,alternative_parents: Azacyclic compounds
72699343,CHEMONTID:0003633,"alternative_parents: Propargyl-type 1,3-dipolar organic compounds"
72699343,CHEMONTID:0002285,alternative_parents: Carboximidic acids and derivatives
72699343,CHEMONTID:0004140,alternative_parents: Oxacyclic compounds
72699343,CHEMONTID:0003940,alternative_parents: Organic oxides
72699343,CHEMONTID:0004150,alternative_parents: Hydrocarbon derivatives
72699343,CHEMONTID:0001517,alternative_parents: Organofluorides
72699343,CHEMONTID:0000278,alternative_parents: Organonitrogen compounds
72699343,NotAvailable,"Substituents: [""5'-deoxyribonucleoside"", ""Glycosyl compound"", ""N-glycosyl compound"", ""Imidazotetrazine"", ""2-heteroaryl carboxamide"", ""Imidazole-4-carbonyl group"", ""Pyrimidone"", ""Halopyrimidine"", ""N-substituted imidazole"", ""Aryl fluoride"", ""Aryl halide"", ""Hydropyrimidine"", ""Pyrimidine"", ""Tetrazine"", ""Azole"", ""Imidazole"", ""Heteroaromatic compound"", ""Oxolane"", ""Vinylogous amide"", ""Primary carboxylic acid amide"", ""Carboxamide group"", ""1,2-diol"", ""Secondary alcohol"", ""Oxacycle"", ""Carboximidic acid derivative"", ""Azacycle"", ""Carboxylic acid derivative"", ""Organoheterocyclic compound"", ""Organic 1,3-dipolar compound"", ""Propargyl-type 1,3-dipolar organic compound"", ""Organic oxygen compound"", ""Alcohol"", ""Organic oxide"", ""Hydrocarbon derivative"", ""Organic nitrogen compound"", ""Organooxygen compound"", ""Organonitrogen compound"", ""Organofluoride"", ""Organohalogen compound"", ""Aromatic heteropolycyclic compound""]"
72699343,NotAvailable,External_descriptors: []
72699343,NotAvailable,"Ancestors: [""1,2-diols"", ""2-heteroaryl carboxamides"", ""5'-deoxyribonucleosides"", ""Alcohols and polyols"", ""Aryl fluorides"", ""Aryl halides"", ""Azacyclic compounds"", ""Azoles"", ""Carbohydrates and carbohydrate conjugates"", ""Carbonylimidazoles"", ""Carboximidic acids and derivatives"", ""Carboxylic acid amides"", ""Carboxylic acid derivatives"", ""Carboxylic acids and derivatives"", ""Chemical entities"", ""Diazines"", ""Glycosyl compounds"", ""Glycosylamines"", ""Halopyrimidines"", ""Heteroaromatic compounds"", ""Hydrocarbon derivatives"", ""Hydropyrimidines"", ""Imidazoles"", ""Imidazotetrazines"", ""N-substituted imidazoles"", ""Nucleosides, nucleotides, and analogues"", ""Organic 1,3-dipolar compounds"", ""Organic acids and derivatives"", ""Organic compounds"", ""Organic nitrogen compounds"", ""Organic oxides"", ""Organic oxygen compounds"", ""Organofluorides"", ""Organohalogen compounds"", ""Organoheterocyclic compounds"", ""Organonitrogen compounds"", ""Organooxygen compounds"", ""Organopnictogen compounds"", ""Oxacyclic compounds"", ""Oxolanes"", ""Polyols"", ""Primary carboxylic acid amides"", ""Propargyl-type 1,3-dipolar organic compounds"", ""Pyrimidines and pyrimidine derivatives"", ""Pyrimidones"", ""Secondary alcohols"", ""Substituted imidazoles"", ""Tetrazines"", ""Vinylogous amides""]"
72699343,NotAvailable,"predicted_chebi_terms: [""N-glycosyl compound (CHEBI:21731)"", ""imidazotetrazine (CHEBI:72565)"", ""organic aromatic compound (CHEBI:33659)"", ""carboxamide (CHEBI:37622)"", ""imidazoles (CHEBI:24780)"", ""pyrimidone (CHEBI:38337)"", ""pyrimidines (CHEBI:39447)"", ""organohalogen compound (CHEBI:36684)"", ""organofluorine compound (CHEBI:37143)"", ""organonitrogen heterocyclic compound (CHEBI:38101)"", ""enone (CHEBI:51689)"", ""enamine (CHEBI:47989)"", ""oxolanes (CHEBI:26912)"", ""polyol (CHEBI:26191)"", ""secondary alcohol (CHEBI:35681)"", ""dipolar compound (CHEBI:51151)"", ""organonitrogen compound (CHEBI:35352)"", ""oxacycle (CHEBI:38104)"", ""organic oxide (CHEBI:25701)"", ""organic molecule (CHEBI:72695)"", ""deoxyribonucleoside (CHEBI:23636)"", ""chemical entity (CHEBI:24431)"", ""oxygen molecular entity (CHEBI:25806)"", ""organic molecular entity (CHEBI:50860)"", ""organooxygen compound (CHEBI:36963)"", ""carbohydrates and carbohydrate derivatives (CHEBI:78616)"", ""glycoside (CHEBI:24400)"", ""organic heterocyclic compound (CHEBI:24532)"", ""organic acid (CHEBI:64709)"", ""carboxylic acid (CHEBI:33575)"", ""amide (CHEBI:32988)"", ""azole (CHEBI:68452)"", ""diazines (CHEBI:38313)"", ""haloarene (CHEBI:50887)"", ""organic hydroxy compound (CHEBI:33822)"", ""alcohol (CHEBI:30879)"", ""nitrogen molecular entity (CHEBI:51143)"", ""nucleobase-containing molecular entity (CHEBI:61120)""]"
72699343,NotAvailable,predicted_lipidmaps_terms: []
72699343,NotAvailable,Classification_version: 2.1
72710722,CHEMONTID:0000000,Kingdom: Organic compounds
72710722,CHEMONTID:0000002,Superclass: Organoheterocyclic compounds
72710722,CHEMONTID:0000160,Class: Lactams
72710722,CHEMONTID:0000162,Subclass: Beta lactams
72710722,CHEMONTID:0000168,Intermediate_nodes: Cephems
72710722,CHEMONTID:0000173,Direct_parent: Cephalosporins
72710722,CHEMONTID:0001189,alternative_parents: N-acyl-alpha amino acids and derivatives
72710722,CHEMONTID:0002363,alternative_parents: Phenylacetamides
72710722,CHEMONTID:0004146,alternative_parents: L-alpha-amino acids
72710722,CHEMONTID:0000185,alternative_parents: Phenylmethylamines
72710722,CHEMONTID:0002673,alternative_parents: Benzylamines
72710722,CHEMONTID:0003086,alternative_parents: Medium-chain fatty acids
72710722,CHEMONTID:0003863,alternative_parents: Alkylarylthioethers
72710722,CHEMONTID:0000489,alternative_parents: Amino fatty acids
72710722,CHEMONTID:0003899,alternative_parents: Aralkylamines
72710722,CHEMONTID:0001347,"alternative_parents: 1,3-thiazines"
72710722,CHEMONTID:0000346,alternative_parents: Dicarboxylic acids and derivatives
72710722,CHEMONTID:0000111,alternative_parents: Tetrazoles
72710722,CHEMONTID:0001664,alternative_parents: Tertiary carboxylic acid amides
72710722,CHEMONTID:0004144,alternative_parents: Heteroaromatic compounds
72710722,CHEMONTID:0002452,alternative_parents: Tertiary amines
72710722,CHEMONTID:0004176,alternative_parents: Amino acids
72710722,CHEMONTID:0001663,alternative_parents: Secondary carboxylic acid amides
72710722,CHEMONTID:0000102,alternative_parents: Azetidines
72710722,CHEMONTID:0003260,alternative_parents: Sulfenyl compounds
72710722,CHEMONTID:0004139,alternative_parents: Azacyclic compounds
72710722,CHEMONTID:0001666,alternative_parents: Thiohemiaminal derivatives
72710722,CHEMONTID:0001205,alternative_parents: Carboxylic acids
72710722,CHEMONTID:0003862,alternative_parents: Dialkylthioethers
72710722,CHEMONTID:0001831,alternative_parents: Carbonyl compounds
72710722,CHEMONTID:0003940,alternative_parents: Organic oxides
72710722,CHEMONTID:0000469,alternative_parents: Monoalkylamines
72710722,CHEMONTID:0004150,alternative_parents: Hydrocarbon derivatives
72710722,NotAvailable,"Substituents: [""Cephalosporin"", ""N-acyl-alpha amino acid or derivatives"", ""Alpha-amino acid"", ""Alpha-amino acid or derivatives"", ""Phenylacetamide"", ""L-alpha-amino acid"", ""Phenylmethylamine"", ""Medium-chain fatty acid"", ""Aryl thioether"", ""Benzylamine"", ""Aralkylamine"", ""Alkylarylthioether"", ""Amino fatty acid"", ""Fatty acid"", ""Meta-thiazine"", ""Benzenoid"", ""Dicarboxylic acid or derivatives"", ""Fatty acyl"", ""Monocyclic benzene moiety"", ""Tetrazole"", ""Tertiary carboxylic acid amide"", ""Heteroaromatic compound"", ""Azole"", ""Amino acid or derivatives"", ""Amino acid"", ""Azetidine"", ""Carboxamide group"", ""Tertiary amine"", ""Secondary carboxylic acid amide"", ""Azacycle"", ""Dialkylthioether"", ""Carboxylic acid derivative"", ""Carboxylic acid"", ""Sulfenyl compound"", ""Hemithioaminal"", ""Thioether"", ""Carbonyl group"", ""Primary amine"", ""Organic oxygen compound"", ""Hydrocarbon derivative"", ""Organic oxide"", ""Amine"", ""Organic nitrogen compound"", ""Organosulfur compound"", ""Organooxygen compound"", ""Organonitrogen compound"", ""Primary aliphatic amine"", ""Aromatic heteropolycyclic compound""]"
72710722,NotAvailable,External_descriptors: []
72710722,NotAvailable,"Ancestors: [""1,3-thiazines"", ""Alkylarylthioethers"", ""Alpha amino acids"", ""Alpha amino acids and derivatives"", ""Amines"", ""Amino acids"", ""Amino acids and derivatives"", ""Amino acids, peptides, and analogues"", ""Amino fatty acids"", ""Aralkylamines"", ""Aryl thioethers"", ""Azacyclic compounds"", ""Azetidines"", ""Azoles"", ""Benzene and substituted derivatives"", ""Benzenoids"", ""Benzylamines"", ""Beta lactams"", ""Carbonyl compounds"", ""Carboxylic acid amides"", ""Carboxylic acid derivatives"", ""Carboxylic acids"", ""Carboxylic acids and derivatives"", ""Cephalosporins"", ""Cephems"", ""Chemical entities"", ""Dialkylthioethers"", ""Dicarboxylic acids and derivatives"", ""Fatty Acyls"", ""Fatty acids and conjugates"", ""Heteroaromatic compounds"", ""Hydrocarbon derivatives"", ""L-alpha-amino acids"", ""Lactams"", ""Lipids and lipid-like molecules"", ""Medium-chain fatty acids"", ""Monoalkylamines"", ""N-acyl-alpha amino acids and derivatives"", ""Organic acids and derivatives"", ""Organic compounds"", ""Organic nitrogen compounds"", ""Organic oxides"", ""Organic oxygen compounds"", ""Organoheterocyclic compounds"", ""Organonitrogen compounds"", ""Organooxygen compounds"", ""Organopnictogen compounds"", ""Organosulfur compounds"", ""Phenylacetamides"", ""Phenylmethylamines"", ""Primary amines"", ""Secondary carboxylic acid amides"", ""Sulfenyl compounds"", ""Tertiary amines"", ""Tertiary carboxylic acid amides"", ""Tetrazoles"", ""Thiazines"", ""Thioethers"", ""Thiohemiaminal derivatives""]"
72710722,NotAvailable,"predicted_chebi_terms: [""N-acyl-amino acid (CHEBI:51569)"", ""acetamides (CHEBI:22160)"", ""L-alpha-amino acid (CHEBI:15705)"", ""aromatic amine (CHEBI:33860)"", ""aralkylamine (CHEBI:18000)"", ""medium-chain fatty acid (CHEBI:59554)"", ""aryl sulfide (CHEBI:35683)"", ""amino fatty acid (CHEBI:59650)"", ""1,3-thiazine (CHEBI:46975)"", ""dicarboxylic acid (CHEBI:35692)"", ""tetrazoles (CHEBI:35689)"", ""carboxamide (CHEBI:37622)"", ""organic aromatic compound (CHEBI:33659)"", ""tertiary amine (CHEBI:32876)"", ""amino acid (CHEBI:33709)"", ""azetidines (CHEBI:38777)"", ""organosulfur compound (CHEBI:33261)"", ""organonitrogen heterocyclic compound (CHEBI:38101)"", ""carboxylic acid (CHEBI:33575)"", ""aliphatic sulfide (CHEBI:22327)"", ""carbonyl compound (CHEBI:36586)"", ""organic oxide (CHEBI:25701)"", ""alkylamine (CHEBI:13759)"", ""organic molecule (CHEBI:72695)"", ""cephalosporin (CHEBI:23066)"", ""chemical entity (CHEBI:24431)"", ""organic acid (CHEBI:64709)"", ""organonitrogen compound (CHEBI:35352)"", ""organooxygen compound (CHEBI:36963)"", ""benzenoid aromatic compound (CHEBI:33836)"", ""benzenes (CHEBI:22712)"", ""alpha-amino acid (CHEBI:33704)"", ""lipid (CHEBI:18059)"", ""monocarboxylic acid (CHEBI:25384)"", ""organic sulfide (CHEBI:16385)"", ""nitrogen molecular entity (CHEBI:51143)"", ""organic molecular entity (CHEBI:50860)"", ""amine (CHEBI:32952)"", ""organic heterocyclic compound (CHEBI:24532)"", ""thiazine (CHEBI:38326)"", ""azole (CHEBI:68452)"", ""amide (CHEBI:32988)"", ""oxygen molecular entity (CHEBI:25806)"", ""primary amine (CHEBI:32877)"", ""lactam (CHEBI:24995)"", ""beta-lactam (CHEBI:35627)"", ""cephem (CHEBI:38311)""]"
72710722,NotAvailable,"predicted_lipidmaps_terms: [""Fatty Acids and Conjugates (FA01)"", ""Amino fatty acids (FA0110)"", ""Dicarboxylic acids (FA0117)"", ""Fatty Acyls (FA)""]"
72710722,NotAvailable,Classification_version: 2.1
72734356,CHEMONTID:0000000,Kingdom: Organic compounds
72734356,CHEMONTID:0000012,Superclass: Lipids and lipid-like molecules
72734356,CHEMONTID:0000259,Class: Prenol lipids
72734356,CHEMONTID:0001551,Subclass: Diterpenoids
72734356,CHEMONTID:0000676,Direct_parent: Taxanes and derivatives
72734356,CHEMONTID:0001350,alternative_parents: Benzoic acid esters
72734356,CHEMONTID:0001986,alternative_parents: Tricarboxylic acids and derivatives
72734356,CHEMONTID:0000321,alternative_parents: Benzoyl derivatives
72734356,CHEMONTID:0000324,alternative_parents: Fatty acid esters
72734356,CHEMONTID:0001540,alternative_parents: Monosaccharides
72734356,CHEMONTID:0001670,alternative_parents: Tertiary alcohols
72734356,CHEMONTID:0001162,alternative_parents: Carbamate esters
72734356,CHEMONTID:0001661,alternative_parents: Secondary alcohols
72734356,CHEMONTID:0000070,alternative_parents: Oxetanes
72734356,CHEMONTID:0000364,alternative_parents: Organic carbonic acids and derivatives
72734356,CHEMONTID:0000118,alternative_parents: Ketones
72734356,CHEMONTID:0001238,alternative_parents: Carboxylic acid esters
72734356,CHEMONTID:0004140,alternative_parents: Oxacyclic compounds
72734356,CHEMONTID:0001167,alternative_parents: Dialkyl ethers
72734356,CHEMONTID:0004557,alternative_parents: Organopnictogen compounds
72734356,CHEMONTID:0000278,alternative_parents: Organonitrogen compounds
72734356,CHEMONTID:0003940,alternative_parents: Organic oxides
72734356,CHEMONTID:0004150,alternative_parents: Hydrocarbon derivatives
72734356,NotAvailable,"Substituents: [""Taxane diterpenoid"", ""Benzoate ester"", ""Tricarboxylic acid or derivatives"", ""Benzoic acid or derivatives"", ""Benzoyl"", ""Fatty acid ester"", ""Fatty acyl"", ""Benzenoid"", ""Monosaccharide"", ""Monocyclic benzene moiety"", ""Carbamic acid ester"", ""Tertiary alcohol"", ""Secondary alcohol"", ""Oxetane"", ""Carbonic acid derivative"", ""Ketone"", ""Carboxylic acid ester"", ""Oxacycle"", ""Organoheterocyclic compound"", ""Ether"", ""Dialkyl ether"", ""Carboxylic acid derivative"", ""Organic nitrogen compound"", ""Organic oxygen compound"", ""Organopnictogen compound"", ""Organic oxide"", ""Hydrocarbon derivative"", ""Organooxygen compound"", ""Organonitrogen compound"", ""Carbonyl group"", ""Alcohol"", ""Aromatic heteropolycyclic compound""]"
72734356,NotAvailable,External_descriptors: []
72734356,NotAvailable,"Ancestors: [""Alcohols and polyols"", ""Amino acids and derivatives"", ""Amino acids, peptides, and analogues"", ""Benzene and substituted derivatives"", ""Benzenoids"", ""Benzoic acid esters"", ""Benzoic acids and derivatives"", ""Benzoyl derivatives"", ""Carbamate esters"", ""Carbamic acids and derivatives"", ""Carbohydrates and carbohydrate conjugates"", ""Carbonyl compounds"", ""Carboxylic acid derivatives"", ""Carboxylic acid esters"", ""Carboxylic acids and derivatives"", ""Chemical entities"", ""Dialkyl ethers"", ""Diterpenoids"", ""Ethers"", ""Fatty Acyls"", ""Fatty acid esters"", ""Hydrocarbon derivatives"", ""Ketones"", ""Lipids and lipid-like molecules"", ""Monosaccharides"", ""Organic acids and derivatives"", ""Organic carbonic acids and derivatives"", ""Organic compounds"", ""Organic nitrogen compounds"", ""Organic oxides"", ""Organic oxygen compounds"", ""Organoheterocyclic compounds"", ""Organonitrogen compounds"", ""Organooxygen compounds"", ""Organopnictogen compounds"", ""Oxacyclic compounds"", ""Oxetanes"", ""Prenol lipids"", ""Secondary alcohols"", ""Taxanes and derivatives"", ""Tertiary alcohols"", ""Tricarboxylic acids and derivatives""]"
72734356,NotAvailable,predicted_chebi_terms: []
72734356,NotAvailable,predicted_lipidmaps_terms: []
72734356,NotAvailable,Classification_version: 2.1
72941553,CHEMONTID:0000000,Kingdom: Organic compounds
72941553,CHEMONTID:0000012,Superclass: Lipids and lipid-like molecules
72941553,CHEMONTID:0000258,Class: Steroids and steroid derivatives
72941553,CHEMONTID:0001466,Subclass: Estrane steroids
72941553,CHEMONTID:0003570,Direct_parent: Estrogens and derivatives
72941553,CHEMONTID:0002974,alternative_parents: 3-oxo delta-4-steroids
72941553,CHEMONTID:0003236,alternative_parents: 17-hydroxysteroids
72941553,CHEMONTID:0002978,alternative_parents: Delta-4-steroids
72941553,CHEMONTID:0004325,alternative_parents: Cyclohexenones
72941553,CHEMONTID:0001373,alternative_parents: Ynones
72941553,CHEMONTID:0002088,alternative_parents: Acyloins
72941553,CHEMONTID:0001670,alternative_parents: Tertiary alcohols
72941553,CHEMONTID:0001363,alternative_parents: Enones
72941553,CHEMONTID:0002912,alternative_parents: Alpha-hydroxy ketones
72941553,CHEMONTID:0000275,alternative_parents: Acryloyl compounds
72941553,CHEMONTID:0001661,alternative_parents: Secondary alcohols
72941553,CHEMONTID:0001292,alternative_parents: Cyclic alcohols and derivatives
72941553,CHEMONTID:0004565,alternative_parents: Haloacetylenes and derivatives
72941553,CHEMONTID:0004478,alternative_parents: Acetylides
72941553,CHEMONTID:0003940,alternative_parents: Organic oxides
72941553,CHEMONTID:0004150,alternative_parents: Hydrocarbon derivatives
72941553,NotAvailable,mMlecular_framework: Aliphatic homopolycyclic compounds
72941553,NotAvailable,"Substituents: [""Estrogen-skeleton"", ""17-hydroxysteroid"", ""Oxosteroid"", ""Hydroxysteroid"", ""2-hydroxysteroid"", ""3-oxosteroid"", ""3-oxo-delta-4-steroid"", ""Delta-4-steroid"", ""Cyclohexenone"", ""Ynone"", ""Acyloin"", ""Alpha,beta-unsaturated ketone"", ""Tertiary alcohol"", ""Enone"", ""Cyclic alcohol"", ""Alpha-hydroxy ketone"", ""Acryloyl-group"", ""Cyclic ketone"", ""Secondary alcohol"", ""Ketone"", ""Haloacetylene or derivatives"", ""Acetylide"", ""Organic oxygen compound"", ""Organic oxide"", ""Hydrocarbon derivative"", ""Organooxygen compound"", ""Alcohol"", ""Aliphatic homopolycyclic compound""]"
72941553,NotAvailable,External_descriptors: []
72941553,NotAvailable,"Ancestors: [""17-hydroxysteroids"", ""3-oxo delta-4-steroids"", ""3-oxosteroids"", ""Acetylides"", ""Acryloyl compounds"", ""Acyloins"", ""Alcohols and polyols"", ""Alpha,beta-unsaturated carbonyl compounds"", ""Alpha,beta-unsaturated ketones"", ""Alpha-hydroxy ketones"", ""Carbonyl compounds"", ""Chemical entities"", ""Cyclic alcohols and derivatives"", ""Cyclic ketones"", ""Cyclohexenones"", ""Delta-4-steroids"", ""Enones"", ""Estrane steroids"", ""Estrogens and derivatives"", ""Haloacetylenes and derivatives"", ""Hydrocarbon derivatives"", ""Hydroxysteroids"", ""Ketones"", ""Lipids and lipid-like molecules"", ""Organic compounds"", ""Organic oxides"", ""Organic oxygen compounds"", ""Organohalogen compounds"", ""Organooxygen compounds"", ""Oxosteroids"", ""Secondary alcohols"", ""Steroids and steroid derivatives"", ""Tertiary alcohols"", ""Ynones""]"
72941553,NotAvailable,predicted_chebi_terms: []
72941553,NotAvailable,predicted_lipidmaps_terms: []
72941553,NotAvailable,Classification_version: 2.1
72941947,CHEMONTID:0000000,Kingdom: Organic compounds
72941947,CHEMONTID:0000264,Superclass: Organic acids and derivatives
72941947,CHEMONTID:0000265,Class: Carboxylic acids and derivatives
72941947,CHEMONTID:0000013,"Subclass: Amino acids, peptides, and analogues"
72941947,CHEMONTID:0000347,Intermediate_nodes: Amino acids and derivatives
72941947,CHEMONTID:0000060,Intermediate_nodes: Alpha amino acids and derivatives
72941947,CHEMONTID:0002309,Direct_parent: Alpha amino acid amides
72941947,CHEMONTID:0002316,alternative_parents: Piperazine carboxamides
72941947,CHEMONTID:0003899,alternative_parents: Aralkylamines
72941947,CHEMONTID:0003357,alternative_parents: N-alkylpiperazines
72941947,CHEMONTID:0002279,alternative_parents: Benzene and substituted derivatives
72941947,CHEMONTID:0000089,alternative_parents: Pyridines and derivatives
72941947,CHEMONTID:0001245,alternative_parents: Gamma butyrolactones
72941947,CHEMONTID:0001967,alternative_parents: Oxolanes
72941947,CHEMONTID:0004144,alternative_parents: Heteroaromatic compounds
72941947,CHEMONTID:0002239,alternative_parents: Trialkylamines
72941947,CHEMONTID:0001663,alternative_parents: Secondary carboxylic acid amides
72941947,CHEMONTID:0001238,alternative_parents: Carboxylic acid esters
72941947,CHEMONTID:0004140,alternative_parents: Oxacyclic compounds
72941947,CHEMONTID:0004139,alternative_parents: Azacyclic compounds
72941947,CHEMONTID:0001137,alternative_parents: Monocarboxylic acids and derivatives
72941947,CHEMONTID:0001831,alternative_parents: Carbonyl compounds
72941947,CHEMONTID:0003940,alternative_parents: Organic oxides
72941947,CHEMONTID:0004150,alternative_parents: Hydrocarbon derivatives
72941947,NotAvailable,mMlecular_framework: Aromatic heteromonocyclic compounds
72941947,NotAvailable,"Substituents: [""Alpha-amino acid amide"", ""Piperazine-2-carboxamide"", ""N-alkylpiperazine"", ""Aralkylamine"", ""Monocyclic benzene moiety"", ""1,4-diazinane"", ""Gamma butyrolactone"", ""Piperazine"", ""Pyridine"", ""Benzenoid"", ""Heteroaromatic compound"", ""Oxolane"", ""Tertiary aliphatic amine"", ""Tertiary amine"", ""Secondary carboxylic acid amide"", ""Carboxamide group"", ""Carboxylic acid ester"", ""Lactone"", ""Oxacycle"", ""Azacycle"", ""Organoheterocyclic compound"", ""Monocarboxylic acid or derivatives"", ""Amine"", ""Organic nitrogen compound"", ""Carbonyl group"", ""Organic oxide"", ""Organic oxygen compound"", ""Hydrocarbon derivative"", ""Organonitrogen compound"", ""Organooxygen compound"", ""Aromatic heteromonocyclic compound""]"
72941947,NotAvailable,External_descriptors: []
72941947,NotAvailable,"Ancestors: [""Aldimines"", ""Alpha amino acid amides"", ""Alpha amino acids and derivatives"", ""Amines"", ""Amino acids and derivatives"", ""Amino acids, peptides, and analogues"", ""Aralkylamines"", ""Azacyclic compounds"", ""Benzene and substituted derivatives"", ""Benzenoids"", ""Carbonyl compounds"", ""Carboxylic acid amides"", ""Carboxylic acid derivatives"", ""Carboxylic acid esters"", ""Carboxylic acids and derivatives"", ""Chemical entities"", ""Diazinanes"", ""Fatty Acyls"", ""Fatty acid esters"", ""Gamma butyrolactones"", ""Heteroaromatic compounds"", ""Hydrocarbon derivatives"", ""Imines"", ""Lactones"", ""Lipids and lipid-like molecules"", ""Methylpyridines"", ""Monocarboxylic acids and derivatives"", ""N-alkylpiperazines"", ""Organic 1,3-dipolar compounds"", ""Organic acids and derivatives"", ""Organic compounds"", ""Organic nitrogen compounds"", ""Organic oxides"", ""Organic oxygen compounds"", ""Organoheterocyclic compounds"", ""Organonitrogen compounds"", ""Organooxygen compounds"", ""Organopnictogen compounds"", ""Oxacyclic compounds"", ""Oxolanes"", ""Piperazine carboxamides"", ""Piperazine carboxylic acids and derivatives"", ""Piperazines"", ""Propargyl-type 1,3-dipolar organic compounds"", ""Pyridines and derivatives"", ""Secondary carboxylic acid amides"", ""Tertiary amines"", ""Tetrahydrofurans"", ""Trialkylamines""]"
72941947,NotAvailable,"predicted_chebi_terms: [""piperazinecarboxamide (CHEBI:46853)"", ""aralkylamine (CHEBI:18000)"", ""N-alkylpiperazine (CHEBI:46845)"", ""benzenes (CHEBI:22712)"", ""pyridines (CHEBI:26421)"", ""gamma-lactone (CHEBI:37581)"", ""oxolanes (CHEBI:26912)"", ""organic aromatic compound (CHEBI:33659)"", ""tertiary amino compound (CHEBI:50996)"", ""carboxamide (CHEBI:37622)"", ""carboxylic ester (CHEBI:33308)"", ""oxacycle (CHEBI:38104)"", ""organonitrogen heterocyclic compound (CHEBI:38101)"", ""monocarboxylic acid (CHEBI:25384)"", ""carbonyl compound (CHEBI:36586)"", ""organic oxide (CHEBI:25701)"", ""organic molecule (CHEBI:72695)"", ""amino acid amide (CHEBI:22475)"", ""chemical entity (CHEBI:24431)"", ""organic heterocyclic compound (CHEBI:24532)"", ""organic heteromonocyclic compound (CHEBI:25693)"", ""piperazines (CHEBI:26144)"", ""nitrogen molecular entity (CHEBI:51143)"", ""organic molecular entity (CHEBI:50860)"", ""organonitrogen compound (CHEBI:35352)"", ""amine (CHEBI:32952)"", ""benzenoid aromatic compound (CHEBI:33836)"", ""lactone (CHEBI:25000)"", ""tertiary amine (CHEBI:32876)"", ""organic acid (CHEBI:64709)"", ""carboxylic acid (CHEBI:33575)"", ""organooxygen compound (CHEBI:36963)"", ""amide (CHEBI:32988)"", ""oxygen molecular entity (CHEBI:25806)""]"
72941947,NotAvailable,predicted_lipidmaps_terms: []
72941947,NotAvailable,Classification_version: 2.1
73050811,CHEMONTID:0000000,Kingdom: Organic compounds
73050811,CHEMONTID:0000264,Superclass: Organic acids and derivatives
73050811,CHEMONTID:0000265,Class: Carboxylic acids and derivatives
73050811,CHEMONTID:0000013,"Subclass: Amino acids, peptides, and analogues"
73050811,CHEMONTID:0000347,Intermediate_nodes: Amino acids and derivatives
73050811,CHEMONTID:0000060,Intermediate_nodes: Alpha amino acids and derivatives
73050811,CHEMONTID:0004310,Direct_parent: Valine and derivatives
73050811,CHEMONTID:0004148,alternative_parents: N-acyl-L-alpha-amino acids
73050811,CHEMONTID:0000041,alternative_parents: Biphenyls and derivatives
73050811,CHEMONTID:0000306,alternative_parents: Phenyltetrazoles and derivatives
73050811,CHEMONTID:0003410,alternative_parents: 1-benzopyrans
73050811,CHEMONTID:0000128,alternative_parents: Alkyl aryl ethers
73050811,CHEMONTID:0003899,alternative_parents: Aralkylamines
73050811,CHEMONTID:0001031,alternative_parents: Aryl fluorides
73050811,CHEMONTID:0001096,alternative_parents: N-acyl amines
73050811,CHEMONTID:0001664,alternative_parents: Tertiary carboxylic acid amides
73050811,CHEMONTID:0004144,alternative_parents: Heteroaromatic compounds
73050811,CHEMONTID:0002452,alternative_parents: Tertiary amines
73050811,CHEMONTID:0001661,alternative_parents: Secondary alcohols
73050811,CHEMONTID:0001897,"alternative_parents: 1,2-aminoalcohols"
73050811,CHEMONTID:0004176,alternative_parents: Amino acids
73050811,CHEMONTID:0001205,alternative_parents: Carboxylic acids
73050811,CHEMONTID:0002228,alternative_parents: Dialkylamines
73050811,CHEMONTID:0001137,alternative_parents: Monocarboxylic acids and derivatives
73050811,CHEMONTID:0004139,alternative_parents: Azacyclic compounds
73050811,CHEMONTID:0004140,alternative_parents: Oxacyclic compounds
73050811,CHEMONTID:0001831,alternative_parents: Carbonyl compounds
73050811,CHEMONTID:0004150,alternative_parents: Hydrocarbon derivatives
73050811,CHEMONTID:0003921,alternative_parents: Hydrochlorides
73050811,CHEMONTID:0003940,alternative_parents: Organic oxides
73050811,CHEMONTID:0001517,alternative_parents: Organofluorides
73050811,NotAvailable,"Substituents: [""Valine or derivatives"", ""N-acyl-alpha-amino acid"", ""N-acyl-alpha amino acid or derivatives"", ""N-acyl-l-alpha-amino acid"", ""Biphenyl"", ""Phenyltetrazole"", ""Chromane"", ""Benzopyran"", ""1-benzopyran"", ""Alkyl aryl ether"", ""Aralkylamine"", ""Aryl fluoride"", ""Aryl halide"", ""Benzenoid"", ""Monocyclic benzene moiety"", ""N-acyl-amine"", ""Azole"", ""Tetrazole"", ""Heteroaromatic compound"", ""Tertiary carboxylic acid amide"", ""Tertiary amine"", ""Secondary alcohol"", ""Carboxamide group"", ""Amino acid"", ""1,2-aminoalcohol"", ""Organoheterocyclic compound"", ""Azacycle"", ""Oxacycle"", ""Monocarboxylic acid or derivatives"", ""Ether"", ""Secondary aliphatic amine"", ""Carboxylic acid"", ""Secondary amine"", ""Organooxygen compound"", ""Carbonyl group"", ""Organic oxide"", ""Organic oxygen compound"", ""Organic nitrogen compound"", ""Hydrochloride"", ""Amine"", ""Hydrocarbon derivative"", ""Alcohol"", ""Organohalogen compound"", ""Organofluoride"", ""Organonitrogen compound"", ""Aromatic heteropolycyclic compound""]"
73050811,NotAvailable,External_descriptors: []
73050811,NotAvailable,"Ancestors: [""1,2-aminoalcohols"", ""1-benzopyrans"", ""Alcohols and polyols"", ""Alkanolamines"", ""Alkyl aryl ethers"", ""Alpha amino acids and derivatives"", ""Amines"", ""Amino acids"", ""Amino acids and derivatives"", ""Amino acids, peptides, and analogues"", ""Aralkylamines"", ""Aryl fluorides"", ""Aryl halides"", ""Azacyclic compounds"", ""Azoles"", ""Benzene and substituted derivatives"", ""Benzenoids"", ""Benzopyrans"", ""Biphenyls and derivatives"", ""Carbonyl compounds"", ""Carboxylic acid amides"", ""Carboxylic acid derivatives"", ""Carboxylic acids"", ""Carboxylic acids and derivatives"", ""Chemical entities"", ""Dialkylamines"", ""Ethers"", ""Fatty Acyls"", ""Fatty amides"", ""Heteroaromatic compounds"", ""Hydrocarbon derivatives"", ""Hydrochlorides"", ""Lipids and lipid-like molecules"", ""Monocarboxylic acids and derivatives"", ""N-acyl amines"", ""N-acyl-L-alpha-amino acids"", ""N-acyl-alpha amino acids"", ""N-acyl-alpha amino acids and derivatives"", ""Organic acids and derivatives"", ""Organic compounds"", ""Organic nitrogen compounds"", ""Organic oxides"", ""Organic oxygen compounds"", ""Organic salts"", ""Organofluorides"", ""Organohalogen compounds"", ""Organoheterocyclic compounds"", ""Organonitrogen compounds"", ""Organooxygen compounds"", ""Organopnictogen compounds"", ""Oxacyclic compounds"", ""Phenyltetrazoles and derivatives"", ""Secondary alcohols"", ""Secondary amines"", ""Tertiary amines"", ""Tertiary carboxylic acid amides"", ""Tetrazoles"", ""Valine and derivatives""]"
73050811,NotAvailable,"predicted_chebi_terms: [""N-acyl-L-alpha-amino acid (CHEBI:48927)"", ""biphenyls (CHEBI:22888)"", ""tetrazoles (CHEBI:35689)"", ""1-benzopyran (CHEBI:38443)"", ""aromatic ether (CHEBI:35618)"", ""aralkylamine (CHEBI:18000)"", ""organofluorine compound (CHEBI:37143)"", ""fatty amide (CHEBI:29348)"", ""carboxamide (CHEBI:37622)"", ""organic aromatic compound (CHEBI:33659)"", ""tertiary amine (CHEBI:32876)"", ""secondary alcohol (CHEBI:35681)"", ""amino alcohol (CHEBI:22478)"", ""amino acid (CHEBI:33709)"", ""carboxylic acid (CHEBI:33575)"", ""secondary amino compound (CHEBI:50995)"", ""monocarboxylic acid (CHEBI:25384)"", ""organonitrogen heterocyclic compound (CHEBI:38101)"", ""oxacycle (CHEBI:38104)"", ""carbonyl compound (CHEBI:36586)"", ""organic molecule (CHEBI:72695)"", ""hydrochloride (CHEBI:36807)"", ""organic oxide (CHEBI:25701)"", ""valine derivative (CHEBI:27267)"", ""chemical entity (CHEBI:24431)"", ""organic acid (CHEBI:64709)"", ""organonitrogen compound (CHEBI:35352)"", ""organooxygen compound (CHEBI:36963)"", ""N-acyl-amino acid (CHEBI:51569)"", ""benzenoid aromatic compound (CHEBI:33836)"", ""benzenes (CHEBI:22712)"", ""organic heterocyclic compound (CHEBI:24532)"", ""azole (CHEBI:68452)"", ""benzopyran (CHEBI:22727)"", ""oxygen molecular entity (CHEBI:25806)"", ""organic molecular entity (CHEBI:50860)"", ""ether (CHEBI:25698)"", ""nitrogen molecular entity (CHEBI:51143)"", ""amine (CHEBI:32952)"", ""organohalogen compound (CHEBI:36684)"", ""haloarene (CHEBI:50887)"", ""lipid (CHEBI:18059)"", ""amide (CHEBI:32988)"", ""polyol (CHEBI:26191)"", ""organic hydroxy compound (CHEBI:33822)"", ""alcohol (CHEBI:30879)"", ""secondary amine (CHEBI:32863)"", ""organic salt (CHEBI:24868)""]"
73050811,NotAvailable,"predicted_lipidmaps_terms: [""Diphenyl ethers, biphenyls, dibenzyls and stilbenes (PK1309)"", ""N-acyl amines (FA0802)"", ""Benzopyranoids (PK1311)"", ""Fatty Acyls (FA)"", ""Fatty amides (FA08)""]"
73050811,NotAvailable,Classification_version: 2.1
73427314,CHEMONTID:0000000,Kingdom: Organic compounds
73427314,CHEMONTID:0000264,Superclass: Organic acids and derivatives
73427314,CHEMONTID:0000265,Class: Carboxylic acids and derivatives
73427314,CHEMONTID:0000013,"Subclass: Amino acids, peptides, and analogues"
73427314,CHEMONTID:0000347,Intermediate_nodes: Amino acids and derivatives
73427314,CHEMONTID:0000060,Intermediate_nodes: Alpha amino acids and derivatives
73427314,CHEMONTID:0002309,Direct_parent: Alpha amino acid amides
73427314,CHEMONTID:0002363,alternative_parents: Phenylacetamides
73427314,CHEMONTID:0004145,alternative_parents: D-alpha-amino acids
73427314,CHEMONTID:0003899,alternative_parents: Aralkylamines
73427314,CHEMONTID:0000226,alternative_parents: Thiazolidines
73427314,CHEMONTID:0001663,alternative_parents: Secondary carboxylic acid amides
73427314,CHEMONTID:0000118,alternative_parents: Ketones
73427314,CHEMONTID:0004176,alternative_parents: Amino acids
73427314,CHEMONTID:0001666,alternative_parents: Thiohemiaminal derivatives
73427314,CHEMONTID:0001137,alternative_parents: Monocarboxylic acids and derivatives
73427314,CHEMONTID:0003862,alternative_parents: Dialkylthioethers
73427314,CHEMONTID:0001205,alternative_parents: Carboxylic acids
73427314,CHEMONTID:0004139,alternative_parents: Azacyclic compounds
73427314,CHEMONTID:0003940,alternative_parents: Organic oxides
73427314,CHEMONTID:0000469,alternative_parents: Monoalkylamines
73427314,CHEMONTID:0004150,alternative_parents: Hydrocarbon derivatives
73427314,NotAvailable,mMlecular_framework: Aromatic heteromonocyclic compounds
73427314,NotAvailable,"Substituents: [""Alpha-amino acid amide"", ""Phenylacetamide"", ""D-alpha-amino acid"", ""Aralkylamine"", ""Monocyclic benzene moiety"", ""Benzenoid"", ""Thiazolidine"", ""Carboxamide group"", ""Ketone"", ""Secondary carboxylic acid amide"", ""Amino acid"", ""Azacycle"", ""Carboxylic acid"", ""Organoheterocyclic compound"", ""Monocarboxylic acid or derivatives"", ""Dialkylthioether"", ""Thioether"", ""Hemithioaminal"", ""Organonitrogen compound"", ""Organic oxygen compound"", ""Primary aliphatic amine"", ""Organooxygen compound"", ""Primary amine"", ""Carbonyl group"", ""Organic nitrogen compound"", ""Hydrocarbon derivative"", ""Amine"", ""Organic oxide"", ""Aromatic heteromonocyclic compound""]"
73427314,NotAvailable,External_descriptors: []
73427314,NotAvailable,"Ancestors: [""Alpha amino acid amides"", ""Alpha amino acids"", ""Alpha amino acids and derivatives"", ""Amines"", ""Amino acids"", ""Amino acids and derivatives"", ""Amino acids, peptides, and analogues"", ""Aralkylamines"", ""Azacyclic compounds"", ""Azolidines"", ""Benzene and substituted derivatives"", ""Benzenoids"", ""Carbonyl compounds"", ""Carboxylic acid amides"", ""Carboxylic acid derivatives"", ""Carboxylic acids"", ""Carboxylic acids and derivatives"", ""Chemical entities"", ""D-alpha-amino acids"", ""Dialkylamines"", ""Dialkylthioethers"", ""Fatty Acyls"", ""Fatty acids and conjugates"", ""Fatty amides"", ""Hydrocarbon derivatives"", ""Ketones"", ""Lipids and lipid-like molecules"", ""Monoalkylamines"", ""Monocarboxylic acids and derivatives"", ""N-acyl amines"", ""Organic acids and derivatives"", ""Organic compounds"", ""Organic nitrogen compounds"", ""Organic oxides"", ""Organic oxygen compounds"", ""Organoheterocyclic compounds"", ""Organonitrogen compounds"", ""Organooxygen compounds"", ""Organopnictogen compounds"", ""Organosulfur compounds"", ""Phenylacetamides"", ""Primary amines"", ""Secondary amines"", ""Secondary carboxylic acid amides"", ""Sulfenyl compounds"", ""Thia fatty acids"", ""Thiazolidines"", ""Thioethers"", ""Thiohemiaminal derivatives"", ""Valine and derivatives""]"
73427314,NotAvailable,"predicted_chebi_terms: [""acetamides (CHEBI:22160)"", ""D-alpha-amino acid (CHEBI:16733)"", ""aralkylamine (CHEBI:18000)"", ""thiazolidines (CHEBI:35622)"", ""carboxamide (CHEBI:37622)"", ""ketone (CHEBI:17087)"", ""amino acid (CHEBI:33709)"", ""organosulfur compound (CHEBI:33261)"", ""monocarboxylic acid (CHEBI:25384)"", ""aliphatic sulfide (CHEBI:22327)"", ""carboxylic acid (CHEBI:33575)"", ""organonitrogen heterocyclic compound (CHEBI:38101)"", ""organic oxide (CHEBI:25701)"", ""alkylamine (CHEBI:13759)"", ""organic molecule (CHEBI:72695)"", ""amino acid amide (CHEBI:22475)"", ""chemical entity (CHEBI:24431)"", ""benzenoid aromatic compound (CHEBI:33836)"", ""benzenes (CHEBI:22712)"", ""organic acid (CHEBI:64709)"", ""carbonyl compound (CHEBI:36586)"", ""organonitrogen compound (CHEBI:35352)"", ""organooxygen compound (CHEBI:36963)"", ""alpha-amino acid (CHEBI:33704)"", ""nitrogen molecular entity (CHEBI:51143)"", ""organic molecular entity (CHEBI:50860)"", ""amine (CHEBI:32952)"", ""organic heterocyclic compound (CHEBI:24532)"", ""amide (CHEBI:32988)"", ""oxygen molecular entity (CHEBI:25806)"", ""organic sulfide (CHEBI:16385)"", ""primary amine (CHEBI:32877)""]"
73427314,NotAvailable,predicted_lipidmaps_terms: []
73427314,NotAvailable,Classification_version: 2.1
73427315,CHEMONTID:0000000,Kingdom: Organic compounds
73427315,CHEMONTID:0000264,Superclass: Organic acids and derivatives
73427315,CHEMONTID:0000265,Class: Carboxylic acids and derivatives
73427315,CHEMONTID:0000013,"Subclass: Amino acids, peptides, and analogues"
73427315,CHEMONTID:0000347,Intermediate_nodes: Amino acids and derivatives
73427315,CHEMONTID:0000060,Intermediate_nodes: Alpha amino acids and derivatives
73427315,CHEMONTID:0002309,Direct_parent: Alpha amino acid amides
73427315,CHEMONTID:0002363,alternative_parents: Phenylacetamides
73427315,CHEMONTID:0004145,alternative_parents: D-alpha-amino acids
73427315,CHEMONTID:0004646,alternative_parents: 1-hydroxy-2-unsubstituted benzenoids
73427315,CHEMONTID:0003899,alternative_parents: Aralkylamines
73427315,CHEMONTID:0000226,alternative_parents: Thiazolidines
73427315,CHEMONTID:0004176,alternative_parents: Amino acids
73427315,CHEMONTID:0001663,alternative_parents: Secondary carboxylic acid amides
73427315,CHEMONTID:0000118,alternative_parents: Ketones
73427315,CHEMONTID:0003862,alternative_parents: Dialkylthioethers
73427315,CHEMONTID:0001205,alternative_parents: Carboxylic acids
73427315,CHEMONTID:0004139,alternative_parents: Azacyclic compounds
73427315,CHEMONTID:0001666,alternative_parents: Thiohemiaminal derivatives
73427315,CHEMONTID:0001137,alternative_parents: Monocarboxylic acids and derivatives
73427315,CHEMONTID:0004150,alternative_parents: Hydrocarbon derivatives
73427315,CHEMONTID:0003940,alternative_parents: Organic oxides
73427315,CHEMONTID:0000469,alternative_parents: Monoalkylamines
73427315,NotAvailable,mMlecular_framework: Aromatic heteromonocyclic compounds
73427315,NotAvailable,"Substituents: [""Alpha-amino acid amide"", ""Phenylacetamide"", ""D-alpha-amino acid"", ""1-hydroxy-2-unsubstituted benzenoid"", ""Phenol"", ""Aralkylamine"", ""Monocyclic benzene moiety"", ""Benzenoid"", ""Thiazolidine"", ""Carboxamide group"", ""Ketone"", ""Secondary carboxylic acid amide"", ""Amino acid"", ""Azacycle"", ""Organoheterocyclic compound"", ""Carboxylic acid"", ""Dialkylthioether"", ""Monocarboxylic acid or derivatives"", ""Thioether"", ""Hemithioaminal"", ""Organonitrogen compound"", ""Carbonyl group"", ""Primary aliphatic amine"", ""Organic oxygen compound"", ""Organooxygen compound"", ""Organic oxide"", ""Primary amine"", ""Hydrocarbon derivative"", ""Organic nitrogen compound"", ""Amine"", ""Aromatic heteromonocyclic compound""]"
73427315,NotAvailable,External_descriptors: []
73427315,NotAvailable,"Ancestors: [""1-hydroxy-2-unsubstituted benzenoids"", ""Alpha amino acid amides"", ""Alpha amino acids"", ""Alpha amino acids and derivatives"", ""Amines"", ""Amino acids"", ""Amino acids and derivatives"", ""Amino acids, peptides, and analogues"", ""Aralkylamines"", ""Azacyclic compounds"", ""Azolidines"", ""Benzene and substituted derivatives"", ""Benzenoids"", ""Carbonyl compounds"", ""Carboxylic acid amides"", ""Carboxylic acid derivatives"", ""Carboxylic acids"", ""Carboxylic acids and derivatives"", ""Chemical entities"", ""D-alpha-amino acids"", ""Dialkylamines"", ""Dialkylthioethers"", ""Fatty Acyls"", ""Fatty acids and conjugates"", ""Fatty amides"", ""Hydrocarbon derivatives"", ""Hydroxy fatty acids"", ""Ketones"", ""Lipids and lipid-like molecules"", ""Monoalkylamines"", ""Monocarboxylic acids and derivatives"", ""N-acyl amines"", ""Organic acids and derivatives"", ""Organic compounds"", ""Organic nitrogen compounds"", ""Organic oxides"", ""Organic oxygen compounds"", ""Organoheterocyclic compounds"", ""Organonitrogen compounds"", ""Organooxygen compounds"", ""Organopnictogen compounds"", ""Organosulfur compounds"", ""Phenols"", ""Phenylacetamides"", ""Primary amines"", ""Secondary amines"", ""Secondary carboxylic acid amides"", ""Sulfenyl compounds"", ""Thia fatty acids"", ""Thiazolidines"", ""Thioethers"", ""Thiohemiaminal derivatives"", ""Valine and derivatives""]"
73427315,NotAvailable,"predicted_chebi_terms: [""acetamides (CHEBI:22160)"", ""D-alpha-amino acid (CHEBI:16733)"", ""phenols (CHEBI:33853)"", ""aralkylamine (CHEBI:18000)"", ""thiazolidines (CHEBI:35622)"", ""amino acid (CHEBI:33709)"", ""carboxamide (CHEBI:37622)"", ""ketone (CHEBI:17087)"", ""aliphatic sulfide (CHEBI:22327)"", ""carboxylic acid (CHEBI:33575)"", ""organonitrogen heterocyclic compound (CHEBI:38101)"", ""organosulfur compound (CHEBI:33261)"", ""monocarboxylic acid (CHEBI:25384)"", ""organic molecule (CHEBI:72695)"", ""organic oxide (CHEBI:25701)"", ""alkylamine (CHEBI:13759)"", ""amino acid amide (CHEBI:22475)"", ""chemical entity (CHEBI:24431)"", ""benzenoid aromatic compound (CHEBI:33836)"", ""benzenes (CHEBI:22712)"", ""organic acid (CHEBI:64709)"", ""carbonyl compound (CHEBI:36586)"", ""organonitrogen compound (CHEBI:35352)"", ""organooxygen compound (CHEBI:36963)"", ""alpha-amino acid (CHEBI:33704)"", ""nitrogen molecular entity (CHEBI:51143)"", ""organic molecular entity (CHEBI:50860)"", ""amine (CHEBI:32952)"", ""organic heterocyclic compound (CHEBI:24532)"", ""amide (CHEBI:32988)"", ""oxygen molecular entity (CHEBI:25806)"", ""organic sulfide (CHEBI:16385)"", ""primary amine (CHEBI:32877)""]"
73427315,NotAvailable,predicted_lipidmaps_terms: []
73427315,NotAvailable,Classification_version: 2.1
73427331,CHEMONTID:0000000,Kingdom: Organic compounds
73427331,CHEMONTID:0000012,Superclass: Lipids and lipid-like molecules
73427331,CHEMONTID:0000257,Class: Sphingolipids
73427331,CHEMONTID:0003258,Subclass: Glycosphingolipids
73427331,CHEMONTID:0001419,Intermediate_nodes: Neutral glycosphingolipids
73427331,CHEMONTID:0001428,Intermediate_nodes: Simple glycosylceramides
73427331,CHEMONTID:0004305,Direct_parent: Glycosyl-N-acylsphingosines
73427331,CHEMONTID:0000198,alternative_parents: Oligosaccharides
73427331,CHEMONTID:0002276,alternative_parents: N-acyl-alpha-hexosamines
73427331,CHEMONTID:0002813,alternative_parents: O-glucuronides
73427331,CHEMONTID:0002125,alternative_parents: Alkyl glycosides
73427331,CHEMONTID:0002207,alternative_parents: O-glycosyl compounds
73427331,CHEMONTID:0001713,alternative_parents: Beta hydroxy acids and derivatives
73427331,CHEMONTID:0001185,alternative_parents: Sulfuric acid monoesters
73427331,CHEMONTID:0000086,alternative_parents: Pyrans
73427331,CHEMONTID:0002012,alternative_parents: Oxanes
73427331,CHEMONTID:0003456,alternative_parents: Alkyl sulfates
73427331,CHEMONTID:0003922,alternative_parents: Acetamides
73427331,CHEMONTID:0001663,alternative_parents: Secondary carboxylic acid amides
73427331,CHEMONTID:0001661,alternative_parents: Secondary alcohols
73427331,CHEMONTID:0001656,alternative_parents: Acetals
73427331,CHEMONTID:0004140,alternative_parents: Oxacyclic compounds
73427331,CHEMONTID:0001205,alternative_parents: Carboxylic acids
73427331,CHEMONTID:0001137,alternative_parents: Monocarboxylic acids and derivatives
73427331,CHEMONTID:0001831,alternative_parents: Carbonyl compounds
73427331,CHEMONTID:0000278,alternative_parents: Organonitrogen compounds
73427331,CHEMONTID:0000286,alternative_parents: Primary alcohols
73427331,CHEMONTID:0004150,alternative_parents: Hydrocarbon derivatives
73427331,CHEMONTID:0004557,alternative_parents: Organopnictogen compounds
73427331,CHEMONTID:0003940,alternative_parents: Organic oxides
73427331,NotAvailable,mMlecular_framework: Aliphatic heteromonocyclic compounds
73427331,NotAvailable,"Substituents: [""Glycosyl-n-acylsphingosine"", ""Oligosaccharide"", ""Fatty acyl glycoside"", ""N-acyl-alpha-hexosamine"", ""1-o-glucuronide"", ""O-glucuronide"", ""Glucuronic acid or derivatives"", ""Alkyl glycoside"", ""Glycosyl compound"", ""O-glycosyl compound"", ""Beta-hydroxy acid"", ""Hydroxy acid"", ""Fatty acyl"", ""Sulfuric acid ester"", ""Oxane"", ""Pyran"", ""Sulfuric acid monoester"", ""Sulfate-ester"", ""Alkyl sulfate"", ""Organic sulfuric acid or derivatives"", ""Acetamide"", ""Carboxamide group"", ""Secondary carboxylic acid amide"", ""Secondary alcohol"", ""Carboxylic acid derivative"", ""Organoheterocyclic compound"", ""Oxacycle"", ""Monocarboxylic acid or derivatives"", ""Acetal"", ""Carboxylic acid"", ""Organooxygen compound"", ""Organic oxide"", ""Organopnictogen compound"", ""Hydrocarbon derivative"", ""Organic nitrogen compound"", ""Primary alcohol"", ""Organic oxygen compound"", ""Alcohol"", ""Carbonyl group"", ""Organonitrogen compound"", ""Aliphatic heteromonocyclic compound""]"
73427331,NotAvailable,External_descriptors: []
73427331,NotAvailable,"Ancestors: [""Acetals"", ""Acetamides"", ""Alcohols and polyols"", ""Alkyl glycosides"", ""Alkyl sulfates"", ""Aminosaccharides"", ""Beta hydroxy acids and derivatives"", ""Carbohydrates and carbohydrate conjugates"", ""Carbonyl compounds"", ""Carboxylic acid amides"", ""Carboxylic acid derivatives"", ""Carboxylic acids"", ""Carboxylic acids and derivatives"", ""Chemical entities"", ""Ethers"", ""Fatty Acyls"", ""Fatty acids and conjugates"", ""Fatty acyl glycosides"", ""Fatty acyl glycosides of mono- and disaccharides"", ""Glucuronic acid derivatives"", ""Glucuronides"", ""Glycosphingolipids"", ""Glycosyl compounds"", ""Glycosyl-N-acylsphingosines"", ""Heterocyclic fatty acids"", ""Hydrocarbon derivatives"", ""Hydroxy acids and derivatives"", ""Hydroxy fatty acids"", ""Lipids and lipid-like molecules"", ""Monocarboxylic acids and derivatives"", ""Monosaccharides"", ""N-acyl-alpha-hexosamines"", ""Neutral glycosphingolipids"", ""O-glucuronides"", ""O-glycosyl compounds"", ""Oligosaccharides"", ""Organic acids and derivatives"", ""Organic compounds"", ""Organic nitrogen compounds"", ""Organic oxides"", ""Organic oxygen compounds"", ""Organic sulfuric acids and derivatives"", ""Organoheterocyclic compounds"", ""Organonitrogen compounds"", ""Organooxygen compounds"", ""Organopnictogen compounds"", ""Oxacyclic compounds"", ""Oxanes"", ""Primary alcohols"", ""Pyrans"", ""Secondary alcohols"", ""Secondary carboxylic acid amides"", ""Short-chain hydroxy acids and derivatives"", ""Simple glycosylceramides"", ""Sphingolipids"", ""Sugar acids and derivatives"", ""Sulfated fatty acids"", ""Sulfuric acid esters"", ""Sulfuric acid monoesters""]"
73427331,NotAvailable,"predicted_chebi_terms: [""oligosaccharide (CHEBI:50699)"", ""N-acyl-hexosamine (CHEBI:21656)"", ""glucosiduronic acid (CHEBI:24302)"", ""glycoside (CHEBI:24400)"", ""3-hydroxy carboxylic acid (CHEBI:61355)"", ""sulfuric ester (CHEBI:26819)"", ""pyrans (CHEBI:26407)"", ""oxanes (CHEBI:46942)"", ""alkyl sulfate (CHEBI:29281)"", ""acetamides (CHEBI:22160)"", ""carboxamide (CHEBI:37622)"", ""secondary alcohol (CHEBI:35681)"", ""acetal (CHEBI:59769)"", ""oxacycle (CHEBI:38104)"", ""carboxylic acid (CHEBI:33575)"", ""monocarboxylic acid (CHEBI:25384)"", ""carbonyl compound (CHEBI:36586)"", ""organonitrogen compound (CHEBI:35352)"", ""primary alcohol (CHEBI:15734)"", ""organic molecule (CHEBI:72695)"", ""pnictogen molecular entity (CHEBI:33302)"", ""organic molecular entity (CHEBI:50860)"", ""organic oxide (CHEBI:25701)"", ""glycosylceramide (CHEBI:62941)"", ""chemical entity (CHEBI:24431)"", ""oxygen molecular entity (CHEBI:25806)"", ""organooxygen compound (CHEBI:36963)"", ""carbohydrates and carbohydrate derivatives (CHEBI:78616)"", ""amino sugar (CHEBI:28963)"", ""carbohydrate acid derivative (CHEBI:63436)"", ""lipid (CHEBI:18059)"", ""fatty acid derivative (CHEBI:61697)"", ""O-acyl carbohydrate (CHEBI:52782)"", ""organic acid (CHEBI:64709)"", ""hydroxy carboxylic acid (CHEBI:24669)"", ""sulfuric acid derivative (CHEBI:37826)"", ""organic heterocyclic compound (CHEBI:24532)"", ""amide (CHEBI:32988)"", ""polyol (CHEBI:26191)"", ""organic hydroxy compound (CHEBI:33822)"", ""alcohol (CHEBI:30879)"", ""ether (CHEBI:25698)"", ""nitrogen molecular entity (CHEBI:51143)"", ""sphingolipid (CHEBI:26739)"", ""glycosphingolipid (CHEBI:24402)"", ""oligoglycosylceramide (CHEBI:36520)""]"
73427331,NotAvailable,"predicted_lipidmaps_terms: [""Fatty acyl glycosides (FA13)"", ""Simple Glc series (SP0501)"", ""Fatty Acyls (FA)"", ""Sphingolipids (SP)"", ""Neutral glycosphingolipids (SP05)""]"
73427331,NotAvailable,Classification_version: 2.1
73442796,CHEMONTID:0000000,Kingdom: Organic compounds
73442796,CHEMONTID:0000002,Superclass: Organoheterocyclic compounds
73442796,CHEMONTID:0002389,Class: Diazinanes
73442796,CHEMONTID:0000189,Subclass: Piperazines
73442796,CHEMONTID:0001984,Direct_parent: Phenylpiperazines
73442796,CHEMONTID:0003359,alternative_parents: N-arylpiperazines
73442796,CHEMONTID:0003924,alternative_parents: Phenylalkylamines
73442796,CHEMONTID:0000284,alternative_parents: Aniline and substituted anilines
73442796,CHEMONTID:0002564,alternative_parents: Dichlorobenzenes
73442796,CHEMONTID:0003901,alternative_parents: Dialkylarylamines
73442796,CHEMONTID:0002458,alternative_parents: Secondary alkylarylamines
73442796,CHEMONTID:0004472,alternative_parents: Ketals
73442796,CHEMONTID:0002311,alternative_parents: N-substituted imidazoles
73442796,CHEMONTID:0001030,alternative_parents: Aryl chlorides
73442796,CHEMONTID:0001664,alternative_parents: Tertiary carboxylic acid amides
73442796,CHEMONTID:0001316,"alternative_parents: 1,3-dioxolanes"
73442796,CHEMONTID:0003922,alternative_parents: Acetamides
73442796,CHEMONTID:0004144,alternative_parents: Heteroaromatic compounds
73442796,CHEMONTID:0000347,alternative_parents: Amino acids and derivatives
73442796,CHEMONTID:0004140,alternative_parents: Oxacyclic compounds
73442796,CHEMONTID:0004139,alternative_parents: Azacyclic compounds
73442796,CHEMONTID:0001831,alternative_parents: Carbonyl compounds
73442796,CHEMONTID:0004150,alternative_parents: Hydrocarbon derivatives
73442796,CHEMONTID:0003940,alternative_parents: Organic oxides
73442796,CHEMONTID:0001516,alternative_parents: Organochlorides
73442796,CHEMONTID:0004557,alternative_parents: Organopnictogen compounds
73442796,NotAvailable,mMlecular_framework: Aromatic heteromonocyclic compounds
73442796,NotAvailable,"Substituents: [""Phenylpiperazine"", ""N-arylpiperazine"", ""1,3-dichlorobenzene"", ""Tertiary aliphatic/aromatic amine"", ""Dialkylarylamine"", ""Aniline or substituted anilines"", ""Phenylalkylamine"", ""Ketal"", ""Chlorobenzene"", ""Halobenzene"", ""Secondary aliphatic/aromatic amine"", ""Aryl chloride"", ""Aryl halide"", ""Benzenoid"", ""Monocyclic benzene moiety"", ""N-substituted imidazole"", ""Heteroaromatic compound"", ""Acetamide"", ""Azole"", ""Tertiary carboxylic acid amide"", ""Meta-dioxolane"", ""Imidazole"", ""Amino acid or derivatives"", ""Carboxamide group"", ""Tertiary amine"", ""Azacycle"", ""Oxacycle"", ""Secondary amine"", ""Acetal"", ""Carboxylic acid derivative"", ""Organonitrogen compound"", ""Organic oxide"", ""Organic nitrogen compound"", ""Carbonyl group"", ""Organic oxygen compound"", ""Amine"", ""Organopnictogen compound"", ""Organooxygen compound"", ""Hydrocarbon derivative"", ""Organohalogen compound"", ""Organochloride"", ""Aromatic heteromonocyclic compound""]"
73442796,NotAvailable,External_descriptors: []
73442796,NotAvailable,"Ancestors: [""1,3-dioxolanes"", ""Acetals"", ""Acetamides"", ""Amidines"", ""Amines"", ""Amino acids and derivatives"", ""Amino acids, peptides, and analogues"", ""Aniline and substituted anilines"", ""Aralkylamines"", ""Aryl chlorides"", ""Aryl halides"", ""Azacyclic compounds"", ""Azoles"", ""Benzene and substituted derivatives"", ""Benzenoids"", ""Carbonyl compounds"", ""Carboximidamides"", ""Carboxylic acid amides"", ""Carboxylic acid derivatives"", ""Carboxylic acids and derivatives"", ""Chemical entities"", ""Chloroalkenes"", ""Chlorobenzenes"", ""Dialkylamines"", ""Dialkylarylamines"", ""Diazinanes"", ""Dichlorobenzenes"", ""Dioxolanes"", ""Enamines"", ""Ethers"", ""Formamidines"", ""Haloalkenes"", ""Halobenzenes"", ""Heteroaromatic compounds"", ""Hydrocarbon derivatives"", ""Imidazoles"", ""Ketals"", ""N-arylpiperazines"", ""N-substituted imidazoles"", ""Organic 1,3-dipolar compounds"", ""Organic acids and derivatives"", ""Organic compounds"", ""Organic nitrogen compounds"", ""Organic oxides"", ""Organic oxygen compounds"", ""Organochlorides"", ""Organohalogen compounds"", ""Organoheterocyclic compounds"", ""Organonitrogen compounds"", ""Organooxygen compounds"", ""Organopnictogen compounds"", ""Oxacyclic compounds"", ""Phenylalkylamines"", ""Phenylpiperazines"", ""Piperazines"", ""Propargyl-type 1,3-dipolar organic compounds"", ""Secondary alkylarylamines"", ""Secondary amines"", ""Substituted imidazoles"", ""Tertiary alkylarylamines"", ""Tertiary amines"", ""Tertiary carboxylic acid amides"", ""Trialkylamines"", ""Vinyl chlorides"", ""Vinyl halides""]"
73442796,NotAvailable,"predicted_chebi_terms: [""N-arylpiperazine (CHEBI:46848)"", ""phenylalkylamine (CHEBI:60977)"", ""anilines (CHEBI:22562)"", ""dichlorobenzene (CHEBI:23697)"", ""dialkylarylamine (CHEBI:23665)"", ""tertiary amino compound (CHEBI:50996)"", ""secondary amine (CHEBI:32863)"", ""ketal (CHEBI:59777)"", ""imidazoles (CHEBI:24780)"", ""organochlorine compound (CHEBI:36683)"", ""carboxamide (CHEBI:37622)"", ""dioxolane (CHEBI:39430)"", ""acetamides (CHEBI:22160)"", ""organic aromatic compound (CHEBI:33659)"", ""organonitrogen compound (CHEBI:35352)"", ""organooxygen compound (CHEBI:36963)"", ""oxacycle (CHEBI:38104)"", ""organonitrogen heterocyclic compound (CHEBI:38101)"", ""carbonyl compound (CHEBI:36586)"", ""organic molecule (CHEBI:72695)"", ""organic oxide (CHEBI:25701)"", ""pnictogen molecular entity (CHEBI:33302)"", ""organic molecular entity (CHEBI:50860)"", ""piperazines (CHEBI:26144)"", ""chemical entity (CHEBI:24431)"", ""organic heterocyclic compound (CHEBI:24532)"", ""organic heteromonocyclic compound (CHEBI:25693)"", ""nitrogen molecular entity (CHEBI:51143)"", ""amine (CHEBI:32952)"", ""aralkylamine (CHEBI:18000)"", ""benzenoid aromatic compound (CHEBI:33836)"", ""benzenes (CHEBI:22712)"", ""organohalogen compound (CHEBI:36684)"", ""tertiary amine (CHEBI:32876)"", ""oxygen molecular entity (CHEBI:25806)"", ""ether (CHEBI:25698)"", ""acetal (CHEBI:59769)"", ""azole (CHEBI:68452)"", ""haloarene (CHEBI:50887)"", ""organic acid (CHEBI:64709)"", ""carboxylic acid (CHEBI:33575)"", ""amide (CHEBI:32988)""]"
73442796,NotAvailable,predicted_lipidmaps_terms: []
73442796,NotAvailable,Classification_version: 2.1
76936808,CHEMONTID:0000000,Kingdom: Organic compounds
76936808,CHEMONTID:0000012,Superclass: Lipids and lipid-like molecules
76936808,CHEMONTID:0003909,Class: Fatty Acyls
76936808,CHEMONTID:0000262,Subclass: Fatty acids and conjugates
76936808,CHEMONTID:0003086,Direct_parent: Medium-chain fatty acids
76936808,CHEMONTID:0003544,alternative_parents: Methyl-branched fatty acids
76936808,CHEMONTID:0000489,alternative_parents: Amino fatty acids
76936808,CHEMONTID:0000331,alternative_parents: Fatty amides
76936808,CHEMONTID:0001662,alternative_parents: Primary carboxylic acid amides
76936808,CHEMONTID:0001137,alternative_parents: Monocarboxylic acids and derivatives
76936808,CHEMONTID:0001205,alternative_parents: Carboxylic acids
76936808,CHEMONTID:0000278,alternative_parents: Organonitrogen compounds
76936808,CHEMONTID:0003940,alternative_parents: Organic oxides
76936808,CHEMONTID:0004150,alternative_parents: Hydrocarbon derivatives
76936808,CHEMONTID:0001831,alternative_parents: Carbonyl compounds
76936808,NotAvailable,mMlecular_framework: Aliphatic acyclic compounds
76936808,NotAvailable,"Substituents: [""Medium-chain fatty acid"", ""Amino fatty acid"", ""Branched fatty acid"", ""Methyl-branched fatty acid"", ""Fatty amide"", ""Carboxamide group"", ""Primary carboxylic acid amide"", ""Monocarboxylic acid or derivatives"", ""Carboxylic acid"", ""Carboxylic acid derivative"", ""Organooxygen compound"", ""Organonitrogen compound"", ""Organic oxide"", ""Carbonyl group"", ""Organic oxygen compound"", ""Organic nitrogen compound"", ""Hydrocarbon derivative"", ""Aliphatic acyclic compound""]"
76936808,NotAvailable,External_descriptors: []
76936808,NotAvailable,"Ancestors: [""Amino fatty acids"", ""Branched fatty acids"", ""Carbonyl compounds"", ""Carboxylic acid amides"", ""Carboxylic acid derivatives"", ""Carboxylic acids"", ""Carboxylic acids and derivatives"", ""Chemical entities"", ""Fatty Acyls"", ""Fatty acids and conjugates"", ""Fatty amides"", ""Hydrocarbon derivatives"", ""Lipids and lipid-like molecules"", ""Medium-chain fatty acids"", ""Methyl-branched fatty acids"", ""Monocarboxylic acids and derivatives"", ""Organic acids and derivatives"", ""Organic compounds"", ""Organic nitrogen compounds"", ""Organic oxides"", ""Organic oxygen compounds"", ""Organonitrogen compounds"", ""Organooxygen compounds"", ""Organopnictogen compounds"", ""Primary carboxylic acid amides""]"
76936808,NotAvailable,"predicted_chebi_terms: [""methyl-branched fatty acid (CHEBI:62499)"", ""amino fatty acid (CHEBI:59650)"", ""fatty amide (CHEBI:29348)"", ""carboxamide (CHEBI:37622)"", ""monocarboxylic acid (CHEBI:25384)"", ""carboxylic acid (CHEBI:33575)"", ""organonitrogen compound (CHEBI:35352)"", ""organic oxide (CHEBI:25701)"", ""organic molecule (CHEBI:72695)"", ""carbonyl compound (CHEBI:36586)"", ""medium-chain fatty acid (CHEBI:59554)"", ""chemical entity (CHEBI:24431)"", ""lipid (CHEBI:18059)"", ""organooxygen compound (CHEBI:36963)"", ""branched-chain fatty acid (CHEBI:35819)"", ""organic acid (CHEBI:64709)"", ""amide (CHEBI:32988)"", ""nitrogen molecular entity (CHEBI:51143)"", ""organic molecular entity (CHEBI:50860)"", ""oxygen molecular entity (CHEBI:25806)""]"
76936808,NotAvailable,"predicted_lipidmaps_terms: [""Branched fatty acids (FA0102)"", ""Amino fatty acids (FA0110)"", ""Fatty amides (FA08)"", ""Fatty Acids and Conjugates (FA01)"", ""Fatty Acyls (FA)""]"
76936808,NotAvailable,Classification_version: 2.1
77014446,CHEMONTID:0000000,Kingdom: Organic compounds
77014446,CHEMONTID:0002448,Superclass: Benzenoids
77014446,CHEMONTID:0002279,Class: Benzene and substituted derivatives
77014446,CHEMONTID:0000355,Subclass: Cumenes
77014446,CHEMONTID:0000355,Direct_parent: Cumenes
77014446,CHEMONTID:0002811,alternative_parents: Phenylpropanes
77014446,CHEMONTID:0001099,alternative_parents: Chlorobenzenes
77014446,CHEMONTID:0003899,alternative_parents: Aralkylamines
77014446,CHEMONTID:0004647,alternative_parents: 1-hydroxy-4-unsubstituted benzenoids
77014446,CHEMONTID:0001030,alternative_parents: Aryl chlorides
77014446,CHEMONTID:0003487,alternative_parents: Cyclic ketones
77014446,CHEMONTID:0002228,alternative_parents: Dialkylamines
77014446,CHEMONTID:0001516,alternative_parents: Organochlorides
77014446,CHEMONTID:0003940,alternative_parents: Organic oxides
77014446,CHEMONTID:0004150,alternative_parents: Hydrocarbon derivatives
77014446,NotAvailable,"Substituents: [""Cumene"", ""Phenylpropane"", ""Chlorobenzene"", ""Halobenzene"", ""Phenol"", ""1-hydroxy-4-unsubstituted benzenoid"", ""Aralkylamine"", ""Aryl halide"", ""Aryl chloride"", ""Cyclic ketone"", ""Ketone"", ""Secondary amine"", ""Secondary aliphatic amine"", ""Organic oxygen compound"", ""Organohalogen compound"", ""Organochloride"", ""Organonitrogen compound"", ""Organic nitrogen compound"", ""Amine"", ""Organooxygen compound"", ""Carbonyl group"", ""Hydrocarbon derivative"", ""Organic oxide"", ""Aromatic homomonocyclic compound""]"
77014446,NotAvailable,External_descriptors: []
77014446,NotAvailable,"Ancestors: [""1-hydroxy-4-unsubstituted benzenoids"", ""Amines"", ""Aralkylamines"", ""Aryl chlorides"", ""Aryl halides"", ""Benzene and substituted derivatives"", ""Benzenoids"", ""Carbonyl compounds"", ""Chemical entities"", ""Chlorobenzenes"", ""Cumenes"", ""Cyclic ketones"", ""Dialkylamines"", ""Halobenzenes"", ""Hydrocarbon derivatives"", ""Ketones"", ""Organic compounds"", ""Organic nitrogen compounds"", ""Organic oxides"", ""Organic oxygen compounds"", ""Organochlorides"", ""Organohalogen compounds"", ""Organonitrogen compounds"", ""Organooxygen compounds"", ""Phenols"", ""Phenylpropanes"", ""Secondary amines""]"
77014446,NotAvailable,"predicted_chebi_terms: [""alkylbenzene (CHEBI:38976)"", ""organochlorine compound (CHEBI:36683)"", ""aralkylamine (CHEBI:18000)"", ""phenols (CHEBI:33853)"", ""cyclic ketone (CHEBI:3992)"", ""secondary amino compound (CHEBI:50995)"", ""organic oxide (CHEBI:25701)"", ""organic molecule (CHEBI:72695)"", ""chemical entity (CHEBI:24431)"", ""benzenoid aromatic compound (CHEBI:33836)"", ""benzenes (CHEBI:22712)"", ""organohalogen compound (CHEBI:36684)"", ""nitrogen molecular entity (CHEBI:51143)"", ""organic molecular entity (CHEBI:50860)"", ""organonitrogen compound (CHEBI:35352)"", ""amine (CHEBI:32952)"", ""haloarene (CHEBI:50887)"", ""oxygen molecular entity (CHEBI:25806)"", ""organooxygen compound (CHEBI:36963)"", ""carbonyl compound (CHEBI:36586)"", ""ketone (CHEBI:17087)"", ""secondary amine (CHEBI:32863)""]"
77014446,NotAvailable,predicted_lipidmaps_terms: []
77014446,NotAvailable,Classification_version: 2.1
77050660,CHEMONTID:0000000,Kingdom: Organic compounds
77050660,CHEMONTID:0000002,Superclass: Organoheterocyclic compounds
77050660,CHEMONTID:0000160,Class: Lactams
77050660,CHEMONTID:0000162,Subclass: Beta lactams
77050660,CHEMONTID:0000168,Intermediate_nodes: Cephems
77050660,CHEMONTID:0000173,Direct_parent: Cephalosporins
77050660,CHEMONTID:0001189,alternative_parents: N-acyl-alpha amino acids and derivatives
77050660,CHEMONTID:0002309,alternative_parents: Alpha amino acid amides
77050660,CHEMONTID:0002312,alternative_parents: Piperidinecarboxamides
77050660,CHEMONTID:0002922,"alternative_parents: 1,3-diazepanes"
77050660,CHEMONTID:0002634,"alternative_parents: 2,4-disubstituted thiazoles"
77050660,CHEMONTID:0001347,"alternative_parents: 1,3-thiazines"
77050660,CHEMONTID:0001764,alternative_parents: Pyridinium derivatives
77050660,CHEMONTID:0004003,"alternative_parents: 2-amino-1,3-thiazoles"
77050660,CHEMONTID:0000346,alternative_parents: Dicarboxylic acids and derivatives
77050660,CHEMONTID:0001149,alternative_parents: Imidazolidinones
77050660,CHEMONTID:0001664,alternative_parents: Tertiary carboxylic acid amides
77050660,CHEMONTID:0000403,alternative_parents: Organic sulfuric acids and derivatives
77050660,CHEMONTID:0004144,alternative_parents: Heteroaromatic compounds
77050660,CHEMONTID:0002452,alternative_parents: Tertiary amines
77050660,CHEMONTID:0001663,alternative_parents: Secondary carboxylic acid amides
77050660,CHEMONTID:0001662,alternative_parents: Primary carboxylic acid amides
77050660,CHEMONTID:0004176,alternative_parents: Amino acids
77050660,CHEMONTID:0000102,alternative_parents: Azetidines
77050660,CHEMONTID:0001166,alternative_parents: Carboxylic acid salts
77050660,CHEMONTID:0001666,alternative_parents: Thiohemiaminal derivatives
77050660,CHEMONTID:0004139,alternative_parents: Azacyclic compounds
77050660,CHEMONTID:0001205,alternative_parents: Carboxylic acids
77050660,CHEMONTID:0003862,alternative_parents: Dialkylthioethers
77050660,CHEMONTID:0001831,alternative_parents: Carbonyl compounds
77050660,CHEMONTID:0002450,alternative_parents: Primary amines
77050660,CHEMONTID:0003610,alternative_parents: Organic zwitterions
77050660,CHEMONTID:0003865,alternative_parents: Organic salts
77050660,CHEMONTID:0004150,alternative_parents: Hydrocarbon derivatives
77050660,CHEMONTID:0003940,alternative_parents: Organic oxides
77050660,NotAvailable,"Substituents: [""Cephalosporin"", ""N-acyl-alpha amino acid or derivatives"", ""Alpha-amino acid amide"", ""Alpha-amino acid or derivatives"", ""2-piperidinecarboxamide"", ""Piperidinecarboxamide"", ""1,3-diazepane"", ""2,4-disubstituted 1,3-thiazole"", ""Diazepane"", ""Imidazolidinone"", ""Meta-thiazine"", ""Dicarboxylic acid or derivatives"", ""1,3-thiazol-2-amine"", ""Piperidine"", ""Pyridine"", ""Pyridinium"", ""Heteroaromatic compound"", ""Imidazolidine"", ""Organic sulfuric acid or derivatives"", ""Tertiary carboxylic acid amide"", ""Thiazole"", ""Azole"", ""Secondary carboxylic acid amide"", ""Amino acid"", ""Primary carboxylic acid amide"", ""Amino acid or derivatives"", ""Tertiary amine"", ""Carboxylic acid salt"", ""Carboxamide group"", ""Azetidine"", ""Azacycle"", ""Dialkylthioether"", ""Hemithioaminal"", ""Carboxylic acid derivative"", ""Thioether"", ""Carboxylic acid"", ""Organic oxide"", ""Carbonyl group"", ""Organic zwitterion"", ""Organic oxygen compound"", ""Organic salt"", ""Hydrocarbon derivative"", ""Organic nitrogen compound"", ""Amine"", ""Primary amine"", ""Organooxygen compound"", ""Organonitrogen compound"", ""Aromatic heteropolycyclic compound""]"
77050660,NotAvailable,External_descriptors: []
77050660,NotAvailable,"Ancestors: [""1,3-diazepanes"", ""1,3-thiazines"", ""2,4-disubstituted thiazoles"", ""2-amino-1,3-thiazoles"", ""Alpha amino acid amides"", ""Alpha amino acids and derivatives"", ""Amines"", ""Amino acids"", ""Amino acids and derivatives"", ""Amino acids, peptides, and analogues"", ""Aminothiazoles"", ""Azacyclic compounds"", ""Azetidines"", ""Azoles"", ""Azolidines"", ""Beta lactams"", ""Carbonyl compounds"", ""Carboxylic acid amides"", ""Carboxylic acid derivatives"", ""Carboxylic acid salts"", ""Carboxylic acids"", ""Carboxylic acids and derivatives"", ""Cephalosporins"", ""Cephems"", ""Chemical entities"", ""Dialkylthioethers"", ""Diazepanes"", ""Dicarboxylic acids and derivatives"", ""Heteroaromatic compounds"", ""Hydrocarbon derivatives"", ""Imidazolidines"", ""Imidazolidinones"", ""Lactams"", ""N-acyl-alpha amino acids and derivatives"", ""Organic acids and derivatives"", ""Organic carbonic acids and derivatives"", ""Organic compounds"", ""Organic nitrogen compounds"", ""Organic oxides"", ""Organic oxygen compounds"", ""Organic salts"", ""Organic sulfuric acids and derivatives"", ""Organic zwitterions"", ""Organoheterocyclic compounds"", ""Organonitrogen compounds"", ""Organooxygen compounds"", ""Organopnictogen compounds"", ""Organosulfur compounds"", ""Piperidinecarboxamides"", ""Piperidinecarboxylic acids and derivatives"", ""Piperidines"", ""Primary amines"", ""Primary carboxylic acid amides"", ""Pyridines and derivatives"", ""Pyridinium derivatives"", ""Secondary carboxylic acid amides"", ""Tertiary amines"", ""Tertiary carboxylic acid amides"", ""Thiazines"", ""Thiazoles"", ""Thioethers"", ""Thiohemiaminal derivatives""]"
77050660,NotAvailable,"predicted_chebi_terms: [""N-acyl-amino acid (CHEBI:51569)"", ""amino acid amide (CHEBI:22475)"", ""piperidinecarboxamide (CHEBI:48592)"", ""diazepane (CHEBI:38823)"", ""thiazoles (CHEBI:48901)"", ""1,3-thiazine (CHEBI:46975)"", ""pyridinium ion (CHEBI:50334)"", ""1,3-thiazole (CHEBI:38418)"", ""dicarboxylic acid (CHEBI:35692)"", ""imidazolidinone (CHEBI:55370)"", ""carboxamide (CHEBI:37622)"", ""sulfuric acid derivative (CHEBI:37826)"", ""organic aromatic compound (CHEBI:33659)"", ""tertiary amine (CHEBI:32876)"", ""amino acid (CHEBI:33709)"", ""azetidines (CHEBI:38777)"", ""organic salt (CHEBI:24868)"", ""organosulfur compound (CHEBI:33261)"", ""organonitrogen heterocyclic compound (CHEBI:38101)"", ""carboxylic acid (CHEBI:33575)"", ""aliphatic sulfide (CHEBI:22327)"", ""carbonyl compound (CHEBI:36586)"", ""primary amine (CHEBI:32877)"", ""zwitterion (CHEBI:27369)"", ""organic molecular entity (CHEBI:50860)"", ""organic molecule (CHEBI:72695)"", ""organic oxide (CHEBI:25701)"", ""cephalosporin (CHEBI:23066)"", ""chemical entity (CHEBI:24431)"", ""organic acid (CHEBI:64709)"", ""organonitrogen compound (CHEBI:35352)"", ""organooxygen compound (CHEBI:36963)"", ""organic heterocyclic compound (CHEBI:24532)"", ""piperidines (CHEBI:26151)"", ""azole (CHEBI:68452)"", ""thiazine (CHEBI:38326)"", ""pyridines (CHEBI:26421)"", ""imidazolidines (CHEBI:38261)"", ""amide (CHEBI:32988)"", ""nitrogen molecular entity (CHEBI:51143)"", ""amine (CHEBI:32952)"", ""organic sulfide (CHEBI:16385)"", ""oxygen molecular entity (CHEBI:25806)"", ""lactam (CHEBI:24995)"", ""beta-lactam (CHEBI:35627)"", ""cephem (CHEBI:38311)""]"
77050660,NotAvailable,"predicted_lipidmaps_terms: [""Dicarboxylic acids (FA0117)""]"
77050660,NotAvailable,Classification_version: 2.1
78673865,CHEMONTID:0000000,Kingdom: Organic compounds
78673865,CHEMONTID:0000002,Superclass: Organoheterocyclic compounds
78673865,CHEMONTID:0001455,Class: Tetrapyrroles and derivatives
78673865,CHEMONTID:0001926,Subclass: Metallotetrapyrroles
78673865,CHEMONTID:0001926,Direct_parent: Metallotetrapyrroles
78673865,CHEMONTID:0002259,alternative_parents: Pentose phosphates
78673865,CHEMONTID:0003737,alternative_parents: Nucleoside and nucleotide analogues
78673865,CHEMONTID:0002203,alternative_parents: Glycosylamines
78673865,CHEMONTID:0002987,alternative_parents: 6-aminopurines
78673865,CHEMONTID:0001541,alternative_parents: Monosaccharide phosphates
78673865,CHEMONTID:0001266,alternative_parents: Phosphoethanolamines
78673865,CHEMONTID:0001262,alternative_parents: Aminopyrimidines and derivatives
78673865,CHEMONTID:0003459,alternative_parents: Dialkyl phosphates
78673865,CHEMONTID:0002311,alternative_parents: N-substituted imidazoles
78673865,CHEMONTID:0003886,alternative_parents: Imidolactams
78673865,CHEMONTID:0000331,alternative_parents: Fatty amides
78673865,CHEMONTID:0001967,alternative_parents: Oxolanes
78673865,CHEMONTID:0000218,alternative_parents: Pyrrolidines
78673865,CHEMONTID:0004144,alternative_parents: Heteroaromatic compounds
78673865,CHEMONTID:0001663,alternative_parents: Secondary carboxylic acid amides
78673865,CHEMONTID:0000347,alternative_parents: Amino acids and derivatives
78673865,CHEMONTID:0001662,alternative_parents: Primary carboxylic acid amides
78673865,CHEMONTID:0001661,alternative_parents: Secondary alcohols
78673865,CHEMONTID:0004140,alternative_parents: Oxacyclic compounds
78673865,CHEMONTID:0003997,alternative_parents: Organic transition metal salts
78673865,CHEMONTID:0004139,alternative_parents: Azacyclic compounds
78673865,CHEMONTID:0003632,"alternative_parents: Carbene-type 1,3-dipolar compounds"
78673865,CHEMONTID:0000286,alternative_parents: Primary alcohols
78673865,CHEMONTID:0001831,alternative_parents: Carbonyl compounds
78673865,CHEMONTID:0004150,alternative_parents: Hydrocarbon derivatives
78673865,CHEMONTID:0003940,alternative_parents: Organic oxides
78673865,CHEMONTID:0002450,alternative_parents: Primary amines
78673865,CHEMONTID:0003608,alternative_parents: Organic anions
78673865,NotAvailable,mMlecular_framework: Aromatic heteropolycyclic compounds
78673865,NotAvailable,"Substituents: [""Metallotetrapyrrole skeleton"", ""Pentose phosphate"", ""Glycosyl compound"", ""N-glycosyl compound"", ""6-aminopurine"", ""Monosaccharide phosphate"", ""Pentose monosaccharide"", ""Imidazopyrimidine"", ""Purine"", ""Phosphoethanolamine"", ""Aminopyrimidine"", ""Dialkyl phosphate"", ""Fatty amide"", ""Fatty acyl"", ""Monosaccharide"", ""N-substituted imidazole"", ""Organic phosphoric acid derivative"", ""Phosphoric acid ester"", ""Imidolactam"", ""Pyrimidine"", ""Alkyl phosphate"", ""Azole"", ""Pyrrolidine"", ""Oxolane"", ""Heteroaromatic compound"", ""Imidazole"", ""Carboxamide group"", ""Secondary carboxylic acid amide"", ""Secondary alcohol"", ""Primary carboxylic acid amide"", ""Amino acid or derivatives"", ""Carbene-type 1,3-dipolar compound"", ""Carboxylic acid derivative"", ""Organic transition metal salt"", ""Oxacycle"", ""Azacycle"", ""Organic oxygen compound"", ""Organic nitrogen compound"", ""Organonitrogen compound"", ""Primary alcohol"", ""Primary amine"", ""Organooxygen compound"", ""Carbonyl group"", ""Amine"", ""Organic oxide"", ""Alcohol"", ""Hydrocarbon derivative"", ""Organic anion"", ""Aromatic heteropolycyclic compound""]"
78673865,NotAvailable,External_descriptors: []
78673865,NotAvailable,"Ancestors: [""6-aminopurines"", ""Alcohols and polyols"", ""Alkyl phosphates"", ""Amidines"", ""Amines"", ""Amino acids and derivatives"", ""Amino acids, peptides, and analogues"", ""Aminopyrimidines and derivatives"", ""Azacyclic compounds"", ""Azoles"", ""Carbene-type 1,3-dipolar compounds"", ""Carbohydrates and carbohydrate conjugates"", ""Carbonyl compounds"", ""Carboximidamides"", ""Carboxylic acid amides"", ""Carboxylic acid derivatives"", ""Carboxylic acids and derivatives"", ""Chemical entities"", ""Dialkyl phosphates"", ""Diazines"", ""Diterpenoids"", ""Fatty Acyls"", ""Fatty amides"", ""Formamidines"", ""Glycosyl compounds"", ""Glycosylamines"", ""Heteroaromatic compounds"", ""Hydrocarbon derivatives"", ""Imidazoles"", ""Imidazopyrimidines"", ""Imidolactams"", ""Lipids and lipid-like molecules"", ""Metallotetrapyrroles"", ""Monosaccharide phosphates"", ""Monosaccharides"", ""N-acyl amines"", ""N-substituted imidazoles"", ""Nucleoside and nucleotide analogues"", ""Nucleosides, nucleotides, and analogues"", ""Organic 1,3-dipolar compounds"", ""Organic acids and derivatives"", ""Organic anions"", ""Organic compounds"", ""Organic metal salts"", ""Organic nitrogen compounds"", ""Organic oxides"", ""Organic oxygen compounds"", ""Organic phosphoric acids and derivatives"", ""Organic salts"", ""Organic transition metal salts"", ""Organoheterocyclic compounds"", ""Organonitrogen compounds"", ""Organooxygen compounds"", ""Organopnictogen compounds"", ""Oxacyclic compounds"", ""Oxolanes"", ""Pentose phosphates"", ""Pentoses"", ""Phosphate esters"", ""Phosphoethanolamines"", ""Prenol lipids"", ""Primary alcohols"", ""Primary amines"", ""Primary carboxylic acid amides"", ""Purines and purine derivatives"", ""Pyrimidines and pyrimidine derivatives"", ""Pyrrolidines"", ""Secondary alcohols"", ""Secondary carboxylic acid amides"", ""Substituted imidazoles"", ""Tetrahydrofurans"", ""Tetrapyrroles and derivatives""]"
78673865,NotAvailable,"predicted_chebi_terms: [""phospho sugar (CHEBI:33447)"", ""nucleobase-containing molecular entity (CHEBI:61120)"", ""carbohydrate derivative (CHEBI:63299)"", ""N-glycosyl compound (CHEBI:21731)"", ""6-aminopurines (CHEBI:20706)"", ""monosaccharide derivative (CHEBI:63367)"", ""carbohydrate phosphate (CHEBI:26816)"", ""phosphoethanolamine (CHEBI:36711)"", ""aminopyrimidine (CHEBI:38338)"", ""dialkyl phosphate (CHEBI:16648)"", ""imidazoles (CHEBI:24780)"", ""heterocyclic compound (CHEBI:5686)"", ""dicarboximide (CHEBI:35356)"", ""organosulfur compound (CHEBI:33261)"", ""fatty amide (CHEBI:29348)"", ""oxolanes (CHEBI:26912)"", ""pyrrolidines (CHEBI:38260)"", ""organic aromatic compound (CHEBI:33659)"", ""carboxamide (CHEBI:37622)"", ""organonitrogen compound (CHEBI:35352)"", ""organooxygen compound (CHEBI:36963)"", ""secondary alcohol (CHEBI:35681)"", ""oxacycle (CHEBI:38104)"", ""transition element molecular entity (CHEBI:33497)"", ""organic salt (CHEBI:24868)"", ""organic molecular entity (CHEBI:50860)"", ""organonitrogen heterocyclic compound (CHEBI:38101)"", ""dipolar compound (CHEBI:51151)"", ""primary alcohol (CHEBI:15734)"", ""carbonyl compound (CHEBI:36586)"", ""organic molecule (CHEBI:72695)"", ""organic oxide (CHEBI:25701)"", ""primary amine (CHEBI:32877)"", ""organic anion (CHEBI:25696)"", ""metallotetrapyrrole (CHEBI:33909)"", ""chemical entity (CHEBI:24431)"", ""oxygen molecular entity (CHEBI:25806)"", ""carbohydrates and carbohydrate derivatives (CHEBI:78616)"", ""monosaccharide (CHEBI:35381)"", ""pentose (CHEBI:25901)"", ""glycoside (CHEBI:24400)"", ""organic heterocyclic compound (CHEBI:24532)"", ""imidazopyrimidine (CHEBI:35875)"", ""purines (CHEBI:26401)"", ""organic acid (CHEBI:64709)"", ""phosphoric acid derivative (CHEBI:26079)"", ""phosphoric ester (CHEBI:37734)"", ""diazines (CHEBI:38313)"", ""pyrimidines (CHEBI:39447)"", ""alkyl phosphate (CHEBI:22324)"", ""azole (CHEBI:68452)"", ""lipid (CHEBI:18059)"", ""carboxylic acid (CHEBI:33575)"", ""amide (CHEBI:32988)"", ""polyol (CHEBI:26191)"", ""organic hydroxy compound (CHEBI:33822)"", ""alcohol (CHEBI:30879)"", ""nitrogen molecular entity (CHEBI:51143)"", ""amine (CHEBI:32952)"", ""tetrapyrrole (CHEBI:26932)""]"
78673865,NotAvailable,"predicted_lipidmaps_terms: [""Fatty amides (FA08)"", ""Fatty Acyls (FA)""]"
78673865,NotAvailable,Classification_version: 2.1
78759283,CHEMONTID:0000000,Kingdom: Organic compounds
78759283,CHEMONTID:0000002,Superclass: Organoheterocyclic compounds
78759283,CHEMONTID:0002389,Class: Diazinanes
78759283,CHEMONTID:0000189,Subclass: Piperazines
78759283,CHEMONTID:0001976,Direct_parent: Pyridinylpiperazines
78759283,CHEMONTID:0003359,alternative_parents: N-arylpiperazines
78759283,CHEMONTID:0002054,alternative_parents: Isoquinolones and derivatives
78759283,CHEMONTID:0004551,alternative_parents: Trifluoromethylbenzenes
78759283,CHEMONTID:0000048,alternative_parents: Tetralins
78759283,CHEMONTID:0002955,alternative_parents: Tetrahydroisoquinolines
78759283,CHEMONTID:0002363,alternative_parents: Phenylacetamides
78759283,CHEMONTID:0002811,alternative_parents: Phenylpropanes
78759283,CHEMONTID:0003901,alternative_parents: Dialkylarylamines
78759283,CHEMONTID:0000252,alternative_parents: Quinuclidines
78759283,CHEMONTID:0000283,alternative_parents: Aminopyridines and derivatives
78759283,CHEMONTID:0003358,alternative_parents: N-methylpiperazines
78759283,CHEMONTID:0000195,alternative_parents: Piperidines
78759283,CHEMONTID:0003886,alternative_parents: Imidolactams
78759283,CHEMONTID:0001664,alternative_parents: Tertiary carboxylic acid amides
78759283,CHEMONTID:0004144,alternative_parents: Heteroaromatic compounds
78759283,CHEMONTID:0000347,alternative_parents: Amino acids and derivatives
78759283,CHEMONTID:0000160,alternative_parents: Lactams
78759283,CHEMONTID:0002239,alternative_parents: Trialkylamines
78759283,CHEMONTID:0004139,alternative_parents: Azacyclic compounds
78759283,CHEMONTID:0004150,alternative_parents: Hydrocarbon derivatives
78759283,CHEMONTID:0001831,alternative_parents: Carbonyl compounds
78759283,CHEMONTID:0001027,alternative_parents: Alkyl fluorides
78759283,CHEMONTID:0003940,alternative_parents: Organic oxides
78759283,CHEMONTID:0001517,alternative_parents: Organofluorides
78759283,NotAvailable,"Substituents: [""Pyridinylpiperazine"", ""N-arylpiperazine"", ""Isoquinolone"", ""Trifluoromethylbenzene"", ""Tetrahydroisoquinoline"", ""Tetralin"", ""Phenylacetamide"", ""Phenylpropane"", ""Quinuclidine"", ""Dialkylarylamine"", ""N-alkylpiperazine"", ""N-methylpiperazine"", ""Aminopyridine"", ""Imidolactam"", ""Monocyclic benzene moiety"", ""Piperidine"", ""Benzenoid"", ""Pyridine"", ""Heteroaromatic compound"", ""Tertiary carboxylic acid amide"", ""Lactam"", ""Carboxamide group"", ""Amino acid or derivatives"", ""Tertiary amine"", ""Tertiary aliphatic amine"", ""Azacycle"", ""Carboxylic acid derivative"", ""Alkyl halide"", ""Organohalogen compound"", ""Organofluoride"", ""Organic nitrogen compound"", ""Organonitrogen compound"", ""Organooxygen compound"", ""Carbonyl group"", ""Organic oxygen compound"", ""Organic oxide"", ""Alkyl fluoride"", ""Amine"", ""Hydrocarbon derivative"", ""Aromatic heteropolycyclic compound""]"
78759283,NotAvailable,External_descriptors: []
78759283,NotAvailable,"Ancestors: [""Alkyl fluorides"", ""Alkyl halides"", ""Amines"", ""Amino acids and derivatives"", ""Amino acids, peptides, and analogues"", ""Aminopyridines and derivatives"", ""Azacyclic compounds"", ""Benzene and substituted derivatives"", ""Benzenoids"", ""Carbonyl compounds"", ""Carboxylic acid amides"", ""Carboxylic acid derivatives"", ""Carboxylic acids and derivatives"", ""Chemical entities"", ""Dialkylarylamines"", ""Diazinanes"", ""Heteroaromatic compounds"", ""Hydrocarbon derivatives"", ""Imidolactams"", ""Isoquinolines and derivatives"", ""Isoquinolones and derivatives"", ""Lactams"", ""N-alkylpiperazines"", ""N-arylpiperazines"", ""N-methylpiperazines"", ""Organic acids and derivatives"", ""Organic compounds"", ""Organic nitrogen compounds"", ""Organic oxides"", ""Organic oxygen compounds"", ""Organofluorides"", ""Organohalogen compounds"", ""Organoheterocyclic compounds"", ""Organonitrogen compounds"", ""Organooxygen compounds"", ""Organopnictogen compounds"", ""Phenylacetamides"", ""Phenylpropanes"", ""Piperazines"", ""Piperidines"", ""Pyridines and derivatives"", ""Pyridinylpiperazines"", ""Quinuclidines"", ""Tertiary alkylarylamines"", ""Tertiary amines"", ""Tertiary carboxylic acid amides"", ""Tetrahydroisoquinolines"", ""Tetralins"", ""Trialkylamines"", ""Trifluoromethylbenzenes""]"
78759283,NotAvailable,"predicted_chebi_terms: [""N-arylpiperazine (CHEBI:46848)"", ""isoquinolines (CHEBI:24922)"", ""(trifluoromethyl)benzenes (CHEBI:83565)"", ""tetralins (CHEBI:36786)"", ""acetamides (CHEBI:22160)"", ""alkylbenzene (CHEBI:38976)"", ""dialkylarylamine (CHEBI:23665)"", ""tertiary amino compound (CHEBI:50996)"", ""quinuclidines (CHEBI:26518)"", ""aminopyridine (CHEBI:38207)"", ""N-methylpiperazine (CHEBI:46920)"", ""piperidines (CHEBI:26151)"", ""heterocyclic compound (CHEBI:5686)"", ""dicarboximide (CHEBI:35356)"", ""organosulfur compound (CHEBI:33261)"", ""carboxamide (CHEBI:37622)"", ""organic aromatic compound (CHEBI:33659)"", ""organonitrogen compound (CHEBI:35352)"", ""organooxygen compound (CHEBI:36963)"", ""lactam (CHEBI:24995)"", ""organonitrogen heterocyclic compound (CHEBI:38101)"", ""organic molecule (CHEBI:72695)"", ""carbonyl compound (CHEBI:36586)"", ""organofluorine compound (CHEBI:37143)"", ""organic oxide (CHEBI:25701)"", ""pyridines (CHEBI:26421)"", ""piperazines (CHEBI:26144)"", ""chemical entity (CHEBI:24431)"", ""organic heterocyclic compound (CHEBI:24532)"", ""organic heteromonocyclic compound (CHEBI:25693)"", ""benzenoid aromatic compound (CHEBI:33836)"", ""benzenes (CHEBI:22712)"", ""nitrogen molecular entity (CHEBI:51143)"", ""organic molecular entity (CHEBI:50860)"", ""amine (CHEBI:32952)"", ""tertiary amine (CHEBI:32876)"", ""N-alkylpiperazine (CHEBI:46845)"", ""organic acid (CHEBI:64709)"", ""carboxylic acid (CHEBI:33575)"", ""amide (CHEBI:32988)"", ""oxygen molecular entity (CHEBI:25806)"", ""organohalogen compound (CHEBI:36684)"", ""haloalkane (CHEBI:24469)""]"
78759283,NotAvailable,predicted_lipidmaps_terms: []
78759283,NotAvailable,Classification_version: 2.1
84752947,CHEMONTID:0000000,Kingdom: Organic compounds
84752947,CHEMONTID:0002448,Superclass: Benzenoids
84752947,CHEMONTID:0002279,Class: Benzene and substituted derivatives
84752947,NotAvailable,Subclass: ''
84752947,CHEMONTID:0002279,Direct_parent: Benzene and substituted derivatives
84752947,CHEMONTID:0004565,alternative_parents: Haloacetylenes and derivatives
84752947,CHEMONTID:0004478,alternative_parents: Acetylides
84752947,CHEMONTID:0004557,alternative_parents: Organopnictogen compounds
84752947,CHEMONTID:0000469,alternative_parents: Monoalkylamines
84752947,CHEMONTID:0004150,alternative_parents: Hydrocarbon derivatives
84752947,NotAvailable,mMlecular_framework: Aromatic homomonocyclic compounds
84752947,NotAvailable,"Substituents: [""Monocyclic benzene moiety"", ""Haloacetylene or derivatives"", ""Acetylide"", ""Organic nitrogen compound"", ""Organopnictogen compound"", ""Hydrocarbon derivative"", ""Organonitrogen compound"", ""Primary aliphatic amine"", ""Aromatic homomonocyclic compound""]"
84752947,NotAvailable,External_descriptors: []
84752947,NotAvailable,"Ancestors: [""Acetylides"", ""Amines"", ""Benzene and substituted derivatives"", ""Benzenoids"", ""Chemical entities"", ""Haloacetylenes and derivatives"", ""Hydrocarbon derivatives"", ""Monoalkylamines"", ""Organic compounds"", ""Organic nitrogen compounds"", ""Organohalogen compounds"", ""Organonitrogen compounds"", ""Organopnictogen compounds"", ""Primary amines""]"
84752947,NotAvailable,predicted_chebi_terms: []
84752947,NotAvailable,predicted_lipidmaps_terms: []
84752947,NotAvailable,Classification_version: 2.1
86277846,CHEMONTID:0000000,Kingdom: Organic compounds
86277846,CHEMONTID:0002448,Superclass: Benzenoids
86277846,CHEMONTID:0002279,Class: Benzene and substituted derivatives
86277846,CHEMONTID:0000036,Subclass: Nitrobenzenes
86277846,CHEMONTID:0004671,Direct_parent: Nitrophenyl ethers
86277846,CHEMONTID:0000186,alternative_parents: Phenethylamines
86277846,CHEMONTID:0004742,alternative_parents: Phenoxy compounds
86277846,CHEMONTID:0002341,alternative_parents: Phenol ethers
86277846,CHEMONTID:0004612,alternative_parents: Nitroaromatic compounds
86277846,CHEMONTID:0003899,alternative_parents: Aralkylamines
86277846,CHEMONTID:0000128,alternative_parents: Alkyl aryl ethers
86277846,CHEMONTID:0002239,alternative_parents: Trialkylamines
86277846,CHEMONTID:0003633,"alternative_parents: Propargyl-type 1,3-dipolar organic compounds"
86277846,CHEMONTID:0001508,alternative_parents: Organic oxoazanium compounds
86277846,CHEMONTID:0003865,alternative_parents: Organic salts
86277846,CHEMONTID:0003940,alternative_parents: Organic oxides
86277846,CHEMONTID:0004150,alternative_parents: Hydrocarbon derivatives
86277846,CHEMONTID:0003609,alternative_parents: Organic cations
86277846,NotAvailable,mMlecular_framework: Aromatic homomonocyclic compounds
86277846,NotAvailable,"Substituents: [""Nitrophenyl ether"", ""Phenethylamine"", ""Phenoxy compound"", ""Nitroaromatic compound"", ""Phenol ether"", ""Alkyl aryl ether"", ""Aralkylamine"", ""C-nitro compound"", ""Organic nitro compound"", ""Tertiary aliphatic amine"", ""Tertiary amine"", ""Ether"", ""Organic oxoazanium"", ""Organic 1,3-dipolar compound"", ""Propargyl-type 1,3-dipolar organic compound"", ""Allyl-type 1,3-dipolar organic compound"", ""Organic nitrogen compound"", ""Amine"", ""Organic salt"", ""Organooxygen compound"", ""Organonitrogen compound"", ""Hydrocarbon derivative"", ""Organic oxide"", ""Organic oxygen compound"", ""Organic cation"", ""Aromatic homomonocyclic compound""]"
86277846,NotAvailable,External_descriptors: []
86277846,NotAvailable,"Ancestors: [""Alkyl aryl ethers"", ""Allyl-type 1,3-dipolar organic compounds"", ""Amines"", ""Aralkylamines"", ""Benzene and substituted derivatives"", ""Benzenoids"", ""C-nitro compounds"", ""Chemical entities"", ""Ethers"", ""Hydrocarbon derivatives"", ""Nitroaromatic compounds"", ""Nitrobenzenes"", ""Nitrophenyl ethers"", ""Organic 1,3-dipolar compounds"", ""Organic cations"", ""Organic compounds"", ""Organic nitro compounds"", ""Organic nitrogen compounds"", ""Organic oxides"", ""Organic oxoazanium compounds"", ""Organic oxygen compounds"", ""Organic salts"", ""Organonitrogen compounds"", ""Organooxygen compounds"", ""Organopnictogen compounds"", ""Phenethylamines"", ""Phenol ethers"", ""Phenoxy compounds"", ""Propargyl-type 1,3-dipolar organic compounds"", ""Tertiary amines"", ""Trialkylamines""]"
86277846,NotAvailable,"predicted_chebi_terms: [""primary amine (CHEBI:32877)"", ""benzenes (CHEBI:22712)"", ""aromatic ether (CHEBI:35618)"", ""aromatic compound (CHEBI:33655)"", ""aralkylamine (CHEBI:18000)"", ""tertiary amino compound (CHEBI:50996)"", ""dipolar compound (CHEBI:51151)"", ""nitrogen molecular entity (CHEBI:51143)"", ""organooxygen compound (CHEBI:36963)"", ""organic salt (CHEBI:24868)"", ""organic oxide (CHEBI:25701)"", ""organic molecule (CHEBI:72695)"", ""organic cation (CHEBI:25697)"", ""nitrobenzenes (CHEBI:48109)"", ""chemical entity (CHEBI:24431)"", ""benzenoid aromatic compound (CHEBI:33836)"", ""nitro compound (CHEBI:35715)"", ""organic molecular entity (CHEBI:50860)"", ""organonitrogen compound (CHEBI:35352)"", ""amine (CHEBI:32952)"", ""oxygen molecular entity (CHEBI:25806)"", ""ether (CHEBI:25698)"", ""tertiary amine (CHEBI:32876)""]"
86277846,NotAvailable,predicted_lipidmaps_terms: []
86277846,NotAvailable,Classification_version: 2.1
86278139,CHEMONTID:0000000,Kingdom: Organic compounds
86278139,CHEMONTID:0000002,Superclass: Organoheterocyclic compounds
86278139,CHEMONTID:0001797,Class: Imidazopyrimidines
86278139,CHEMONTID:0000245,Subclass: Purines and purine derivatives
86278139,CHEMONTID:0000247,Direct_parent: Xanthines
86278139,CHEMONTID:0001505,alternative_parents: 6-oxopurines
86278139,CHEMONTID:0002811,alternative_parents: Phenylpropanes
86278139,CHEMONTID:0000279,alternative_parents: Alkaloids and derivatives
86278139,CHEMONTID:0000291,alternative_parents: Pyrimidones
86278139,CHEMONTID:0003899,alternative_parents: Aralkylamines
86278139,CHEMONTID:0003890,alternative_parents: Vinylogous amides
86278139,CHEMONTID:0000078,alternative_parents: Imidazoles
86278139,CHEMONTID:0004144,alternative_parents: Heteroaromatic compounds
86278139,CHEMONTID:0000517,alternative_parents: Ureas
86278139,CHEMONTID:0001661,alternative_parents: Secondary alcohols
86278139,CHEMONTID:0001897,"alternative_parents: 1,2-aminoalcohols"
86278139,CHEMONTID:0000160,alternative_parents: Lactams
86278139,CHEMONTID:0002228,alternative_parents: Dialkylamines
86278139,CHEMONTID:0004139,alternative_parents: Azacyclic compounds
86278139,CHEMONTID:0003073,alternative_parents: Aromatic alcohols
86278139,CHEMONTID:0004150,alternative_parents: Hydrocarbon derivatives
86278139,CHEMONTID:0003940,alternative_parents: Organic oxides
86278139,NotAvailable,"Substituents: [""Xanthine"", ""6-oxopurine"", ""Purinone"", ""Phenylpropane"", ""Alkaloid or derivatives"", ""Pyrimidone"", ""Aralkylamine"", ""Monocyclic benzene moiety"", ""Pyrimidine"", ""Benzenoid"", ""Azole"", ""Imidazole"", ""Heteroaromatic compound"", ""Vinylogous amide"", ""Secondary alcohol"", ""Urea"", ""1,2-aminoalcohol"", ""Lactam"", ""Azacycle"", ""Secondary amine"", ""Secondary aliphatic amine"", ""Aromatic alcohol"", ""Organonitrogen compound"", ""Organic nitrogen compound"", ""Organooxygen compound"", ""Organic oxygen compound"", ""Organic oxide"", ""Hydrocarbon derivative"", ""Alcohol"", ""Amine"", ""Aromatic heteropolycyclic compound""]"
86278139,NotAvailable,External_descriptors: []
86278139,NotAvailable,"Ancestors: [""1,2-aminoalcohols"", ""6-oxopurines"", ""Alcohols and polyols"", ""Alkaloids and derivatives"", ""Alkanolamines"", ""Alpha amino acid amides"", ""Alpha amino acids and derivatives"", ""Amidines"", ""Amines"", ""Amino acids and derivatives"", ""Amino acids, peptides, and analogues"", ""Aralkylamines"", ""Aromatic alcohols"", ""Azacyclic compounds"", ""Azoles"", ""Benzene and substituted derivatives"", ""Benzenoids"", ""Carboximidamides"", ""Carboxylic acid derivatives"", ""Carboxylic acid imides"", ""Carboxylic acids and derivatives"", ""Chemical entities"", ""Dialkylamines"", ""Diazines"", ""Dicarboximides"", ""Formamidines"", ""Heteroaromatic compounds"", ""Hydrocarbon derivatives"", ""Hydropyrimidines"", ""Imidazoles"", ""Imidazopyrimidines"", ""Lactams"", ""N-acyl ureas"", ""Organic 1,3-dipolar compounds"", ""Organic acids and derivatives"", ""Organic carbonic acids and derivatives"", ""Organic compounds"", ""Organic nitrogen compounds"", ""Organic oxides"", ""Organic oxygen compounds"", ""Organoheterocyclic compounds"", ""Organonitrogen compounds"", ""Organooxygen compounds"", ""Organopnictogen compounds"", ""Phenylpropanes"", ""Propargyl-type 1,3-dipolar organic compounds"", ""Purines and purine derivatives"", ""Purinones"", ""Pyrimidines and pyrimidine derivatives"", ""Pyrimidones"", ""Secondary alcohols"", ""Secondary amines"", ""Ureas"", ""Ureides"", ""Vinylogous amides"", ""Xanthines""]"
86278139,NotAvailable,"predicted_chebi_terms: [""oxopurine (CHEBI:25810)"", ""alkylbenzene (CHEBI:38976)"", ""alkaloid (CHEBI:22315)"", ""pyrimidone (CHEBI:38337)"", ""aralkylamine (CHEBI:18000)"", ""enone (CHEBI:51689)"", ""enamine (CHEBI:47989)"", ""imidazoles (CHEBI:24780)"", ""organic aromatic compound (CHEBI:33659)"", ""ureas (CHEBI:47857)"", ""secondary alcohol (CHEBI:35681)"", ""amino alcohol (CHEBI:22478)"", ""lactam (CHEBI:24995)"", ""secondary amino compound (CHEBI:50995)"", ""organonitrogen heterocyclic compound (CHEBI:38101)"", ""aromatic alcohol (CHEBI:33854)"", ""organic molecule (CHEBI:72695)"", ""organic oxide (CHEBI:25701)"", ""chemical entity (CHEBI:24431)"", ""organic heterocyclic compound (CHEBI:24532)"", ""imidazopyrimidine (CHEBI:35875)"", ""purines (CHEBI:26401)"", ""benzenoid aromatic compound (CHEBI:33836)"", ""benzenes (CHEBI:22712)"", ""diazines (CHEBI:38313)"", ""pyrimidines (CHEBI:39447)"", ""nitrogen molecular entity (CHEBI:51143)"", ""organic molecular entity (CHEBI:50860)"", ""organonitrogen compound (CHEBI:35352)"", ""amine (CHEBI:32952)"", ""organic acid (CHEBI:64709)"", ""azole (CHEBI:68452)"", ""organooxygen compound (CHEBI:36963)"", ""oxygen molecular entity (CHEBI:25806)"", ""polyol (CHEBI:26191)"", ""organic hydroxy compound (CHEBI:33822)"", ""alcohol (CHEBI:30879)"", ""secondary amine (CHEBI:32863)""]"
86278139,NotAvailable,predicted_lipidmaps_terms: []
86278139,NotAvailable,Classification_version: 2.1
86576108,CHEMONTID:0000000,Kingdom: Organic compounds
86576108,CHEMONTID:0000002,Superclass: Organoheterocyclic compounds
86576108,CHEMONTID:0001797,Class: Imidazopyrimidines
86576108,CHEMONTID:0000245,Subclass: Purines and purine derivatives
86576108,CHEMONTID:0002987,Direct_parent: 6-aminopurines
86576108,CHEMONTID:0001262,alternative_parents: Aminopyrimidines and derivatives
86576108,CHEMONTID:0002311,alternative_parents: N-substituted imidazoles
86576108,CHEMONTID:0003886,alternative_parents: Imidolactams
86576108,CHEMONTID:0000346,alternative_parents: Dicarboxylic acids and derivatives
86576108,CHEMONTID:0004144,alternative_parents: Heteroaromatic compounds
86576108,CHEMONTID:0001238,alternative_parents: Carboxylic acid esters
86576108,CHEMONTID:0000347,alternative_parents: Amino acids and derivatives
86576108,CHEMONTID:0001438,alternative_parents: Organothiophosphorus compounds
86576108,CHEMONTID:0004139,alternative_parents: Azacyclic compounds
86576108,CHEMONTID:0002450,alternative_parents: Primary amines
86576108,CHEMONTID:0003940,alternative_parents: Organic oxides
86576108,CHEMONTID:0004150,alternative_parents: Hydrocarbon derivatives
86576108,CHEMONTID:0001831,alternative_parents: Carbonyl compounds
86576108,NotAvailable,mMlecular_framework: Aromatic heteropolycyclic compounds
86576108,NotAvailable,"Substituents: [""6-aminopurine"", ""Aminopyrimidine"", ""Imidolactam"", ""Pyrimidine"", ""Dicarboxylic acid or derivatives"", ""N-substituted imidazole"", ""Azole"", ""Heteroaromatic compound"", ""Imidazole"", ""Amino acid or derivatives"", ""Carboxylic acid ester"", ""Azacycle"", ""Carboxylic acid derivative"", ""Organothiophosphorus compound"", ""Organic nitrogen compound"", ""Organonitrogen compound"", ""Organooxygen compound"", ""Organophosphorus compound"", ""Primary amine"", ""Carbonyl group"", ""Hydrocarbon derivative"", ""Organic oxide"", ""Organic oxygen compound"", ""Amine"", ""Aromatic heteropolycyclic compound""]"
86576108,NotAvailable,External_descriptors: []
86576108,NotAvailable,"Ancestors: [""6-aminopurines"", ""Amidines"", ""Amines"", ""Amino acids and derivatives"", ""Amino acids, peptides, and analogues"", ""Aminopyrimidines and derivatives"", ""Azacyclic compounds"", ""Azoles"", ""Carbonyl compounds"", ""Carboximidamides"", ""Carboxylic acid derivatives"", ""Carboxylic acid esters"", ""Carboxylic acids and derivatives"", ""Chemical entities"", ""Diazines"", ""Dicarboxylic acids and derivatives"", ""Formamidines"", ""Heteroaromatic compounds"", ""Hydrocarbon derivatives"", ""Imidazoles"", ""Imidazopyrimidines"", ""Imidolactams"", ""N-substituted imidazoles"", ""Organic 1,3-dipolar compounds"", ""Organic acids and derivatives"", ""Organic compounds"", ""Organic nitrogen compounds"", ""Organic oxides"", ""Organic oxygen compounds"", ""Organoheterocyclic compounds"", ""Organonitrogen compounds"", ""Organooxygen compounds"", ""Organophosphorus compounds"", ""Organopnictogen compounds"", ""Organothiophosphorus compounds"", ""Primary amines"", ""Propargyl-type 1,3-dipolar organic compounds"", ""Purines and purine derivatives"", ""Pyrimidines and pyrimidine derivatives"", ""Substituted imidazoles""]"
86576108,NotAvailable,"predicted_chebi_terms: [""aminopyrimidine (CHEBI:38338)"", ""imidazoles (CHEBI:24780)"", ""heterocyclic compound (CHEBI:5686)"", ""dicarboximide (CHEBI:35356)"", ""organosulfur compound (CHEBI:33261)"", ""dicarboxylic acid (CHEBI:35692)"", ""organic aromatic compound (CHEBI:33659)"", ""carboxylic ester (CHEBI:33308)"", ""organonitrogen compound (CHEBI:35352)"", ""organooxygen compound (CHEBI:36963)"", ""organothiophosphorus compound (CHEBI:25716)"", ""organonitrogen heterocyclic compound (CHEBI:38101)"", ""primary amine (CHEBI:32877)"", ""organic oxide (CHEBI:25701)"", ""organic molecule (CHEBI:72695)"", ""carbonyl compound (CHEBI:36586)"", ""6-aminopurines (CHEBI:20706)"", ""chemical entity (CHEBI:24431)"", ""organic heterocyclic compound (CHEBI:24532)"", ""diazines (CHEBI:38313)"", ""pyrimidines (CHEBI:39447)"", ""azole (CHEBI:68452)"", ""organic acid (CHEBI:64709)"", ""carboxylic acid (CHEBI:33575)"", ""organophosphorus compound (CHEBI:25710)"", ""nitrogen molecular entity (CHEBI:51143)"", ""organic molecular entity (CHEBI:50860)"", ""amine (CHEBI:32952)"", ""oxygen molecular entity (CHEBI:25806)"", ""imidazopyrimidine (CHEBI:35875)"", ""purines (CHEBI:26401)""]"
86576108,NotAvailable,"predicted_lipidmaps_terms: [""Dicarboxylic acids (FA0117)""]"
86576108,NotAvailable,Classification_version: 2.1
86577389,CHEMONTID:0000000,Kingdom: Organic compounds
86577389,CHEMONTID:0000289,"Superclass: Nucleosides, nucleotides, and analogues"
86577389,CHEMONTID:0001509,Class: Pyrimidine nucleotides
86577389,CHEMONTID:0002148,Subclass: Pyrimidine deoxyribonucleotides
86577389,CHEMONTID:0002151,Intermediate_nodes: Pyrimidine deoxyribonucleoside monophosphates
86577389,CHEMONTID:0002166,"Direct_parent: Pyrimidine 2',3'-dideoxyribonucleoside monophosphates"
86577389,CHEMONTID:0002949,alternative_parents: Long-chain fatty acids
86577389,CHEMONTID:0003737,alternative_parents: Nucleoside and nucleotide analogues
86577389,CHEMONTID:0003459,alternative_parents: Dialkyl phosphates
86577389,CHEMONTID:0000291,alternative_parents: Pyrimidones
86577389,CHEMONTID:0002202,alternative_parents: Hydropyrimidines
86577389,CHEMONTID:0001540,alternative_parents: Monosaccharides
86577389,CHEMONTID:0003890,alternative_parents: Vinylogous amides
86577389,CHEMONTID:0001983,alternative_parents: Dihydrofurans
86577389,CHEMONTID:0004144,alternative_parents: Heteroaromatic compounds
86577389,CHEMONTID:0000160,alternative_parents: Lactams
86577389,CHEMONTID:0000517,alternative_parents: Ureas
86577389,CHEMONTID:0004140,alternative_parents: Oxacyclic compounds
86577389,CHEMONTID:0001205,alternative_parents: Carboxylic acids
86577389,CHEMONTID:0004139,alternative_parents: Azacyclic compounds
86577389,CHEMONTID:0001137,alternative_parents: Monocarboxylic acids and derivatives
86577389,CHEMONTID:0004150,alternative_parents: Hydrocarbon derivatives
86577389,CHEMONTID:0001831,alternative_parents: Carbonyl compounds
86577389,CHEMONTID:0000278,alternative_parents: Organonitrogen compounds
86577389,CHEMONTID:0003940,alternative_parents: Organic oxides
86577389,NotAvailable,mMlecular_framework: Aromatic heteromonocyclic compounds
86577389,NotAvailable,"Substituents: [""Pyrimidine 2',3'-dideoxyribonucleoside monophosphate"", ""Long-chain fatty acid"", ""Pyrimidone"", ""Dialkyl phosphate"", ""Hydropyrimidine"", ""Monosaccharide"", ""Organic phosphoric acid derivative"", ""Phosphoric acid ester"", ""Pyrimidine"", ""Alkyl phosphate"", ""Fatty acyl"", ""Heteroaromatic compound"", ""Dihydrofuran"", ""Vinylogous amide"", ""Urea"", ""Lactam"", ""Oxacycle"", ""Azacycle"", ""Organoheterocyclic compound"", ""Monocarboxylic acid or derivatives"", ""Carboxylic acid derivative"", ""Carboxylic acid"", ""Organic nitrogen compound"", ""Hydrocarbon derivative"", ""Organic oxide"", ""Carbonyl group"", ""Organonitrogen compound"", ""Organooxygen compound"", ""Organic oxygen compound"", ""Aromatic heteromonocyclic compound""]"
86577389,NotAvailable,External_descriptors: []
86577389,NotAvailable,"Ancestors: [""Alkyl phosphates"", ""Azacyclic compounds"", ""Carbohydrates and carbohydrate conjugates"", ""Carbonyl compounds"", ""Carboxylic acid derivatives"", ""Carboxylic acid imides"", ""Carboxylic acids"", ""Carboxylic acids and derivatives"", ""Chemical entities"", ""Dialkyl phosphates"", ""Diazines"", ""Dicarboximides"", ""Dihydrofurans"", ""Fatty Acyls"", ""Fatty acids and conjugates"", ""Heteroaromatic compounds"", ""Hydrocarbon derivatives"", ""Hydropyrimidines"", ""Lactams"", ""Lipids and lipid-like molecules"", ""Long-chain fatty acids"", ""Monocarboxylic acids and derivatives"", ""Monosaccharides"", ""Nucleoside and nucleotide analogues"", ""Nucleosides, nucleotides, and analogues"", ""Organic acids and derivatives"", ""Organic carbonic acids and derivatives"", ""Organic compounds"", ""Organic nitrogen compounds"", ""Organic oxides"", ""Organic oxygen compounds"", ""Organic phosphoric acids and derivatives"", ""Organoheterocyclic compounds"", ""Organonitrogen compounds"", ""Organooxygen compounds"", ""Organopnictogen compounds"", ""Oxacyclic compounds"", ""Phosphate esters"", ""Pyrimidine 2',3'-dideoxyribonucleoside monophosphates"", ""Pyrimidine deoxyribonucleoside monophosphates"", ""Pyrimidine deoxyribonucleotides"", ""Pyrimidine nucleotides"", ""Pyrimidines and pyrimidine derivatives"", ""Pyrimidones"", ""Ureas"", ""Vinylogous amides""]"
86577389,NotAvailable,"predicted_chebi_terms: [""long-chain fatty acid (CHEBI:15904)"", ""nucleobase-containing molecular entity (CHEBI:61120)"", ""carbohydrate derivative (CHEBI:63299)"", ""dialkyl phosphate (CHEBI:16648)"", ""pyrimidone (CHEBI:38337)"", ""pyrimidines (CHEBI:39447)"", ""monosaccharide (CHEBI:35381)"", ""enone (CHEBI:51689)"", ""enamine (CHEBI:47989)"", ""dihydrofuran (CHEBI:51659)"", ""organic aromatic compound (CHEBI:33659)"", ""lactam (CHEBI:24995)"", ""ureas (CHEBI:47857)"", ""oxacycle (CHEBI:38104)"", ""carboxylic acid (CHEBI:33575)"", ""organonitrogen heterocyclic compound (CHEBI:38101)"", ""monocarboxylic acid (CHEBI:25384)"", ""organic molecule (CHEBI:72695)"", ""carbonyl compound (CHEBI:36586)"", ""organonitrogen compound (CHEBI:35352)"", ""organic oxide (CHEBI:25701)"", ""pyrimidine 2',3'-dideoxyribonucleoside monophosphate (CHEBI:47973)"", ""chemical entity (CHEBI:24431)"", ""lipid (CHEBI:18059)"", ""organooxygen compound (CHEBI:36963)"", ""organic acid (CHEBI:64709)"", ""phosphoric acid derivative (CHEBI:26079)"", ""phosphoric ester (CHEBI:37734)"", ""alkyl phosphate (CHEBI:22324)"", ""organic heterocyclic compound (CHEBI:24532)"", ""diazines (CHEBI:38313)"", ""oxygen molecular entity (CHEBI:25806)"", ""organic molecular entity (CHEBI:50860)"", ""carbohydrates and carbohydrate derivatives (CHEBI:78616)"", ""nitrogen molecular entity (CHEBI:51143)"", ""pyrimidine nucleotide (CHEBI:26441)"", ""pyrimidine nucleoside monophosphate (CHEBI:26438)""]"
86577389,NotAvailable,"predicted_lipidmaps_terms: [""Fatty Acids and Conjugates (FA01)"", ""Fatty Acyls (FA)""]"
86577389,NotAvailable,Classification_version: 2.1
86583879,CHEMONTID:0000000,Kingdom: Organic compounds
86583879,CHEMONTID:0000264,Superclass: Organic acids and derivatives
86583879,CHEMONTID:0000265,Class: Carboxylic acids and derivatives
86583879,CHEMONTID:0002995,Subclass: Pentacarboxylic acids and derivatives
86583879,CHEMONTID:0002995,Direct_parent: Pentacarboxylic acids and derivatives
86583879,CHEMONTID:0002404,alternative_parents: Alpha amino acids
86583879,CHEMONTID:0002239,alternative_parents: Trialkylamines
86583879,CHEMONTID:0004176,alternative_parents: Amino acids
86583879,CHEMONTID:0001205,alternative_parents: Carboxylic acids
86583879,CHEMONTID:0004557,alternative_parents: Organopnictogen compounds
86583879,CHEMONTID:0003940,alternative_parents: Organic oxides
86583879,CHEMONTID:0004150,alternative_parents: Hydrocarbon derivatives
86583879,CHEMONTID:0001831,alternative_parents: Carbonyl compounds
86583879,NotAvailable,"Substituents: [""Pentacarboxylic acid or derivatives"", ""Alpha-amino acid or derivatives"", ""Alpha-amino acid"", ""Amino acid"", ""Tertiary aliphatic amine"", ""Tertiary amine"", ""Amino acid or derivatives"", ""Carboxylic acid"", ""Organic nitrogen compound"", ""Organic oxygen compound"", ""Organopnictogen compound"", ""Organic oxide"", ""Hydrocarbon derivative"", ""Organooxygen compound"", ""Organonitrogen compound"", ""Carbonyl group"", ""Amine"", ""Aromatic heteropolycyclic compound""]"
86583879,NotAvailable,External_descriptors: []
86583879,NotAvailable,"Ancestors: [""Alpha amino acids"", ""Alpha amino acids and derivatives"", ""Amines"", ""Amino acids"", ""Amino acids and derivatives"", ""Amino acids, peptides, and analogues"", ""Carbonyl compounds"", ""Carboxylic acids"", ""Carboxylic acids and derivatives"", ""Chemical entities"", ""Hydrocarbon derivatives"", ""Organic acids and derivatives"", ""Organic compounds"", ""Organic nitrogen compounds"", ""Organic oxides"", ""Organic oxygen compounds"", ""Organonitrogen compounds"", ""Organooxygen compounds"", ""Organopnictogen compounds"", ""Pentacarboxylic acids and derivatives"", ""Tertiary amines"", ""Trialkylamines""]"
86583879,NotAvailable,predicted_chebi_terms: []
86583879,NotAvailable,predicted_lipidmaps_terms: []
86583879,NotAvailable,Classification_version: 2.1
86620451,CHEMONTID:0000000,Kingdom: Organic compounds
86620451,CHEMONTID:0000289,"Superclass: Nucleosides, nucleotides, and analogues"
86620451,CHEMONTID:0000479,Class: Purine nucleosides
86620451,CHEMONTID:0000479,Direct_parent: Purine nucleosides
86620451,CHEMONTID:0002204,alternative_parents: C-glycosyl compounds
86620451,CHEMONTID:0002987,alternative_parents: 6-aminopurines
86620451,CHEMONTID:0001497,alternative_parents: Pentoses
86620451,CHEMONTID:0001262,alternative_parents: Aminopyrimidines and derivatives
86620451,CHEMONTID:0003305,alternative_parents: Aminosaccharides
86620451,CHEMONTID:0003886,alternative_parents: Imidolactams
86620451,CHEMONTID:0002311,alternative_parents: N-substituted imidazoles
86620451,CHEMONTID:0001967,alternative_parents: Oxolanes
86620451,CHEMONTID:0004144,alternative_parents: Heteroaromatic compounds
86620451,CHEMONTID:0001661,alternative_parents: Secondary alcohols
86620451,CHEMONTID:0004139,alternative_parents: Azacyclic compounds
86620451,CHEMONTID:0004140,alternative_parents: Oxacyclic compounds
86620451,CHEMONTID:0004150,alternative_parents: Hydrocarbon derivatives
86620451,CHEMONTID:0000124,alternative_parents: Aldehydes
86620451,CHEMONTID:0000286,alternative_parents: Primary alcohols
86620451,CHEMONTID:0002450,alternative_parents: Primary amines
86620451,CHEMONTID:0003940,alternative_parents: Organic oxides
86620451,NotAvailable,mMlecular_framework: Aromatic heteropolycyclic compounds
86620451,NotAvailable,"Substituents: [""Purine nucleoside"", ""C-glycosyl compound"", ""Glycosyl compound"", ""6-aminopurine"", ""Pentose monosaccharide"", ""Imidazopyrimidine"", ""Purine"", ""Aminopyrimidine"", ""Amino saccharide"", ""Monosaccharide"", ""N-substituted imidazole"", ""Pyrimidine"", ""Imidolactam"", ""Oxolane"", ""Azole"", ""Imidazole"", ""Heteroaromatic compound"", ""Secondary alcohol"", ""Azacycle"", ""Organoheterocyclic compound"", ""Oxacycle"", ""Amine"", ""Organic nitrogen compound"", ""Alcohol"", ""Organonitrogen compound"", ""Hydrocarbon derivative"", ""Carbonyl group"", ""Organic oxide"", ""Organooxygen compound"", ""Organic oxygen compound"", ""Primary alcohol"", ""Aldehyde"", ""Primary amine"", ""Aromatic heteropolycyclic compound""]"
86620451,NotAvailable,External_descriptors: []
86620451,NotAvailable,"Ancestors: [""6-aminopurines"", ""Alcohols and polyols"", ""Aldehydes"", ""Amidines"", ""Amines"", ""Aminopyrimidines and derivatives"", ""Aminosaccharides"", ""Azacyclic compounds"", ""Azoles"", ""Beta-hydroxy aldehydes"", ""C-glycosyl compounds"", ""Carbohydrates and carbohydrate conjugates"", ""Carbonyl compounds"", ""Carboximidamides"", ""Chemical entities"", ""Diazines"", ""Formamidines"", ""Glycosyl compounds"", ""Heteroaromatic compounds"", ""Hydrocarbon derivatives"", ""Imidazoles"", ""Imidazopyrimidines"", ""Imidolactams"", ""Monosaccharides"", ""N-substituted imidazoles"", ""Nucleosides, nucleotides, and analogues"", ""Organic 1,3-dipolar compounds"", ""Organic compounds"", ""Organic nitrogen compounds"", ""Organic oxides"", ""Organic oxygen compounds"", ""Organoheterocyclic compounds"", ""Organonitrogen compounds"", ""Organooxygen compounds"", ""Organopnictogen compounds"", ""Oxacyclic compounds"", ""Oxolanes"", ""Pentoses"", ""Primary alcohols"", ""Primary amines"", ""Propargyl-type 1,3-dipolar organic compounds"", ""Purine nucleosides"", ""Purines and purine derivatives"", ""Pyrimidines and pyrimidine derivatives"", ""Secondary alcohols"", ""Substituted imidazoles"", ""Tetrahydrofurans""]"
86620451,NotAvailable,"predicted_chebi_terms: [""C-glycosyl compound (CHEBI:20857)"", ""6-aminopurines (CHEBI:20706)"", ""pentose (CHEBI:25901)"", ""aminopyrimidine (CHEBI:38338)"", ""amino sugar (CHEBI:28963)"", ""heterocyclic compound (CHEBI:5686)"", ""dicarboximide (CHEBI:35356)"", ""organosulfur compound (CHEBI:33261)"", ""imidazoles (CHEBI:24780)"", ""oxolanes (CHEBI:26912)"", ""organic aromatic compound (CHEBI:33659)"", ""secondary alcohol (CHEBI:35681)"", ""organonitrogen heterocyclic compound (CHEBI:38101)"", ""oxacycle (CHEBI:38104)"", ""organic molecule (CHEBI:72695)"", ""aldehyde (CHEBI:17478)"", ""primary alcohol (CHEBI:15734)"", ""primary amine (CHEBI:32877)"", ""organic oxide (CHEBI:25701)"", ""purine nucleoside (CHEBI:26394)"", ""chemical entity (CHEBI:24431)"", ""oxygen molecular entity (CHEBI:25806)"", ""organic molecular entity (CHEBI:50860)"", ""organooxygen compound (CHEBI:36963)"", ""carbohydrates and carbohydrate derivatives (CHEBI:78616)"", ""glycoside (CHEBI:24400)"", ""organic heterocyclic compound (CHEBI:24532)"", ""imidazopyrimidine (CHEBI:35875)"", ""purines (CHEBI:26401)"", ""monosaccharide (CHEBI:35381)"", ""diazines (CHEBI:38313)"", ""pyrimidines (CHEBI:39447)"", ""azole (CHEBI:68452)"", ""polyol (CHEBI:26191)"", ""organic hydroxy compound (CHEBI:33822)"", ""alcohol (CHEBI:30879)"", ""carbonyl compound (CHEBI:36586)"", ""nitrogen molecular entity (CHEBI:51143)"", ""organonitrogen compound (CHEBI:35352)"", ""amine (CHEBI:32952)"", ""nucleobase-containing molecular entity (CHEBI:61120)""]"
86620451,NotAvailable,predicted_lipidmaps_terms: []
86620451,NotAvailable,Classification_version: 2.1
86625670,CHEMONTID:0000000,Kingdom: Organic compounds
86625670,CHEMONTID:0004707,Superclass: Organic nitrogen compounds
86625670,CHEMONTID:0000278,Class: Organonitrogen compounds
86625670,CHEMONTID:0000398,Subclass: Nitrogen mustard compounds
86625670,CHEMONTID:0000398,Direct_parent: Nitrogen mustard compounds
86625670,CHEMONTID:0003901,alternative_parents: Dialkylarylamines
86625670,CHEMONTID:0000284,alternative_parents: Aniline and substituted anilines
86625670,CHEMONTID:0000195,alternative_parents: Piperidines
86625670,CHEMONTID:0001661,alternative_parents: Secondary alcohols
86625670,CHEMONTID:0004176,alternative_parents: Amino acids
86625670,CHEMONTID:0000158,alternative_parents: N-organohydroxylamines
86625670,CHEMONTID:0001137,alternative_parents: Monocarboxylic acids and derivatives
86625670,CHEMONTID:0001205,alternative_parents: Carboxylic acids
86625670,CHEMONTID:0004139,alternative_parents: Azacyclic compounds
86625670,CHEMONTID:0001516,alternative_parents: Organochlorides
86625670,CHEMONTID:0003940,alternative_parents: Organic oxides
86625670,CHEMONTID:0004150,alternative_parents: Hydrocarbon derivatives
86625670,CHEMONTID:0001831,alternative_parents: Carbonyl compounds
86625670,CHEMONTID:0001026,alternative_parents: Alkyl chlorides
86625670,NotAvailable,"Substituents: [""Aniline or substituted anilines"", ""Dialkylarylamine"", ""Nitrogen mustard"", ""Monocyclic benzene moiety"", ""Benzenoid"", ""Piperidine"", ""Amino acid or derivatives"", ""Amino acid"", ""Tertiary amine"", ""Secondary alcohol"", ""Carboxylic acid derivative"", ""Azacycle"", ""N-organohydroxylamine"", ""Organoheterocyclic compound"", ""Carboxylic acid"", ""Monocarboxylic acid or derivatives"", ""Alcohol"", ""Organohalogen compound"", ""Organochloride"", ""Organooxygen compound"", ""Hydrocarbon derivative"", ""Carbonyl group"", ""Organic oxide"", ""Organic oxygen compound"", ""Amine"", ""Alkyl halide"", ""Alkyl chloride"", ""Aromatic heteromonocyclic compound""]"
86625670,NotAvailable,External_descriptors: []
86625670,NotAvailable,"Ancestors: [""Alcohols and polyols"", ""Alkyl chlorides"", ""Alkyl halides"", ""Amines"", ""Amino acids"", ""Amino acids and derivatives"", ""Amino acids, peptides, and analogues"", ""Aniline and substituted anilines"", ""Azacyclic compounds"", ""Benzene and substituted derivatives"", ""Benzenoids"", ""Carbonyl compounds"", ""Carboxylic acids"", ""Carboxylic acids and derivatives"", ""Chemical entities"", ""Dialkylarylamines"", ""Hydrocarbon derivatives"", ""Monocarboxylic acids and derivatives"", ""N-organohydroxylamines"", ""Nitrogen mustard compounds"", ""Organic acids and derivatives"", ""Organic compounds"", ""Organic nitrogen compounds"", ""Organic oxides"", ""Organic oxygen compounds"", ""Organochlorides"", ""Organohalogen compounds"", ""Organoheterocyclic compounds"", ""Organonitrogen compounds"", ""Organooxygen compounds"", ""Organopnictogen compounds"", ""Piperidines"", ""Secondary alcohols"", ""Tertiary alkylarylamines"", ""Tertiary amines""]"
86625670,NotAvailable,"predicted_chebi_terms: [""dialkylarylamine (CHEBI:23665)"", ""tertiary amino compound (CHEBI:50996)"", ""anilines (CHEBI:22562)"", ""piperidines (CHEBI:26151)"", ""secondary alcohol (CHEBI:35681)"", ""amino acid (CHEBI:33709)"", ""hydroxylamines (CHEBI:24709)"", ""monocarboxylic acid (CHEBI:25384)"", ""carboxylic acid (CHEBI:33575)"", ""organonitrogen heterocyclic compound (CHEBI:38101)"", ""organochlorine compound (CHEBI:36683)"", ""organic oxide (CHEBI:25701)"", ""organic molecule (CHEBI:72695)"", ""carbonyl compound (CHEBI:36586)"", ""nitrogen mustard (CHEBI:37598)"", ""chemical entity (CHEBI:24431)"", ""nitrogen molecular entity (CHEBI:51143)"", ""organic molecular entity (CHEBI:50860)"", ""organonitrogen compound (CHEBI:35352)"", ""amine (CHEBI:32952)"", ""tertiary amine (CHEBI:32876)"", ""benzenoid aromatic compound (CHEBI:33836)"", ""benzenes (CHEBI:22712)"", ""organic heterocyclic compound (CHEBI:24532)"", ""oxygen molecular entity (CHEBI:25806)"", ""organooxygen compound (CHEBI:36963)"", ""polyol (CHEBI:26191)"", ""organic hydroxy compound (CHEBI:33822)"", ""alcohol (CHEBI:30879)"", ""organic acid (CHEBI:64709)"", ""organohalogen compound (CHEBI:36684)"", ""haloalkane (CHEBI:24469)""]"
86625670,NotAvailable,predicted_lipidmaps_terms: []
86625670,NotAvailable,Classification_version: 2.1
86627323,CHEMONTID:0000000,Kingdom: Organic compounds
86627323,CHEMONTID:0002448,Superclass: Benzenoids
86627323,CHEMONTID:0000134,Class: Phenols
86627323,CHEMONTID:0001286,Subclass: Benzenediols
86627323,CHEMONTID:0000135,Intermediate_nodes: Catechols
86627323,CHEMONTID:0000182,Direct_parent: Catecholamines and derivatives
86627323,CHEMONTID:0000186,alternative_parents: Phenethylamines
86627323,CHEMONTID:0004253,alternative_parents: 2-arylethylamines
86627323,CHEMONTID:0000215,alternative_parents: Sugar acids and derivatives
86627323,CHEMONTID:0000266,alternative_parents: Short-chain hydroxy acids and derivatives
86627323,CHEMONTID:0004646,alternative_parents: 1-hydroxy-2-unsubstituted benzenoids
86627323,CHEMONTID:0004647,alternative_parents: 1-hydroxy-4-unsubstituted benzenoids
86627323,CHEMONTID:0003899,alternative_parents: Aralkylamines
86627323,CHEMONTID:0001713,alternative_parents: Beta hydroxy acids and derivatives
86627323,CHEMONTID:0001540,alternative_parents: Monosaccharides
86627323,CHEMONTID:0001359,alternative_parents: Alpha hydroxy acids and derivatives
86627323,CHEMONTID:0000346,alternative_parents: Dicarboxylic acids and derivatives
86627323,CHEMONTID:0000262,alternative_parents: Fatty acids and conjugates
86627323,CHEMONTID:0001661,alternative_parents: Secondary alcohols
86627323,CHEMONTID:0001897,"alternative_parents: 1,2-aminoalcohols"
86627323,CHEMONTID:0001205,alternative_parents: Carboxylic acids
86627323,CHEMONTID:0004150,alternative_parents: Hydrocarbon derivatives
86627323,CHEMONTID:0003073,alternative_parents: Aromatic alcohols
86627323,CHEMONTID:0000469,alternative_parents: Monoalkylamines
86627323,CHEMONTID:0001831,alternative_parents: Carbonyl compounds
86627323,CHEMONTID:0003940,alternative_parents: Organic oxides
86627323,NotAvailable,"Substituents: [""Catecholamine"", ""Phenethylamine"", ""2-arylethylamine"", ""1-hydroxy-4-unsubstituted benzenoid"", ""1-hydroxy-2-unsubstituted benzenoid"", ""Short-chain hydroxy acid"", ""Sugar acid"", ""Beta-hydroxy acid"", ""Aralkylamine"", ""Monosaccharide"", ""Hydroxy acid"", ""Fatty acid"", ""Monocyclic benzene moiety"", ""Alpha-hydroxy acid"", ""Dicarboxylic acid or derivatives"", ""Secondary alcohol"", ""1,2-aminoalcohol"", ""Carboxylic acid derivative"", ""Carboxylic acid"", ""Organooxygen compound"", ""Primary amine"", ""Aromatic alcohol"", ""Alcohol"", ""Organic nitrogen compound"", ""Carbonyl group"", ""Hydrocarbon derivative"", ""Organic oxide"", ""Amine"", ""Organic oxygen compound"", ""Primary aliphatic amine"", ""Organonitrogen compound"", ""Aromatic homomonocyclic compound""]"
86627323,NotAvailable,External_descriptors: []
86627323,NotAvailable,"Ancestors: [""1,2-aminoalcohols"", ""1-hydroxy-2-unsubstituted benzenoids"", ""1-hydroxy-4-unsubstituted benzenoids"", ""2-arylethylamines"", ""Alcohols and polyols"", ""Alkanolamines"", ""Alpha hydroxy acids and derivatives"", ""Amines"", ""Aralkylamines"", ""Aromatic alcohols"", ""Benzene and substituted derivatives"", ""Benzenediols"", ""Benzenoids"", ""Beta hydroxy acids and derivatives"", ""Carbohydrates and carbohydrate conjugates"", ""Carbonyl compounds"", ""Carboxylic acids"", ""Carboxylic acids and derivatives"", ""Catecholamines and derivatives"", ""Catechols"", ""Chemical entities"", ""Dicarboxylic acids and derivatives"", ""Fatty Acyls"", ""Fatty acids and conjugates"", ""Hydrocarbon derivatives"", ""Hydroxy acids and derivatives"", ""Lipids and lipid-like molecules"", ""Monoalkylamines"", ""Monosaccharides"", ""Organic acids and derivatives"", ""Organic compounds"", ""Organic nitrogen compounds"", ""Organic oxides"", ""Organic oxygen compounds"", ""Organonitrogen compounds"", ""Organooxygen compounds"", ""Organopnictogen compounds"", ""Phenethylamines"", ""Phenols"", ""Primary amines"", ""Secondary alcohols"", ""Short-chain hydroxy acids and derivatives"", ""Sugar acids and derivatives""]"
86627323,NotAvailable,"predicted_chebi_terms: [""primary amine (CHEBI:32877)"", ""2-arylethylamine (CHEBI:55436)"", ""carbohydrates and carbohydrate derivatives (CHEBI:78616)"", ""hydroxy carboxylic acid (CHEBI:24669)"", ""phenols (CHEBI:33853)"", ""aralkylamine (CHEBI:18000)"", ""3-hydroxy carboxylic acid (CHEBI:61355)"", ""monosaccharide (CHEBI:35381)"", ""hydroxy monocarboxylic acid (CHEBI:35868)"", ""dicarboxylic acid (CHEBI:35692)"", ""monocarboxylic acid (CHEBI:25384)"", ""secondary alcohol (CHEBI:35681)"", ""amino alcohol (CHEBI:22478)"", ""carboxylic acid (CHEBI:33575)"", ""organic molecule (CHEBI:72695)"", ""aromatic alcohol (CHEBI:33854)"", ""alkylamine (CHEBI:13759)"", ""carbonyl compound (CHEBI:36586)"", ""organic oxide (CHEBI:25701)"", ""catecholamine (CHEBI:33567)"", ""chemical entity (CHEBI:24431)"", ""benzenoid aromatic compound (CHEBI:33836)"", ""benzenes (CHEBI:22712)"", ""nitrogen molecular entity (CHEBI:51143)"", ""organic molecular entity (CHEBI:50860)"", ""organonitrogen compound (CHEBI:35352)"", ""amine (CHEBI:32952)"", ""oxygen molecular entity (CHEBI:25806)"", ""organooxygen compound (CHEBI:36963)"", ""organic acid (CHEBI:64709)"", ""lipid (CHEBI:18059)"", ""polyol (CHEBI:26191)"", ""organic hydroxy compound (CHEBI:33822)"", ""alcohol (CHEBI:30879)"", ""benzenediols (CHEBI:33570)"", ""catechols (CHEBI:33566)""]"
86627323,NotAvailable,"predicted_lipidmaps_terms: [""Dicarboxylic acids (FA0117)"", ""Fatty Acids and Conjugates (FA01)"", ""Fatty Acyls (FA)""]"
86627323,NotAvailable,Classification_version: 2.1
86638817,CHEMONTID:0000000,Kingdom: Organic compounds
86638817,CHEMONTID:0000264,Superclass: Organic acids and derivatives
86638817,CHEMONTID:0000265,Class: Carboxylic acids and derivatives
86638817,CHEMONTID:0000013,"Subclass: Amino acids, peptides, and analogues"
86638817,CHEMONTID:0000348,Intermediate_nodes: Peptides
86638817,CHEMONTID:0004831,Direct_parent: Oligopeptides
86638817,CHEMONTID:0004319,alternative_parents: Tyrosine and derivatives
86638817,CHEMONTID:0004321,alternative_parents: Phenylalanine and derivatives
86638817,CHEMONTID:0004311,alternative_parents: Histidine and derivatives
86638817,CHEMONTID:0004329,alternative_parents: Leucine and derivatives
86638817,CHEMONTID:0002949,alternative_parents: Long-chain fatty acids
86638817,CHEMONTID:0004322,alternative_parents: Proline and derivatives
86638817,CHEMONTID:0001189,alternative_parents: N-acyl-alpha amino acids and derivatives
86638817,CHEMONTID:0000183,alternative_parents: Tryptamines and derivatives
86638817,CHEMONTID:0002309,alternative_parents: Alpha amino acid amides
86638817,CHEMONTID:0004316,alternative_parents: Serine and derivatives
86638817,CHEMONTID:0004196,alternative_parents: 3-alkylindoles
86638817,CHEMONTID:0000188,alternative_parents: Amphetamines and derivatives
86638817,CHEMONTID:0002256,alternative_parents: Pyrrolidinecarboxamides
86638817,CHEMONTID:0003023,alternative_parents: N-acylpyrrolidines
86638817,CHEMONTID:0004646,alternative_parents: 1-hydroxy-2-unsubstituted benzenoids
86638817,CHEMONTID:0000339,alternative_parents: Unsaturated fatty acids
86638817,CHEMONTID:0002257,alternative_parents: Substituted pyrroles
86638817,CHEMONTID:0000333,alternative_parents: Straight chain fatty acids
86638817,CHEMONTID:0003031,alternative_parents: Pyrrolidine-2-ones
86638817,CHEMONTID:0001096,alternative_parents: N-acyl amines
86638817,CHEMONTID:0001664,alternative_parents: Tertiary carboxylic acid amides
86638817,CHEMONTID:0000078,alternative_parents: Imidazoles
86638817,CHEMONTID:0004144,alternative_parents: Heteroaromatic compounds
86638817,CHEMONTID:0001166,alternative_parents: Carboxylic acid salts
86638817,CHEMONTID:0000160,alternative_parents: Lactams
86638817,CHEMONTID:0000375,alternative_parents: Guanidines
86638817,CHEMONTID:0001663,alternative_parents: Secondary carboxylic acid amides
86638817,CHEMONTID:0004139,alternative_parents: Azacyclic compounds
86638817,CHEMONTID:0001137,alternative_parents: Monocarboxylic acids and derivatives
86638817,CHEMONTID:0003152,alternative_parents: Carboximidamides
86638817,CHEMONTID:0001205,alternative_parents: Carboxylic acids
86638817,CHEMONTID:0001831,alternative_parents: Carbonyl compounds
86638817,CHEMONTID:0003940,alternative_parents: Organic oxides
86638817,CHEMONTID:0004557,alternative_parents: Organopnictogen compounds
86638817,CHEMONTID:0000286,alternative_parents: Primary alcohols
86638817,CHEMONTID:0004150,alternative_parents: Hydrocarbon derivatives
86638817,CHEMONTID:0003608,alternative_parents: Organic anions
86638817,NotAvailable,"Substituents: [""Alpha-oligopeptide"", ""Tyrosine or derivatives"", ""Phenylalanine or derivatives"", ""Histidine or derivatives"", ""Long-chain fatty acid"", ""Leucine or derivatives"", ""N-acyl-alpha amino acid or derivatives"", ""Proline or derivatives"", ""Alpha-amino acid amide"", ""Triptan"", ""Serine or derivatives"", ""3-alkylindole"", ""N-substituted-alpha-amino acid"", ""Alpha-amino acid or derivatives"", ""Amphetamine or derivatives"", ""Indole or derivatives"", ""Indole"", ""N-acylpyrrolidine"", ""Pyrrolidine-2-carboxamide"", ""Pyrrolidine carboxylic acid or derivatives"", ""1-hydroxy-2-unsubstituted benzenoid"", ""Phenol"", ""Monocyclic benzene moiety"", ""Fatty amide"", ""N-acyl-amine"", ""Fatty acyl"", ""Fatty acid"", ""Benzenoid"", ""Pyrrolidone"", ""2-pyrrolidone"", ""Straight chain fatty acid"", ""Substituted pyrrole"", ""Unsaturated fatty acid"", ""Tertiary carboxylic acid amide"", ""Azole"", ""Pyrrolidine"", ""Imidazole"", ""Heteroaromatic compound"", ""Pyrrole"", ""Secondary carboxylic acid amide"", ""Lactam"", ""Carboxylic acid salt"", ""Carboxamide group"", ""Guanidine"", ""Organoheterocyclic compound"", ""Monocarboxylic acid or derivatives"", ""Azacycle"", ""Carboximidamide"", ""Carboxylic acid"", ""Organopnictogen compound"", ""Primary alcohol"", ""Organic nitrogen compound"", ""Hydrocarbon derivative"", ""Carbonyl group"", ""Alcohol"", ""Organic oxide"", ""Organonitrogen compound"", ""Organooxygen compound"", ""Organic oxygen compound"", ""Organic anion"", ""Aromatic heteropolycyclic compound""]"
86638817,NotAvailable,External_descriptors: []
86638817,NotAvailable,"Ancestors: [""1-hydroxy-2-unsubstituted benzenoids"", ""3-alkylindoles"", ""Alcohols and polyols"", ""Alpha amino acid amides"", ""Alpha amino acids and derivatives"", ""Amino acids and derivatives"", ""Amino acids, peptides, and analogues"", ""Amphetamines and derivatives"", ""Azacyclic compounds"", ""Azoles"", ""Benzene and substituted derivatives"", ""Benzenoids"", ""Carbonyl compounds"", ""Carboximidamides"", ""Carboxylic acid amides"", ""Carboxylic acid derivatives"", ""Carboxylic acid salts"", ""Carboxylic acids"", ""Carboxylic acids and derivatives"", ""Chemical entities"", ""Fatty Acyls"", ""Fatty acids and conjugates"", ""Fatty amides"", ""Guanidines"", ""Heteroaromatic compounds"", ""Histidine and derivatives"", ""Hydrocarbon derivatives"", ""Imidazoles"", ""Indoles"", ""Indoles and derivatives"", ""Lactams"", ""Leucine and derivatives"", ""Lipids and lipid-like molecules"", ""Long-chain fatty acids"", ""Monocarboxylic acids and derivatives"", ""N-acyl amines"", ""N-acyl-alpha amino acids and derivatives"", ""N-acylpyrrolidines"", ""Oligopeptides"", ""Organic acids and derivatives"", ""Organic anions"", ""Organic compounds"", ""Organic nitrogen compounds"", ""Organic oxides"", ""Organic oxygen compounds"", ""Organoheterocyclic compounds"", ""Organonitrogen compounds"", ""Organooxygen compounds"", ""Organopnictogen compounds"", ""Peptides"", ""Phenethylamines"", ""Phenols"", ""Phenylalanine and derivatives"", ""Primary alcohols"", ""Proline and derivatives"", ""Pyrroles"", ""Pyrrolidine carboxylic acids and derivatives"", ""Pyrrolidine-2-ones"", ""Pyrrolidinecarboxamides"", ""Pyrrolidines"", ""Pyrrolidones"", ""Secondary carboxylic acid amides"", ""Serine and derivatives"", ""Straight chain fatty acids"", ""Substituted pyrroles"", ""Tertiary carboxylic acid amides"", ""Tryptamines and derivatives"", ""Tyrosine and derivatives"", ""Unsaturated fatty acids""]"
86638817,NotAvailable,"predicted_chebi_terms: [""tyrosine derivative (CHEBI:62761)"", ""phenylalanine derivative (CHEBI:25985)"", ""histidine derivative (CHEBI:24599)"", ""leucine derivative (CHEBI:47003)"", ""long-chain fatty acid (CHEBI:15904)"", ""proline derivative (CHEBI:26273)"", ""N-acyl-amino acid (CHEBI:51569)"", ""tryptamines (CHEBI:27162)"", ""amino acid amide (CHEBI:22475)"", ""serine derivative (CHEBI:26649)"", ""indoles (CHEBI:24828)"", ""amphetamines (CHEBI:35338)"", ""pyrrolidinecarboxamide (CHEBI:46770)"", ""N-acylpyrrolidine (CHEBI:46766)"", ""phenols (CHEBI:33853)"", ""unsaturated fatty acid (CHEBI:27208)"", ""pyrroles (CHEBI:26455)"", ""straight-chain fatty acid (CHEBI:59202)"", ""pyrrolidin-2-ones (CHEBI:74223)"", ""fatty amide (CHEBI:29348)"", ""carboxamide (CHEBI:37622)"", ""imidazoles (CHEBI:24780)"", ""organic aromatic compound (CHEBI:33659)"", ""organic salt (CHEBI:24868)"", ""lactam (CHEBI:24995)"", ""guanidines (CHEBI:24436)"", ""organonitrogen heterocyclic compound (CHEBI:38101)"", ""monocarboxylic acid (CHEBI:25384)"", ""organonitrogen compound (CHEBI:35352)"", ""carboxylic acid (CHEBI:33575)"", ""carbonyl compound (CHEBI:36586)"", ""organic oxide (CHEBI:25701)"", ""pnictogen molecular entity (CHEBI:33302)"", ""organic molecular entity (CHEBI:50860)"", ""primary alcohol (CHEBI:15734)"", ""organic molecule (CHEBI:72695)"", ""organic anion (CHEBI:25696)"", ""oligopeptide (CHEBI:25676)"", ""chemical entity (CHEBI:24431)"", ""organic acid (CHEBI:64709)"", ""organooxygen compound (CHEBI:36963)"", ""lipid (CHEBI:18059)"", ""organic heterocyclic compound (CHEBI:24532)"", ""benzenoid aromatic compound (CHEBI:33836)"", ""benzenes (CHEBI:22712)"", ""primary amine (CHEBI:32877)"", ""pyrrolidines (CHEBI:38260)"", ""pyrrolidinone (CHEBI:38275)"", ""amide (CHEBI:32988)"", ""azole (CHEBI:68452)"", ""nitrogen molecular entity (CHEBI:51143)"", ""oxygen molecular entity (CHEBI:25806)"", ""polyol (CHEBI:26191)"", ""organic hydroxy compound (CHEBI:33822)"", ""alcohol (CHEBI:30879)"", ""peptide (CHEBI:16670)""]"
86638817,NotAvailable,"predicted_lipidmaps_terms: [""Fatty Acids and Conjugates (FA01)"", ""Unsaturated fatty acids (FA0103)"", ""Straight chain fatty acids (FA0101)"", ""N-acyl amines (FA0802)"", ""Fatty Acyls (FA)"", ""Fatty amides (FA08)""]"
86638817,NotAvailable,Classification_version: 2.1
86686477,CHEMONTID:0000000,Kingdom: Organic compounds
86686477,CHEMONTID:0000012,Superclass: Lipids and lipid-like molecules
86686477,CHEMONTID:0000258,Class: Steroids and steroid derivatives
86686477,CHEMONTID:0003566,Subclass: Cholestane steroids
86686477,CHEMONTID:0001469,Direct_parent: Cholesterols and derivatives
86686477,CHEMONTID:0000676,alternative_parents: Taxanes and derivatives
86686477,CHEMONTID:0003233,alternative_parents: 3-beta-hydroxysteroids
86686477,CHEMONTID:0003226,alternative_parents: 3-beta-hydroxy delta-5-steroids
86686477,CHEMONTID:0002979,alternative_parents: Delta-5-steroids
86686477,CHEMONTID:0002966,alternative_parents: Tetracarboxylic acids and derivatives
86686477,CHEMONTID:0001350,alternative_parents: Benzoic acid esters
86686477,CHEMONTID:0000321,alternative_parents: Benzoyl derivatives
86686477,CHEMONTID:0000324,alternative_parents: Fatty acid esters
86686477,CHEMONTID:0003420,alternative_parents: Alpha-acyloxy ketones
86686477,CHEMONTID:0001670,alternative_parents: Tertiary alcohols
86686477,CHEMONTID:0001661,alternative_parents: Secondary alcohols
86686477,CHEMONTID:0000070,alternative_parents: Oxetanes
86686477,CHEMONTID:0000118,alternative_parents: Ketones
86686477,CHEMONTID:0001292,alternative_parents: Cyclic alcohols and derivatives
86686477,CHEMONTID:0001238,alternative_parents: Carboxylic acid esters
86686477,CHEMONTID:0003633,"alternative_parents: Propargyl-type 1,3-dipolar organic compounds"
86686477,CHEMONTID:0004140,alternative_parents: Oxacyclic compounds
86686477,CHEMONTID:0001167,alternative_parents: Dialkyl ethers
86686477,CHEMONTID:0002484,alternative_parents: Carboximidic acids
86686477,CHEMONTID:0004557,alternative_parents: Organopnictogen compounds
86686477,CHEMONTID:0000278,alternative_parents: Organonitrogen compounds
86686477,CHEMONTID:0003940,alternative_parents: Organic oxides
86686477,CHEMONTID:0004150,alternative_parents: Hydrocarbon derivatives
86686477,NotAvailable,"Substituents: [""Cholesterol-skeleton"", ""Cholesterol"", ""Taxane diterpenoid"", ""Diterpenoid"", ""3-beta-hydroxysteroid"", ""3-beta-hydroxy-delta-5-steroid"", ""Hydroxysteroid"", ""3-hydroxysteroid"", ""3-hydroxy-delta-5-steroid"", ""Delta-5-steroid"", ""Tetracarboxylic acid or derivatives"", ""Benzoate ester"", ""Benzoic acid or derivatives"", ""Benzoyl"", ""Alpha-acyloxy ketone"", ""Fatty acid ester"", ""Fatty acyl"", ""Benzenoid"", ""Monocyclic benzene moiety"", ""Tertiary alcohol"", ""Cyclic alcohol"", ""Secondary alcohol"", ""Oxetane"", ""Ketone"", ""Carboxylic acid ester"", ""Oxacycle"", ""Organoheterocyclic compound"", ""Organic 1,3-dipolar compound"", ""Propargyl-type 1,3-dipolar organic compound"", ""Ether"", ""Dialkyl ether"", ""Carboxylic acid derivative"", ""Carboximidic acid derivative"", ""Carboximidic acid"", ""Organic nitrogen compound"", ""Organic oxygen compound"", ""Organopnictogen compound"", ""Organic oxide"", ""Hydrocarbon derivative"", ""Organooxygen compound"", ""Organonitrogen compound"", ""Carbonyl group"", ""Alcohol"", ""Aromatic heteropolycyclic compound""]"
86686477,NotAvailable,External_descriptors: []
86686477,NotAvailable,"Ancestors: [""3-beta-hydroxy delta-5-steroids"", ""3-beta-hydroxysteroids"", ""3-hydroxy delta-5-steroids"", ""3-hydroxysteroids"", ""Alcohols and polyols"", ""Alpha-acyloxy carbonyl compounds"", ""Alpha-acyloxy ketones"", ""Benzene and substituted derivatives"", ""Benzenoids"", ""Benzoic acid esters"", ""Benzoic acids and derivatives"", ""Benzoyl derivatives"", ""Carbonyl compounds"", ""Carboximidic acids"", ""Carboximidic acids and derivatives"", ""Carboxylic acid derivatives"", ""Carboxylic acid esters"", ""Carboxylic acids and derivatives"", ""Chemical entities"", ""Cholestane steroids"", ""Cholesterols and derivatives"", ""Cyclic alcohols and derivatives"", ""Delta-5-steroids"", ""Dialkyl ethers"", ""Diterpenoids"", ""Ethers"", ""Fatty Acyls"", ""Fatty acid esters"", ""Hydrocarbon derivatives"", ""Hydroxysteroids"", ""Ketones"", ""Lipids and lipid-like molecules"", ""Organic 1,3-dipolar compounds"", ""Organic acids and derivatives"", ""Organic compounds"", ""Organic nitrogen compounds"", ""Organic oxides"", ""Organic oxygen compounds"", ""Organoheterocyclic compounds"", ""Organonitrogen compounds"", ""Organooxygen compounds"", ""Organopnictogen compounds"", ""Oxacyclic compounds"", ""Oxetanes"", ""Prenol lipids"", ""Propargyl-type 1,3-dipolar organic compounds"", ""Secondary alcohols"", ""Steroids and steroid derivatives"", ""Taxanes and derivatives"", ""Tertiary alcohols"", ""Tetracarboxylic acids and derivatives""]"
86686477,NotAvailable,predicted_chebi_terms: []
86686477,NotAvailable,predicted_lipidmaps_terms: []
86686477,NotAvailable,Classification_version: 2.1
86691104,CHEMONTID:0000000,Kingdom: Organic compounds
86691104,CHEMONTID:0000264,Superclass: Organic acids and derivatives
86691104,CHEMONTID:0000265,Class: Carboxylic acids and derivatives
86691104,CHEMONTID:0000013,"Subclass: Amino acids, peptides, and analogues"
86691104,CHEMONTID:0000347,Intermediate_nodes: Amino acids and derivatives
86691104,CHEMONTID:0001880,Direct_parent: Gamma amino acids and derivatives
86691104,CHEMONTID:0003626,alternative_parents: Enoate esters
86691104,CHEMONTID:0003922,alternative_parents: Acetamides
86691104,CHEMONTID:0001663,alternative_parents: Secondary carboxylic acid amides
86691104,CHEMONTID:0001137,alternative_parents: Monocarboxylic acids and derivatives
86691104,CHEMONTID:0001167,alternative_parents: Dialkyl ethers
86691104,CHEMONTID:0003865,alternative_parents: Organic salts
86691104,CHEMONTID:0003940,alternative_parents: Organic oxides
86691104,CHEMONTID:0000469,alternative_parents: Monoalkylamines
86691104,CHEMONTID:0004150,alternative_parents: Hydrocarbon derivatives
86691104,CHEMONTID:0001831,alternative_parents: Carbonyl compounds
86691104,CHEMONTID:0003609,alternative_parents: Organic cations
86691104,NotAvailable,mMlecular_framework: Aliphatic homomonocyclic compounds
86691104,NotAvailable,"Substituents: [""Gamma amino acid or derivatives"", ""Acetamide"", ""Enoate ester"", ""Alpha,beta-unsaturated carboxylic ester"", ""Carboxamide group"", ""Carboxylic acid ester"", ""Secondary carboxylic acid amide"", ""Dialkyl ether"", ""Ether"", ""Monocarboxylic acid or derivatives"", ""Primary amine"", ""Organooxygen compound"", ""Organonitrogen compound"", ""Carbonyl group"", ""Primary aliphatic amine"", ""Organic oxide"", ""Amine"", ""Organic oxygen compound"", ""Organic nitrogen compound"", ""Hydrocarbon derivative"", ""Organic salt"", ""Organic cation"", ""Aliphatic homomonocyclic compound""]"
86691104,NotAvailable,External_descriptors: []
86691104,NotAvailable,"Ancestors: [""Acetamides"", ""Alpha,beta-unsaturated carboxylic esters"", ""Amines"", ""Amino acids and derivatives"", ""Amino acids, peptides, and analogues"", ""Carbonyl compounds"", ""Carboxylic acid amides"", ""Carboxylic acid derivatives"", ""Carboxylic acid esters"", ""Carboxylic acids and derivatives"", ""Chemical entities"", ""Dialkyl ethers"", ""Enoate esters"", ""Ethers"", ""Fatty Acyls"", ""Fatty acid esters"", ""Gamma amino acids and derivatives"", ""Hydrocarbon derivatives"", ""Lipids and lipid-like molecules"", ""Monoalkylamines"", ""Monocarboxylic acids and derivatives"", ""Organic acids and derivatives"", ""Organic anions"", ""Organic cations"", ""Organic compounds"", ""Organic nitrogen compounds"", ""Organic oxides"", ""Organic oxygen compounds"", ""Organic salts"", ""Organonitrogen compounds"", ""Organooxygen compounds"", ""Organopnictogen compounds"", ""Primary amines"", ""Secondary carboxylic acid amides""]"
86691104,NotAvailable,"predicted_chebi_terms: [""enoate ester (CHEBI:51702)"", ""acetamides (CHEBI:22160)"", ""carboxamide (CHEBI:37622)"", ""monocarboxylic acid (CHEBI:25384)"", ""ether (CHEBI:25698)"", ""organic salt (CHEBI:24868)"", ""organic oxide (CHEBI:25701)"", ""alkylamine (CHEBI:13759)"", ""organic molecule (CHEBI:72695)"", ""carbonyl compound (CHEBI:36586)"", ""organic cation (CHEBI:25697)"", ""organonitrogen compound (CHEBI:35352)"", ""organooxygen compound (CHEBI:36963)"", ""chemical entity (CHEBI:24431)"", ""organic acid (CHEBI:64709)"", ""carboxylic acid (CHEBI:33575)"", ""carboxylic ester (CHEBI:33308)"", ""alpha,beta-unsaturated carboxylic ester (CHEBI:51737)"", ""amide (CHEBI:32988)"", ""oxygen molecular entity (CHEBI:25806)"", ""organic molecular entity (CHEBI:50860)"", ""nitrogen molecular entity (CHEBI:51143)"", ""amine (CHEBI:32952)"", ""primary amine (CHEBI:32877)""]"
86691104,NotAvailable,predicted_lipidmaps_terms: []
86691104,NotAvailable,Classification_version: 2.1
86703813,CHEMONTID:0000000,Kingdom: Organic compounds
86703813,CHEMONTID:0000261,Superclass: Phenylpropanoids and polyketides
86703813,CHEMONTID:0002106,Class: Anthracyclines
86703813,CHEMONTID:0002106,Direct_parent: Anthracyclines
86703813,CHEMONTID:0003025,alternative_parents: Gamma-glutamyl peptides
86703813,CHEMONTID:0004831,alternative_parents: Oligopeptides
86703813,CHEMONTID:0000155,alternative_parents: Tetracenequinones
86703813,CHEMONTID:0000282,alternative_parents: Aminoglycosides
86703813,CHEMONTID:0000151,alternative_parents: Anthraquinones
86703813,CHEMONTID:0004315,alternative_parents: Glutamine and derivatives
86703813,CHEMONTID:0002402,alternative_parents: N-acyl-alpha amino acids
86703813,CHEMONTID:0004313,alternative_parents: Cysteine and derivatives
86703813,CHEMONTID:0001498,alternative_parents: Hexoses
86703813,CHEMONTID:0002309,alternative_parents: Alpha amino acid amides
86703813,CHEMONTID:0002207,alternative_parents: O-glycosyl compounds
86703813,CHEMONTID:0004146,alternative_parents: L-alpha-amino acids
86703813,CHEMONTID:0000048,alternative_parents: Tetralins
86703813,CHEMONTID:0003670,alternative_parents: Aryl ketones
86703813,CHEMONTID:0000138,alternative_parents: Anisoles
86703813,CHEMONTID:0000128,alternative_parents: Alkyl aryl ethers
86703813,CHEMONTID:0002012,alternative_parents: Oxanes
86703813,CHEMONTID:0001096,alternative_parents: N-acyl amines
86703813,CHEMONTID:0000262,alternative_parents: Fatty acids and conjugates
86703813,CHEMONTID:0000346,alternative_parents: Dicarboxylic acids and derivatives
86703813,CHEMONTID:0001670,alternative_parents: Tertiary alcohols
86703813,CHEMONTID:0003889,alternative_parents: Vinylogous acids
86703813,CHEMONTID:0002912,alternative_parents: Alpha-hydroxy ketones
86703813,CHEMONTID:0004176,alternative_parents: Amino acids
86703813,CHEMONTID:0001897,"alternative_parents: 1,2-aminoalcohols"
86703813,CHEMONTID:0001661,alternative_parents: Secondary alcohols
86703813,CHEMONTID:0001663,alternative_parents: Secondary carboxylic acid amides
86703813,CHEMONTID:0001656,alternative_parents: Acetals
86703813,CHEMONTID:0002286,alternative_parents: Polyols
86703813,CHEMONTID:0001212,alternative_parents: Alkylthiols
86703813,CHEMONTID:0004140,alternative_parents: Oxacyclic compounds
86703813,CHEMONTID:0001205,alternative_parents: Carboxylic acids
86703813,CHEMONTID:0000286,alternative_parents: Primary alcohols
86703813,CHEMONTID:0004557,alternative_parents: Organopnictogen compounds
86703813,CHEMONTID:0003940,alternative_parents: Organic oxides
86703813,CHEMONTID:0000469,alternative_parents: Monoalkylamines
86703813,CHEMONTID:0004150,alternative_parents: Hydrocarbon derivatives
86703813,CHEMONTID:0000124,alternative_parents: Aldehydes
86703813,NotAvailable,"Substituents: [""Anthracycline"", ""Anthracyclinone-skeleton"", ""Alpha-oligopeptide"", ""Gamma-glutamyl alpha peptide"", ""Alpha peptide"", ""Tetracenequinone"", ""Aminoglycoside core"", ""1,4-anthraquinone"", ""9,10-anthraquinone"", ""Glutamine or derivatives"", ""Anthracene"", ""N-acyl-alpha amino acid or derivatives"", ""N-acyl-alpha-amino acid"", ""Alpha-amino acid amide"", ""Hexose monosaccharide"", ""Cysteine or derivatives"", ""Glycosyl compound"", ""O-glycosyl compound"", ""Alpha-amino acid"", ""Tetralin"", ""Alpha-amino acid or derivatives"", ""N-substituted-alpha-amino acid"", ""L-alpha-amino acid"", ""Aryl ketone"", ""Anisole"", ""Alkyl aryl ether"", ""Amino saccharide"", ""Oxane"", ""Fatty acyl"", ""Fatty acid"", ""Dicarboxylic acid or derivatives"", ""Fatty amide"", ""N-acyl-amine"", ""Monosaccharide"", ""Benzenoid"", ""Alpha-hydroxy ketone"", ""Vinylogous acid"", ""Tertiary alcohol"", ""1,2-aminoalcohol"", ""Amino acid or derivatives"", ""Amino acid"", ""Carboxamide group"", ""Secondary alcohol"", ""Secondary carboxylic acid amide"", ""Ketone"", ""Acetal"", ""Alkylthiol"", ""Ether"", ""Polyol"", ""Carboxylic acid"", ""Oxacycle"", ""Organoheterocyclic compound"", ""Carboxylic acid derivative"", ""Organic nitrogen compound"", ""Hydrocarbon derivative"", ""Alcohol"", ""Primary alcohol"", ""Amine"", ""Organosulfur compound"", ""Organic oxide"", ""Organopnictogen compound"", ""Organooxygen compound"", ""Organonitrogen compound"", ""Primary aliphatic amine"", ""Primary amine"", ""Carbonyl group"", ""Aldehyde"", ""Organic oxygen compound"", ""Aromatic heteropolycyclic compound""]"
86703813,NotAvailable,External_descriptors: []
86703813,NotAvailable,"Ancestors: [""1,2-aminoalcohols"", ""Acetals"", ""Alcohols and polyols"", ""Aldehydes"", ""Alkanolamines"", ""Alkyl aryl ethers"", ""Alkylthiols"", ""Alpha amino acid amides"", ""Alpha amino acids"", ""Alpha amino acids and derivatives"", ""Alpha-hydroxy ketones"", ""Amines"", ""Amino acids"", ""Amino acids and derivatives"", ""Amino acids, peptides, and analogues"", ""Aminoglycosides"", ""Aminosaccharides"", ""Anisoles"", ""Anthracenes"", ""Anthracyclines"", ""Anthraquinones"", ""Aryl ketones"", ""Benzenoids"", ""Carbohydrates and carbohydrate conjugates"", ""Carbonyl compounds"", ""Carboxylic acid amides"", ""Carboxylic acid derivatives"", ""Carboxylic acids"", ""Carboxylic acids and derivatives"", ""Chemical entities"", ""Cysteine and derivatives"", ""Dicarboxylic acids and derivatives"", ""Ethers"", ""Fatty Acyls"", ""Fatty acids and conjugates"", ""Fatty amides"", ""Gamma-glutamyl peptides"", ""Glutamine and derivatives"", ""Glycosyl compounds"", ""Hexoses"", ""Hydrocarbon derivatives"", ""Ketones"", ""L-alpha-amino acids"", ""Lipids and lipid-like molecules"", ""Monoalkylamines"", ""Monosaccharides"", ""N-acyl amines"", ""N-acyl-alpha amino acids"", ""N-acyl-alpha amino acids and derivatives"", ""Naphthacenes"", ""O-glycosyl compounds"", ""Oligopeptides"", ""Organic acids and derivatives"", ""Organic compounds"", ""Organic nitrogen compounds"", ""Organic oxides"", ""Organic oxygen compounds"", ""Organoheterocyclic compounds"", ""Organonitrogen compounds"", ""Organooxygen compounds"", ""Organopnictogen compounds"", ""Organosulfur compounds"", ""Oxacyclic compounds"", ""Oxanes"", ""Peptides"", ""Phenol ethers"", ""Phenylpropanoids and polyketides"", ""Polyols"", ""Primary alcohols"", ""Primary amines"", ""Secondary alcohols"", ""Secondary carboxylic acid amides"", ""Tertiary alcohols"", ""Tetracenequinones"", ""Tetralins"", ""Thiols"", ""Vinylogous acids""]"
86703813,NotAvailable,"predicted_chebi_terms: [""peptide (CHEBI:16670)"", ""oligopeptide (CHEBI:25676)"", ""quinone (CHEBI:36141)"", ""tetracenes (CHEBI:51270)"", ""aminoglycoside (CHEBI:47779)"", ""anthraquinone (CHEBI:22580)"", ""glutamine derivative (CHEBI:70813)"", ""N-acyl-amino acid (CHEBI:51569)"", ""cysteine derivative (CHEBI:23509)"", ""hexose (CHEBI:18133)"", ""amino acid amide (CHEBI:22475)"", ""glycoside (CHEBI:24400)"", ""L-alpha-amino acid (CHEBI:15705)"", ""tetralins (CHEBI:36786)"", ""aromatic ketone (CHEBI:76224)"", ""methoxybenzene (CHEBI:51683)"", ""aromatic ether (CHEBI:35618)"", ""oxanes (CHEBI:46942)"", ""fatty amide (CHEBI:29348)"", ""monocarboxylic acid (CHEBI:25384)"", ""dicarboxylic acid (CHEBI:35692)"", ""tertiary alcohol (CHEBI:26878)"", ""enone (CHEBI:51689)"", ""enol (CHEBI:33823)"", ""ketone (CHEBI:17087)"", ""amino acid (CHEBI:33709)"", ""amino alcohol (CHEBI:22478)"", ""secondary alcohol (CHEBI:35681)"", ""carboxamide (CHEBI:37622)"", ""acetal (CHEBI:59769)"", ""polyol (CHEBI:26191)"", ""alkanethiol (CHEBI:47908)"", ""oxacycle (CHEBI:38104)"", ""carboxylic acid (CHEBI:33575)"", ""primary alcohol (CHEBI:15734)"", ""pnictogen molecular entity (CHEBI:33302)"", ""organic molecular entity (CHEBI:50860)"", ""organic oxide (CHEBI:25701)"", ""alkylamine (CHEBI:13759)"", ""organic molecule (CHEBI:72695)"", ""aldehyde (CHEBI:17478)"", ""anthracycline (CHEBI:48120)"", ""chemical entity (CHEBI:24431)"", ""organic acid (CHEBI:64709)"", ""carbonyl compound (CHEBI:36586)"", ""benzenoid aromatic compound (CHEBI:33836)"", ""oxygen molecular entity (CHEBI:25806)"", ""organooxygen compound (CHEBI:36963)"", ""carbohydrates and carbohydrate derivatives (CHEBI:78616)"", ""amino sugar (CHEBI:28963)"", ""anthracenes (CHEBI:46955)"", ""organonitrogen compound (CHEBI:35352)"", ""monosaccharide (CHEBI:35381)"", ""alpha-amino acid (CHEBI:33704)"", ""ether (CHEBI:25698)"", ""organic heterocyclic compound (CHEBI:24532)"", ""lipid (CHEBI:18059)"", ""organic hydroxy compound (CHEBI:33822)"", ""alcohol (CHEBI:30879)"", ""nitrogen molecular entity (CHEBI:51143)"", ""amine (CHEBI:32952)"", ""amide (CHEBI:32988)"", ""organosulfur compound (CHEBI:33261)"", ""thiol (CHEBI:29256)"", ""primary amine (CHEBI:32877)""]"
86703813,NotAvailable,"predicted_lipidmaps_terms: [""N-acyl amines (FA0802)"", ""Fatty Acids and Conjugates (FA01)"", ""Dicarboxylic acids (FA0117)"", ""Anthracyclinones (PK1305)"", ""Fatty Acyls (FA)"", ""Fatty amides (FA08)""]"
86703813,NotAvailable,Classification_version: 2.1
86756131,CHEMONTID:0000000,Kingdom: Organic compounds
86756131,CHEMONTID:0000264,Superclass: Organic acids and derivatives
86756131,CHEMONTID:0000265,Class: Carboxylic acids and derivatives
86756131,CHEMONTID:0000013,"Subclass: Amino acids, peptides, and analogues"
86756131,CHEMONTID:0000347,Intermediate_nodes: Amino acids and derivatives
86756131,CHEMONTID:0000060,Intermediate_nodes: Alpha amino acids and derivatives
86756131,CHEMONTID:0002404,Direct_parent: Alpha amino acids
86756131,CHEMONTID:0002210,alternative_parents: Sugar alcohols
86756131,CHEMONTID:0001540,alternative_parents: Monosaccharides
86756131,CHEMONTID:0001661,alternative_parents: Secondary alcohols
86756131,CHEMONTID:0004176,alternative_parents: Amino acids
86756131,CHEMONTID:0002286,alternative_parents: Polyols
86756131,CHEMONTID:0001137,alternative_parents: Monocarboxylic acids and derivatives
86756131,CHEMONTID:0001205,alternative_parents: Carboxylic acids
86756131,CHEMONTID:0000286,alternative_parents: Primary alcohols
86756131,CHEMONTID:0003940,alternative_parents: Organic oxides
86756131,CHEMONTID:0000469,alternative_parents: Monoalkylamines
86756131,CHEMONTID:0004150,alternative_parents: Hydrocarbon derivatives
86756131,CHEMONTID:0001831,alternative_parents: Carbonyl compounds
86756131,NotAvailable,"Substituents: [""Alpha-amino acid"", ""Monosaccharide"", ""Sugar alcohol"", ""Secondary alcohol"", ""Amino acid"", ""Carboxylic acid"", ""Monocarboxylic acid or derivatives"", ""Polyol"", ""Primary alcohol"", ""Organic nitrogen compound"", ""Organooxygen compound"", ""Organonitrogen compound"", ""Organic oxygen compound"", ""Primary aliphatic amine"", ""Alcohol"", ""Carbonyl group"", ""Amine"", ""Primary amine"", ""Organic oxide"", ""Hydrocarbon derivative"", ""Aliphatic acyclic compound""]"
86756131,NotAvailable,External_descriptors: []
86756131,NotAvailable,"Ancestors: [""Alcohols and polyols"", ""Alpha amino acids"", ""Alpha amino acids and derivatives"", ""Amines"", ""Amino acids"", ""Amino acids and derivatives"", ""Amino acids, peptides, and analogues"", ""Carbohydrates and carbohydrate conjugates"", ""Carbonyl compounds"", ""Carboxylic acids"", ""Carboxylic acids and derivatives"", ""Chemical entities"", ""Hydrocarbon derivatives"", ""Monoalkylamines"", ""Monocarboxylic acids and derivatives"", ""Monosaccharides"", ""Organic acids and derivatives"", ""Organic compounds"", ""Organic nitrogen compounds"", ""Organic oxides"", ""Organic oxygen compounds"", ""Organonitrogen compounds"", ""Organooxygen compounds"", ""Organopnictogen compounds"", ""Polyols"", ""Primary alcohols"", ""Primary amines"", ""Secondary alcohols"", ""Sugar alcohols""]"
86756131,NotAvailable,"predicted_chebi_terms: [""alditol (CHEBI:17522)"", ""monosaccharide (CHEBI:35381)"", ""secondary alcohol (CHEBI:35681)"", ""amino acid (CHEBI:33709)"", ""polyol (CHEBI:26191)"", ""monocarboxylic acid (CHEBI:25384)"", ""carboxylic acid (CHEBI:33575)"", ""primary alcohol (CHEBI:15734)"", ""organic oxide (CHEBI:25701)"", ""alkylamine (CHEBI:13759)"", ""organic molecule (CHEBI:72695)"", ""carbonyl compound (CHEBI:36586)"", ""alpha-amino acid (CHEBI:33704)"", ""chemical entity (CHEBI:24431)"", ""oxygen molecular entity (CHEBI:25806)"", ""organic molecular entity (CHEBI:50860)"", ""organooxygen compound (CHEBI:36963)"", ""carbohydrates and carbohydrate derivatives (CHEBI:78616)"", ""organic hydroxy compound (CHEBI:33822)"", ""alcohol (CHEBI:30879)"", ""organic acid (CHEBI:64709)"", ""organonitrogen compound (CHEBI:35352)"", ""nitrogen molecular entity (CHEBI:51143)"", ""amine (CHEBI:32952)"", ""primary amine (CHEBI:32877)""]"
86756131,NotAvailable,predicted_lipidmaps_terms: []
86756131,NotAvailable,Classification_version: 2.1
86761749,CHEMONTID:0000000,Kingdom: Organic compounds
86761749,CHEMONTID:0000002,Superclass: Organoheterocyclic compounds
86761749,CHEMONTID:0000109,Class: Pteridines and derivatives
86761749,CHEMONTID:0000110,Subclass: Pterins and derivatives
86761749,CHEMONTID:0001228,Intermediate_nodes: Pteroic acids and derivatives
86761749,CHEMONTID:0000255,Intermediate_nodes: Folic acids and derivatives
86761749,CHEMONTID:0003039,Direct_parent: Folic acids
86761749,CHEMONTID:0004323,alternative_parents: Glutamic acid and derivatives
86761749,CHEMONTID:0000200,alternative_parents: Xanthenes
86761749,CHEMONTID:0002402,alternative_parents: N-acyl-alpha amino acids
86761749,CHEMONTID:0001318,alternative_parents: Hippuric acids
86761749,CHEMONTID:0001917,alternative_parents: Aminobenzamides
86761749,CHEMONTID:0002565,alternative_parents: Benzoic acids
86761749,CHEMONTID:0000284,alternative_parents: Aniline and substituted anilines
86761749,CHEMONTID:0000321,alternative_parents: Benzoyl derivatives
86761749,CHEMONTID:0003901,alternative_parents: Dialkylarylamines
86761749,CHEMONTID:0004646,alternative_parents: 1-hydroxy-2-unsubstituted benzenoids
86761749,CHEMONTID:0001262,alternative_parents: Aminopyrimidines and derivatives
86761749,CHEMONTID:0003899,alternative_parents: Aralkylamines
86761749,CHEMONTID:0000067,alternative_parents: Pyrazines
86761749,CHEMONTID:0003886,alternative_parents: Imidolactams
86761749,CHEMONTID:0000346,alternative_parents: Dicarboxylic acids and derivatives
86761749,CHEMONTID:0004144,alternative_parents: Heteroaromatic compounds
86761749,CHEMONTID:0004176,alternative_parents: Amino acids
86761749,CHEMONTID:0003487,alternative_parents: Cyclic ketones
86761749,CHEMONTID:0001663,alternative_parents: Secondary carboxylic acid amides
86761749,CHEMONTID:0001205,alternative_parents: Carboxylic acids
86761749,CHEMONTID:0004139,alternative_parents: Azacyclic compounds
86761749,CHEMONTID:0004140,alternative_parents: Oxacyclic compounds
86761749,CHEMONTID:0004150,alternative_parents: Hydrocarbon derivatives
86761749,CHEMONTID:0003940,alternative_parents: Organic oxides
86761749,CHEMONTID:0002450,alternative_parents: Primary amines
86761749,NotAvailable,"Substituents: [""Folic acid"", ""Glutamic acid or derivatives"", ""Xanthene"", ""Dibenzopyran"", ""N-acyl-alpha amino acid or derivatives"", ""N-acyl-alpha-amino acid"", ""Hippuric acid"", ""Hippuric acid or derivatives"", ""Aminobenzoic acid or derivatives"", ""Aminobenzamide"", ""Alpha-amino acid or derivatives"", ""1-benzopyran"", ""Benzopyran"", ""Benzoic acid"", ""Benzoic acid or derivatives"", ""Benzamide"", ""Benzoyl"", ""Aniline or substituted anilines"", ""Dialkylarylamine"", ""1-hydroxy-2-unsubstituted benzenoid"", ""Aminopyrimidine"", ""Aralkylamine"", ""Phenol"", ""Pyrimidine"", ""Pyrazine"", ""Monocyclic benzene moiety"", ""Dicarboxylic acid or derivatives"", ""Benzenoid"", ""Imidolactam"", ""Heteroaromatic compound"", ""Amino acid"", ""Secondary carboxylic acid amide"", ""Tertiary amine"", ""Carboxamide group"", ""Amino acid or derivatives"", ""Cyclic ketone"", ""Carboxylic acid"", ""Azacycle"", ""Oxacycle"", ""Carboxylic acid derivative"", ""Organic nitrogen compound"", ""Hydrocarbon derivative"", ""Carbonyl group"", ""Organic oxide"", ""Amine"", ""Organic oxygen compound"", ""Primary amine"", ""Organonitrogen compound"", ""Organooxygen compound"", ""Aromatic heteropolycyclic compound""]"
86761749,NotAvailable,External_descriptors: []
86761749,NotAvailable,"Ancestors: [""1-benzopyrans"", ""1-hydroxy-2-unsubstituted benzenoids"", ""Alpha amino acids and derivatives"", ""Amines"", ""Amino acids"", ""Amino acids and derivatives"", ""Amino acids, peptides, and analogues"", ""Aminobenzamides"", ""Aminobenzoic acids and derivatives"", ""Aminopyrimidines and derivatives"", ""Aniline and substituted anilines"", ""Aralkylamines"", ""Azacyclic compounds"", ""Benzamides"", ""Benzene and substituted derivatives"", ""Benzenoids"", ""Benzoic acids"", ""Benzoic acids and derivatives"", ""Benzopyrans"", ""Benzoyl derivatives"", ""Carbonyl compounds"", ""Carboxylic acid amides"", ""Carboxylic acid derivatives"", ""Carboxylic acids"", ""Carboxylic acids and derivatives"", ""Chemical entities"", ""Cyclic ketones"", ""Dialkylarylamines"", ""Diazines"", ""Dibenzopyrans"", ""Dicarboxylic acids and derivatives"", ""Folic acids"", ""Folic acids and derivatives"", ""Glutamic acid and derivatives"", ""Heteroaromatic compounds"", ""Hippuric acids"", ""Hippuric acids and derivatives"", ""Hydrocarbon derivatives"", ""Imidolactams"", ""Ketones"", ""N-acyl-alpha amino acids"", ""N-acyl-alpha amino acids and derivatives"", ""Organic acids and derivatives"", ""Organic compounds"", ""Organic nitrogen compounds"", ""Organic oxides"", ""Organic oxygen compounds"", ""Organoheterocyclic compounds"", ""Organonitrogen compounds"", ""Organooxygen compounds"", ""Oxacyclic compounds"", ""Phenols"", ""Primary amines"", ""Pteridines and derivatives"", ""Pterins and derivatives"", ""Pteroic acids and derivatives"", ""Pyrazines"", ""Pyrimidines and pyrimidine derivatives"", ""Secondary carboxylic acid amides"", ""Tertiary alkylarylamines"", ""Tertiary amines"", ""Xanthenes""]"
86761749,NotAvailable,"predicted_chebi_terms: [""glutamic acid derivative (CHEBI:24315)"", ""xanthenes (CHEBI:38835)"", ""N-acyl-amino acid (CHEBI:51569)"", ""N-acylglycine (CHEBI:16180)"", ""benzamides (CHEBI:22702)"", ""benzoic acids (CHEBI:22723)"", ""anilines (CHEBI:22562)"", ""carbonyl compound (CHEBI:36586)"", ""dialkylarylamine (CHEBI:23665)"", ""tertiary amino compound (CHEBI:50996)"", ""phenols (CHEBI:33853)"", ""aminopyrimidine (CHEBI:38338)"", ""aralkylamine (CHEBI:18000)"", ""pyrazines (CHEBI:38314)"", ""heterocyclic compound (CHEBI:5686)"", ""dicarboximide (CHEBI:35356)"", ""organosulfur compound (CHEBI:33261)"", ""dicarboxylic acid (CHEBI:35692)"", ""organic aromatic compound (CHEBI:33659)"", ""amino acid (CHEBI:33709)"", ""cyclic ketone (CHEBI:3992)"", ""carboxamide (CHEBI:37622)"", ""carboxylic acid (CHEBI:33575)"", ""organonitrogen heterocyclic compound (CHEBI:38101)"", ""oxacycle (CHEBI:38104)"", ""organic molecule (CHEBI:72695)"", ""organic oxide (CHEBI:25701)"", ""primary amine (CHEBI:32877)"", ""folic acids (CHEBI:37445)"", ""chemical entity (CHEBI:24431)"", ""organic acid (CHEBI:64709)"", ""organonitrogen compound (CHEBI:35352)"", ""organooxygen compound (CHEBI:36963)"", ""organic heterocyclic compound (CHEBI:24532)"", ""benzopyran (CHEBI:22727)"", ""1-benzopyran (CHEBI:38443)"", ""dibenzopyran (CHEBI:39203)"", ""benzenoid aromatic compound (CHEBI:33836)"", ""benzenes (CHEBI:22712)"", ""nitrogen molecular entity (CHEBI:51143)"", ""organic molecular entity (CHEBI:50860)"", ""amine (CHEBI:32952)"", ""tertiary amine (CHEBI:32876)"", ""diazines (CHEBI:38313)"", ""pyrimidines (CHEBI:39447)"", ""oxygen molecular entity (CHEBI:25806)"", ""ketone (CHEBI:17087)"", ""amide (CHEBI:32988)"", ""pteridines (CHEBI:26373)"", ""pterins (CHEBI:26375)"", ""pteroic acids (CHEBI:38795)""]"
86761749,NotAvailable,"predicted_lipidmaps_terms: [""Dicarboxylic acids (FA0117)"", ""Benzopyranoids (PK1311)""]"
86761749,NotAvailable,Classification_version: 2.1
86820649,CHEMONTID:0000000,Kingdom: Organic compounds
86820649,CHEMONTID:0000002,Superclass: Organoheterocyclic compounds
86820649,CHEMONTID:0002389,Class: Diazinanes
86820649,CHEMONTID:0000189,Subclass: Piperazines
86820649,CHEMONTID:0001984,Direct_parent: Phenylpiperazines
86820649,CHEMONTID:0003359,alternative_parents: N-arylpiperazines
86820649,CHEMONTID:0003314,"alternative_parents: Phenyl-1,2,4-triazoles"
86820649,CHEMONTID:0004670,alternative_parents: Aminophenyl ethers
86820649,CHEMONTID:0004742,alternative_parents: Phenoxy compounds
86820649,CHEMONTID:0003901,alternative_parents: Dialkylarylamines
86820649,CHEMONTID:0000284,alternative_parents: Aniline and substituted anilines
86820649,CHEMONTID:0000128,alternative_parents: Alkyl aryl ethers
86820649,CHEMONTID:0001967,alternative_parents: Oxolanes
86820649,CHEMONTID:0004144,alternative_parents: Heteroaromatic compounds
86820649,CHEMONTID:0001661,alternative_parents: Secondary alcohols
86820649,CHEMONTID:0004140,alternative_parents: Oxacyclic compounds
86820649,CHEMONTID:0001167,alternative_parents: Dialkyl ethers
86820649,CHEMONTID:0004139,alternative_parents: Azacyclic compounds
86820649,CHEMONTID:0003940,alternative_parents: Organic oxides
86820649,CHEMONTID:0004150,alternative_parents: Hydrocarbon derivatives
86820649,NotAvailable,mMlecular_framework: Aromatic heteromonocyclic compounds
86820649,NotAvailable,"Substituents: [""N-arylpiperazine"", ""Phenylpiperazine"", ""Phenyltriazole"", ""Phenyl-1,2,4-triazole"", ""Aminophenyl ether"", ""Tertiary aliphatic/aromatic amine"", ""Phenoxy compound"", ""Dialkylarylamine"", ""Aniline or substituted anilines"", ""Phenol ether"", ""Alkyl aryl ether"", ""Benzenoid"", ""Monocyclic benzene moiety"", ""Azole"", ""Triazole"", ""1,2,4-triazole"", ""Heteroaromatic compound"", ""Oxolane"", ""Tertiary amine"", ""Secondary alcohol"", ""Dialkyl ether"", ""Ether"", ""Oxacycle"", ""Azacycle"", ""Organonitrogen compound"", ""Organic nitrogen compound"", ""Alcohol"", ""Organic oxide"", ""Organic oxygen compound"", ""Organooxygen compound"", ""Hydrocarbon derivative"", ""Amine"", ""Aromatic heteromonocyclic compound""]"
86820649,NotAvailable,External_descriptors: []
86820649,NotAvailable,"Ancestors: [""Alcohols and polyols"", ""Alkyl aryl ethers"", ""Amidrazones"", ""Amines"", ""Aminophenyl ethers"", ""Aniline and substituted anilines"", ""Azacyclic compounds"", ""Azoles"", ""Azolines"", ""Benzene and substituted derivatives"", ""Benzenoids"", ""Carboxylic acid amides"", ""Carboxylic acid derivatives"", ""Carboxylic acids and derivatives"", ""Chemical entities"", ""Dialkyl ethers"", ""Dialkylarylamines"", ""Diazinanes"", ""Enamines"", ""Ethers"", ""Heteroaromatic compounds"", ""Hydrazines and derivatives"", ""Hydrocarbon derivatives"", ""N-arylpiperazines"", ""Organic acids and derivatives"", ""Organic carbonic acids and derivatives"", ""Organic compounds"", ""Organic nitrogen compounds"", ""Organic oxides"", ""Organic oxygen compounds"", ""Organoheterocyclic compounds"", ""Organonitrogen compounds"", ""Organooxygen compounds"", ""Organopnictogen compounds"", ""Oxacyclic compounds"", ""Oxolanes"", ""Phenol ethers"", ""Phenoxy compounds"", ""Phenyl-1,2,4-triazoles"", ""Phenylpiperazines"", ""Phenyltriazoles"", ""Piperazines"", ""Secondary alcohols"", ""Semicarbazides"", ""Tertiary alkylarylamines"", ""Tertiary amines"", ""Tetrahydrofurans"", ""Trialkylamines"", ""Triazoles"", ""Triazolines""]"
86820649,NotAvailable,"predicted_chebi_terms: [""N-arylpiperazine (CHEBI:46848)"", ""triazoles (CHEBI:35727)"", ""aromatic ether (CHEBI:35618)"", ""substituted aniline (CHEBI:48975)"", ""benzenes (CHEBI:22712)"", ""dialkylarylamine (CHEBI:23665)"", ""tertiary amino compound (CHEBI:50996)"", ""anilines (CHEBI:22562)"", ""oxolanes (CHEBI:26912)"", ""organic aromatic compound (CHEBI:33659)"", ""secondary alcohol (CHEBI:35681)"", ""oxacycle (CHEBI:38104)"", ""ether (CHEBI:25698)"", ""organonitrogen heterocyclic compound (CHEBI:38101)"", ""organic oxide (CHEBI:25701)"", ""organic molecule (CHEBI:72695)"", ""piperazines (CHEBI:26144)"", ""chemical entity (CHEBI:24431)"", ""organic heterocyclic compound (CHEBI:24532)"", ""organic heteromonocyclic compound (CHEBI:25693)"", ""azole (CHEBI:68452)"", ""benzenoid aromatic compound (CHEBI:33836)"", ""nitrogen molecular entity (CHEBI:51143)"", ""organic molecular entity (CHEBI:50860)"", ""organonitrogen compound (CHEBI:35352)"", ""amine (CHEBI:32952)"", ""tertiary amine (CHEBI:32876)"", ""oxygen molecular entity (CHEBI:25806)"", ""organooxygen compound (CHEBI:36963)"", ""polyol (CHEBI:26191)"", ""organic hydroxy compound (CHEBI:33822)"", ""alcohol (CHEBI:30879)""]"
86820649,NotAvailable,predicted_lipidmaps_terms: []
86820649,NotAvailable,Classification_version: 2.1
87075447,CHEMONTID:0000000,Kingdom: Organic compounds
87075447,CHEMONTID:0000264,Superclass: Organic acids and derivatives
87075447,CHEMONTID:0000265,Class: Carboxylic acids and derivatives
87075447,CHEMONTID:0000013,"Subclass: Amino acids, peptides, and analogues"
87075447,CHEMONTID:0000347,Intermediate_nodes: Amino acids and derivatives
87075447,CHEMONTID:0000060,Intermediate_nodes: Alpha amino acids and derivatives
87075447,CHEMONTID:0002404,Direct_parent: Alpha amino acids
87075447,CHEMONTID:0003544,alternative_parents: Methyl-branched fatty acids
87075447,CHEMONTID:0002239,alternative_parents: Trialkylamines
87075447,CHEMONTID:0004176,alternative_parents: Amino acids
87075447,CHEMONTID:0001137,alternative_parents: Monocarboxylic acids and derivatives
87075447,CHEMONTID:0001205,alternative_parents: Carboxylic acids
87075447,CHEMONTID:0003940,alternative_parents: Organic oxides
87075447,CHEMONTID:0000469,alternative_parents: Monoalkylamines
87075447,CHEMONTID:0004150,alternative_parents: Hydrocarbon derivatives
87075447,CHEMONTID:0001831,alternative_parents: Carbonyl compounds
87075447,NotAvailable,mMlecular_framework: Aliphatic acyclic compounds
87075447,NotAvailable,"Substituents: [""Alpha-amino acid"", ""Branched fatty acid"", ""Methyl-branched fatty acid"", ""Fatty acyl"", ""Fatty acid"", ""Tertiary amine"", ""Amino acid"", ""Tertiary aliphatic amine"", ""Carboxylic acid"", ""Monocarboxylic acid or derivatives"", ""Primary amine"", ""Organooxygen compound"", ""Organonitrogen compound"", ""Organic nitrogen compound"", ""Primary aliphatic amine"", ""Carbonyl group"", ""Organic oxygen compound"", ""Amine"", ""Organic oxide"", ""Hydrocarbon derivative"", ""Aliphatic acyclic compound""]"
87075447,NotAvailable,External_descriptors: []
87075447,NotAvailable,"Ancestors: [""Alpha amino acids"", ""Alpha amino acids and derivatives"", ""Amines"", ""Amino acids"", ""Amino acids and derivatives"", ""Amino acids, peptides, and analogues"", ""Branched fatty acids"", ""Carbonyl compounds"", ""Carboxylic acids"", ""Carboxylic acids and derivatives"", ""Chemical entities"", ""Fatty Acyls"", ""Fatty acids and conjugates"", ""Hydrocarbon derivatives"", ""Lipids and lipid-like molecules"", ""Methyl-branched fatty acids"", ""Monoalkylamines"", ""Monocarboxylic acids and derivatives"", ""Organic acids and derivatives"", ""Organic compounds"", ""Organic nitrogen compounds"", ""Organic oxides"", ""Organic oxygen compounds"", ""Organonitrogen compounds"", ""Organooxygen compounds"", ""Organopnictogen compounds"", ""Primary amines"", ""Tertiary amines"", ""Trialkylamines""]"
87075447,NotAvailable,"predicted_chebi_terms: [""methyl-branched fatty acid (CHEBI:62499)"", ""tertiary amino compound (CHEBI:50996)"", ""amino acid (CHEBI:33709)"", ""monocarboxylic acid (CHEBI:25384)"", ""carboxylic acid (CHEBI:33575)"", ""organic oxide (CHEBI:25701)"", ""alkylamine (CHEBI:13759)"", ""organic molecule (CHEBI:72695)"", ""carbonyl compound (CHEBI:36586)"", ""alpha-amino acid (CHEBI:33704)"", ""chemical entity (CHEBI:24431)"", ""lipid (CHEBI:18059)"", ""organooxygen compound (CHEBI:36963)"", ""branched-chain fatty acid (CHEBI:35819)"", ""nitrogen molecular entity (CHEBI:51143)"", ""organic molecular entity (CHEBI:50860)"", ""organonitrogen compound (CHEBI:35352)"", ""amine (CHEBI:32952)"", ""tertiary amine (CHEBI:32876)"", ""organic acid (CHEBI:64709)"", ""oxygen molecular entity (CHEBI:25806)"", ""primary amine (CHEBI:32877)""]"
87075447,NotAvailable,"predicted_lipidmaps_terms: [""Branched fatty acids (FA0102)"", ""Fatty Acyls (FA)"", ""Fatty Acids and Conjugates (FA01)""]"
87075447,NotAvailable,Classification_version: 2.1
87350538,CHEMONTID:0000000,Kingdom: Organic compounds
87350538,CHEMONTID:0000289,"Superclass: Nucleosides, nucleotides, and analogues"
87350538,CHEMONTID:0000479,Class: Purine nucleosides
87350538,CHEMONTID:0000479,Direct_parent: Purine nucleosides
87350538,CHEMONTID:0002203,alternative_parents: Glycosylamines
87350538,CHEMONTID:0001497,alternative_parents: Pentoses
87350538,CHEMONTID:0000245,alternative_parents: Purines and purine derivatives
87350538,CHEMONTID:0000075,alternative_parents: Pyrimidines and pyrimidine derivatives
87350538,CHEMONTID:0002435,alternative_parents: Beta-hydroxy aldehydes
87350538,CHEMONTID:0002311,alternative_parents: N-substituted imidazoles
87350538,CHEMONTID:0003886,alternative_parents: Imidolactams
87350538,CHEMONTID:0001967,alternative_parents: Oxolanes
87350538,CHEMONTID:0004144,alternative_parents: Heteroaromatic compounds
87350538,CHEMONTID:0000517,alternative_parents: Ureas
87350538,CHEMONTID:0001661,alternative_parents: Secondary alcohols
87350538,CHEMONTID:0004139,alternative_parents: Azacyclic compounds
87350538,CHEMONTID:0004140,alternative_parents: Oxacyclic compounds
87350538,CHEMONTID:0004150,alternative_parents: Hydrocarbon derivatives
87350538,CHEMONTID:0003940,alternative_parents: Organic oxides
87350538,CHEMONTID:0000278,alternative_parents: Organonitrogen compounds
87350538,CHEMONTID:0000286,alternative_parents: Primary alcohols
87350538,NotAvailable,mMlecular_framework: Aromatic heteropolycyclic compounds
87350538,NotAvailable,"Substituents: [""Purine nucleoside"", ""Glycosyl compound"", ""N-glycosyl compound"", ""Pentose monosaccharide"", ""Purine"", ""Imidazopyrimidine"", ""Imidolactam"", ""Pyrimidine"", ""Beta-hydroxy aldehyde"", ""Monosaccharide"", ""N-substituted imidazole"", ""Heteroaromatic compound"", ""Azole"", ""Imidazole"", ""Oxolane"", ""Urea"", ""Secondary alcohol"", ""Oxacycle"", ""Azacycle"", ""Organoheterocyclic compound"", ""Hydrocarbon derivative"", ""Organonitrogen compound"", ""Organooxygen compound"", ""Alcohol"", ""Organic oxygen compound"", ""Organic nitrogen compound"", ""Carbonyl group"", ""Primary alcohol"", ""Organic oxide"", ""Aldehyde"", ""Aromatic heteropolycyclic compound""]"
87350538,NotAvailable,External_descriptors: []
87350538,NotAvailable,"Ancestors: [""Alcohols and polyols"", ""Aldehydes"", ""Amidines"", ""Azacyclic compounds"", ""Azoles"", ""Beta-hydroxy aldehydes"", ""Carbohydrates and carbohydrate conjugates"", ""Carbonyl compounds"", ""Carboximidamides"", ""Chemical entities"", ""Diazines"", ""Formamidines"", ""Glycosyl compounds"", ""Glycosylamines"", ""Heteroaromatic compounds"", ""Hydrocarbon derivatives"", ""Imidazoles"", ""Imidazopyrimidines"", ""Imidolactams"", ""Monosaccharides"", ""N-substituted imidazoles"", ""Nucleosides, nucleotides, and analogues"", ""Organic 1,3-dipolar compounds"", ""Organic acids and derivatives"", ""Organic carbonic acids and derivatives"", ""Organic compounds"", ""Organic nitrogen compounds"", ""Organic oxides"", ""Organic oxygen compounds"", ""Organoheterocyclic compounds"", ""Organonitrogen compounds"", ""Organooxygen compounds"", ""Organopnictogen compounds"", ""Oxacyclic compounds"", ""Oxolanes"", ""Pentoses"", ""Primary alcohols"", ""Propargyl-type 1,3-dipolar organic compounds"", ""Purine nucleosides"", ""Purines and purine derivatives"", ""Pyrimidines and pyrimidine derivatives"", ""Secondary alcohols"", ""Substituted imidazoles"", ""Tetrahydrofurans"", ""Ureas""]"
87350538,NotAvailable,"predicted_chebi_terms: [""N-glycosyl compound (CHEBI:21731)"", ""pentose (CHEBI:25901)"", ""purines (CHEBI:26401)"", ""pyrimidines (CHEBI:39447)"", ""hydroxyaldehyde (CHEBI:50413)"", ""imidazoles (CHEBI:24780)"", ""heterocyclic compound (CHEBI:5686)"", ""dicarboximide (CHEBI:35356)"", ""organosulfur compound (CHEBI:33261)"", ""oxolanes (CHEBI:26912)"", ""organic aromatic compound (CHEBI:33659)"", ""ureas (CHEBI:47857)"", ""secondary alcohol (CHEBI:35681)"", ""organonitrogen heterocyclic compound (CHEBI:38101)"", ""oxacycle (CHEBI:38104)"", ""organic molecule (CHEBI:72695)"", ""organic oxide (CHEBI:25701)"", ""organonitrogen compound (CHEBI:35352)"", ""primary alcohol (CHEBI:15734)"", ""purine nucleoside (CHEBI:26394)"", ""chemical entity (CHEBI:24431)"", ""oxygen molecular entity (CHEBI:25806)"", ""organic molecular entity (CHEBI:50860)"", ""organooxygen compound (CHEBI:36963)"", ""carbohydrates and carbohydrate derivatives (CHEBI:78616)"", ""glycoside (CHEBI:24400)"", ""monosaccharide (CHEBI:35381)"", ""organic heterocyclic compound (CHEBI:24532)"", ""imidazopyrimidine (CHEBI:35875)"", ""diazines (CHEBI:38313)"", ""carbonyl compound (CHEBI:36586)"", ""aldehyde (CHEBI:17478)"", ""azole (CHEBI:68452)"", ""organic acid (CHEBI:64709)"", ""polyol (CHEBI:26191)"", ""organic hydroxy compound (CHEBI:33822)"", ""alcohol (CHEBI:30879)"", ""nitrogen molecular entity (CHEBI:51143)"", ""nucleobase-containing molecular entity (CHEBI:61120)""]"
87350538,NotAvailable,predicted_lipidmaps_terms: []
87350538,NotAvailable,Classification_version: 2.1
87356445,CHEMONTID:0000000,Kingdom: Organic compounds
87356445,CHEMONTID:0000012,Superclass: Lipids and lipid-like molecules
87356445,CHEMONTID:0000258,Class: Steroids and steroid derivatives
87356445,CHEMONTID:0001460,Subclass: Vitamin D and derivatives
87356445,CHEMONTID:0001460,Direct_parent: Vitamin D and derivatives
87356445,CHEMONTID:0001553,alternative_parents: Triterpenoids
87356445,CHEMONTID:0002509,alternative_parents: Cyclitols and derivatives
87356445,CHEMONTID:0001661,alternative_parents: Secondary alcohols
87356445,CHEMONTID:0004150,alternative_parents: Hydrocarbon derivatives
87356445,NotAvailable,mMlecular_framework: Aliphatic homopolycyclic compounds
87356445,NotAvailable,"Substituents: [""Triterpenoid"", ""Cyclitol or derivatives"", ""Cyclic alcohol"", ""Secondary alcohol"", ""Organic oxygen compound"", ""Hydrocarbon derivative"", ""Organooxygen compound"", ""Alcohol"", ""Aliphatic homopolycyclic compound""]"
87356445,NotAvailable,External_descriptors: []
87356445,NotAvailable,"Ancestors: [""Alcohols and polyols"", ""Chemical entities"", ""Cyclic alcohols and derivatives"", ""Cyclitols and derivatives"", ""Hydrocarbon derivatives"", ""Lipids and lipid-like molecules"", ""Organic compounds"", ""Organic oxygen compounds"", ""Organooxygen compounds"", ""Prenol lipids"", ""Secondary alcohols"", ""Steroids and steroid derivatives"", ""Triterpenoids"", ""Vitamin D and derivatives""]"
87356445,NotAvailable,predicted_chebi_terms: []
87356445,NotAvailable,predicted_lipidmaps_terms: []
87356445,NotAvailable,Classification_version: 2.1
87443245,CHEMONTID:0000000,Kingdom: Organic compounds
87443245,CHEMONTID:0004603,Superclass: Organic oxygen compounds
87443245,CHEMONTID:0000323,Class: Organooxygen compounds
87443245,CHEMONTID:0001831,Subclass: Carbonyl compounds
87443245,CHEMONTID:0000118,Intermediate_nodes: Ketones
87443245,CHEMONTID:0003670,Intermediate_nodes: Aryl ketones
87443245,CHEMONTID:0004296,Intermediate_nodes: Phenylketones
87443245,CHEMONTID:0004297,Direct_parent: Aryl-phenylketones
87443245,CHEMONTID:0003216,alternative_parents: 3-aroylthiophenes
87443245,CHEMONTID:0001804,alternative_parents: Organic pyrophosphates
87443245,CHEMONTID:0004293,alternative_parents: 1-benzothiophenes
87443245,CHEMONTID:0002017,alternative_parents: Thiophene carboxylic acids and derivatives
87443245,CHEMONTID:0004742,alternative_parents: Phenoxy compounds
87443245,CHEMONTID:0002341,alternative_parents: Phenol ethers
87443245,CHEMONTID:0000321,alternative_parents: Benzoyl derivatives
87443245,CHEMONTID:0004646,alternative_parents: 1-hydroxy-2-unsubstituted benzenoids
87443245,CHEMONTID:0000128,alternative_parents: Alkyl aryl ethers
87443245,CHEMONTID:0000195,alternative_parents: Piperidines
87443245,CHEMONTID:0000408,alternative_parents: Phosphate esters
87443245,CHEMONTID:0004144,alternative_parents: Heteroaromatic compounds
87443245,CHEMONTID:0002239,alternative_parents: Trialkylamines
87443245,CHEMONTID:0004139,alternative_parents: Azacyclic compounds
87443245,CHEMONTID:0004150,alternative_parents: Hydrocarbon derivatives
87443245,CHEMONTID:0003940,alternative_parents: Organic oxides
87443245,NotAvailable,mMlecular_framework: Aromatic heteropolycyclic compounds
87443245,NotAvailable,"Substituents: [""Aryl-phenylketone"", ""3-aroylthiophene"", ""Organic pyrophosphate"", ""Benzothiophene"", ""1-benzothiophene"", ""Phenoxy compound"", ""Benzoyl"", ""Phenol ether"", ""Thiophene carboxylic acid or derivatives"", ""Alkyl aryl ether"", ""1-hydroxy-2-unsubstituted benzenoid"", ""Phenol"", ""Monocyclic benzene moiety"", ""Organic phosphoric acid derivative"", ""Phosphoric acid ester"", ""Piperidine"", ""Benzenoid"", ""Heteroaromatic compound"", ""Thiophene"", ""Tertiary amine"", ""Tertiary aliphatic amine"", ""Organoheterocyclic compound"", ""Azacycle"", ""Ether"", ""Organonitrogen compound"", ""Amine"", ""Hydrocarbon derivative"", ""Organic nitrogen compound"", ""Organic oxide"", ""Aromatic heteropolycyclic compound""]"
87443245,NotAvailable,External_descriptors: []
87443245,NotAvailable,"Ancestors: [""1-benzothiophenes"", ""1-hydroxy-2-unsubstituted benzenoids"", ""3-aroylthiophenes"", ""Acryloyl compounds"", ""Alkyl aryl ethers"", ""Alpha,beta-unsaturated carbonyl compounds"", ""Alpha,beta-unsaturated ketones"", ""Alpha-branched alpha,beta-unsaturated ketones"", ""Amines"", ""Aryl ketones"", ""Aryl-phenylketones"", ""Azacyclic compounds"", ""Benzene and substituted derivatives"", ""Benzenoids"", ""Benzothiophenes"", ""Benzoyl derivatives"", ""Carbonyl compounds"", ""Chemical entities"", ""Enones"", ""Ethers"", ""Heteroaromatic compounds"", ""Hydrocarbon derivatives"", ""Ketones"", ""Organic acids and derivatives"", ""Organic compounds"", ""Organic nitrogen compounds"", ""Organic oxides"", ""Organic oxoanionic compounds"", ""Organic oxygen compounds"", ""Organic phosphoric acids and derivatives"", ""Organic pyrophosphates"", ""Organoheterocyclic compounds"", ""Organonitrogen compounds"", ""Organooxygen compounds"", ""Organopnictogen compounds"", ""Organosulfur compounds"", ""Phenol ethers"", ""Phenols"", ""Phenoxy compounds"", ""Phenylketones"", ""Phosphate esters"", ""Piperidines"", ""Sulfenyl compounds"", ""Tertiary amines"", ""Thioenol ethers"", ""Thioethers"", ""Thiophene carboxylic acids and derivatives"", ""Thiophenes"", ""Trialkylamines"", ""Vinylogous thioesters""]"
87443245,NotAvailable,"predicted_chebi_terms: [""thiophenes (CHEBI:26961)"", ""aromatic ketone (CHEBI:76224)"", ""organic diphosphate (CHEBI:62889)"", ""1-benzothiophenes (CHEBI:38836)"", ""thiophenecarboxylic acid (CHEBI:48436)"", ""benzenes (CHEBI:22712)"", ""aromatic ether (CHEBI:35618)"", ""carbonyl compound (CHEBI:36586)"", ""phenols (CHEBI:33853)"", ""piperidines (CHEBI:26151)"", ""phosphoric ester (CHEBI:37734)"", ""organic aromatic compound (CHEBI:33659)"", ""tertiary amino compound (CHEBI:50996)"", ""organonitrogen heterocyclic compound (CHEBI:38101)"", ""organic molecule (CHEBI:72695)"", ""organic oxide (CHEBI:25701)"", ""chemical entity (CHEBI:24431)"", ""organic heterocyclic compound (CHEBI:24532)"", ""oxygen molecular entity (CHEBI:25806)"", ""organic molecular entity (CHEBI:50860)"", ""oxoanion (CHEBI:35406)"", ""benzothiophenes (CHEBI:38767)"", ""benzenoid aromatic compound (CHEBI:33836)"", ""organooxygen compound (CHEBI:36963)"", ""ether (CHEBI:25698)"", ""organic acid (CHEBI:64709)"", ""phosphoric acid derivative (CHEBI:26079)"", ""nitrogen molecular entity (CHEBI:51143)"", ""organonitrogen compound (CHEBI:35352)"", ""amine (CHEBI:32952)"", ""tertiary amine (CHEBI:32876)"", ""ketone (CHEBI:17087)""]"
87443245,NotAvailable,predicted_lipidmaps_terms: []
87443245,NotAvailable,Classification_version: 2.1
87525651,CHEMONTID:0000000,Kingdom: Organic compounds
87525651,CHEMONTID:0000002,Superclass: Organoheterocyclic compounds
87525651,CHEMONTID:0001797,Class: Imidazopyrimidines
87525651,CHEMONTID:0000245,Subclass: Purines and purine derivatives
87525651,CHEMONTID:0000247,Direct_parent: Xanthines
87525651,CHEMONTID:0001505,alternative_parents: 6-oxopurines
87525651,CHEMONTID:0000279,alternative_parents: Alkaloids and derivatives
87525651,CHEMONTID:0000291,alternative_parents: Pyrimidones
87525651,CHEMONTID:0002311,alternative_parents: N-substituted imidazoles
87525651,CHEMONTID:0003890,alternative_parents: Vinylogous amides
87525651,CHEMONTID:0004144,alternative_parents: Heteroaromatic compounds
87525651,CHEMONTID:0000517,alternative_parents: Ureas
87525651,CHEMONTID:0000160,alternative_parents: Lactams
87525651,CHEMONTID:0004139,alternative_parents: Azacyclic compounds
87525651,CHEMONTID:0004478,alternative_parents: Acetylides
87525651,CHEMONTID:0000323,alternative_parents: Organooxygen compounds
87525651,CHEMONTID:0000278,alternative_parents: Organonitrogen compounds
87525651,CHEMONTID:0003940,alternative_parents: Organic oxides
87525651,CHEMONTID:0004150,alternative_parents: Hydrocarbon derivatives
87525651,NotAvailable,mMlecular_framework: Aromatic heteropolycyclic compounds
87525651,NotAvailable,"Substituents: [""Xanthine"", ""6-oxopurine"", ""Purinone"", ""Alkaloid or derivatives"", ""Pyrimidone"", ""N-substituted imidazole"", ""Pyrimidine"", ""Azole"", ""Imidazole"", ""Heteroaromatic compound"", ""Vinylogous amide"", ""Lactam"", ""Urea"", ""Acetylide"", ""Azacycle"", ""Hydrocarbon derivative"", ""Organic oxide"", ""Organooxygen compound"", ""Organonitrogen compound"", ""Organic oxygen compound"", ""Organic nitrogen compound"", ""Aromatic heteropolycyclic compound""]"
87525651,NotAvailable,External_descriptors: []
87525651,NotAvailable,"Ancestors: [""6-oxopurines"", ""Acetylides"", ""Alkaloids and derivatives"", ""Alpha amino acid amides"", ""Alpha amino acids and derivatives"", ""Amidines"", ""Amino acids and derivatives"", ""Amino acids, peptides, and analogues"", ""Azacyclic compounds"", ""Azoles"", ""Carbides"", ""Carboximidamides"", ""Carboxylic acid derivatives"", ""Carboxylic acid imides"", ""Carboxylic acids and derivatives"", ""Chemical entities"", ""Diazines"", ""Dicarboximides"", ""Formamidines"", ""Haloacetylenes and derivatives"", ""Heteroaromatic compounds"", ""Hydrocarbon derivatives"", ""Hydropyrimidines"", ""Imidazoles"", ""Imidazopyrimidines"", ""Lactams"", ""N-substituted imidazoles"", ""Organic 1,3-dipolar compounds"", ""Organic acids and derivatives"", ""Organic carbonic acids and derivatives"", ""Organic compounds"", ""Organic nitrogen compounds"", ""Organic oxides"", ""Organic oxygen compounds"", ""Organohalogen compounds"", ""Organoheterocyclic compounds"", ""Organonitrogen compounds"", ""Organooxygen compounds"", ""Organopnictogen compounds"", ""Propargyl-type 1,3-dipolar organic compounds"", ""Purines and purine derivatives"", ""Purinones"", ""Pyrimidines and pyrimidine derivatives"", ""Pyrimidones"", ""Substituted imidazoles"", ""Ureas"", ""Vinylogous amides"", ""Xanthines""]"
87525651,NotAvailable,"predicted_chebi_terms: [""oxopurine (CHEBI:25810)"", ""alkaloid (CHEBI:22315)"", ""pyrimidone (CHEBI:38337)"", ""imidazoles (CHEBI:24780)"", ""enone (CHEBI:51689)"", ""enamine (CHEBI:47989)"", ""organic aromatic compound (CHEBI:33659)"", ""ureas (CHEBI:47857)"", ""lactam (CHEBI:24995)"", ""organonitrogen heterocyclic compound (CHEBI:38101)"", ""acetylide (CHEBI:73478)"", ""organooxygen compound (CHEBI:36963)"", ""organonitrogen compound (CHEBI:35352)"", ""organic oxide (CHEBI:25701)"", ""organic molecule (CHEBI:72695)"", ""chemical entity (CHEBI:24431)"", ""organic heterocyclic compound (CHEBI:24532)"", ""imidazopyrimidine (CHEBI:35875)"", ""purines (CHEBI:26401)"", ""diazines (CHEBI:38313)"", ""pyrimidines (CHEBI:39447)"", ""azole (CHEBI:68452)"", ""organic acid (CHEBI:64709)"", ""organic molecular entity (CHEBI:50860)"", ""oxygen molecular entity (CHEBI:25806)"", ""nitrogen molecular entity (CHEBI:51143)""]"
87525651,NotAvailable,predicted_lipidmaps_terms: []
87525651,NotAvailable,Classification_version: 2.1
87588774,CHEMONTID:0000000,Kingdom: Organic compounds
87588774,CHEMONTID:0000264,Superclass: Organic acids and derivatives
87588774,CHEMONTID:0000265,Class: Carboxylic acids and derivatives
87588774,CHEMONTID:0000013,"Subclass: Amino acids, peptides, and analogues"
87588774,CHEMONTID:0000348,Direct_parent: Peptides
87588774,CHEMONTID:0002402,alternative_parents: N-acyl-alpha amino acids
87588774,CHEMONTID:0002309,alternative_parents: Alpha amino acid amides
87588774,CHEMONTID:0001097,alternative_parents: Benzyloxycarbonyls
87588774,CHEMONTID:0004146,alternative_parents: L-alpha-amino acids
87588774,CHEMONTID:0000176,alternative_parents: Benzoic acids and derivatives
87588774,CHEMONTID:0002416,alternative_parents: Pyrrolidine carboxylic acids
87588774,CHEMONTID:0000321,alternative_parents: Benzoyl derivatives
87588774,CHEMONTID:0003023,alternative_parents: N-acylpyrrolidines
87588774,CHEMONTID:0003899,alternative_parents: Aralkylamines
87588774,CHEMONTID:0000346,alternative_parents: Dicarboxylic acids and derivatives
87588774,CHEMONTID:0001240,alternative_parents: Carboxylic acid anhydrides
87588774,CHEMONTID:0001664,alternative_parents: Tertiary carboxylic acid amides
87588774,CHEMONTID:0003001,alternative_parents: Alpha-halocarboxylic acid derivatives
87588774,CHEMONTID:0004176,alternative_parents: Amino acids
87588774,CHEMONTID:0002228,alternative_parents: Dialkylamines
87588774,CHEMONTID:0001205,alternative_parents: Carboxylic acids
87588774,CHEMONTID:0004139,alternative_parents: Azacyclic compounds
87588774,CHEMONTID:0001517,alternative_parents: Organofluorides
87588774,CHEMONTID:0004150,alternative_parents: Hydrocarbon derivatives
87588774,CHEMONTID:0001831,alternative_parents: Carbonyl compounds
87588774,CHEMONTID:0004557,alternative_parents: Organopnictogen compounds
87588774,CHEMONTID:0001027,alternative_parents: Alkyl fluorides
87588774,CHEMONTID:0000469,alternative_parents: Monoalkylamines
87588774,CHEMONTID:0003940,alternative_parents: Organic oxides
87588774,NotAvailable,mMlecular_framework: Aromatic heteromonocyclic compounds
87588774,NotAvailable,"Substituents: [""Alpha peptide"", ""N-acyl-alpha-amino acid"", ""N-acyl-alpha amino acid or derivatives"", ""Alpha-amino acid amide"", ""Alpha-amino acid"", ""Alpha-amino acid or derivatives"", ""Benzyloxycarbonyl"", ""L-alpha-amino acid"", ""Benzoic acid or derivatives"", ""Benzoyl"", ""N-acylpyrrolidine"", ""Pyrrolidine carboxylic acid"", ""Pyrrolidine carboxylic acid or derivatives"", ""Aralkylamine"", ""Benzenoid"", ""Monocyclic benzene moiety"", ""Dicarboxylic acid or derivatives"", ""Pyrrolidine"", ""Tertiary carboxylic acid amide"", ""Alpha-halocarboxylic acid derivative"", ""Alpha-halocarboxylic acid or derivatives"", ""Carboxylic acid anhydride"", ""Amino acid or derivatives"", ""Amino acid"", ""Carboxamide group"", ""Azacycle"", ""Secondary amine"", ""Secondary aliphatic amine"", ""Carboxylic acid"", ""Organoheterocyclic compound"", ""Alkyl halide"", ""Organic nitrogen compound"", ""Carbonyl group"", ""Organic oxygen compound"", ""Alkyl fluoride"", ""Organic oxide"", ""Organonitrogen compound"", ""Organofluoride"", ""Amine"", ""Organooxygen compound"", ""Primary amine"", ""Organopnictogen compound"", ""Organohalogen compound"", ""Hydrocarbon derivative"", ""Primary aliphatic amine"", ""Aromatic heteromonocyclic compound""]"
87588774,NotAvailable,External_descriptors: []
87588774,NotAvailable,"Ancestors: [""Alkyl fluorides"", ""Alkyl halides"", ""Alpha amino acid amides"", ""Alpha amino acids"", ""Alpha amino acids and derivatives"", ""Alpha-halocarboxylic acid derivatives"", ""Alpha-halocarboxylic acids and derivatives"", ""Amines"", ""Amino acids"", ""Amino acids and derivatives"", ""Amino acids, peptides, and analogues"", ""Aralkylamines"", ""Azacyclic compounds"", ""Benzene and substituted derivatives"", ""Benzenoids"", ""Benzoic acids and derivatives"", ""Benzoyl derivatives"", ""Benzyloxycarbonyls"", ""Carbonyl compounds"", ""Carboxylic acid amides"", ""Carboxylic acid anhydrides"", ""Carboxylic acid derivatives"", ""Carboxylic acids"", ""Carboxylic acids and derivatives"", ""Chemical entities"", ""Dialkylamines"", ""Dicarboxylic acids and derivatives"", ""Fatty Acyls"", ""Fatty amides"", ""Hydrocarbon derivatives"", ""L-alpha-amino acids"", ""Lipids and lipid-like molecules"", ""Monoalkylamines"", ""N-acyl amines"", ""N-acyl-alpha amino acids"", ""N-acyl-alpha amino acids and derivatives"", ""N-acylpyrrolidines"", ""Organic acids and derivatives"", ""Organic compounds"", ""Organic nitrogen compounds"", ""Organic oxides"", ""Organic oxygen compounds"", ""Organofluorides"", ""Organohalogen compounds"", ""Organoheterocyclic compounds"", ""Organonitrogen compounds"", ""Organooxygen compounds"", ""Organopnictogen compounds"", ""Peptides"", ""Primary amines"", ""Pyrrolidine carboxylic acids"", ""Pyrrolidine carboxylic acids and derivatives"", ""Pyrrolidines"", ""Secondary amines"", ""Tertiary carboxylic acid amides"", ""Tricarboxylic acids and derivatives""]"
87588774,NotAvailable,"predicted_chebi_terms: [""N-acyl-amino acid (CHEBI:51569)"", ""amino acid amide (CHEBI:22475)"", ""carboxylic ester (CHEBI:33308)"", ""L-alpha-amino acid (CHEBI:15705)"", ""benzenes (CHEBI:22712)"", ""benzoic acids (CHEBI:22723)"", ""organooxygen compound (CHEBI:36963)"", ""carboxylic acid (CHEBI:33575)"", ""pyrrolidinecarboxylic acid (CHEBI:46767)"", ""carbonyl compound (CHEBI:36586)"", ""N-acylpyrrolidine (CHEBI:46766)"", ""aralkylamine (CHEBI:18000)"", ""dicarboxylic acid (CHEBI:35692)"", ""carboxylic anhydride (CHEBI:35873)"", ""carboxamide (CHEBI:37622)"", ""organohalogen compound (CHEBI:36684)"", ""amino acid (CHEBI:33709)"", ""secondary amino compound (CHEBI:50995)"", ""organonitrogen heterocyclic compound (CHEBI:38101)"", ""organofluorine compound (CHEBI:37143)"", ""organic molecule (CHEBI:72695)"", ""pnictogen molecular entity (CHEBI:33302)"", ""organic molecular entity (CHEBI:50860)"", ""alkylamine (CHEBI:13759)"", ""organic oxide (CHEBI:25701)"", ""peptide (CHEBI:16670)"", ""chemical entity (CHEBI:24431)"", ""organic acid (CHEBI:64709)"", ""organonitrogen compound (CHEBI:35352)"", ""benzenoid aromatic compound (CHEBI:33836)"", ""alpha-amino acid (CHEBI:33704)"", ""organic heterocyclic compound (CHEBI:24532)"", ""pyrrolidines (CHEBI:38260)"", ""nitrogen molecular entity (CHEBI:51143)"", ""amine (CHEBI:32952)"", ""amide (CHEBI:32988)"", ""secondary amine (CHEBI:32863)"", ""oxygen molecular entity (CHEBI:25806)"", ""haloalkane (CHEBI:24469)"", ""primary amine (CHEBI:32877)""]"
87588774,NotAvailable,"predicted_lipidmaps_terms: [""Dicarboxylic acids (FA0117)""]"
87588774,NotAvailable,Classification_version: 2.1
87598784,CHEMONTID:0000000,Kingdom: Organic compounds
87598784,CHEMONTID:0000289,"Superclass: Nucleosides, nucleotides, and analogues"
87598784,CHEMONTID:0001506,Class: Purine nucleotides
87598784,CHEMONTID:0001544,Subclass: Purine ribonucleotides
87598784,CHEMONTID:0001617,Direct_parent: Purine ribonucleoside monophosphates
87598784,CHEMONTID:0002259,alternative_parents: Pentose phosphates
87598784,CHEMONTID:0002203,alternative_parents: Glycosylamines
87598784,CHEMONTID:0002987,alternative_parents: 6-aminopurines
87598784,CHEMONTID:0001541,alternative_parents: Monosaccharide phosphates
87598784,CHEMONTID:0003458,alternative_parents: Monoalkyl phosphates
87598784,CHEMONTID:0001262,alternative_parents: Aminopyrimidines and derivatives
87598784,CHEMONTID:0002311,alternative_parents: N-substituted imidazoles
87598784,CHEMONTID:0003886,alternative_parents: Imidolactams
87598784,CHEMONTID:0001967,alternative_parents: Oxolanes
87598784,CHEMONTID:0004144,alternative_parents: Heteroaromatic compounds
87598784,CHEMONTID:0002467,"alternative_parents: 1,2-diols"
87598784,CHEMONTID:0001661,alternative_parents: Secondary alcohols
87598784,CHEMONTID:0004140,alternative_parents: Oxacyclic compounds
87598784,CHEMONTID:0001438,alternative_parents: Organothiophosphorus compounds
87598784,CHEMONTID:0003260,alternative_parents: Sulfenyl compounds
87598784,CHEMONTID:0004139,alternative_parents: Azacyclic compounds
87598784,CHEMONTID:0003940,alternative_parents: Organic oxides
87598784,CHEMONTID:0004150,alternative_parents: Hydrocarbon derivatives
87598784,CHEMONTID:0002450,alternative_parents: Primary amines
87598784,NotAvailable,mMlecular_framework: Aromatic heteropolycyclic compounds
87598784,NotAvailable,"Substituents: [""Purine ribonucleoside monophosphate"", ""Pentose phosphate"", ""Pentose-5-phosphate"", ""Glycosyl compound"", ""N-glycosyl compound"", ""6-aminopurine"", ""Monosaccharide phosphate"", ""Pentose monosaccharide"", ""Imidazopyrimidine"", ""Purine"", ""Monoalkyl phosphate"", ""Aminopyrimidine"", ""Alkyl phosphate"", ""Monosaccharide"", ""N-substituted imidazole"", ""Pyrimidine"", ""Imidolactam"", ""Organic phosphoric acid derivative"", ""Phosphoric acid ester"", ""Imidazole"", ""Azole"", ""Oxolane"", ""Heteroaromatic compound"", ""1,2-diol"", ""Secondary alcohol"", ""Azacycle"", ""Sulfenyl compound"", ""Organothiophosphorus compound"", ""Organoheterocyclic compound"", ""Oxacycle"", ""Organic nitrogen compound"", ""Hydrocarbon derivative"", ""Organonitrogen compound"", ""Organic oxide"", ""Organic oxygen compound"", ""Organooxygen compound"", ""Organosulfur compound"", ""Amine"", ""Alcohol"", ""Primary amine"", ""Aromatic heteropolycyclic compound""]"
87598784,NotAvailable,External_descriptors: []
87598784,NotAvailable,"Ancestors: [""1,2-diols"", ""6-aminopurines"", ""Alcohols and polyols"", ""Alkyl phosphates"", ""Amidines"", ""Amines"", ""Aminopyrimidines and derivatives"", ""Azacyclic compounds"", ""Azoles"", ""Carbohydrates and carbohydrate conjugates"", ""Carboximidamides"", ""Chemical entities"", ""Diazines"", ""Formamidines"", ""Glycosyl compounds"", ""Glycosylamines"", ""Heteroaromatic compounds"", ""Hydrocarbon derivatives"", ""Imidazoles"", ""Imidazopyrimidines"", ""Imidolactams"", ""Monoalkyl phosphates"", ""Monosaccharide phosphates"", ""Monosaccharides"", ""N-substituted imidazoles"", ""Nucleosides, nucleotides, and analogues"", ""Organic 1,3-dipolar compounds"", ""Organic acids and derivatives"", ""Organic compounds"", ""Organic nitrogen compounds"", ""Organic oxides"", ""Organic oxygen compounds"", ""Organic phosphoric acids and derivatives"", ""Organoheterocyclic compounds"", ""Organonitrogen compounds"", ""Organooxygen compounds"", ""Organophosphorus compounds"", ""Organopnictogen compounds"", ""Organosulfur compounds"", ""Organothiophosphorus compounds"", ""Oxacyclic compounds"", ""Oxolanes"", ""Pentose phosphates"", ""Pentoses"", ""Phosphate esters"", ""Polyols"", ""Primary amines"", ""Propargyl-type 1,3-dipolar organic compounds"", ""Purine nucleotides"", ""Purine ribonucleoside monophosphates"", ""Purine ribonucleotides"", ""Purines and purine derivatives"", ""Pyrimidines and pyrimidine derivatives"", ""Secondary alcohols"", ""Substituted imidazoles"", ""Sulfenyl compounds"", ""Tetrahydrofurans""]"
87598784,NotAvailable,"predicted_chebi_terms: [""phospho sugar (CHEBI:33447)"", ""N-glycosyl compound (CHEBI:21731)"", ""6-aminopurines (CHEBI:20706)"", ""monosaccharide derivative (CHEBI:63367)"", ""carbohydrate phosphate (CHEBI:26816)"", ""monoalkyl phosphate (CHEBI:25381)"", ""aminopyrimidine (CHEBI:38338)"", ""imidazoles (CHEBI:24780)"", ""heterocyclic compound (CHEBI:5686)"", ""dicarboximide (CHEBI:35356)"", ""organosulfur compound (CHEBI:33261)"", ""oxolanes (CHEBI:26912)"", ""organic aromatic compound (CHEBI:33659)"", ""polyol (CHEBI:26191)"", ""secondary alcohol (CHEBI:35681)"", ""oxacycle (CHEBI:38104)"", ""organothiophosphorus compound (CHEBI:25716)"", ""organonitrogen heterocyclic compound (CHEBI:38101)"", ""organic oxide (CHEBI:25701)"", ""organic molecule (CHEBI:72695)"", ""primary amine (CHEBI:32877)"", ""purine ribonucleoside monophosphate (CHEBI:26397)"", ""chemical entity (CHEBI:24431)"", ""oxygen molecular entity (CHEBI:25806)"", ""organic molecular entity (CHEBI:50860)"", ""organooxygen compound (CHEBI:36963)"", ""carbohydrates and carbohydrate derivatives (CHEBI:78616)"", ""monosaccharide (CHEBI:35381)"", ""pentose (CHEBI:25901)"", ""glycoside (CHEBI:24400)"", ""organic heterocyclic compound (CHEBI:24532)"", ""imidazopyrimidine (CHEBI:35875)"", ""purines (CHEBI:26401)"", ""organic acid (CHEBI:64709)"", ""phosphoric acid derivative (CHEBI:26079)"", ""phosphoric ester (CHEBI:37734)"", ""alkyl phosphate (CHEBI:22324)"", ""diazines (CHEBI:38313)"", ""pyrimidines (CHEBI:39447)"", ""azole (CHEBI:68452)"", ""organic hydroxy compound (CHEBI:33822)"", ""alcohol (CHEBI:30879)"", ""organophosphorus compound (CHEBI:25710)"", ""nitrogen molecular entity (CHEBI:51143)"", ""organonitrogen compound (CHEBI:35352)"", ""amine (CHEBI:32952)"", ""nucleobase-containing molecular entity (CHEBI:61120)"", ""purine nucleotide (CHEBI:26395)"", ""purine ribonucleotide (CHEBI:26400)""]"
87598784,NotAvailable,predicted_lipidmaps_terms: []
87598784,NotAvailable,Classification_version: 2.1
87794632,CHEMONTID:0000000,Kingdom: Organic compounds
87794632,CHEMONTID:0004603,Superclass: Organic oxygen compounds
87794632,CHEMONTID:0000323,Class: Organooxygen compounds
87794632,CHEMONTID:0000011,Subclass: Carbohydrates and carbohydrate conjugates
87794632,CHEMONTID:0002105,Intermediate_nodes: Glycosyl compounds
87794632,CHEMONTID:0002203,Direct_parent: Glycosylamines
87794632,CHEMONTID:0001497,alternative_parents: Pentoses
87794632,CHEMONTID:0000291,alternative_parents: Pyrimidones
87794632,CHEMONTID:0002202,alternative_parents: Hydropyrimidines
87794632,CHEMONTID:0001967,alternative_parents: Oxolanes
87794632,CHEMONTID:0004144,alternative_parents: Heteroaromatic compounds
87794632,CHEMONTID:0001661,alternative_parents: Secondary alcohols
87794632,CHEMONTID:0004140,alternative_parents: Oxacyclic compounds
87794632,CHEMONTID:0004139,alternative_parents: Azacyclic compounds
87794632,CHEMONTID:0000286,alternative_parents: Primary alcohols
87794632,CHEMONTID:0000278,alternative_parents: Organonitrogen compounds
87794632,CHEMONTID:0003940,alternative_parents: Organic oxides
87794632,CHEMONTID:0004150,alternative_parents: Hydrocarbon derivatives
87794632,NotAvailable,mMlecular_framework: Aromatic heteromonocyclic compounds
87794632,NotAvailable,"Substituents: [""N-glycosyl compound"", ""Pentose monosaccharide"", ""Pyrimidone"", ""Hydropyrimidine"", ""Monosaccharide"", ""Pyrimidine"", ""Oxolane"", ""Heteroaromatic compound"", ""Secondary alcohol"", ""Organoheterocyclic compound"", ""Azacycle"", ""Oxacycle"", ""Hydrocarbon derivative"", ""Organic nitrogen compound"", ""Primary alcohol"", ""Organic oxide"", ""Organonitrogen compound"", ""Alcohol"", ""Aromatic heteromonocyclic compound""]"
87794632,NotAvailable,External_descriptors: []
87794632,NotAvailable,"Ancestors: [""Alcohols and polyols"", ""Azacyclic compounds"", ""Carbohydrates and carbohydrate conjugates"", ""Chemical entities"", ""Diazines"", ""Glycosyl compounds"", ""Glycosylamines"", ""Heteroaromatic compounds"", ""Hydrocarbon derivatives"", ""Hydropyrimidines"", ""Monosaccharides"", ""Organic 1,3-dipolar compounds"", ""Organic acids and derivatives"", ""Organic carbonic acids and derivatives"", ""Organic compounds"", ""Organic nitrogen compounds"", ""Organic oxides"", ""Organic oxygen compounds"", ""Organoheterocyclic compounds"", ""Organonitrogen compounds"", ""Organooxygen compounds"", ""Organopnictogen compounds"", ""Oxacyclic compounds"", ""Oxolanes"", ""Pentoses"", ""Primary alcohols"", ""Propargyl-type 1,3-dipolar organic compounds"", ""Pyrimidines and pyrimidine derivatives"", ""Pyrimidones"", ""Secondary alcohols"", ""Tetrahydrofurans""]"
87794632,NotAvailable,"predicted_chebi_terms: [""pentose (CHEBI:25901)"", ""pyrimidone (CHEBI:38337)"", ""pyrimidines (CHEBI:39447)"", ""oxolanes (CHEBI:26912)"", ""organic aromatic compound (CHEBI:33659)"", ""secondary alcohol (CHEBI:35681)"", ""oxacycle (CHEBI:38104)"", ""organonitrogen heterocyclic compound (CHEBI:38101)"", ""primary alcohol (CHEBI:15734)"", ""organonitrogen compound (CHEBI:35352)"", ""organic oxide (CHEBI:25701)"", ""organic molecule (CHEBI:72695)"", ""N-glycosyl compound (CHEBI:21731)"", ""chemical entity (CHEBI:24431)"", ""oxygen molecular entity (CHEBI:25806)"", ""organic molecular entity (CHEBI:50860)"", ""organooxygen compound (CHEBI:36963)"", ""carbohydrates and carbohydrate derivatives (CHEBI:78616)"", ""monosaccharide (CHEBI:35381)"", ""organic heterocyclic compound (CHEBI:24532)"", ""diazines (CHEBI:38313)"", ""polyol (CHEBI:26191)"", ""organic hydroxy compound (CHEBI:33822)"", ""alcohol (CHEBI:30879)"", ""nitrogen molecular entity (CHEBI:51143)"", ""glycoside (CHEBI:24400)""]"
87794632,NotAvailable,predicted_lipidmaps_terms: []
87794632,NotAvailable,Classification_version: 2.1
87850130,CHEMONTID:0000000,Kingdom: Organic compounds
87850130,CHEMONTID:0000012,Superclass: Lipids and lipid-like molecules
87850130,CHEMONTID:0003909,Class: Fatty Acyls
87850130,CHEMONTID:0000262,Subclass: Fatty acids and conjugates
87850130,CHEMONTID:0003086,Direct_parent: Medium-chain fatty acids
87850130,CHEMONTID:0000338,alternative_parents: Branched fatty acids
87850130,CHEMONTID:0002434,alternative_parents: Alpha-hydrogen aldehydes
87850130,CHEMONTID:0001137,alternative_parents: Monocarboxylic acids and derivatives
87850130,CHEMONTID:0001205,alternative_parents: Carboxylic acids
87850130,CHEMONTID:0003940,alternative_parents: Organic oxides
87850130,CHEMONTID:0004150,alternative_parents: Hydrocarbon derivatives
87850130,NotAvailable,mMlecular_framework: Aliphatic acyclic compounds
87850130,NotAvailable,"Substituents: [""Medium-chain fatty acid"", ""Branched fatty acid"", ""Alpha-hydrogen aldehyde"", ""Monocarboxylic acid or derivatives"", ""Carboxylic acid"", ""Carboxylic acid derivative"", ""Organic oxygen compound"", ""Organic oxide"", ""Hydrocarbon derivative"", ""Organooxygen compound"", ""Carbonyl group"", ""Aldehyde"", ""Aliphatic acyclic compound""]"
87850130,NotAvailable,External_descriptors: []
87850130,NotAvailable,"Ancestors: [""Aldehydes"", ""Alpha-hydrogen aldehydes"", ""Branched fatty acids"", ""Carbonyl compounds"", ""Carboxylic acids"", ""Carboxylic acids and derivatives"", ""Chemical entities"", ""Fatty Acyls"", ""Fatty acids and conjugates"", ""Hydrocarbon derivatives"", ""Lipids and lipid-like molecules"", ""Medium-chain fatty acids"", ""Monocarboxylic acids and derivatives"", ""Organic acids and derivatives"", ""Organic compounds"", ""Organic oxides"", ""Organic oxygen compounds"", ""Organooxygen compounds""]"
87850130,NotAvailable,"predicted_chebi_terms: [""branched-chain fatty acid (CHEBI:35819)"", ""aldehyde (CHEBI:17478)"", ""monocarboxylic acid (CHEBI:25384)"", ""carboxylic acid (CHEBI:33575)"", ""organic oxide (CHEBI:25701)"", ""organic molecule (CHEBI:72695)"", ""medium-chain fatty acid (CHEBI:59554)"", ""chemical entity (CHEBI:24431)"", ""lipid (CHEBI:18059)"", ""organooxygen compound (CHEBI:36963)"", ""oxygen molecular entity (CHEBI:25806)"", ""organic molecular entity (CHEBI:50860)"", ""carbonyl compound (CHEBI:36586)"", ""organic acid (CHEBI:64709)""]"
87850130,NotAvailable,"predicted_lipidmaps_terms: [""Branched fatty acids (FA0102)"", ""Fatty Acids and Conjugates (FA01)"", ""Fatty Acyls (FA)""]"
87850130,NotAvailable,Classification_version: 2.1
87856327,CHEMONTID:0000000,Kingdom: Organic compounds
87856327,CHEMONTID:0000002,Superclass: Organoheterocyclic compounds
87856327,CHEMONTID:0001253,Class: Quinolines and derivatives
87856327,CHEMONTID:0002552,Subclass: Quinoline carboxylic acids
87856327,CHEMONTID:0002552,Direct_parent: Quinoline carboxylic acids
87856327,CHEMONTID:0003359,alternative_parents: N-arylpiperazines
87856327,CHEMONTID:0001144,alternative_parents: Fluoroquinolones
87856327,CHEMONTID:0000053,alternative_parents: Aminoquinolines and derivatives
87856327,CHEMONTID:0001716,alternative_parents: Hydroquinolones
87856327,CHEMONTID:0004403,alternative_parents: Haloquinolines
87856327,CHEMONTID:0001715,alternative_parents: Hydroquinolines
87856327,CHEMONTID:0002414,alternative_parents: Pyridinecarboxylic acids
87856327,CHEMONTID:0003901,alternative_parents: Dialkylarylamines
87856327,CHEMONTID:0001031,alternative_parents: Aryl fluorides
87856327,CHEMONTID:0002448,alternative_parents: Benzenoids
87856327,CHEMONTID:0003890,alternative_parents: Vinylogous amides
87856327,CHEMONTID:0004144,alternative_parents: Heteroaromatic compounds
87856327,CHEMONTID:0004176,alternative_parents: Amino acids
87856327,CHEMONTID:0004777,alternative_parents: Organic N-nitroso compounds
87856327,CHEMONTID:0004139,alternative_parents: Azacyclic compounds
87856327,CHEMONTID:0001205,alternative_parents: Carboxylic acids
87856327,CHEMONTID:0004150,alternative_parents: Hydrocarbon derivatives
87856327,CHEMONTID:0003940,alternative_parents: Organic oxides
87856327,CHEMONTID:0001517,alternative_parents: Organofluorides
87856327,CHEMONTID:0000323,alternative_parents: Organooxygen compounds
87856327,NotAvailable,mMlecular_framework: Aromatic heteropolycyclic compounds
87856327,NotAvailable,"Substituents: [""Quinoline-3-carboxylic acid"", ""Fluoroquinolone"", ""N-arylpiperazine"", ""Aminoquinoline"", ""Dihydroquinolone"", ""Haloquinoline"", ""Dihydroquinoline"", ""Pyridine carboxylic acid"", ""Pyridine carboxylic acid or derivatives"", ""Dialkylarylamine"", ""Tertiary aliphatic/aromatic amine"", ""Benzenoid"", ""Pyridine"", ""Aryl fluoride"", ""Piperazine"", ""Aryl halide"", ""1,4-diazinane"", ""Heteroaromatic compound"", ""Vinylogous amide"", ""Amino acid"", ""Tertiary amine"", ""Organic n-nitroso compound"", ""Amino acid or derivatives"", ""Azacycle"", ""Carboxylic acid derivative"", ""Carboxylic acid"", ""Organic nitroso compound"", ""Organonitrogen compound"", ""Organic oxide"", ""Hydrocarbon derivative"", ""Organooxygen compound"", ""Amine"", ""Organic nitrogen compound"", ""Organic oxygen compound"", ""Organohalogen compound"", ""Organofluoride"", ""Aromatic heteropolycyclic compound""]"
87856327,NotAvailable,External_descriptors: []
87856327,NotAvailable,"Ancestors: [""Acryloyl compounds"", ""Alpha,beta-unsaturated carbonyl compounds"", ""Alpha,beta-unsaturated ketones"", ""Alpha-branched alpha,beta-unsaturated ketones"", ""Amines"", ""Amino acids"", ""Amino acids and derivatives"", ""Amino acids, peptides, and analogues"", ""Aminoquinolines and derivatives"", ""Aryl fluorides"", ""Aryl halides"", ""Azacyclic compounds"", ""Benzenoids"", ""Beta-amino ketones"", ""Beta-hydroxy ketones"", ""Beta-keto acids and derivatives"", ""Branched fatty acids"", ""Carbonyl compounds"", ""Carboxylic acids"", ""Carboxylic acids and derivatives"", ""Chemical entities"", ""Dialkylarylamines"", ""Diazinanes"", ""Enamines"", ""Enones"", ""Fatty Acyls"", ""Fatty acids and conjugates"", ""Fluoroalkenes"", ""Fluoroquinolones"", ""Haloalkenes"", ""Halogenated fatty acids"", ""Haloquinolines"", ""Heteroaromatic compounds"", ""Heterocyclic fatty acids"", ""Hydrocarbon derivatives"", ""Hydropyridines"", ""Hydroquinolines"", ""Hydroquinolones"", ""Hydroxypyridines"", ""Keto acids and derivatives"", ""Ketones"", ""Lipids and lipid-like molecules"", ""Monocarboxylic acids and derivatives"", ""N-arylpiperazines"", ""Organic N-nitroso compounds"", ""Organic acids and derivatives"", ""Organic compounds"", ""Organic nitrogen compounds"", ""Organic nitroso compounds"", ""Organic oxides"", ""Organic oxygen compounds"", ""Organofluorides"", ""Organohalogen compounds"", ""Organoheterocyclic compounds"", ""Organonitrogen compounds"", ""Organooxygen compounds"", ""Organopnictogen compounds"", ""Piperazines"", ""Pyridinecarboxylic acids"", ""Pyridinecarboxylic acids and derivatives"", ""Pyridines and derivatives"", ""Quinoline carboxylic acids"", ""Quinolines and derivatives"", ""Quinolones and derivatives"", ""Short-chain keto acids and derivatives"", ""Tertiary alkylarylamines"", ""Tertiary amines"", ""Tetrahydropyridines"", ""Trialkylamines"", ""Unsaturated fatty acids"", ""Vinyl fluorides"", ""Vinyl halides"", ""Vinylogous amides""]"
87856327,NotAvailable,"predicted_chebi_terms: [""N-arylpiperazine (CHEBI:46848)"", ""quinolone (CHEBI:23765)"", ""organofluorine compound (CHEBI:37143)"", ""aminoquinoline (CHEBI:36709)"", ""quinolines (CHEBI:26513)"", ""pyridines (CHEBI:26421)"", ""aromatic carboxylic acid (CHEBI:33859)"", ""dialkylarylamine (CHEBI:23665)"", ""tertiary amino compound (CHEBI:50996)"", ""benzenoid aromatic compound (CHEBI:33836)"", ""enone (CHEBI:51689)"", ""enamine (CHEBI:47989)"", ""organic aromatic compound (CHEBI:33659)"", ""amino acid (CHEBI:33709)"", ""nitroso compound (CHEBI:35800)"", ""organic molecular entity (CHEBI:50860)"", ""organonitrogen heterocyclic compound (CHEBI:38101)"", ""carboxylic acid (CHEBI:33575)"", ""organic molecule (CHEBI:72695)"", ""organic oxide (CHEBI:25701)"", ""organooxygen compound (CHEBI:36963)"", ""chemical entity (CHEBI:24431)"", ""organic heterocyclic compound (CHEBI:24532)"", ""organic heteromonocyclic compound (CHEBI:25693)"", ""piperazines (CHEBI:26144)"", ""pyridinemonocarboxylic acid (CHEBI:26420)"", ""nitrogen molecular entity (CHEBI:51143)"", ""organonitrogen compound (CHEBI:35352)"", ""amine (CHEBI:32952)"", ""tertiary amine (CHEBI:32876)"", ""organohalogen compound (CHEBI:36684)"", ""haloarene (CHEBI:50887)"", ""organic acid (CHEBI:64709)"", ""carbonyl compound (CHEBI:36586)"", ""oxygen molecular entity (CHEBI:25806)""]"
87856327,NotAvailable,predicted_lipidmaps_terms: []
87856327,NotAvailable,Classification_version: 2.1
87891506,CHEMONTID:0000000,Kingdom: Organic compounds
87891506,CHEMONTID:0000279,Superclass: Alkaloids and derivatives
87891506,CHEMONTID:0000492,Class: Tropane alkaloids
87891506,CHEMONTID:0000492,Direct_parent: Tropane alkaloids
87891506,CHEMONTID:0001713,alternative_parents: Beta hydroxy acids and derivatives
87891506,CHEMONTID:0000195,alternative_parents: Piperidines
87891506,CHEMONTID:0002279,alternative_parents: Benzene and substituted derivatives
87891506,CHEMONTID:0001664,alternative_parents: Tertiary carboxylic acid amides
87891506,CHEMONTID:0000218,alternative_parents: Pyrrolidines
87891506,CHEMONTID:0001238,alternative_parents: Carboxylic acid esters
87891506,CHEMONTID:0001137,alternative_parents: Monocarboxylic acids and derivatives
87891506,CHEMONTID:0004139,alternative_parents: Azacyclic compounds
87891506,CHEMONTID:0000286,alternative_parents: Primary alcohols
87891506,CHEMONTID:0000278,alternative_parents: Organonitrogen compounds
87891506,CHEMONTID:0003940,alternative_parents: Organic oxides
87891506,CHEMONTID:0004150,alternative_parents: Hydrocarbon derivatives
87891506,CHEMONTID:0001831,alternative_parents: Carbonyl compounds
87891506,NotAvailable,mMlecular_framework: Aromatic heteropolycyclic compounds
87891506,NotAvailable,"Substituents: [""Tropane alkaloid"", ""Beta-hydroxy acid"", ""Monocyclic benzene moiety"", ""Hydroxy acid"", ""Piperidine"", ""Benzenoid"", ""Tertiary carboxylic acid amide"", ""Pyrrolidine"", ""Carboxamide group"", ""Carboxylic acid ester"", ""Carboxylic acid derivative"", ""Azacycle"", ""Monocarboxylic acid or derivatives"", ""Organoheterocyclic compound"", ""Organic nitrogen compound"", ""Hydrocarbon derivative"", ""Alcohol"", ""Organic oxide"", ""Carbonyl group"", ""Organonitrogen compound"", ""Organooxygen compound"", ""Organic oxygen compound"", ""Primary alcohol"", ""Aromatic heteropolycyclic compound""]"
87891506,NotAvailable,External_descriptors: []
87891506,NotAvailable,"Ancestors: [""Alcohols and polyols"", ""Alkaloids and derivatives"", ""Azacyclic compounds"", ""Benzene and substituted derivatives"", ""Benzenoids"", ""Beta hydroxy acids and derivatives"", ""Carbonyl compounds"", ""Carboxylic acid amides"", ""Carboxylic acid derivatives"", ""Carboxylic acid esters"", ""Carboxylic acids and derivatives"", ""Chemical entities"", ""Fatty Acyls"", ""Fatty acid esters"", ""Hydrocarbon derivatives"", ""Hydroxy acids and derivatives"", ""Lipids and lipid-like molecules"", ""Monocarboxylic acids and derivatives"", ""Organic acids and derivatives"", ""Organic compounds"", ""Organic nitrogen compounds"", ""Organic oxides"", ""Organic oxygen compounds"", ""Organoheterocyclic compounds"", ""Organonitrogen compounds"", ""Organooxygen compounds"", ""Organopnictogen compounds"", ""Piperidines"", ""Primary alcohols"", ""Pyrrolidines"", ""Tertiary carboxylic acid amides"", ""Tropane alkaloids""]"
87891506,NotAvailable,"predicted_chebi_terms: [""3-hydroxy carboxylic acid (CHEBI:61355)"", ""piperidines (CHEBI:26151)"", ""benzenes (CHEBI:22712)"", ""carboxamide (CHEBI:37622)"", ""pyrrolidines (CHEBI:38260)"", ""carboxylic ester (CHEBI:33308)"", ""monocarboxylic acid (CHEBI:25384)"", ""organonitrogen heterocyclic compound (CHEBI:38101)"", ""primary alcohol (CHEBI:15734)"", ""organonitrogen compound (CHEBI:35352)"", ""organic oxide (CHEBI:25701)"", ""organic molecule (CHEBI:72695)"", ""carbonyl compound (CHEBI:36586)"", ""tropane alkaloid (CHEBI:37332)"", ""chemical entity (CHEBI:24431)"", ""organic acid (CHEBI:64709)"", ""hydroxy carboxylic acid (CHEBI:24669)"", ""organic heterocyclic compound (CHEBI:24532)"", ""benzenoid aromatic compound (CHEBI:33836)"", ""carboxylic acid (CHEBI:33575)"", ""organooxygen compound (CHEBI:36963)"", ""amide (CHEBI:32988)"", ""oxygen molecular entity (CHEBI:25806)"", ""organic molecular entity (CHEBI:50860)"", ""polyol (CHEBI:26191)"", ""organic hydroxy compound (CHEBI:33822)"", ""alcohol (CHEBI:30879)"", ""nitrogen molecular entity (CHEBI:51143)"", ""alkaloid (CHEBI:22315)""]"
87891506,NotAvailable,predicted_lipidmaps_terms: []
87891506,NotAvailable,Classification_version: 2.1
87982829,CHEMONTID:0000000,Kingdom: Organic compounds
87982829,CHEMONTID:0000012,Superclass: Lipids and lipid-like molecules
87982829,CHEMONTID:0000258,Class: Steroids and steroid derivatives
87982829,CHEMONTID:0001460,Subclass: Vitamin D and derivatives
87982829,CHEMONTID:0001460,Direct_parent: Vitamin D and derivatives
87982829,CHEMONTID:0001553,alternative_parents: Triterpenoids
87982829,CHEMONTID:0001670,alternative_parents: Tertiary alcohols
87982829,CHEMONTID:0001661,alternative_parents: Secondary alcohols
87982829,CHEMONTID:0001292,alternative_parents: Cyclic alcohols and derivatives
87982829,CHEMONTID:0002676,alternative_parents: Peroxols
87982829,CHEMONTID:0004582,alternative_parents: Alkyl hydroperoxides
87982829,CHEMONTID:0004150,alternative_parents: Hydrocarbon derivatives
87982829,NotAvailable,mMlecular_framework: Aliphatic homopolycyclic compounds
87982829,NotAvailable,"Substituents: [""Triterpenoid"", ""Tertiary alcohol"", ""Cyclic alcohol"", ""Secondary alcohol"", ""Hydroperoxide"", ""Alkyl hydroperoxide"", ""Peroxol"", ""Organic oxygen compound"", ""Hydrocarbon derivative"", ""Organooxygen compound"", ""Alcohol"", ""Aliphatic homopolycyclic compound""]"
87982829,NotAvailable,External_descriptors: []
87982829,NotAvailable,"Ancestors: [""Alcohols and polyols"", ""Alkyl hydroperoxides"", ""Chemical entities"", ""Cyclic alcohols and derivatives"", ""Hydrocarbon derivatives"", ""Lipids and lipid-like molecules"", ""Organic compounds"", ""Organic hydroperoxides"", ""Organic oxygen compounds"", ""Organooxygen compounds"", ""Peroxols"", ""Prenol lipids"", ""Secondary alcohols"", ""Steroids and steroid derivatives"", ""Tertiary alcohols"", ""Triterpenoids"", ""Vitamin D and derivatives""]"
87982829,NotAvailable,predicted_chebi_terms: []
87982829,NotAvailable,predicted_lipidmaps_terms: []
87982829,NotAvailable,Classification_version: 2.1
88101847,CHEMONTID:0000000,Kingdom: Organic compounds
88101847,CHEMONTID:0000264,Superclass: Organic acids and derivatives
88101847,CHEMONTID:0000364,Class: Organic carbonic acids and derivatives
88101847,CHEMONTID:0000364,Direct_parent: Organic carbonic acids and derivatives
88101847,CHEMONTID:0001137,alternative_parents: Monocarboxylic acids and derivatives
88101847,CHEMONTID:0003940,alternative_parents: Organic oxides
88101847,CHEMONTID:0004150,alternative_parents: Hydrocarbon derivatives
88101847,CHEMONTID:0001831,alternative_parents: Carbonyl compounds
88101847,NotAvailable,mMlecular_framework: Aliphatic acyclic compounds
88101847,NotAvailable,"Substituents: [""Carbonic acid derivative"", ""Monocarboxylic acid or derivatives"", ""Carboxylic acid derivative"", ""Organic oxygen compound"", ""Organic oxide"", ""Hydrocarbon derivative"", ""Organooxygen compound"", ""Carbonyl group"", ""Aliphatic acyclic compound""]"
88101847,NotAvailable,External_descriptors: []
88101847,NotAvailable,"Ancestors: [""Carbonyl compounds"", ""Carboxylic acids and derivatives"", ""Chemical entities"", ""Hydrocarbon derivatives"", ""Monocarboxylic acids and derivatives"", ""Organic acids and derivatives"", ""Organic carbonic acids and derivatives"", ""Organic compounds"", ""Organic oxides"", ""Organic oxygen compounds"", ""Organooxygen compounds""]"
88101847,NotAvailable,"predicted_chebi_terms: [""monocarboxylic acid (CHEBI:25384)"", ""organic oxide (CHEBI:25701)"", ""organic molecule (CHEBI:72695)"", ""carbonyl compound (CHEBI:36586)"", ""organooxygen compound (CHEBI:36963)"", ""chemical entity (CHEBI:24431)"", ""organic acid (CHEBI:64709)"", ""carboxylic acid (CHEBI:33575)"", ""oxygen molecular entity (CHEBI:25806)"", ""organic molecular entity (CHEBI:50860)""]"
88101847,NotAvailable,predicted_lipidmaps_terms: []
88101847,NotAvailable,Classification_version: 2.1
88243481,CHEMONTID:0000000,Kingdom: Organic compounds
88243481,CHEMONTID:0000012,Superclass: Lipids and lipid-like molecules
88243481,CHEMONTID:0000258,Class: Steroids and steroid derivatives
88243481,CHEMONTID:0001466,Subclass: Estrane steroids
88243481,CHEMONTID:0003570,Direct_parent: Estrogens and derivatives
88243481,CHEMONTID:0002974,alternative_parents: 3-oxo delta-4-steroids
88243481,CHEMONTID:0003236,alternative_parents: 17-hydroxysteroids
88243481,CHEMONTID:0002978,alternative_parents: Delta-4-steroids
88243481,CHEMONTID:0004325,alternative_parents: Cyclohexenones
88243481,CHEMONTID:0001373,alternative_parents: Ynones
88243481,CHEMONTID:0001670,alternative_parents: Tertiary alcohols
88243481,CHEMONTID:0001363,alternative_parents: Enones
88243481,CHEMONTID:0000275,alternative_parents: Acryloyl compounds
88243481,CHEMONTID:0001292,alternative_parents: Cyclic alcohols and derivatives
88243481,CHEMONTID:0004565,alternative_parents: Haloacetylenes and derivatives
88243481,CHEMONTID:0004478,alternative_parents: Acetylides
88243481,CHEMONTID:0003940,alternative_parents: Organic oxides
88243481,CHEMONTID:0004150,alternative_parents: Hydrocarbon derivatives
88243481,NotAvailable,mMlecular_framework: Aliphatic homopolycyclic compounds
88243481,NotAvailable,"Substituents: [""Estrogen-skeleton"", ""17-hydroxysteroid"", ""Oxosteroid"", ""Hydroxysteroid"", ""3-oxosteroid"", ""3-oxo-delta-4-steroid"", ""Delta-4-steroid"", ""Cyclohexenone"", ""Ynone"", ""Alpha,beta-unsaturated ketone"", ""Tertiary alcohol"", ""Enone"", ""Cyclic alcohol"", ""Acryloyl-group"", ""Cyclic ketone"", ""Ketone"", ""Haloacetylene or derivatives"", ""Acetylide"", ""Organic oxygen compound"", ""Organic oxide"", ""Hydrocarbon derivative"", ""Organooxygen compound"", ""Alcohol"", ""Aliphatic homopolycyclic compound""]"
88243481,NotAvailable,External_descriptors: []
88243481,NotAvailable,"Ancestors: [""17-hydroxysteroids"", ""3-oxo delta-4-steroids"", ""3-oxosteroids"", ""Acetylides"", ""Acryloyl compounds"", ""Alcohols and polyols"", ""Alpha,beta-unsaturated carbonyl compounds"", ""Alpha,beta-unsaturated ketones"", ""Carbonyl compounds"", ""Chemical entities"", ""Cyclic alcohols and derivatives"", ""Cyclic ketones"", ""Cyclohexenones"", ""Delta-4-steroids"", ""Enones"", ""Estrane steroids"", ""Estrogens and derivatives"", ""Haloacetylenes and derivatives"", ""Hydrocarbon derivatives"", ""Hydroxysteroids"", ""Ketones"", ""Lipids and lipid-like molecules"", ""Organic compounds"", ""Organic oxides"", ""Organic oxygen compounds"", ""Organohalogen compounds"", ""Organooxygen compounds"", ""Oxosteroids"", ""Steroids and steroid derivatives"", ""Tertiary alcohols"", ""Ynones""]"
88243481,NotAvailable,predicted_chebi_terms: []
88243481,NotAvailable,predicted_lipidmaps_terms: []
88243481,NotAvailable,Classification_version: 2.1
