CompoundID,ChemOntID,ClassifiedResults
3684314,CHEMONTID:0000000,Kingdom: Organic compounds
3684314,CHEMONTID:0000002,Superclass: Organoheterocyclic compounds
3684314,CHEMONTID:0001253,Class: Quinolines and derivatives
3684314,CHEMONTID:0002552,Subclass: Quinoline carboxylic acids
3684314,CHEMONTID:0002552,Direct_parent: Quinoline carboxylic acids
3684314,CHEMONTID:0001144,alternative_parents: Fluoroquinolones
3684314,CHEMONTID:0003359,alternative_parents: N-arylpiperazines
3684314,CHEMONTID:0000053,alternative_parents: Aminoquinolines and derivatives
3684314,CHEMONTID:0004403,alternative_parents: Haloquinolines
3684314,CHEMONTID:0001716,alternative_parents: Hydroquinolones
3684314,CHEMONTID:0001715,alternative_parents: Hydroquinolines
3684314,CHEMONTID:0002414,alternative_parents: Pyridinecarboxylic acids
3684314,CHEMONTID:0003901,alternative_parents: Dialkylarylamines
3684314,CHEMONTID:0001031,alternative_parents: Aryl fluorides
3684314,CHEMONTID:0002448,alternative_parents: Benzenoids
3684314,CHEMONTID:0004144,alternative_parents: Heteroaromatic compounds
3684314,CHEMONTID:0001664,alternative_parents: Tertiary carboxylic acid amides
3684314,CHEMONTID:0003922,alternative_parents: Acetamides
3684314,CHEMONTID:0003890,alternative_parents: Vinylogous amides
3684314,CHEMONTID:0004176,alternative_parents: Amino acids
3684314,CHEMONTID:0001205,alternative_parents: Carboxylic acids
3684314,CHEMONTID:0004139,alternative_parents: Azacyclic compounds
3684314,CHEMONTID:0001137,alternative_parents: Monocarboxylic acids and derivatives
3684314,CHEMONTID:0004150,alternative_parents: Hydrocarbon derivatives
3684314,CHEMONTID:0001517,alternative_parents: Organofluorides
3684314,CHEMONTID:0004557,alternative_parents: Organopnictogen compounds
3684314,CHEMONTID:0001831,alternative_parents: Carbonyl compounds
3684314,CHEMONTID:0003940,alternative_parents: Organic oxides
3684314,NotAvailable,mMlecular_framework: Aromatic heteropolycyclic compounds
3684314,NotAvailable,"Substituents: [""Quinoline-3-carboxylic acid"", ""Fluoroquinolone"", ""N-arylpiperazine"", ""Aminoquinoline"", ""Haloquinoline"", ""Dihydroquinolone"", ""Dihydroquinoline"", ""Pyridine carboxylic acid"", ""Pyridine carboxylic acid or derivatives"", ""Tertiary aliphatic/aromatic amine"", ""Dialkylarylamine"", ""Benzenoid"", ""Aryl fluoride"", ""Aryl halide"", ""Pyridine"", ""1,4-diazinane"", ""Piperazine"", ""Vinylogous amide"", ""Acetamide"", ""Tertiary carboxylic acid amide"", ""Heteroaromatic compound"", ""Amino acid or derivatives"", ""Tertiary amine"", ""Carboxamide group"", ""Amino acid"", ""Monocarboxylic acid or derivatives"", ""Carboxylic acid"", ""Carboxylic acid derivative"", ""Azacycle"", ""Organohalogen compound"", ""Organic oxide"", ""Organopnictogen compound"", ""Organic oxygen compound"", ""Hydrocarbon derivative"", ""Organic nitrogen compound"", ""Carbonyl group"", ""Amine"", ""Organofluoride"", ""Organonitrogen compound"", ""Organooxygen compound"", ""Aromatic heteropolycyclic compound""]"
3684314,NotAvailable,External_descriptors: []
3684314,NotAvailable,"Ancestors: [""Acetamides"", ""Amines"", ""Amino acids"", ""Amino acids and derivatives"", ""Amino acids, peptides, and analogues"", ""Aminoquinolines and derivatives"", ""Aryl fluorides"", ""Aryl halides"", ""Azacyclic compounds"", ""Benzenoids"", ""Carbonyl compounds"", ""Carboxylic acid amides"", ""Carboxylic acid derivatives"", ""Carboxylic acids"", ""Carboxylic acids and derivatives"", ""Chemical entities"", ""Dialkylarylamines"", ""Diazinanes"", ""Fluoroquinolones"", ""Haloquinolines"", ""Heteroaromatic compounds"", ""Hydrocarbon derivatives"", ""Hydroquinolines"", ""Hydroquinolones"", ""Monocarboxylic acids and derivatives"", ""N-arylpiperazines"", ""Organic acids and derivatives"", ""Organic compounds"", ""Organic nitrogen compounds"", ""Organic oxides"", ""Organic oxygen compounds"", ""Organofluorides"", ""Organohalogen compounds"", ""Organoheterocyclic compounds"", ""Organonitrogen compounds"", ""Organooxygen compounds"", ""Organopnictogen compounds"", ""Piperazines"", ""Pyridinecarboxylic acids"", ""Pyridinecarboxylic acids and derivatives"", ""Pyridines and derivatives"", ""Quinoline carboxylic acids"", ""Quinolines and derivatives"", ""Quinolones and derivatives"", ""Tertiary alkylarylamines"", ""Tertiary amines"", ""Tertiary carboxylic acid amides"", ""Vinylogous amides""]"
3684314,NotAvailable,"predicted_chebi_terms: [""quinolone (CHEBI:23765)"", ""organofluorine compound (CHEBI:37143)"", ""N-arylpiperazine (CHEBI:46848)"", ""aminoquinoline (CHEBI:36709)"", ""quinolines (CHEBI:26513)"", ""pyridines (CHEBI:26421)"", ""aromatic carboxylic acid (CHEBI:33859)"", ""dialkylarylamine (CHEBI:23665)"", ""tertiary amino compound (CHEBI:50996)"", ""benzenoid aromatic compound (CHEBI:33836)"", ""organic aromatic compound (CHEBI:33659)"", ""carboxamide (CHEBI:37622)"", ""acetamides (CHEBI:22160)"", ""enone (CHEBI:51689)"", ""enamine (CHEBI:47989)"", ""amino acid (CHEBI:33709)"", ""carboxylic acid (CHEBI:33575)"", ""carboxylic acid anion (CHEBI:29067)"", ""organonitrogen heterocyclic compound (CHEBI:38101)"", ""carbonyl compound (CHEBI:36586)"", ""organic molecule (CHEBI:72695)"", ""pnictogen molecular entity (CHEBI:33302)"", ""organic molecular entity (CHEBI:50860)"", ""organic oxide (CHEBI:25701)"", ""chemical entity (CHEBI:24431)"", ""organic heterocyclic compound (CHEBI:24532)"", ""piperazines (CHEBI:26144)"", ""pyridinemonocarboxylic acid (CHEBI:26420)"", ""nitrogen molecular entity (CHEBI:51143)"", ""organonitrogen compound (CHEBI:35352)"", ""amine (CHEBI:32952)"", ""tertiary amine (CHEBI:32876)"", ""organohalogen compound (CHEBI:36684)"", ""haloarene (CHEBI:50887)"", ""organooxygen compound (CHEBI:36963)"", ""amide (CHEBI:32988)"", ""peptide (CHEBI:16670)"", ""oxygen molecular entity (CHEBI:25806)""]"
3684314,NotAvailable,predicted_lipidmaps_terms: []
3684314,NotAvailable,Classification_version: 2.1
3685669,CHEMONTID:0000000,Kingdom: Organic compounds
3685669,CHEMONTID:0002448,Superclass: Benzenoids
3685669,CHEMONTID:0002279,Class: Benzene and substituted derivatives
3685669,CHEMONTID:0000176,Subclass: Benzoic acids and derivatives
3685669,CHEMONTID:0000178,Direct_parent: Benzamides
3685669,CHEMONTID:0004742,alternative_parents: Phenoxy compounds
3685669,CHEMONTID:0004113,alternative_parents: Methoxybenzenes
3685669,CHEMONTID:0000321,alternative_parents: Benzoyl derivatives
3685669,CHEMONTID:0000138,alternative_parents: Anisoles
3685669,CHEMONTID:0000128,alternative_parents: Alkyl aryl ethers
3685669,CHEMONTID:0002239,alternative_parents: Trialkylamines
3685669,CHEMONTID:0001663,alternative_parents: Secondary carboxylic acid amides
3685669,CHEMONTID:0000347,alternative_parents: Amino acids and derivatives
3685669,CHEMONTID:0003940,alternative_parents: Organic oxides
3685669,CHEMONTID:0004150,alternative_parents: Hydrocarbon derivatives
3685669,NotAvailable,mMlecular_framework: Aromatic homomonocyclic compounds
3685669,NotAvailable,"Substituents: [""Benzamide"", ""Anisole"", ""Benzoyl"", ""Phenol ether"", ""Methoxybenzene"", ""Phenoxy compound"", ""Alkyl aryl ether"", ""Tertiary aliphatic amine"", ""Tertiary amine"", ""Secondary carboxylic acid amide"", ""Amino acid or derivatives"", ""Carboxamide group"", ""Ether"", ""Carboxylic acid derivative"", ""Organooxygen compound"", ""Organonitrogen compound"", ""Amine"", ""Organic nitrogen compound"", ""Hydrocarbon derivative"", ""Organic oxide"", ""Organic oxygen compound"", ""Aromatic homomonocyclic compound""]"
3685669,NotAvailable,External_descriptors: []
3685669,NotAvailable,"Ancestors: [""Alkyl aryl ethers"", ""Amines"", ""Amino acids and derivatives"", ""Amino acids, peptides, and analogues"", ""Anisoles"", ""Benzamides"", ""Benzene and substituted derivatives"", ""Benzenoids"", ""Benzoic acids and derivatives"", ""Benzoyl derivatives"", ""Carboxylic acid amides"", ""Carboxylic acid derivatives"", ""Carboxylic acids and derivatives"", ""Chemical entities"", ""Ethers"", ""Hydrocarbon derivatives"", ""Methoxybenzenes"", ""Organic acids and derivatives"", ""Organic compounds"", ""Organic nitrogen compounds"", ""Organic oxides"", ""Organic oxygen compounds"", ""Organonitrogen compounds"", ""Organooxygen compounds"", ""Organopnictogen compounds"", ""Phenol ethers"", ""Phenoxy compounds"", ""Secondary carboxylic acid amides"", ""Tertiary amines"", ""Trialkylamines""]"
3685669,NotAvailable,"predicted_chebi_terms: [""benzenes (CHEBI:22712)"", ""methoxybenzene (CHEBI:51683)"", ""carbonyl compound (CHEBI:36586)"", ""aromatic ether (CHEBI:35618)"", ""tertiary amino compound (CHEBI:50996)"", ""carboxamide (CHEBI:37622)"", ""organonitrogen compound (CHEBI:35352)"", ""organooxygen compound (CHEBI:36963)"", ""organic oxide (CHEBI:25701)"", ""organic molecule (CHEBI:72695)"", ""benzamides (CHEBI:22702)"", ""chemical entity (CHEBI:24431)"", ""benzenoid aromatic compound (CHEBI:33836)"", ""oxygen molecular entity (CHEBI:25806)"", ""organic molecular entity (CHEBI:50860)"", ""ether (CHEBI:25698)"", ""nitrogen molecular entity (CHEBI:51143)"", ""amine (CHEBI:32952)"", ""tertiary amine (CHEBI:32876)"", ""organic acid (CHEBI:64709)"", ""carboxylic acid (CHEBI:33575)"", ""amide (CHEBI:32988)"", ""benzoic acids (CHEBI:22723)"", ""amino acid (CHEBI:33709)"", ""peptide (CHEBI:16670)""]"
3685669,NotAvailable,predicted_lipidmaps_terms: []
3685669,NotAvailable,Classification_version: 2.1
3694420,CHEMONTID:0000000,Kingdom: Organic compounds
3694420,CHEMONTID:0000012,Superclass: Lipids and lipid-like molecules
3694420,CHEMONTID:0000259,Class: Prenol lipids
3694420,CHEMONTID:0001551,Subclass: Diterpenoids
3694420,CHEMONTID:0000676,Direct_parent: Taxanes and derivatives
3694420,CHEMONTID:0003469,alternative_parents: N-benzylbenzamides
3694420,CHEMONTID:0002966,alternative_parents: Tetracarboxylic acids and derivatives
3694420,CHEMONTID:0001878,alternative_parents: Beta amino acids and derivatives
3694420,CHEMONTID:0003100,alternative_parents: 4-halobenzoic acids and derivatives
3694420,CHEMONTID:0001350,alternative_parents: Benzoic acid esters
3694420,CHEMONTID:0000321,alternative_parents: Benzoyl derivatives
3694420,CHEMONTID:0003420,alternative_parents: Alpha-acyloxy ketones
3694420,CHEMONTID:0001099,alternative_parents: Chlorobenzenes
3694420,CHEMONTID:0000324,alternative_parents: Fatty acid esters
3694420,CHEMONTID:0001030,alternative_parents: Aryl chlorides
3694420,CHEMONTID:0001540,alternative_parents: Monosaccharides
3694420,CHEMONTID:0001670,alternative_parents: Tertiary alcohols
3694420,CHEMONTID:0001663,alternative_parents: Secondary carboxylic acid amides
3694420,CHEMONTID:0001661,alternative_parents: Secondary alcohols
3694420,CHEMONTID:0000070,alternative_parents: Oxetanes
3694420,CHEMONTID:0001238,alternative_parents: Carboxylic acid esters
3694420,CHEMONTID:0001292,alternative_parents: Cyclic alcohols and derivatives
3694420,CHEMONTID:0000118,alternative_parents: Ketones
3694420,CHEMONTID:0004140,alternative_parents: Oxacyclic compounds
3694420,CHEMONTID:0001167,alternative_parents: Dialkyl ethers
3694420,CHEMONTID:0001516,alternative_parents: Organochlorides
3694420,CHEMONTID:0004557,alternative_parents: Organopnictogen compounds
3694420,CHEMONTID:0003940,alternative_parents: Organic oxides
3694420,CHEMONTID:0004150,alternative_parents: Hydrocarbon derivatives
3694420,CHEMONTID:0000278,alternative_parents: Organonitrogen compounds
3694420,NotAvailable,mMlecular_framework: Aromatic heteropolycyclic compounds
3694420,NotAvailable,"Substituents: [""Taxane diterpenoid"", ""N-benzylbenzamide"", ""Tetracarboxylic acid or derivatives"", ""Beta amino acid or derivatives"", ""Benzoate ester"", ""4-halobenzoic acid or derivatives"", ""Halobenzoic acid or derivatives"", ""Benzoic acid or derivatives"", ""Benzamide"", ""Benzoyl"", ""Halobenzene"", ""Fatty acid ester"", ""Chlorobenzene"", ""Alpha-acyloxy ketone"", ""Aryl chloride"", ""Monosaccharide"", ""Monocyclic benzene moiety"", ""Aryl halide"", ""Fatty acyl"", ""Benzenoid"", ""Tertiary alcohol"", ""Cyclic alcohol"", ""Secondary carboxylic acid amide"", ""Carboxamide group"", ""Carboxylic acid ester"", ""Secondary alcohol"", ""Oxetane"", ""Ketone"", ""Ether"", ""Oxacycle"", ""Organoheterocyclic compound"", ""Carboxylic acid derivative"", ""Dialkyl ether"", ""Carbonyl group"", ""Alcohol"", ""Organic oxide"", ""Organochloride"", ""Hydrocarbon derivative"", ""Organohalogen compound"", ""Organonitrogen compound"", ""Organic nitrogen compound"", ""Organic oxygen compound"", ""Organopnictogen compound"", ""Organooxygen compound"", ""Aromatic heteropolycyclic compound""]"
3694420,NotAvailable,External_descriptors: []
3694420,NotAvailable,"Ancestors: [""4-halobenzoic acids and derivatives"", ""Alcohols and polyols"", ""Alpha-acyloxy carbonyl compounds"", ""Alpha-acyloxy ketones"", ""Amino acids and derivatives"", ""Amino acids, peptides, and analogues"", ""Aryl chlorides"", ""Aryl halides"", ""Benzamides"", ""Benzene and substituted derivatives"", ""Benzenoids"", ""Benzoic acid esters"", ""Benzoic acids and derivatives"", ""Benzoyl derivatives"", ""Beta amino acids and derivatives"", ""Carbohydrates and carbohydrate conjugates"", ""Carbonyl compounds"", ""Carboxylic acid amides"", ""Carboxylic acid derivatives"", ""Carboxylic acid esters"", ""Carboxylic acids and derivatives"", ""Chemical entities"", ""Chlorobenzenes"", ""Cyclic alcohols and derivatives"", ""Dialkyl ethers"", ""Diterpenoids"", ""Ethers"", ""Fatty Acyls"", ""Fatty acid esters"", ""Halobenzenes"", ""Halobenzoic acids and derivatives"", ""Hydrocarbon derivatives"", ""Ketones"", ""Lipids and lipid-like molecules"", ""Monosaccharides"", ""N-benzylbenzamides"", ""Organic acids and derivatives"", ""Organic compounds"", ""Organic nitrogen compounds"", ""Organic oxides"", ""Organic oxygen compounds"", ""Organochlorides"", ""Organohalogen compounds"", ""Organoheterocyclic compounds"", ""Organonitrogen compounds"", ""Organooxygen compounds"", ""Organopnictogen compounds"", ""Oxacyclic compounds"", ""Oxetanes"", ""Prenol lipids"", ""Secondary alcohols"", ""Secondary carboxylic acid amides"", ""Taxanes and derivatives"", ""Tertiary alcohols"", ""Tetracarboxylic acids and derivatives""]"
3694420,NotAvailable,"predicted_chebi_terms: [""benzamides (CHEBI:22702)"", ""organooxygen compound (CHEBI:36963)"", ""organonitrogen compound (CHEBI:35352)"", ""carbonyl compound (CHEBI:36586)"", ""organohalogen compound (CHEBI:36684)"", ""benzoate ester (CHEBI:36054)"", ""ketone (CHEBI:17087)"", ""carboxylic ester (CHEBI:33308)"", ""lignan (CHEBI:25036)"", ""organochlorine compound (CHEBI:36683)"", ""fatty acid ester (CHEBI:35748)"", ""monosaccharide (CHEBI:35381)"", ""tertiary alcohol (CHEBI:26878)"", ""carboxamide (CHEBI:37622)"", ""secondary alcohol (CHEBI:35681)"", ""oxetanes (CHEBI:38784)"", ""organic hydroxy compound (CHEBI:33822)"", ""oxacycle (CHEBI:38104)"", ""ether (CHEBI:25698)"", ""pnictogen molecular entity (CHEBI:33302)"", ""organic molecular entity (CHEBI:50860)"", ""organic oxide (CHEBI:25701)"", ""organic molecule (CHEBI:72695)"", ""taxane diterpenoid (CHEBI:50367)"", ""chemical entity (CHEBI:24431)"", ""benzenoid aromatic compound (CHEBI:33836)"", ""benzenes (CHEBI:22712)"", ""amino acid (CHEBI:33709)"", ""peptide (CHEBI:16670)"", ""oxygen molecular entity (CHEBI:25806)"", ""lipid (CHEBI:18059)"", ""haloarene (CHEBI:50887)"", ""carbohydrates and carbohydrate derivatives (CHEBI:78616)"", ""polyol (CHEBI:26191)"", ""alcohol (CHEBI:30879)"", ""amide (CHEBI:32988)"", ""organic heterocyclic compound (CHEBI:24532)"", ""nitrogen molecular entity (CHEBI:51143)"", ""ether lipid (CHEBI:64611)"", ""diterpenoid (CHEBI:23849)""]"
3694420,NotAvailable,"predicted_lipidmaps_terms: [""Fatty esters (FA07)"", ""Taxane and Abeotaxane diterpenoids (PR010439)"", ""Fatty Acyls (FA)"", ""Prenol Lipids (PR)"", ""C20 isoprenoids (diterpenes) (PR0104)""]"
3694420,NotAvailable,Classification_version: 2.1
3732385,CHEMONTID:0000000,Kingdom: Organic compounds
3732385,CHEMONTID:0004603,Superclass: Organic oxygen compounds
3732385,CHEMONTID:0000323,Class: Organooxygen compounds
3732385,CHEMONTID:0000011,Subclass: Carbohydrates and carbohydrate conjugates
3732385,CHEMONTID:0003305,Intermediate_nodes: Aminosaccharides
3732385,CHEMONTID:0000282,Direct_parent: Aminoglycosides
3732385,CHEMONTID:0000147,alternative_parents: Macrolides and analogues
3732385,CHEMONTID:0002207,alternative_parents: O-glycosyl compounds
3732385,CHEMONTID:0001540,alternative_parents: Monosaccharides
3732385,CHEMONTID:0002012,alternative_parents: Oxanes
3732385,CHEMONTID:0001670,alternative_parents: Tertiary alcohols
3732385,CHEMONTID:0001661,alternative_parents: Secondary alcohols
3732385,CHEMONTID:0000347,alternative_parents: Amino acids and derivatives
3732385,CHEMONTID:0001238,alternative_parents: Carboxylic acid esters
3732385,CHEMONTID:0000050,alternative_parents: Lactones
3732385,CHEMONTID:0002239,alternative_parents: Trialkylamines
3732385,CHEMONTID:0001897,"alternative_parents: 1,2-aminoalcohols"
3732385,CHEMONTID:0001137,alternative_parents: Monocarboxylic acids and derivatives
3732385,CHEMONTID:0002286,alternative_parents: Polyols
3732385,CHEMONTID:0001167,alternative_parents: Dialkyl ethers
3732385,CHEMONTID:0000411,alternative_parents: Oximes
3732385,CHEMONTID:0004140,alternative_parents: Oxacyclic compounds
3732385,CHEMONTID:0001656,alternative_parents: Acetals
3732385,CHEMONTID:0001831,alternative_parents: Carbonyl compounds
3732385,CHEMONTID:0004150,alternative_parents: Hydrocarbon derivatives
3732385,CHEMONTID:0003940,alternative_parents: Organic oxides
3732385,CHEMONTID:0004557,alternative_parents: Organopnictogen compounds
3732385,NotAvailable,mMlecular_framework: Aliphatic heteromonocyclic compounds
3732385,NotAvailable,"Substituents: [""Aminoglycoside core"", ""Macrolide"", ""Glycosyl compound"", ""O-glycosyl compound"", ""Monosaccharide"", ""Oxane"", ""Tertiary alcohol"", ""1,2-aminoalcohol"", ""Amino acid or derivatives"", ""Carboxylic acid ester"", ""Lactone"", ""Secondary alcohol"", ""Tertiary aliphatic amine"", ""Tertiary amine"", ""Oxacycle"", ""Acetal"", ""Monocarboxylic acid or derivatives"", ""Polyol"", ""Oxime"", ""Organoheterocyclic compound"", ""Ether"", ""Dialkyl ether"", ""Carboxylic acid derivative"", ""Organic nitrogen compound"", ""Alcohol"", ""Carbonyl group"", ""Organonitrogen compound"", ""Organopnictogen compound"", ""Organic oxide"", ""Amine"", ""Hydrocarbon derivative"", ""Aliphatic heteromonocyclic compound""]"
3732385,NotAvailable,External_descriptors: []
3732385,NotAvailable,"Ancestors: [""1,2-aminoalcohols"", ""Acetals"", ""Alcohols and polyols"", ""Alkanolamines"", ""Amines"", ""Amino acids and derivatives"", ""Amino acids, peptides, and analogues"", ""Aminoglycosides"", ""Aminosaccharides"", ""Carbohydrates and carbohydrate conjugates"", ""Carbonyl compounds"", ""Carboxylic acid derivatives"", ""Carboxylic acid esters"", ""Carboxylic acids and derivatives"", ""Chemical entities"", ""Dialkyl ethers"", ""Ethers"", ""Glycosyl compounds"", ""Hydrocarbon derivatives"", ""Lactones"", ""Macrolides and analogues"", ""Monocarboxylic acids and derivatives"", ""Monosaccharides"", ""O-glycosyl compounds"", ""Organic acids and derivatives"", ""Organic compounds"", ""Organic nitrogen compounds"", ""Organic oxides"", ""Organic oxygen compounds"", ""Organoheterocyclic compounds"", ""Organonitrogen compounds"", ""Organooxygen compounds"", ""Organopnictogen compounds"", ""Oxacyclic compounds"", ""Oxanes"", ""Oximes"", ""Phenylpropanoids and polyketides"", ""Polyols"", ""Secondary alcohols"", ""Tertiary alcohols"", ""Tertiary amines"", ""Trialkylamines""]"
3732385,NotAvailable,"predicted_chebi_terms: [""macrolide (CHEBI:25106)"", ""glycoside (CHEBI:24400)"", ""monosaccharide (CHEBI:35381)"", ""oxanes (CHEBI:46942)"", ""tertiary alcohol (CHEBI:26878)"", ""secondary alcohol (CHEBI:35681)"", ""organonitrogen compound (CHEBI:35352)"", ""organooxygen compound (CHEBI:36963)"", ""carboxylic ester (CHEBI:33308)"", ""lactone (CHEBI:25000)"", ""tertiary amino compound (CHEBI:50996)"", ""amino alcohol (CHEBI:22478)"", ""monocarboxylic acid (CHEBI:25384)"", ""polyol (CHEBI:26191)"", ""ether (CHEBI:25698)"", ""oxime (CHEBI:25750)"", ""oxacycle (CHEBI:38104)"", ""acetal (CHEBI:59769)"", ""carbonyl compound (CHEBI:36586)"", ""organic molecule (CHEBI:72695)"", ""organic oxide (CHEBI:25701)"", ""pnictogen molecular entity (CHEBI:33302)"", ""organic molecular entity (CHEBI:50860)"", ""aminoglycoside (CHEBI:47779)"", ""chemical entity (CHEBI:24431)"", ""oxygen molecular entity (CHEBI:25806)"", ""carbohydrates and carbohydrate derivatives (CHEBI:78616)"", ""organic heterocyclic compound (CHEBI:24532)"", ""organic hydroxy compound (CHEBI:33822)"", ""alcohol (CHEBI:30879)"", ""organic acid (CHEBI:64709)"", ""carboxylic acid (CHEBI:33575)"", ""nitrogen molecular entity (CHEBI:51143)"", ""amine (CHEBI:32952)"", ""tertiary amine (CHEBI:32876)"", ""amino sugar (CHEBI:28963)"", ""amino acid (CHEBI:33709)"", ""peptide (CHEBI:16670)""]"
3732385,NotAvailable,"predicted_lipidmaps_terms: [""Macrolides and lactone polyketides (PK04)""]"
3732385,NotAvailable,Classification_version: 2.1
3743673,CHEMONTID:0000000,Kingdom: Organic compounds
3743673,CHEMONTID:0000261,Superclass: Phenylpropanoids and polyketides
3743673,CHEMONTID:0002106,Class: Anthracyclines
3743673,CHEMONTID:0002106,Direct_parent: Anthracyclines
3743673,CHEMONTID:0000155,alternative_parents: Tetracenequinones
3743673,CHEMONTID:0000282,alternative_parents: Aminoglycosides
3743673,CHEMONTID:0000151,alternative_parents: Anthraquinones
3743673,CHEMONTID:0001498,alternative_parents: Hexoses
3743673,CHEMONTID:0002207,alternative_parents: O-glycosyl compounds
3743673,CHEMONTID:0000048,alternative_parents: Tetralins
3743673,CHEMONTID:0000138,alternative_parents: Anisoles
3743673,CHEMONTID:0003670,alternative_parents: Aryl ketones
3743673,CHEMONTID:0002235,alternative_parents: Ketazines
3743673,CHEMONTID:0000128,alternative_parents: Alkyl aryl ethers
3743673,CHEMONTID:0000195,alternative_parents: Piperidines
3743673,CHEMONTID:0002012,alternative_parents: Oxanes
3743673,CHEMONTID:0001670,alternative_parents: Tertiary alcohols
3743673,CHEMONTID:0003889,alternative_parents: Vinylogous acids
3743673,CHEMONTID:0001897,"alternative_parents: 1,2-aminoalcohols"
3743673,CHEMONTID:0001661,alternative_parents: Secondary alcohols
3743673,CHEMONTID:0000158,alternative_parents: N-organohydroxylamines
3743673,CHEMONTID:0004140,alternative_parents: Oxacyclic compounds
3743673,CHEMONTID:0001656,alternative_parents: Acetals
3743673,CHEMONTID:0004139,alternative_parents: Azacyclic compounds
3743673,CHEMONTID:0002286,alternative_parents: Polyols
3743673,CHEMONTID:0000469,alternative_parents: Monoalkylamines
3743673,CHEMONTID:0004150,alternative_parents: Hydrocarbon derivatives
3743673,CHEMONTID:0000124,alternative_parents: Aldehydes
3743673,CHEMONTID:0004557,alternative_parents: Organopnictogen compounds
3743673,CHEMONTID:0003940,alternative_parents: Organic oxides
3743673,NotAvailable,mMlecular_framework: Aromatic heteropolycyclic compounds
3743673,NotAvailable,"Substituents: [""Anthracycline"", ""Anthracyclinone-skeleton"", ""Aminoglycoside core"", ""Tetracenequinone"", ""9,10-anthraquinone"", ""1,4-anthraquinone"", ""Anthracene"", ""Hexose monosaccharide"", ""Glycosyl compound"", ""O-glycosyl compound"", ""Tetralin"", ""Anisole"", ""Aryl ketone"", ""Ketazine"", ""Alkyl aryl ether"", ""Amino saccharide"", ""Azine"", ""Benzenoid"", ""Monosaccharide"", ""Oxane"", ""Piperidine"", ""Tertiary alcohol"", ""Vinylogous acid"", ""Secondary alcohol"", ""1,2-aminoalcohol"", ""Ketone"", ""Polyol"", ""Oxacycle"", ""Azacycle"", ""N-organohydroxylamine"", ""Ether"", ""Organoheterocyclic compound"", ""Acetal"", ""Organic nitrogen compound"", ""Organooxygen compound"", ""Primary amine"", ""Hydrocarbon derivative"", ""Organic oxide"", ""Organopnictogen compound"", ""Organonitrogen compound"", ""Aldehyde"", ""Amine"", ""Alcohol"", ""Organic oxygen compound"", ""Primary aliphatic amine"", ""Aromatic heteropolycyclic compound""]"
3743673,NotAvailable,External_descriptors: []
3743673,NotAvailable,"Ancestors: [""1,2-aminoalcohols"", ""Acetals"", ""Alcohols and polyols"", ""Aldehydes"", ""Alkanolamines"", ""Alkyl aryl ethers"", ""Amines"", ""Aminoglycosides"", ""Aminosaccharides"", ""Anisoles"", ""Anthracenes"", ""Anthracyclines"", ""Anthraquinones"", ""Aryl ketones"", ""Azacyclic compounds"", ""Azines"", ""Benzenoids"", ""Carbohydrates and carbohydrate conjugates"", ""Carbonyl compounds"", ""Chemical entities"", ""Ethers"", ""Glycosyl compounds"", ""Hexoses"", ""Hydrazines and derivatives"", ""Hydrocarbon derivatives"", ""Ketazines"", ""Ketones"", ""Monoalkylamines"", ""Monosaccharides"", ""N-organohydroxylamines"", ""Naphthacenes"", ""O-glycosyl compounds"", ""Organic acids and derivatives"", ""Organic compounds"", ""Organic nitrogen compounds"", ""Organic oxides"", ""Organic oxygen compounds"", ""Organoheterocyclic compounds"", ""Organonitrogen compounds"", ""Organooxygen compounds"", ""Organopnictogen compounds"", ""Oxacyclic compounds"", ""Oxanes"", ""Phenol ethers"", ""Phenylpropanoids and polyketides"", ""Piperidines"", ""Polyols"", ""Primary amines"", ""Secondary alcohols"", ""Tertiary alcohols"", ""Tetracenequinones"", ""Tetralins"", ""Vinylogous acids""]"
3743673,NotAvailable,"predicted_chebi_terms: [""quinone (CHEBI:36141)"", ""tetracenes (CHEBI:51270)"", ""aminoglycoside (CHEBI:47779)"", ""anthraquinone (CHEBI:22580)"", ""hexose (CHEBI:18133)"", ""glycoside (CHEBI:24400)"", ""tetralins (CHEBI:36786)"", ""methoxybenzene (CHEBI:51683)"", ""aromatic ketone (CHEBI:76224)"", ""hydrazone (CHEBI:38532)"", ""aromatic ether (CHEBI:35618)"", ""piperidines (CHEBI:26151)"", ""oxanes (CHEBI:46942)"", ""tertiary alcohol (CHEBI:26878)"", ""enone (CHEBI:51689)"", ""enol (CHEBI:33823)"", ""amino alcohol (CHEBI:22478)"", ""secondary alcohol (CHEBI:35681)"", ""hydroxylamines (CHEBI:24709)"", ""oxacycle (CHEBI:38104)"", ""acetal (CHEBI:59769)"", ""organonitrogen heterocyclic compound (CHEBI:38101)"", ""polyol (CHEBI:26191)"", ""alkylamine (CHEBI:13759)"", ""organic molecule (CHEBI:72695)"", ""aldehyde (CHEBI:17478)"", ""pnictogen molecular entity (CHEBI:33302)"", ""organic molecular entity (CHEBI:50860)"", ""organic oxide (CHEBI:25701)"", ""anthracycline (CHEBI:48120)"", ""chemical entity (CHEBI:24431)"", ""benzenoid aromatic compound (CHEBI:33836)"", ""oxygen molecular entity (CHEBI:25806)"", ""organooxygen compound (CHEBI:36963)"", ""carbohydrates and carbohydrate derivatives (CHEBI:78616)"", ""amino sugar (CHEBI:28963)"", ""anthracenes (CHEBI:46955)"", ""monosaccharide (CHEBI:35381)"", ""carbonyl compound (CHEBI:36586)"", ""ketone (CHEBI:17087)"", ""nitrogen molecular entity (CHEBI:51143)"", ""organonitrogen compound (CHEBI:35352)"", ""hydrazines (CHEBI:24631)"", ""ether (CHEBI:25698)"", ""organic heterocyclic compound (CHEBI:24532)"", ""organic hydroxy compound (CHEBI:33822)"", ""alcohol (CHEBI:30879)"", ""organic acid (CHEBI:64709)"", ""amine (CHEBI:32952)"", ""primary amine (CHEBI:32877)""]"
3743673,NotAvailable,"predicted_lipidmaps_terms: [""Anthracyclinones (PK1305)""]"
3743673,NotAvailable,Classification_version: 2.1
3757496,CHEMONTID:0000000,Kingdom: Organic compounds
3757496,CHEMONTID:0000012,Superclass: Lipids and lipid-like molecules
3757496,CHEMONTID:0000259,Class: Prenol lipids
3757496,CHEMONTID:0001551,Subclass: Diterpenoids
3757496,CHEMONTID:0000676,Direct_parent: Taxanes and derivatives
3757496,CHEMONTID:0002966,alternative_parents: Tetracarboxylic acids and derivatives
3757496,CHEMONTID:0001878,alternative_parents: Beta amino acids and derivatives
3757496,CHEMONTID:0001350,alternative_parents: Benzoic acid esters
3757496,CHEMONTID:0000321,alternative_parents: Benzoyl derivatives
3757496,CHEMONTID:0003420,alternative_parents: Alpha-acyloxy ketones
3757496,CHEMONTID:0000324,alternative_parents: Fatty acid esters
3757496,CHEMONTID:0001540,alternative_parents: Monosaccharides
3757496,CHEMONTID:0001670,alternative_parents: Tertiary alcohols
3757496,CHEMONTID:0001663,alternative_parents: Secondary carboxylic acid amides
3757496,CHEMONTID:0001661,alternative_parents: Secondary alcohols
3757496,CHEMONTID:0000070,alternative_parents: Oxetanes
3757496,CHEMONTID:0001238,alternative_parents: Carboxylic acid esters
3757496,CHEMONTID:0001292,alternative_parents: Cyclic alcohols and derivatives
3757496,CHEMONTID:0000118,alternative_parents: Ketones
3757496,CHEMONTID:0001167,alternative_parents: Dialkyl ethers
3757496,CHEMONTID:0004140,alternative_parents: Oxacyclic compounds
3757496,CHEMONTID:0004557,alternative_parents: Organopnictogen compounds
3757496,CHEMONTID:0004150,alternative_parents: Hydrocarbon derivatives
3757496,CHEMONTID:0000278,alternative_parents: Organonitrogen compounds
3757496,CHEMONTID:0003940,alternative_parents: Organic oxides
3757496,NotAvailable,mMlecular_framework: Aromatic heteropolycyclic compounds
3757496,NotAvailable,"Substituents: [""Taxane diterpenoid"", ""Tetracarboxylic acid or derivatives"", ""Beta amino acid or derivatives"", ""Benzoate ester"", ""Benzoic acid or derivatives"", ""Benzoyl"", ""Fatty acid ester"", ""Alpha-acyloxy ketone"", ""Monocyclic benzene moiety"", ""Fatty acyl"", ""Benzenoid"", ""Monosaccharide"", ""Cyclic alcohol"", ""Tertiary alcohol"", ""Carboxamide group"", ""Carboxylic acid ester"", ""Ketone"", ""Secondary carboxylic acid amide"", ""Oxetane"", ""Secondary alcohol"", ""Organoheterocyclic compound"", ""Ether"", ""Dialkyl ether"", ""Oxacycle"", ""Carboxylic acid derivative"", ""Alcohol"", ""Carbonyl group"", ""Hydrocarbon derivative"", ""Organic nitrogen compound"", ""Organic oxygen compound"", ""Organonitrogen compound"", ""Organooxygen compound"", ""Organopnictogen compound"", ""Organic oxide"", ""Aromatic heteropolycyclic compound""]"
3757496,NotAvailable,External_descriptors: []
3757496,NotAvailable,"Ancestors: [""Alcohols and polyols"", ""Alpha-acyloxy carbonyl compounds"", ""Alpha-acyloxy ketones"", ""Amino acids and derivatives"", ""Amino acids, peptides, and analogues"", ""Benzene and substituted derivatives"", ""Benzenoids"", ""Benzoic acid esters"", ""Benzoic acids and derivatives"", ""Benzoyl derivatives"", ""Beta amino acids and derivatives"", ""Carbohydrates and carbohydrate conjugates"", ""Carbonyl compounds"", ""Carboxylic acid amides"", ""Carboxylic acid derivatives"", ""Carboxylic acid esters"", ""Carboxylic acids and derivatives"", ""Chemical entities"", ""Cyclic alcohols and derivatives"", ""Dialkyl ethers"", ""Diterpenoids"", ""Ethers"", ""Fatty Acyls"", ""Fatty acid esters"", ""Hydrocarbon derivatives"", ""Ketones"", ""Lipids and lipid-like molecules"", ""Monosaccharides"", ""Organic acids and derivatives"", ""Organic compounds"", ""Organic nitrogen compounds"", ""Organic oxides"", ""Organic oxygen compounds"", ""Organoheterocyclic compounds"", ""Organonitrogen compounds"", ""Organooxygen compounds"", ""Organopnictogen compounds"", ""Oxacyclic compounds"", ""Oxetanes"", ""Prenol lipids"", ""Secondary alcohols"", ""Secondary carboxylic acid amides"", ""Taxanes and derivatives"", ""Tertiary alcohols"", ""Tetracarboxylic acids and derivatives""]"
3757496,NotAvailable,"predicted_chebi_terms: [""organooxygen compound (CHEBI:36963)"", ""organonitrogen compound (CHEBI:35352)"", ""benzoate ester (CHEBI:36054)"", ""carbonyl compound (CHEBI:36586)"", ""ketone (CHEBI:17087)"", ""carboxylic ester (CHEBI:33308)"", ""lignan (CHEBI:25036)"", ""fatty acid ester (CHEBI:35748)"", ""monosaccharide (CHEBI:35381)"", ""tertiary alcohol (CHEBI:26878)"", ""carboxamide (CHEBI:37622)"", ""secondary alcohol (CHEBI:35681)"", ""oxetanes (CHEBI:38784)"", ""organic hydroxy compound (CHEBI:33822)"", ""ether (CHEBI:25698)"", ""oxacycle (CHEBI:38104)"", ""pnictogen molecular entity (CHEBI:33302)"", ""organic molecular entity (CHEBI:50860)"", ""organic molecule (CHEBI:72695)"", ""organic oxide (CHEBI:25701)"", ""taxane diterpenoid (CHEBI:50367)"", ""chemical entity (CHEBI:24431)"", ""amino acid (CHEBI:33709)"", ""peptide (CHEBI:16670)"", ""benzenoid aromatic compound (CHEBI:33836)"", ""benzenes (CHEBI:22712)"", ""oxygen molecular entity (CHEBI:25806)"", ""lipid (CHEBI:18059)"", ""carbohydrates and carbohydrate derivatives (CHEBI:78616)"", ""polyol (CHEBI:26191)"", ""alcohol (CHEBI:30879)"", ""amide (CHEBI:32988)"", ""organic heterocyclic compound (CHEBI:24532)"", ""nitrogen molecular entity (CHEBI:51143)"", ""ether lipid (CHEBI:64611)"", ""diterpenoid (CHEBI:23849)""]"
3757496,NotAvailable,"predicted_lipidmaps_terms: [""Fatty esters (FA07)"", ""Taxane and Abeotaxane diterpenoids (PR010439)"", ""Fatty Acyls (FA)"", ""Prenol Lipids (PR)"", ""C20 isoprenoids (diterpenes) (PR0104)""]"
3757496,NotAvailable,Classification_version: 2.1
3759419,CHEMONTID:0000000,Kingdom: Organic compounds
3759419,CHEMONTID:0000012,Superclass: Lipids and lipid-like molecules
3759419,CHEMONTID:0000259,Class: Prenol lipids
3759419,CHEMONTID:0001551,Subclass: Diterpenoids
3759419,CHEMONTID:0000676,Direct_parent: Taxanes and derivatives
3759419,CHEMONTID:0003469,alternative_parents: N-benzylbenzamides
3759419,CHEMONTID:0002966,alternative_parents: Tetracarboxylic acids and derivatives
3759419,CHEMONTID:0001878,alternative_parents: Beta amino acids and derivatives
3759419,CHEMONTID:0001350,alternative_parents: Benzoic acid esters
3759419,CHEMONTID:0000321,alternative_parents: Benzoyl derivatives
3759419,CHEMONTID:0003420,alternative_parents: Alpha-acyloxy ketones
3759419,CHEMONTID:0000324,alternative_parents: Fatty acid esters
3759419,CHEMONTID:0001100,alternative_parents: Fluorobenzenes
3759419,CHEMONTID:0001031,alternative_parents: Aryl fluorides
3759419,CHEMONTID:0001540,alternative_parents: Monosaccharides
3759419,CHEMONTID:0001670,alternative_parents: Tertiary alcohols
3759419,CHEMONTID:0001663,alternative_parents: Secondary carboxylic acid amides
3759419,CHEMONTID:0001661,alternative_parents: Secondary alcohols
3759419,CHEMONTID:0000070,alternative_parents: Oxetanes
3759419,CHEMONTID:0001238,alternative_parents: Carboxylic acid esters
3759419,CHEMONTID:0001292,alternative_parents: Cyclic alcohols and derivatives
3759419,CHEMONTID:0000118,alternative_parents: Ketones
3759419,CHEMONTID:0001167,alternative_parents: Dialkyl ethers
3759419,CHEMONTID:0004140,alternative_parents: Oxacyclic compounds
3759419,CHEMONTID:0004557,alternative_parents: Organopnictogen compounds
3759419,CHEMONTID:0000278,alternative_parents: Organonitrogen compounds
3759419,CHEMONTID:0001517,alternative_parents: Organofluorides
3759419,CHEMONTID:0004150,alternative_parents: Hydrocarbon derivatives
3759419,CHEMONTID:0003940,alternative_parents: Organic oxides
3759419,NotAvailable,mMlecular_framework: Aromatic heteropolycyclic compounds
3759419,NotAvailable,"Substituents: [""Taxane diterpenoid"", ""N-benzylbenzamide"", ""Tetracarboxylic acid or derivatives"", ""Beta amino acid or derivatives"", ""Benzoate ester"", ""Benzamide"", ""Benzoic acid or derivatives"", ""Benzoyl"", ""Fatty acid ester"", ""Fluorobenzene"", ""Halobenzene"", ""Alpha-acyloxy ketone"", ""Aryl fluoride"", ""Aryl halide"", ""Monocyclic benzene moiety"", ""Fatty acyl"", ""Monosaccharide"", ""Benzenoid"", ""Tertiary alcohol"", ""Cyclic alcohol"", ""Secondary carboxylic acid amide"", ""Secondary alcohol"", ""Oxetane"", ""Ketone"", ""Carboxamide group"", ""Carboxylic acid ester"", ""Organoheterocyclic compound"", ""Oxacycle"", ""Ether"", ""Dialkyl ether"", ""Carboxylic acid derivative"", ""Organonitrogen compound"", ""Carbonyl group"", ""Hydrocarbon derivative"", ""Organic oxide"", ""Organopnictogen compound"", ""Organic oxygen compound"", ""Organooxygen compound"", ""Organic nitrogen compound"", ""Organohalogen compound"", ""Organofluoride"", ""Alcohol"", ""Aromatic heteropolycyclic compound""]"
3759419,NotAvailable,External_descriptors: []
3759419,NotAvailable,"Ancestors: [""Alcohols and polyols"", ""Alpha-acyloxy carbonyl compounds"", ""Alpha-acyloxy ketones"", ""Amino acids and derivatives"", ""Amino acids, peptides, and analogues"", ""Aryl fluorides"", ""Aryl halides"", ""Benzamides"", ""Benzene and substituted derivatives"", ""Benzenoids"", ""Benzoic acid esters"", ""Benzoic acids and derivatives"", ""Benzoyl derivatives"", ""Beta amino acids and derivatives"", ""Carbohydrates and carbohydrate conjugates"", ""Carbonyl compounds"", ""Carboxylic acid amides"", ""Carboxylic acid derivatives"", ""Carboxylic acid esters"", ""Carboxylic acids and derivatives"", ""Chemical entities"", ""Cyclic alcohols and derivatives"", ""Dialkyl ethers"", ""Diterpenoids"", ""Ethers"", ""Fatty Acyls"", ""Fatty acid esters"", ""Fluorobenzenes"", ""Halobenzenes"", ""Hydrocarbon derivatives"", ""Ketones"", ""Lipids and lipid-like molecules"", ""Monosaccharides"", ""N-benzylbenzamides"", ""Organic acids and derivatives"", ""Organic compounds"", ""Organic nitrogen compounds"", ""Organic oxides"", ""Organic oxygen compounds"", ""Organofluorides"", ""Organohalogen compounds"", ""Organoheterocyclic compounds"", ""Organonitrogen compounds"", ""Organooxygen compounds"", ""Organopnictogen compounds"", ""Oxacyclic compounds"", ""Oxetanes"", ""Prenol lipids"", ""Secondary alcohols"", ""Secondary carboxylic acid amides"", ""Taxanes and derivatives"", ""Tertiary alcohols"", ""Tetracarboxylic acids and derivatives""]"
3759419,NotAvailable,"predicted_chebi_terms: [""benzamides (CHEBI:22702)"", ""organooxygen compound (CHEBI:36963)"", ""organonitrogen compound (CHEBI:35352)"", ""benzoate ester (CHEBI:36054)"", ""carbonyl compound (CHEBI:36586)"", ""ketone (CHEBI:17087)"", ""carboxylic ester (CHEBI:33308)"", ""lignan (CHEBI:25036)"", ""fatty acid ester (CHEBI:35748)"", ""organofluorine compound (CHEBI:37143)"", ""monosaccharide (CHEBI:35381)"", ""tertiary alcohol (CHEBI:26878)"", ""carboxamide (CHEBI:37622)"", ""secondary alcohol (CHEBI:35681)"", ""oxetanes (CHEBI:38784)"", ""organic hydroxy compound (CHEBI:33822)"", ""ether (CHEBI:25698)"", ""oxacycle (CHEBI:38104)"", ""pnictogen molecular entity (CHEBI:33302)"", ""organic molecular entity (CHEBI:50860)"", ""organic molecule (CHEBI:72695)"", ""organic oxide (CHEBI:25701)"", ""taxane diterpenoid (CHEBI:50367)"", ""chemical entity (CHEBI:24431)"", ""benzenoid aromatic compound (CHEBI:33836)"", ""benzenes (CHEBI:22712)"", ""amino acid (CHEBI:33709)"", ""peptide (CHEBI:16670)"", ""oxygen molecular entity (CHEBI:25806)"", ""lipid (CHEBI:18059)"", ""organohalogen compound (CHEBI:36684)"", ""haloarene (CHEBI:50887)"", ""carbohydrates and carbohydrate derivatives (CHEBI:78616)"", ""polyol (CHEBI:26191)"", ""alcohol (CHEBI:30879)"", ""amide (CHEBI:32988)"", ""organic heterocyclic compound (CHEBI:24532)"", ""nitrogen molecular entity (CHEBI:51143)"", ""ether lipid (CHEBI:64611)"", ""diterpenoid (CHEBI:23849)""]"
3759419,NotAvailable,"predicted_lipidmaps_terms: [""Fatty esters (FA07)"", ""Taxane and Abeotaxane diterpenoids (PR010439)"", ""Fatty Acyls (FA)"", ""Prenol Lipids (PR)"", ""C20 isoprenoids (diterpenes) (PR0104)""]"
3759419,NotAvailable,Classification_version: 2.1
3768030,CHEMONTID:0000000,Kingdom: Organic compounds
3768030,CHEMONTID:0000264,Superclass: Organic acids and derivatives
3768030,CHEMONTID:0000419,Class: Organic phosphonic acids and derivatives
3768030,CHEMONTID:0000327,Subclass: Bisphosphonates
3768030,CHEMONTID:0000327,Direct_parent: Bisphosphonates
3768030,CHEMONTID:0001302,alternative_parents: Organic phosphonic acids
3768030,CHEMONTID:0002239,alternative_parents: Trialkylamines
3768030,CHEMONTID:0002450,alternative_parents: Primary amines
3768030,CHEMONTID:0000400,alternative_parents: Organophosphorus compounds
3768030,CHEMONTID:0003610,alternative_parents: Organic zwitterions
3768030,CHEMONTID:0003865,alternative_parents: Organic salts
3768030,CHEMONTID:0003940,alternative_parents: Organic oxides
3768030,CHEMONTID:0004150,alternative_parents: Hydrocarbon derivatives
3768030,NotAvailable,mMlecular_framework: Aliphatic acyclic compounds
3768030,NotAvailable,"Substituents: [""Bisphosphonate"", ""Organophosphonic acid"", ""Tertiary aliphatic amine"", ""Tertiary amine"", ""Organic nitrogen compound"", ""Organic oxygen compound"", ""Organic oxide"", ""Hydrocarbon derivative"", ""Organic salt"", ""Organic zwitterion"", ""Primary amine"", ""Organophosphorus compound"", ""Organonitrogen compound"", ""Amine"", ""Aliphatic acyclic compound""]"
3768030,NotAvailable,External_descriptors: []
3768030,NotAvailable,"Ancestors: [""Amines"", ""Bisphosphonates"", ""Chemical entities"", ""Hydrocarbon derivatives"", ""Organic acids and derivatives"", ""Organic compounds"", ""Organic nitrogen compounds"", ""Organic oxides"", ""Organic oxygen compounds"", ""Organic phosphonic acids"", ""Organic phosphonic acids and derivatives"", ""Organic salts"", ""Organic zwitterions"", ""Organonitrogen compounds"", ""Organophosphorus compounds"", ""Organopnictogen compounds"", ""Tertiary amines"", ""Trialkylamines""]"
3768030,NotAvailable,"predicted_chebi_terms: [""phosphonic acids (CHEBI:26069)"", ""tertiary amino compound (CHEBI:50996)"", ""primary amine (CHEBI:32877)"", ""organophosphorus compound (CHEBI:25710)"", ""zwitterion (CHEBI:27369)"", ""organic molecular entity (CHEBI:50860)"", ""organic salt (CHEBI:24868)"", ""organic oxide (CHEBI:25701)"", ""organic molecule (CHEBI:72695)"", ""1,1-bis(phosphonic acid) (CHEBI:77383)"", ""chemical entity (CHEBI:24431)"", ""organic acid (CHEBI:64709)"", ""nitrogen molecular entity (CHEBI:51143)"", ""organonitrogen compound (CHEBI:35352)"", ""amine (CHEBI:32952)"", ""tertiary amine (CHEBI:32876)"", ""oxygen molecular entity (CHEBI:25806)"", ""organooxygen compound (CHEBI:36963)""]"
3768030,NotAvailable,predicted_lipidmaps_terms: []
3768030,NotAvailable,Classification_version: 2.1
3771054,CHEMONTID:0000000,Kingdom: Organic compounds
3771054,CHEMONTID:0000012,Superclass: Lipids and lipid-like molecules
3771054,CHEMONTID:0000259,Class: Prenol lipids
3771054,CHEMONTID:0001551,Subclass: Diterpenoids
3771054,CHEMONTID:0000676,Direct_parent: Taxanes and derivatives
3771054,CHEMONTID:0003469,alternative_parents: N-benzylbenzamides
3771054,CHEMONTID:0002966,alternative_parents: Tetracarboxylic acids and derivatives
3771054,CHEMONTID:0001878,alternative_parents: Beta amino acids and derivatives
3771054,CHEMONTID:0001350,alternative_parents: Benzoic acid esters
3771054,CHEMONTID:0000321,alternative_parents: Benzoyl derivatives
3771054,CHEMONTID:0001091,alternative_parents: Toluenes
3771054,CHEMONTID:0003420,alternative_parents: Alpha-acyloxy ketones
3771054,CHEMONTID:0000324,alternative_parents: Fatty acid esters
3771054,CHEMONTID:0001540,alternative_parents: Monosaccharides
3771054,CHEMONTID:0001670,alternative_parents: Tertiary alcohols
3771054,CHEMONTID:0001663,alternative_parents: Secondary carboxylic acid amides
3771054,CHEMONTID:0001661,alternative_parents: Secondary alcohols
3771054,CHEMONTID:0000070,alternative_parents: Oxetanes
3771054,CHEMONTID:0001238,alternative_parents: Carboxylic acid esters
3771054,CHEMONTID:0001292,alternative_parents: Cyclic alcohols and derivatives
3771054,CHEMONTID:0000118,alternative_parents: Ketones
3771054,CHEMONTID:0001167,alternative_parents: Dialkyl ethers
3771054,CHEMONTID:0004140,alternative_parents: Oxacyclic compounds
3771054,CHEMONTID:0004557,alternative_parents: Organopnictogen compounds
3771054,CHEMONTID:0004150,alternative_parents: Hydrocarbon derivatives
3771054,CHEMONTID:0000278,alternative_parents: Organonitrogen compounds
3771054,CHEMONTID:0003940,alternative_parents: Organic oxides
3771054,NotAvailable,mMlecular_framework: Aromatic heteropolycyclic compounds
3771054,NotAvailable,"Substituents: [""Taxane diterpenoid"", ""N-benzylbenzamide"", ""Tetracarboxylic acid or derivatives"", ""Beta amino acid or derivatives"", ""Benzoate ester"", ""Benzamide"", ""Benzoic acid or derivatives"", ""Benzoyl"", ""Alpha-acyloxy ketone"", ""Toluene"", ""Fatty acid ester"", ""Benzenoid"", ""Fatty acyl"", ""Monosaccharide"", ""Monocyclic benzene moiety"", ""Tertiary alcohol"", ""Cyclic alcohol"", ""Carboxamide group"", ""Carboxylic acid ester"", ""Secondary carboxylic acid amide"", ""Ketone"", ""Secondary alcohol"", ""Oxetane"", ""Ether"", ""Dialkyl ether"", ""Organoheterocyclic compound"", ""Carboxylic acid derivative"", ""Oxacycle"", ""Alcohol"", ""Carbonyl group"", ""Hydrocarbon derivative"", ""Organic nitrogen compound"", ""Organic oxygen compound"", ""Organopnictogen compound"", ""Organonitrogen compound"", ""Organooxygen compound"", ""Organic oxide"", ""Aromatic heteropolycyclic compound""]"
3771054,NotAvailable,External_descriptors: []
3771054,NotAvailable,"Ancestors: [""Alcohols and polyols"", ""Alpha-acyloxy carbonyl compounds"", ""Alpha-acyloxy ketones"", ""Amino acids and derivatives"", ""Amino acids, peptides, and analogues"", ""Benzamides"", ""Benzene and substituted derivatives"", ""Benzenoids"", ""Benzoic acid esters"", ""Benzoic acids and derivatives"", ""Benzoyl derivatives"", ""Beta amino acids and derivatives"", ""Carbohydrates and carbohydrate conjugates"", ""Carbonyl compounds"", ""Carboxylic acid amides"", ""Carboxylic acid derivatives"", ""Carboxylic acid esters"", ""Carboxylic acids and derivatives"", ""Chemical entities"", ""Cyclic alcohols and derivatives"", ""Dialkyl ethers"", ""Diterpenoids"", ""Ethers"", ""Fatty Acyls"", ""Fatty acid esters"", ""Hydrocarbon derivatives"", ""Ketones"", ""Lipids and lipid-like molecules"", ""Monosaccharides"", ""N-benzylbenzamides"", ""Organic acids and derivatives"", ""Organic compounds"", ""Organic nitrogen compounds"", ""Organic oxides"", ""Organic oxygen compounds"", ""Organoheterocyclic compounds"", ""Organonitrogen compounds"", ""Organooxygen compounds"", ""Organopnictogen compounds"", ""Oxacyclic compounds"", ""Oxetanes"", ""Prenol lipids"", ""Secondary alcohols"", ""Secondary carboxylic acid amides"", ""Taxanes and derivatives"", ""Tertiary alcohols"", ""Tetracarboxylic acids and derivatives"", ""Toluenes""]"
3771054,NotAvailable,"predicted_chebi_terms: [""benzamides (CHEBI:22702)"", ""organooxygen compound (CHEBI:36963)"", ""organonitrogen compound (CHEBI:35352)"", ""benzoate ester (CHEBI:36054)"", ""carbonyl compound (CHEBI:36586)"", ""toluenes (CHEBI:27024)"", ""ketone (CHEBI:17087)"", ""carboxylic ester (CHEBI:33308)"", ""lignan (CHEBI:25036)"", ""fatty acid ester (CHEBI:35748)"", ""monosaccharide (CHEBI:35381)"", ""tertiary alcohol (CHEBI:26878)"", ""carboxamide (CHEBI:37622)"", ""secondary alcohol (CHEBI:35681)"", ""oxetanes (CHEBI:38784)"", ""organic hydroxy compound (CHEBI:33822)"", ""ether (CHEBI:25698)"", ""oxacycle (CHEBI:38104)"", ""pnictogen molecular entity (CHEBI:33302)"", ""organic molecular entity (CHEBI:50860)"", ""organic molecule (CHEBI:72695)"", ""organic oxide (CHEBI:25701)"", ""taxane diterpenoid (CHEBI:50367)"", ""chemical entity (CHEBI:24431)"", ""benzenoid aromatic compound (CHEBI:33836)"", ""benzenes (CHEBI:22712)"", ""amino acid (CHEBI:33709)"", ""peptide (CHEBI:16670)"", ""oxygen molecular entity (CHEBI:25806)"", ""lipid (CHEBI:18059)"", ""carbohydrates and carbohydrate derivatives (CHEBI:78616)"", ""polyol (CHEBI:26191)"", ""alcohol (CHEBI:30879)"", ""amide (CHEBI:32988)"", ""organic heterocyclic compound (CHEBI:24532)"", ""nitrogen molecular entity (CHEBI:51143)"", ""ether lipid (CHEBI:64611)"", ""diterpenoid (CHEBI:23849)""]"
3771054,NotAvailable,"predicted_lipidmaps_terms: [""Fatty esters (FA07)"", ""Taxane and Abeotaxane diterpenoids (PR010439)"", ""Fatty Acyls (FA)"", ""Prenol Lipids (PR)"", ""C20 isoprenoids (diterpenes) (PR0104)""]"
3771054,NotAvailable,Classification_version: 2.1
3785783,CHEMONTID:0000000,Kingdom: Organic compounds
3785783,CHEMONTID:0000012,Superclass: Lipids and lipid-like molecules
3785783,CHEMONTID:0000259,Class: Prenol lipids
3785783,CHEMONTID:0001551,Subclass: Diterpenoids
3785783,CHEMONTID:0000676,Direct_parent: Taxanes and derivatives
3785783,CHEMONTID:0003469,alternative_parents: N-benzylbenzamides
3785783,CHEMONTID:0001878,alternative_parents: Beta amino acids and derivatives
3785783,CHEMONTID:0001350,alternative_parents: Benzoic acid esters
3785783,CHEMONTID:0000321,alternative_parents: Benzoyl derivatives
3785783,CHEMONTID:0003420,alternative_parents: Alpha-acyloxy ketones
3785783,CHEMONTID:0000324,alternative_parents: Fatty acid esters
3785783,CHEMONTID:0001540,alternative_parents: Monosaccharides
3785783,CHEMONTID:0001670,alternative_parents: Tertiary alcohols
3785783,CHEMONTID:0001663,alternative_parents: Secondary carboxylic acid amides
3785783,CHEMONTID:0000070,alternative_parents: Oxetanes
3785783,CHEMONTID:0001238,alternative_parents: Carboxylic acid esters
3785783,CHEMONTID:0000118,alternative_parents: Ketones
3785783,CHEMONTID:0001167,alternative_parents: Dialkyl ethers
3785783,CHEMONTID:0001205,alternative_parents: Carboxylic acids
3785783,CHEMONTID:0004140,alternative_parents: Oxacyclic compounds
3785783,CHEMONTID:0000278,alternative_parents: Organonitrogen compounds
3785783,CHEMONTID:0004150,alternative_parents: Hydrocarbon derivatives
3785783,CHEMONTID:0004557,alternative_parents: Organopnictogen compounds
3785783,CHEMONTID:0003940,alternative_parents: Organic oxides
3785783,NotAvailable,mMlecular_framework: Aromatic heteropolycyclic compounds
3785783,NotAvailable,"Substituents: [""Taxane diterpenoid"", ""N-benzylbenzamide"", ""Beta amino acid or derivatives"", ""Benzoate ester"", ""Benzamide"", ""Benzoic acid or derivatives"", ""Benzoyl"", ""Fatty acid ester"", ""Alpha-acyloxy ketone"", ""Monocyclic benzene moiety"", ""Monosaccharide"", ""Fatty acyl"", ""Benzenoid"", ""Tertiary alcohol"", ""Secondary carboxylic acid amide"", ""Carboxamide group"", ""Carboxylic acid ester"", ""Ketone"", ""Oxetane"", ""Oxacycle"", ""Ether"", ""Dialkyl ether"", ""Carboxylic acid"", ""Carboxylic acid derivative"", ""Organoheterocyclic compound"", ""Alcohol"", ""Carbonyl group"", ""Hydrocarbon derivative"", ""Organic oxide"", ""Organopnictogen compound"", ""Organic nitrogen compound"", ""Organonitrogen compound"", ""Organooxygen compound"", ""Organic oxygen compound"", ""Aromatic heteropolycyclic compound""]"
3785783,NotAvailable,External_descriptors: []
3785783,NotAvailable,"Ancestors: [""Alcohols and polyols"", ""Alpha-acyloxy carbonyl compounds"", ""Alpha-acyloxy ketones"", ""Amino acids and derivatives"", ""Amino acids, peptides, and analogues"", ""Benzamides"", ""Benzene and substituted derivatives"", ""Benzenoids"", ""Benzoic acid esters"", ""Benzoic acids and derivatives"", ""Benzoyl derivatives"", ""Beta amino acids and derivatives"", ""Carbohydrates and carbohydrate conjugates"", ""Carbonyl compounds"", ""Carboxylic acid amides"", ""Carboxylic acid derivatives"", ""Carboxylic acid esters"", ""Carboxylic acids"", ""Carboxylic acids and derivatives"", ""Chemical entities"", ""Dialkyl ethers"", ""Diterpenoids"", ""Ethers"", ""Fatty Acyls"", ""Fatty acid esters"", ""Hydrocarbon derivatives"", ""Ketones"", ""Lipids and lipid-like molecules"", ""Monosaccharides"", ""N-benzylbenzamides"", ""Organic acids and derivatives"", ""Organic compounds"", ""Organic nitrogen compounds"", ""Organic oxides"", ""Organic oxygen compounds"", ""Organoheterocyclic compounds"", ""Organonitrogen compounds"", ""Organooxygen compounds"", ""Organopnictogen compounds"", ""Oxacyclic compounds"", ""Oxetanes"", ""Prenol lipids"", ""Secondary carboxylic acid amides"", ""Taxanes and derivatives"", ""Tertiary alcohols""]"
3785783,NotAvailable,"predicted_chebi_terms: [""benzamides (CHEBI:22702)"", ""organonitrogen compound (CHEBI:35352)"", ""organooxygen compound (CHEBI:36963)"", ""benzoate ester (CHEBI:36054)"", ""carbonyl compound (CHEBI:36586)"", ""ketone (CHEBI:17087)"", ""carboxylic ester (CHEBI:33308)"", ""lignan (CHEBI:25036)"", ""fatty acid ester (CHEBI:35748)"", ""monosaccharide (CHEBI:35381)"", ""tertiary alcohol (CHEBI:26878)"", ""carboxamide (CHEBI:37622)"", ""oxetanes (CHEBI:38784)"", ""ether (CHEBI:25698)"", ""carboxylic acid (CHEBI:33575)"", ""carboxylic acid anion (CHEBI:29067)"", ""oxacycle (CHEBI:38104)"", ""organic molecule (CHEBI:72695)"", ""pnictogen molecular entity (CHEBI:33302)"", ""organic molecular entity (CHEBI:50860)"", ""organic oxide (CHEBI:25701)"", ""taxane diterpenoid (CHEBI:50367)"", ""chemical entity (CHEBI:24431)"", ""benzenoid aromatic compound (CHEBI:33836)"", ""benzenes (CHEBI:22712)"", ""amino acid (CHEBI:33709)"", ""peptide (CHEBI:16670)"", ""oxygen molecular entity (CHEBI:25806)"", ""lipid (CHEBI:18059)"", ""carbohydrates and carbohydrate derivatives (CHEBI:78616)"", ""polyol (CHEBI:26191)"", ""organic hydroxy compound (CHEBI:33822)"", ""alcohol (CHEBI:30879)"", ""amide (CHEBI:32988)"", ""organic heterocyclic compound (CHEBI:24532)"", ""nitrogen molecular entity (CHEBI:51143)"", ""ether lipid (CHEBI:64611)"", ""diterpenoid (CHEBI:23849)""]"
3785783,NotAvailable,"predicted_lipidmaps_terms: [""Fatty esters (FA07)"", ""Taxane and Abeotaxane diterpenoids (PR010439)"", ""Fatty Acyls (FA)"", ""Prenol Lipids (PR)"", ""C20 isoprenoids (diterpenes) (PR0104)""]"
3785783,NotAvailable,Classification_version: 2.1
3791166,CHEMONTID:0000000,Kingdom: Organic compounds
3791166,CHEMONTID:0000012,Superclass: Lipids and lipid-like molecules
3791166,CHEMONTID:0000259,Class: Prenol lipids
3791166,CHEMONTID:0001551,Subclass: Diterpenoids
3791166,CHEMONTID:0000676,Direct_parent: Taxanes and derivatives
3791166,CHEMONTID:0003469,alternative_parents: N-benzylbenzamides
3791166,CHEMONTID:0002966,alternative_parents: Tetracarboxylic acids and derivatives
3791166,CHEMONTID:0001878,alternative_parents: Beta amino acids and derivatives
3791166,CHEMONTID:0001350,alternative_parents: Benzoic acid esters
3791166,CHEMONTID:0004222,alternative_parents: p-Toluamides
3791166,CHEMONTID:0000321,alternative_parents: Benzoyl derivatives
3791166,CHEMONTID:0003420,alternative_parents: Alpha-acyloxy ketones
3791166,CHEMONTID:0000324,alternative_parents: Fatty acid esters
3791166,CHEMONTID:0001540,alternative_parents: Monosaccharides
3791166,CHEMONTID:0001670,alternative_parents: Tertiary alcohols
3791166,CHEMONTID:0001663,alternative_parents: Secondary carboxylic acid amides
3791166,CHEMONTID:0001661,alternative_parents: Secondary alcohols
3791166,CHEMONTID:0000070,alternative_parents: Oxetanes
3791166,CHEMONTID:0001238,alternative_parents: Carboxylic acid esters
3791166,CHEMONTID:0001292,alternative_parents: Cyclic alcohols and derivatives
3791166,CHEMONTID:0000118,alternative_parents: Ketones
3791166,CHEMONTID:0001167,alternative_parents: Dialkyl ethers
3791166,CHEMONTID:0004140,alternative_parents: Oxacyclic compounds
3791166,CHEMONTID:0004557,alternative_parents: Organopnictogen compounds
3791166,CHEMONTID:0004150,alternative_parents: Hydrocarbon derivatives
3791166,CHEMONTID:0000278,alternative_parents: Organonitrogen compounds
3791166,CHEMONTID:0003940,alternative_parents: Organic oxides
3791166,NotAvailable,mMlecular_framework: Aromatic heteropolycyclic compounds
3791166,NotAvailable,"Substituents: [""Taxane diterpenoid"", ""N-benzylbenzamide"", ""Tetracarboxylic acid or derivatives"", ""Beta amino acid or derivatives"", ""Benzoate ester"", ""Benzamide"", ""Benzoic acid or derivatives"", ""P-toluamide"", ""Toluamide"", ""Benzoyl"", ""Alpha-acyloxy ketone"", ""Toluene"", ""Fatty acid ester"", ""Benzenoid"", ""Fatty acyl"", ""Monocyclic benzene moiety"", ""Monosaccharide"", ""Tertiary alcohol"", ""Cyclic alcohol"", ""Secondary carboxylic acid amide"", ""Secondary alcohol"", ""Oxetane"", ""Carboxylic acid ester"", ""Ketone"", ""Carboxamide group"", ""Oxacycle"", ""Organoheterocyclic compound"", ""Carboxylic acid derivative"", ""Dialkyl ether"", ""Ether"", ""Carbonyl group"", ""Alcohol"", ""Hydrocarbon derivative"", ""Organic oxide"", ""Organic nitrogen compound"", ""Organooxygen compound"", ""Organonitrogen compound"", ""Organic oxygen compound"", ""Organopnictogen compound"", ""Aromatic heteropolycyclic compound""]"
3791166,NotAvailable,External_descriptors: []
3791166,NotAvailable,"Ancestors: [""Alcohols and polyols"", ""Alpha-acyloxy carbonyl compounds"", ""Alpha-acyloxy ketones"", ""Amino acids and derivatives"", ""Amino acids, peptides, and analogues"", ""Benzamides"", ""Benzene and substituted derivatives"", ""Benzenoids"", ""Benzoic acid esters"", ""Benzoic acids and derivatives"", ""Benzoyl derivatives"", ""Beta amino acids and derivatives"", ""Carbohydrates and carbohydrate conjugates"", ""Carbonyl compounds"", ""Carboxylic acid amides"", ""Carboxylic acid derivatives"", ""Carboxylic acid esters"", ""Carboxylic acids and derivatives"", ""Chemical entities"", ""Cyclic alcohols and derivatives"", ""Dialkyl ethers"", ""Diterpenoids"", ""Ethers"", ""Fatty Acyls"", ""Fatty acid esters"", ""Hydrocarbon derivatives"", ""Ketones"", ""Lipids and lipid-like molecules"", ""Monosaccharides"", ""N-benzylbenzamides"", ""Organic acids and derivatives"", ""Organic compounds"", ""Organic nitrogen compounds"", ""Organic oxides"", ""Organic oxygen compounds"", ""Organoheterocyclic compounds"", ""Organonitrogen compounds"", ""Organooxygen compounds"", ""Organopnictogen compounds"", ""Oxacyclic compounds"", ""Oxetanes"", ""Prenol lipids"", ""Secondary alcohols"", ""Secondary carboxylic acid amides"", ""Taxanes and derivatives"", ""Tertiary alcohols"", ""Tetracarboxylic acids and derivatives"", ""Toluamides"", ""Toluenes"", ""p-Toluamides""]"
3791166,NotAvailable,"predicted_chebi_terms: [""benzamides (CHEBI:22702)"", ""organooxygen compound (CHEBI:36963)"", ""organonitrogen compound (CHEBI:35352)"", ""benzoate ester (CHEBI:36054)"", ""carbonyl compound (CHEBI:36586)"", ""ketone (CHEBI:17087)"", ""carboxylic ester (CHEBI:33308)"", ""lignan (CHEBI:25036)"", ""fatty acid ester (CHEBI:35748)"", ""monosaccharide (CHEBI:35381)"", ""tertiary alcohol (CHEBI:26878)"", ""carboxamide (CHEBI:37622)"", ""secondary alcohol (CHEBI:35681)"", ""oxetanes (CHEBI:38784)"", ""organic hydroxy compound (CHEBI:33822)"", ""ether (CHEBI:25698)"", ""oxacycle (CHEBI:38104)"", ""pnictogen molecular entity (CHEBI:33302)"", ""organic molecular entity (CHEBI:50860)"", ""organic molecule (CHEBI:72695)"", ""organic oxide (CHEBI:25701)"", ""taxane diterpenoid (CHEBI:50367)"", ""chemical entity (CHEBI:24431)"", ""benzenoid aromatic compound (CHEBI:33836)"", ""benzenes (CHEBI:22712)"", ""amino acid (CHEBI:33709)"", ""peptide (CHEBI:16670)"", ""toluenes (CHEBI:27024)"", ""oxygen molecular entity (CHEBI:25806)"", ""lipid (CHEBI:18059)"", ""carbohydrates and carbohydrate derivatives (CHEBI:78616)"", ""polyol (CHEBI:26191)"", ""alcohol (CHEBI:30879)"", ""amide (CHEBI:32988)"", ""organic heterocyclic compound (CHEBI:24532)"", ""nitrogen molecular entity (CHEBI:51143)"", ""ether lipid (CHEBI:64611)"", ""diterpenoid (CHEBI:23849)""]"
3791166,NotAvailable,"predicted_lipidmaps_terms: [""Fatty esters (FA07)"", ""Taxane and Abeotaxane diterpenoids (PR010439)"", ""Fatty Acyls (FA)"", ""Prenol Lipids (PR)"", ""C20 isoprenoids (diterpenes) (PR0104)""]"
3791166,NotAvailable,Classification_version: 2.1
3798933,CHEMONTID:0000000,Kingdom: Organic compounds
3798933,CHEMONTID:0000012,Superclass: Lipids and lipid-like molecules
3798933,CHEMONTID:0000259,Class: Prenol lipids
3798933,CHEMONTID:0001551,Subclass: Diterpenoids
3798933,CHEMONTID:0000676,Direct_parent: Taxanes and derivatives
3798933,CHEMONTID:0003469,alternative_parents: N-benzylbenzamides
3798933,CHEMONTID:0002966,alternative_parents: Tetracarboxylic acids and derivatives
3798933,CHEMONTID:0001878,alternative_parents: Beta amino acids and derivatives
3798933,CHEMONTID:0003099,alternative_parents: 3-halobenzoic acids and derivatives
3798933,CHEMONTID:0001350,alternative_parents: Benzoic acid esters
3798933,CHEMONTID:0000321,alternative_parents: Benzoyl derivatives
3798933,CHEMONTID:0003420,alternative_parents: Alpha-acyloxy ketones
3798933,CHEMONTID:0001099,alternative_parents: Chlorobenzenes
3798933,CHEMONTID:0000324,alternative_parents: Fatty acid esters
3798933,CHEMONTID:0001030,alternative_parents: Aryl chlorides
3798933,CHEMONTID:0001540,alternative_parents: Monosaccharides
3798933,CHEMONTID:0001670,alternative_parents: Tertiary alcohols
3798933,CHEMONTID:0001663,alternative_parents: Secondary carboxylic acid amides
3798933,CHEMONTID:0001661,alternative_parents: Secondary alcohols
3798933,CHEMONTID:0000070,alternative_parents: Oxetanes
3798933,CHEMONTID:0001238,alternative_parents: Carboxylic acid esters
3798933,CHEMONTID:0001292,alternative_parents: Cyclic alcohols and derivatives
3798933,CHEMONTID:0000118,alternative_parents: Ketones
3798933,CHEMONTID:0004140,alternative_parents: Oxacyclic compounds
3798933,CHEMONTID:0001167,alternative_parents: Dialkyl ethers
3798933,CHEMONTID:0001516,alternative_parents: Organochlorides
3798933,CHEMONTID:0004557,alternative_parents: Organopnictogen compounds
3798933,CHEMONTID:0003940,alternative_parents: Organic oxides
3798933,CHEMONTID:0004150,alternative_parents: Hydrocarbon derivatives
3798933,CHEMONTID:0000278,alternative_parents: Organonitrogen compounds
3798933,NotAvailable,mMlecular_framework: Aromatic heteropolycyclic compounds
3798933,NotAvailable,"Substituents: [""Taxane diterpenoid"", ""N-benzylbenzamide"", ""Tetracarboxylic acid or derivatives"", ""Beta amino acid or derivatives"", ""Benzoate ester"", ""3-halobenzoic acid or derivatives"", ""Halobenzoic acid or derivatives"", ""Benzoic acid or derivatives"", ""Benzamide"", ""Benzoyl"", ""Halobenzene"", ""Fatty acid ester"", ""Chlorobenzene"", ""Alpha-acyloxy ketone"", ""Aryl chloride"", ""Monosaccharide"", ""Monocyclic benzene moiety"", ""Aryl halide"", ""Fatty acyl"", ""Benzenoid"", ""Tertiary alcohol"", ""Cyclic alcohol"", ""Secondary carboxylic acid amide"", ""Carboxamide group"", ""Carboxylic acid ester"", ""Secondary alcohol"", ""Oxetane"", ""Ketone"", ""Ether"", ""Oxacycle"", ""Organoheterocyclic compound"", ""Carboxylic acid derivative"", ""Dialkyl ether"", ""Carbonyl group"", ""Alcohol"", ""Organic oxide"", ""Organochloride"", ""Hydrocarbon derivative"", ""Organohalogen compound"", ""Organonitrogen compound"", ""Organic nitrogen compound"", ""Organic oxygen compound"", ""Organopnictogen compound"", ""Organooxygen compound"", ""Aromatic heteropolycyclic compound""]"
3798933,NotAvailable,External_descriptors: []
3798933,NotAvailable,"Ancestors: [""3-halobenzoic acids and derivatives"", ""Alcohols and polyols"", ""Alpha-acyloxy carbonyl compounds"", ""Alpha-acyloxy ketones"", ""Amino acids and derivatives"", ""Amino acids, peptides, and analogues"", ""Aryl chlorides"", ""Aryl halides"", ""Benzamides"", ""Benzene and substituted derivatives"", ""Benzenoids"", ""Benzoic acid esters"", ""Benzoic acids and derivatives"", ""Benzoyl derivatives"", ""Beta amino acids and derivatives"", ""Carbohydrates and carbohydrate conjugates"", ""Carbonyl compounds"", ""Carboxylic acid amides"", ""Carboxylic acid derivatives"", ""Carboxylic acid esters"", ""Carboxylic acids and derivatives"", ""Chemical entities"", ""Chlorobenzenes"", ""Cyclic alcohols and derivatives"", ""Dialkyl ethers"", ""Diterpenoids"", ""Ethers"", ""Fatty Acyls"", ""Fatty acid esters"", ""Halobenzenes"", ""Halobenzoic acids and derivatives"", ""Hydrocarbon derivatives"", ""Ketones"", ""Lipids and lipid-like molecules"", ""Monosaccharides"", ""N-benzylbenzamides"", ""Organic acids and derivatives"", ""Organic compounds"", ""Organic nitrogen compounds"", ""Organic oxides"", ""Organic oxygen compounds"", ""Organochlorides"", ""Organohalogen compounds"", ""Organoheterocyclic compounds"", ""Organonitrogen compounds"", ""Organooxygen compounds"", ""Organopnictogen compounds"", ""Oxacyclic compounds"", ""Oxetanes"", ""Prenol lipids"", ""Secondary alcohols"", ""Secondary carboxylic acid amides"", ""Taxanes and derivatives"", ""Tertiary alcohols"", ""Tetracarboxylic acids and derivatives""]"
3798933,NotAvailable,"predicted_chebi_terms: [""benzamides (CHEBI:22702)"", ""organooxygen compound (CHEBI:36963)"", ""organonitrogen compound (CHEBI:35352)"", ""carbonyl compound (CHEBI:36586)"", ""organohalogen compound (CHEBI:36684)"", ""benzoate ester (CHEBI:36054)"", ""ketone (CHEBI:17087)"", ""carboxylic ester (CHEBI:33308)"", ""lignan (CHEBI:25036)"", ""organochlorine compound (CHEBI:36683)"", ""fatty acid ester (CHEBI:35748)"", ""monosaccharide (CHEBI:35381)"", ""tertiary alcohol (CHEBI:26878)"", ""carboxamide (CHEBI:37622)"", ""secondary alcohol (CHEBI:35681)"", ""oxetanes (CHEBI:38784)"", ""organic hydroxy compound (CHEBI:33822)"", ""oxacycle (CHEBI:38104)"", ""ether (CHEBI:25698)"", ""pnictogen molecular entity (CHEBI:33302)"", ""organic molecular entity (CHEBI:50860)"", ""organic oxide (CHEBI:25701)"", ""organic molecule (CHEBI:72695)"", ""taxane diterpenoid (CHEBI:50367)"", ""chemical entity (CHEBI:24431)"", ""benzenoid aromatic compound (CHEBI:33836)"", ""benzenes (CHEBI:22712)"", ""amino acid (CHEBI:33709)"", ""peptide (CHEBI:16670)"", ""oxygen molecular entity (CHEBI:25806)"", ""lipid (CHEBI:18059)"", ""haloarene (CHEBI:50887)"", ""carbohydrates and carbohydrate derivatives (CHEBI:78616)"", ""polyol (CHEBI:26191)"", ""alcohol (CHEBI:30879)"", ""amide (CHEBI:32988)"", ""organic heterocyclic compound (CHEBI:24532)"", ""nitrogen molecular entity (CHEBI:51143)"", ""ether lipid (CHEBI:64611)"", ""diterpenoid (CHEBI:23849)""]"
3798933,NotAvailable,"predicted_lipidmaps_terms: [""Fatty esters (FA07)"", ""Taxane and Abeotaxane diterpenoids (PR010439)"", ""Fatty Acyls (FA)"", ""Prenol Lipids (PR)"", ""C20 isoprenoids (diterpenes) (PR0104)""]"
3798933,NotAvailable,Classification_version: 2.1
3805581,CHEMONTID:0000000,Kingdom: Organic compounds
3805581,CHEMONTID:0000002,Superclass: Organoheterocyclic compounds
3805581,CHEMONTID:0001253,Class: Quinolines and derivatives
3805581,CHEMONTID:0000053,Subclass: Aminoquinolines and derivatives
3805581,CHEMONTID:0004537,Direct_parent: 4-aminoquinolines
3805581,CHEMONTID:0004008,alternative_parents: Chloroquinolines
3805581,CHEMONTID:0002458,alternative_parents: Secondary alkylarylamines
3805581,CHEMONTID:0000283,alternative_parents: Aminopyridines and derivatives
3805581,CHEMONTID:0002448,alternative_parents: Benzenoids
3805581,CHEMONTID:0001030,alternative_parents: Aryl chlorides
3805581,CHEMONTID:0004144,alternative_parents: Heteroaromatic compounds
3805581,CHEMONTID:0002239,alternative_parents: Trialkylamines
3805581,CHEMONTID:0004139,alternative_parents: Azacyclic compounds
3805581,CHEMONTID:0001516,alternative_parents: Organochlorides
3805581,CHEMONTID:0004150,alternative_parents: Hydrocarbon derivatives
3805581,NotAvailable,mMlecular_framework: Aromatic heteropolycyclic compounds
3805581,NotAvailable,"Substituents: [""4-aminoquinoline"", ""Haloquinoline"", ""Chloroquinoline"", ""Aminopyridine"", ""Secondary aliphatic/aromatic amine"", ""Aryl chloride"", ""Aryl halide"", ""Benzenoid"", ""Pyridine"", ""Heteroaromatic compound"", ""Tertiary aliphatic amine"", ""Tertiary amine"", ""Azacycle"", ""Secondary amine"", ""Organochloride"", ""Organohalogen compound"", ""Amine"", ""Hydrocarbon derivative"", ""Organonitrogen compound"", ""Organic nitrogen compound"", ""Aromatic heteropolycyclic compound""]"
3805581,NotAvailable,External_descriptors: []
3805581,NotAvailable,"Ancestors: [""4-aminoquinolines"", ""Amines"", ""Aminopyridines and derivatives"", ""Aminoquinolines and derivatives"", ""Aryl chlorides"", ""Aryl halides"", ""Azacyclic compounds"", ""Benzenoids"", ""Chemical entities"", ""Chloroquinolines"", ""Haloquinolines"", ""Heteroaromatic compounds"", ""Hydrocarbon derivatives"", ""Organic compounds"", ""Organic nitrogen compounds"", ""Organochlorides"", ""Organohalogen compounds"", ""Organoheterocyclic compounds"", ""Organonitrogen compounds"", ""Organopnictogen compounds"", ""Pyridines and derivatives"", ""Quinolines and derivatives"", ""Secondary alkylarylamines"", ""Secondary amines"", ""Tertiary amines"", ""Trialkylamines""]"
3805581,NotAvailable,"predicted_chebi_terms: [""quinolines (CHEBI:26513)"", ""secondary amine (CHEBI:32863)"", ""aminopyridine (CHEBI:38207)"", ""benzenoid aromatic compound (CHEBI:33836)"", ""organochlorine compound (CHEBI:36683)"", ""organic aromatic compound (CHEBI:33659)"", ""tertiary amino compound (CHEBI:50996)"", ""organonitrogen heterocyclic compound (CHEBI:38101)"", ""organic molecule (CHEBI:72695)"", ""aminoquinoline (CHEBI:36709)"", ""chemical entity (CHEBI:24431)"", ""organic heterocyclic compound (CHEBI:24532)"", ""nitrogen molecular entity (CHEBI:51143)"", ""organic molecular entity (CHEBI:50860)"", ""organonitrogen compound (CHEBI:35352)"", ""amine (CHEBI:32952)"", ""pyridines (CHEBI:26421)"", ""organohalogen compound (CHEBI:36684)"", ""haloarene (CHEBI:50887)"", ""tertiary amine (CHEBI:32876)""]"
3805581,NotAvailable,predicted_lipidmaps_terms: []
3805581,NotAvailable,Classification_version: 2.1
3816519,CHEMONTID:0000000,Kingdom: Organic compounds
3816519,CHEMONTID:0000002,Superclass: Organoheterocyclic compounds
3816519,CHEMONTID:0001797,Class: Imidazopyrimidines
3816519,CHEMONTID:0000245,Subclass: Purines and purine derivatives
3816519,CHEMONTID:0002987,Direct_parent: 6-aminopurines
3816519,CHEMONTID:0001262,alternative_parents: Aminopyrimidines and derivatives
3816519,CHEMONTID:0002311,alternative_parents: N-substituted imidazoles
3816519,CHEMONTID:0003886,alternative_parents: Imidolactams
3816519,CHEMONTID:0004144,alternative_parents: Heteroaromatic compounds
3816519,CHEMONTID:0004139,alternative_parents: Azacyclic compounds
3816519,CHEMONTID:0002450,alternative_parents: Primary amines
3816519,CHEMONTID:0004150,alternative_parents: Hydrocarbon derivatives
3816519,NotAvailable,mMlecular_framework: Aromatic heteropolycyclic compounds
3816519,NotAvailable,"Substituents: [""6-aminopurine"", ""Aminopyrimidine"", ""Imidolactam"", ""Pyrimidine"", ""N-substituted imidazole"", ""Heteroaromatic compound"", ""Imidazole"", ""Azole"", ""Azacycle"", ""Organic nitrogen compound"", ""Hydrocarbon derivative"", ""Primary amine"", ""Organonitrogen compound"", ""Amine"", ""Aromatic heteropolycyclic compound""]"
3816519,NotAvailable,External_descriptors: []
3816519,NotAvailable,"Ancestors: [""6-aminopurines"", ""Amines"", ""Aminopyrimidines and derivatives"", ""Azacyclic compounds"", ""Azoles"", ""Chemical entities"", ""Diazines"", ""Heteroaromatic compounds"", ""Hydrocarbon derivatives"", ""Imidazoles"", ""Imidazopyrimidines"", ""Imidolactams"", ""N-substituted imidazoles"", ""Organic compounds"", ""Organic nitrogen compounds"", ""Organoheterocyclic compounds"", ""Organonitrogen compounds"", ""Organopnictogen compounds"", ""Primary amines"", ""Purines and purine derivatives"", ""Pyrimidines and pyrimidine derivatives"", ""Substituted imidazoles""]"
3816519,NotAvailable,"predicted_chebi_terms: [""aminopyrimidine (CHEBI:38338)"", ""imidazoles (CHEBI:24780)"", ""heterocyclic compound (CHEBI:5686)"", ""dicarboximide (CHEBI:35356)"", ""organosulfur compound (CHEBI:33261)"", ""organic aromatic compound (CHEBI:33659)"", ""organonitrogen heterocyclic compound (CHEBI:38101)"", ""primary amine (CHEBI:32877)"", ""organic molecule (CHEBI:72695)"", ""6-aminopurines (CHEBI:20706)"", ""chemical entity (CHEBI:24431)"", ""organic heterocyclic compound (CHEBI:24532)"", ""diazines (CHEBI:38313)"", ""pyrimidines (CHEBI:39447)"", ""azole (CHEBI:68452)"", ""nitrogen molecular entity (CHEBI:51143)"", ""organic molecular entity (CHEBI:50860)"", ""organonitrogen compound (CHEBI:35352)"", ""amine (CHEBI:32952)"", ""imidazopyrimidine (CHEBI:35875)"", ""purines (CHEBI:26401)""]"
3816519,NotAvailable,predicted_lipidmaps_terms: []
3816519,NotAvailable,Classification_version: 2.1
3842392,CHEMONTID:0000000,Kingdom: Organic compounds
3842392,CHEMONTID:0001392,"Superclass: Lignans, neolignans and related compounds"
3842392,CHEMONTID:0001510,Class: Lignan lactones
3842392,CHEMONTID:0000047,Subclass: Podophyllotoxins
3842392,CHEMONTID:0000047,Direct_parent: Podophyllotoxins
3842392,CHEMONTID:0003425,alternative_parents: Aryltetralin lignans
3842392,CHEMONTID:0004792,alternative_parents: Furanonaphthodioxoles
3842392,CHEMONTID:0000048,alternative_parents: Tetralins
3842392,CHEMONTID:0002011,alternative_parents: Pyranodioxins
3842392,CHEMONTID:0000296,alternative_parents: Benzodioxoles
3842392,CHEMONTID:0004742,alternative_parents: Phenoxy compounds
3842392,CHEMONTID:0000138,alternative_parents: Anisoles
3842392,CHEMONTID:0004113,alternative_parents: Methoxybenzenes
3842392,CHEMONTID:0000128,alternative_parents: Alkyl aryl ethers
3842392,CHEMONTID:0002012,alternative_parents: Oxanes
3842392,CHEMONTID:0001245,alternative_parents: Gamma butyrolactones
3842392,CHEMONTID:0001314,"alternative_parents: 1,3-dioxanes"
3842392,CHEMONTID:0001540,alternative_parents: Monosaccharides
3842392,CHEMONTID:0001967,alternative_parents: Oxolanes
3842392,CHEMONTID:0002467,"alternative_parents: 1,2-diols"
3842392,CHEMONTID:0001238,alternative_parents: Carboxylic acid esters
3842392,CHEMONTID:0001661,alternative_parents: Secondary alcohols
3842392,CHEMONTID:0004140,alternative_parents: Oxacyclic compounds
3842392,CHEMONTID:0001656,alternative_parents: Acetals
3842392,CHEMONTID:0001137,alternative_parents: Monocarboxylic acids and derivatives
3842392,CHEMONTID:0003940,alternative_parents: Organic oxides
3842392,CHEMONTID:0004150,alternative_parents: Hydrocarbon derivatives
3842392,CHEMONTID:0001831,alternative_parents: Carbonyl compounds
3842392,NotAvailable,mMlecular_framework: Aromatic heteropolycyclic compounds
3842392,NotAvailable,"Substituents: [""Podophyllotoxin"", ""1-aryltetralin lignan"", ""Linear furanonaphthodioxole"", ""Naphthofuran"", ""Pyranodioxin"", ""Tetralin"", ""Benzodioxole"", ""Phenoxy compound"", ""Phenol ether"", ""Anisole"", ""Methoxybenzene"", ""Alkyl aryl ether"", ""Monosaccharide"", ""Meta-dioxane"", ""Monocyclic benzene moiety"", ""Oxane"", ""Benzenoid"", ""Gamma butyrolactone"", ""Oxolane"", ""1,2-diol"", ""Carboxylic acid ester"", ""Lactone"", ""Secondary alcohol"", ""Ether"", ""Acetal"", ""Organoheterocyclic compound"", ""Oxacycle"", ""Monocarboxylic acid or derivatives"", ""Carboxylic acid derivative"", ""Organic oxygen compound"", ""Carbonyl group"", ""Organooxygen compound"", ""Alcohol"", ""Hydrocarbon derivative"", ""Organic oxide"", ""Aromatic heteropolycyclic compound""]"
3842392,NotAvailable,External_descriptors: []
3842392,NotAvailable,"Ancestors: [""1,2-diols"", ""1,3-dioxanes"", ""Acetals"", ""Alcohols and polyols"", ""Alkyl aryl ethers"", ""Anisoles"", ""Aryltetralin lignans"", ""Benzene and substituted derivatives"", ""Benzenoids"", ""Benzodioxoles"", ""Carbohydrates and carbohydrate conjugates"", ""Carbonyl compounds"", ""Carboxylic acid derivatives"", ""Carboxylic acid esters"", ""Carboxylic acids and derivatives"", ""Chemical entities"", ""Dioxanes"", ""Ethers"", ""Furanonaphthodioxoles"", ""Gamma butyrolactones"", ""Hydrocarbon derivatives"", ""Lactones"", ""Lignan lactones"", ""Lignans, neolignans and related compounds"", ""Methoxybenzenes"", ""Monocarboxylic acids and derivatives"", ""Monosaccharides"", ""Naphthofurans"", ""Organic acids and derivatives"", ""Organic compounds"", ""Organic oxides"", ""Organic oxygen compounds"", ""Organoheterocyclic compounds"", ""Organooxygen compounds"", ""Oxacyclic compounds"", ""Oxanes"", ""Oxolanes"", ""Phenol ethers"", ""Phenoxy compounds"", ""Podophyllotoxins"", ""Polyols"", ""Pyranodioxins"", ""Secondary alcohols"", ""Tetralins""]"
3842392,NotAvailable,"predicted_chebi_terms: [""lignan (CHEBI:25036)"", ""furonaphthodioxole (CHEBI:50307)"", ""tetralins (CHEBI:36786)"", ""oxacycle (CHEBI:38104)"", ""organic heterobicyclic compound (CHEBI:27171)"", ""benzodioxoles (CHEBI:38298)"", ""benzenes (CHEBI:22712)"", ""methoxybenzene (CHEBI:51683)"", ""aromatic ether (CHEBI:35618)"", ""oxanes (CHEBI:46942)"", ""gamma-lactone (CHEBI:37581)"", ""dioxanes (CHEBI:46926)"", ""monosaccharide (CHEBI:35381)"", ""oxolanes (CHEBI:26912)"", ""polyol (CHEBI:26191)"", ""carboxylic ester (CHEBI:33308)"", ""secondary alcohol (CHEBI:35681)"", ""acetal (CHEBI:59769)"", ""monocarboxylic acid (CHEBI:25384)"", ""organic oxide (CHEBI:25701)"", ""organic molecule (CHEBI:72695)"", ""carbonyl compound (CHEBI:36586)"", ""chemical entity (CHEBI:24431)"", ""phenylpropanoid (CHEBI:26004)"", ""organic heterocyclic compound (CHEBI:24532)"", ""naphthofuran (CHEBI:39270)"", ""benzenoid aromatic compound (CHEBI:33836)"", ""oxygen molecular entity (CHEBI:25806)"", ""organic molecular entity (CHEBI:50860)"", ""organooxygen compound (CHEBI:36963)"", ""ether (CHEBI:25698)"", ""lactone (CHEBI:25000)"", ""carbohydrates and carbohydrate derivatives (CHEBI:78616)"", ""organic hydroxy compound (CHEBI:33822)"", ""alcohol (CHEBI:30879)"", ""organic acid (CHEBI:64709)"", ""carboxylic acid (CHEBI:33575)""]"
3842392,NotAvailable,predicted_lipidmaps_terms: []
3842392,NotAvailable,Classification_version: 2.1
3963371,CHEMONTID:0000000,Kingdom: Organic compounds
3963371,CHEMONTID:0000289,"Superclass: Nucleosides, nucleotides, and analogues"
3963371,CHEMONTID:0000479,Class: Purine nucleosides
3963371,CHEMONTID:0000479,Direct_parent: Purine nucleosides
3963371,CHEMONTID:0002203,alternative_parents: Glycosylamines
3963371,CHEMONTID:0003453,alternative_parents: 6-thiopurines
3963371,CHEMONTID:0001497,alternative_parents: Pentoses
3963371,CHEMONTID:0000141,alternative_parents: Nitrophenols
3963371,CHEMONTID:0000036,alternative_parents: Nitrobenzenes
3963371,CHEMONTID:0004612,alternative_parents: Nitroaromatic compounds
3963371,CHEMONTID:0004646,alternative_parents: 1-hydroxy-2-unsubstituted benzenoids
3963371,CHEMONTID:0003863,alternative_parents: Alkylarylthioethers
3963371,CHEMONTID:0000075,alternative_parents: Pyrimidines and pyrimidine derivatives
3963371,CHEMONTID:0002311,alternative_parents: N-substituted imidazoles
3963371,CHEMONTID:0001967,alternative_parents: Oxolanes
3963371,CHEMONTID:0004144,alternative_parents: Heteroaromatic compounds
3963371,CHEMONTID:0001661,alternative_parents: Secondary alcohols
3963371,CHEMONTID:0003260,alternative_parents: Sulfenyl compounds
3963371,CHEMONTID:0003633,"alternative_parents: Propargyl-type 1,3-dipolar organic compounds"
3963371,CHEMONTID:0004139,alternative_parents: Azacyclic compounds
3963371,CHEMONTID:0004140,alternative_parents: Oxacyclic compounds
3963371,CHEMONTID:0001508,alternative_parents: Organic oxoazanium compounds
3963371,CHEMONTID:0000278,alternative_parents: Organonitrogen compounds
3963371,CHEMONTID:0004150,alternative_parents: Hydrocarbon derivatives
3963371,CHEMONTID:0003610,alternative_parents: Organic zwitterions
3963371,CHEMONTID:0003865,alternative_parents: Organic salts
3963371,CHEMONTID:0000286,alternative_parents: Primary alcohols
3963371,CHEMONTID:0003940,alternative_parents: Organic oxides
3963371,NotAvailable,mMlecular_framework: Aromatic heteropolycyclic compounds
3963371,NotAvailable,"Substituents: [""Purine nucleoside"", ""Glycosyl compound"", ""N-glycosyl compound"", ""Nitrophenol"", ""Pentose monosaccharide"", ""6-thiopurine"", ""Imidazopyrimidine"", ""Nitrobenzene"", ""Purine"", ""Aryl thioether"", ""Nitroaromatic compound"", ""1-hydroxy-2-unsubstituted benzenoid"", ""Phenol"", ""Alkylarylthioether"", ""Monocyclic benzene moiety"", ""Monosaccharide"", ""N-substituted imidazole"", ""Pyrimidine"", ""Benzenoid"", ""Oxolane"", ""Imidazole"", ""Azole"", ""Heteroaromatic compound"", ""Secondary alcohol"", ""Organic nitro compound"", ""C-nitro compound"", ""Organic 1,3-dipolar compound"", ""Sulfenyl compound"", ""Thioether"", ""Propargyl-type 1,3-dipolar organic compound"", ""Organoheterocyclic compound"", ""Allyl-type 1,3-dipolar organic compound"", ""Azacycle"", ""Oxacycle"", ""Organic oxoazanium"", ""Organic salt"", ""Hydrocarbon derivative"", ""Organonitrogen compound"", ""Organooxygen compound"", ""Organic oxide"", ""Organosulfur compound"", ""Organic oxygen compound"", ""Organic zwitterion"", ""Organic nitrogen compound"", ""Primary alcohol"", ""Alcohol"", ""Aromatic heteropolycyclic compound""]"
3963371,NotAvailable,External_descriptors: []
3963371,NotAvailable,"Ancestors: [""1-hydroxy-2-unsubstituted benzenoids"", ""6-thiopurines"", ""Alcohols and polyols"", ""Alkylarylthioethers"", ""Allyl-type 1,3-dipolar organic compounds"", ""Amidines"", ""Aryl thioethers"", ""Azacyclic compounds"", ""Azoles"", ""Benzene and substituted derivatives"", ""Benzenoids"", ""C-nitro compounds"", ""Carbohydrates and carbohydrate conjugates"", ""Carboximidamides"", ""Chemical entities"", ""Diazines"", ""Formamidines"", ""Glycosyl compounds"", ""Glycosylamines"", ""Heteroaromatic compounds"", ""Hydrocarbon derivatives"", ""Imidazoles"", ""Imidazopyrimidines"", ""Monosaccharides"", ""N-substituted imidazoles"", ""Nitroaromatic compounds"", ""Nitrobenzenes"", ""Nitrophenols"", ""Nucleosides, nucleotides, and analogues"", ""Organic 1,3-dipolar compounds"", ""Organic compounds"", ""Organic nitro compounds"", ""Organic nitrogen compounds"", ""Organic oxides"", ""Organic oxoanionic compounds"", ""Organic oxoazanium compounds"", ""Organic oxygen compounds"", ""Organic salts"", ""Organic zwitterions"", ""Organoheterocyclic compounds"", ""Organonitrogen compounds"", ""Organooxygen compounds"", ""Organopnictogen compounds"", ""Organosulfur compounds"", ""Oxacyclic compounds"", ""Oxolanes"", ""Pentoses"", ""Phenols"", ""Primary alcohols"", ""Propargyl-type 1,3-dipolar organic compounds"", ""Purine nucleosides"", ""Purines and purine derivatives"", ""Pyrimidines and pyrimidine derivatives"", ""Secondary alcohols"", ""Substituted imidazoles"", ""Sulfenyl compounds"", ""Tetrahydrofurans"", ""Thioethers""]"
3963371,NotAvailable,"predicted_chebi_terms: [""N-glycosyl compound (CHEBI:21731)"", ""thiopurine (CHEBI:35666)"", ""pentose (CHEBI:25901)"", ""phenols (CHEBI:33853)"", ""nitrobenzenes (CHEBI:48109)"", ""aromatic compound (CHEBI:33655)"", ""aryl sulfide (CHEBI:35683)"", ""pyrimidines (CHEBI:39447)"", ""imidazoles (CHEBI:24780)"", ""oxolanes (CHEBI:26912)"", ""organic aromatic compound (CHEBI:33659)"", ""secondary alcohol (CHEBI:35681)"", ""organosulfur compound (CHEBI:33261)"", ""dipolar compound (CHEBI:51151)"", ""organonitrogen heterocyclic compound (CHEBI:38101)"", ""oxacycle (CHEBI:38104)"", ""nitrogen molecular entity (CHEBI:51143)"", ""organooxygen compound (CHEBI:36963)"", ""organonitrogen compound (CHEBI:35352)"", ""organic molecule (CHEBI:72695)"", ""zwitterion (CHEBI:27369)"", ""organic molecular entity (CHEBI:50860)"", ""organic salt (CHEBI:24868)"", ""primary alcohol (CHEBI:15734)"", ""organic oxide (CHEBI:25701)"", ""purine nucleoside (CHEBI:26394)"", ""chemical entity (CHEBI:24431)"", ""oxygen molecular entity (CHEBI:25806)"", ""carbohydrates and carbohydrate derivatives (CHEBI:78616)"", ""glycoside (CHEBI:24400)"", ""organic heterocyclic compound (CHEBI:24532)"", ""imidazopyrimidine (CHEBI:35875)"", ""purines (CHEBI:26401)"", ""monosaccharide (CHEBI:35381)"", ""benzenoid aromatic compound (CHEBI:33836)"", ""benzenes (CHEBI:22712)"", ""nitro compound (CHEBI:35715)"", ""organic sulfide (CHEBI:16385)"", ""diazines (CHEBI:38313)"", ""azole (CHEBI:68452)"", ""polyol (CHEBI:26191)"", ""organic hydroxy compound (CHEBI:33822)"", ""alcohol (CHEBI:30879)"", ""nucleobase-containing molecular entity (CHEBI:61120)""]"
3963371,NotAvailable,predicted_lipidmaps_terms: []
3963371,NotAvailable,Classification_version: 2.1
3985498,CHEMONTID:0000000,Kingdom: Organic compounds
3985498,CHEMONTID:0000289,"Superclass: Nucleosides, nucleotides, and analogues"
3985498,CHEMONTID:0001506,Class: Purine nucleotides
3985498,CHEMONTID:0002134,Subclass: Purine deoxyribonucleotides
3985498,CHEMONTID:0002173,Intermediate_nodes: Purine deoxyribonucleoside bisphosphates
3985498,CHEMONTID:0002175,"Direct_parent: Purine deoxyribonucleoside 3',5'-bisphosphates"
3985498,CHEMONTID:0004404,alternative_parents: Ribonucleoside 3'-phosphates
3985498,CHEMONTID:0003454,alternative_parents: 6-alkylaminopurines
3985498,CHEMONTID:0003458,alternative_parents: Monoalkyl phosphates
3985498,CHEMONTID:0001262,alternative_parents: Aminopyrimidines and derivatives
3985498,CHEMONTID:0002311,alternative_parents: N-substituted imidazoles
3985498,CHEMONTID:0003886,alternative_parents: Imidolactams
3985498,CHEMONTID:0001967,alternative_parents: Oxolanes
3985498,CHEMONTID:0004144,alternative_parents: Heteroaromatic compounds
3985498,CHEMONTID:0004140,alternative_parents: Oxacyclic compounds
3985498,CHEMONTID:0004139,alternative_parents: Azacyclic compounds
3985498,CHEMONTID:0000323,alternative_parents: Organooxygen compounds
3985498,CHEMONTID:0003940,alternative_parents: Organic oxides
3985498,CHEMONTID:0004150,alternative_parents: Hydrocarbon derivatives
3985498,CHEMONTID:0002449,alternative_parents: Amines
3985498,NotAvailable,mMlecular_framework: Aromatic heteropolycyclic compounds
3985498,NotAvailable,"Substituents: [""Purine deoxyribonucleoside 3',5'-bisphosphate"", ""Ribonucleoside 3'-phosphate"", ""6-alkylaminopurine"", ""6-aminopurine"", ""Imidazopyrimidine"", ""Purine"", ""Aminopyrimidine"", ""Monoalkyl phosphate"", ""N-substituted imidazole"", ""Organic phosphoric acid derivative"", ""Phosphoric acid ester"", ""Pyrimidine"", ""Alkyl phosphate"", ""Imidolactam"", ""Heteroaromatic compound"", ""Oxolane"", ""Azole"", ""Imidazole"", ""Oxacycle"", ""Azacycle"", ""Organoheterocyclic compound"", ""Hydrocarbon derivative"", ""Organic oxygen compound"", ""Organooxygen compound"", ""Organonitrogen compound"", ""Amine"", ""Organic nitrogen compound"", ""Organic oxide"", ""Aromatic heteropolycyclic compound""]"
3985498,NotAvailable,External_descriptors: []
3985498,NotAvailable,"Ancestors: [""6-alkylaminopurines"", ""6-aminopurines"", ""Alkyl phosphates"", ""Amines"", ""Aminopyrimidines and derivatives"", ""Azacyclic compounds"", ""Azoles"", ""Chemical entities"", ""Diazines"", ""Heteroaromatic compounds"", ""Hydrocarbon derivatives"", ""Imidazoles"", ""Imidazopyrimidines"", ""Imidolactams"", ""Monoalkyl phosphates"", ""N-substituted imidazoles"", ""Nucleosides, nucleotides, and analogues"", ""Organic acids and derivatives"", ""Organic compounds"", ""Organic nitrogen compounds"", ""Organic oxides"", ""Organic oxygen compounds"", ""Organic phosphoric acids and derivatives"", ""Organoheterocyclic compounds"", ""Organonitrogen compounds"", ""Organooxygen compounds"", ""Organopnictogen compounds"", ""Oxacyclic compounds"", ""Oxolanes"", ""Phosphate esters"", ""Purine deoxyribonucleoside 3',5'-bisphosphates"", ""Purine deoxyribonucleoside bisphosphates"", ""Purine deoxyribonucleotides"", ""Purine nucleotides"", ""Purines and purine derivatives"", ""Pyrimidines and pyrimidine derivatives"", ""Ribonucleoside 3'-phosphates"", ""Substituted imidazoles""]"
3985498,NotAvailable,"predicted_chebi_terms: [""nucleoside 3'-phosphate (CHEBI:16492)"", ""thiopurine (CHEBI:35666)"", ""monoalkyl phosphate (CHEBI:25381)"", ""aminopyrimidine (CHEBI:38338)"", ""imidazoles (CHEBI:24780)"", ""heterocyclic compound (CHEBI:5686)"", ""dicarboximide (CHEBI:35356)"", ""organosulfur compound (CHEBI:33261)"", ""oxolanes (CHEBI:26912)"", ""organic aromatic compound (CHEBI:33659)"", ""oxacycle (CHEBI:38104)"", ""organonitrogen heterocyclic compound (CHEBI:38101)"", ""organooxygen compound (CHEBI:36963)"", ""organic oxide (CHEBI:25701)"", ""organic molecule (CHEBI:72695)"", ""amine (CHEBI:32952)"", ""purine nucleoside bisphosphate (CHEBI:61078)"", ""chemical entity (CHEBI:24431)"", ""nucleobase-containing molecular entity (CHEBI:61120)"", ""organic heterocyclic compound (CHEBI:24532)"", ""imidazopyrimidine (CHEBI:35875)"", ""purines (CHEBI:26401)"", ""6-aminopurines (CHEBI:20706)"", ""organic acid (CHEBI:64709)"", ""phosphoric acid derivative (CHEBI:26079)"", ""phosphoric ester (CHEBI:37734)"", ""alkyl phosphate (CHEBI:22324)"", ""diazines (CHEBI:38313)"", ""pyrimidines (CHEBI:39447)"", ""azole (CHEBI:68452)"", ""oxygen molecular entity (CHEBI:25806)"", ""organic molecular entity (CHEBI:50860)"", ""nitrogen molecular entity (CHEBI:51143)"", ""organonitrogen compound (CHEBI:35352)"", ""purine nucleotide (CHEBI:26395)""]"
3985498,NotAvailable,predicted_lipidmaps_terms: []
3985498,NotAvailable,Classification_version: 2.1
3995451,CHEMONTID:0000000,Kingdom: Organic compounds
3995451,CHEMONTID:0000002,Superclass: Organoheterocyclic compounds
3995451,CHEMONTID:0001455,Class: Tetrapyrroles and derivatives
3995451,CHEMONTID:0001926,Subclass: Metallotetrapyrroles
3995451,CHEMONTID:0001926,Direct_parent: Metallotetrapyrroles
3995451,CHEMONTID:0004502,alternative_parents: 5'-deoxyribonucleosides
3995451,CHEMONTID:0002203,alternative_parents: Glycosylamines
3995451,CHEMONTID:0002987,alternative_parents: 6-aminopurines
3995451,CHEMONTID:0001262,alternative_parents: Aminopyrimidines and derivatives
3995451,CHEMONTID:0000331,alternative_parents: Fatty amides
3995451,CHEMONTID:0003886,alternative_parents: Imidolactams
3995451,CHEMONTID:0002311,alternative_parents: N-substituted imidazoles
3995451,CHEMONTID:0001967,alternative_parents: Oxolanes
3995451,CHEMONTID:0000091,alternative_parents: Pyrrolines
3995451,CHEMONTID:0004144,alternative_parents: Heteroaromatic compounds
3995451,CHEMONTID:0000218,alternative_parents: Pyrrolidines
3995451,CHEMONTID:0001662,alternative_parents: Primary carboxylic acid amides
3995451,CHEMONTID:0001673,alternative_parents: Ketimines
3995451,CHEMONTID:0001661,alternative_parents: Secondary alcohols
3995451,CHEMONTID:0001663,alternative_parents: Secondary carboxylic acid amides
3995451,CHEMONTID:0004140,alternative_parents: Oxacyclic compounds
3995451,CHEMONTID:0003633,"alternative_parents: Propargyl-type 1,3-dipolar organic compounds"
3995451,CHEMONTID:0004139,alternative_parents: Azacyclic compounds
3995451,CHEMONTID:0003632,"alternative_parents: Carbene-type 1,3-dipolar compounds"
3995451,CHEMONTID:0001831,alternative_parents: Carbonyl compounds
3995451,CHEMONTID:0004150,alternative_parents: Hydrocarbon derivatives
3995451,CHEMONTID:0003995,alternative_parents: Organic cobalt salts
3995451,CHEMONTID:0002450,alternative_parents: Primary amines
3995451,CHEMONTID:0003940,alternative_parents: Organic oxides
3995451,CHEMONTID:0003610,alternative_parents: Organic zwitterions
3995451,NotAvailable,"Substituents: [""Metallotetrapyrrole skeleton"", ""5'-deoxyribonucleoside"", ""Glycosyl compound"", ""N-glycosyl compound"", ""6-aminopurine"", ""Imidazopyrimidine"", ""Purine"", ""Aminopyrimidine"", ""Fatty acyl"", ""Imidolactam"", ""Fatty amide"", ""N-substituted imidazole"", ""Pyrimidine"", ""Heteroaromatic compound"", ""Azole"", ""Imidazole"", ""Oxolane"", ""Pyrrolidine"", ""Pyrroline"", ""Carboxamide group"", ""Ketimine"", ""Primary carboxylic acid amide"", ""Secondary carboxylic acid amide"", ""Secondary alcohol"", ""Organic transition metal salt"", ""Propargyl-type 1,3-dipolar organic compound"", ""Azacycle"", ""Carboxylic acid derivative"", ""Carbene-type 1,3-dipolar compound"", ""Organic 1,3-dipolar compound"", ""Oxacycle"", ""Primary amine"", ""Imine"", ""Organic nitrogen compound"", ""Hydrocarbon derivative"", ""Organic oxide"", ""Organic oxygen compound"", ""Organic salt"", ""Organonitrogen compound"", ""Organooxygen compound"", ""Carbonyl group"", ""Organic cobalt salt"", ""Amine"", ""Alcohol"", ""Organic zwitterion"", ""Aromatic heteropolycyclic compound""]"
3995451,NotAvailable,External_descriptors: []
3995451,NotAvailable,"Ancestors: [""5'-deoxyribonucleosides"", ""6-aminopurines"", ""Alcohols and polyols"", ""Amines"", ""Aminopyrimidines and derivatives"", ""Azacyclic compounds"", ""Azoles"", ""Carbene-type 1,3-dipolar compounds"", ""Carbohydrates and carbohydrate conjugates"", ""Carbonyl compounds"", ""Carboxylic acid amides"", ""Carboxylic acid derivatives"", ""Carboxylic acids and derivatives"", ""Chemical entities"", ""Diazines"", ""Fatty Acyls"", ""Fatty amides"", ""Glycosyl compounds"", ""Glycosylamines"", ""Heteroaromatic compounds"", ""Hydrocarbon derivatives"", ""Imidazoles"", ""Imidazopyrimidines"", ""Imidolactams"", ""Imines"", ""Ketimines"", ""Lipids and lipid-like molecules"", ""Metallotetrapyrroles"", ""N-substituted imidazoles"", ""Nucleosides, nucleotides, and analogues"", ""Organic 1,3-dipolar compounds"", ""Organic acids and derivatives"", ""Organic cobalt salts"", ""Organic compounds"", ""Organic metal salts"", ""Organic nitrogen compounds"", ""Organic oxides"", ""Organic oxygen compounds"", ""Organic salts"", ""Organic transition metal salts"", ""Organic zwitterions"", ""Organoheterocyclic compounds"", ""Organonitrogen compounds"", ""Organooxygen compounds"", ""Organopnictogen compounds"", ""Oxacyclic compounds"", ""Oxolanes"", ""Primary amines"", ""Primary carboxylic acid amides"", ""Propargyl-type 1,3-dipolar organic compounds"", ""Purines and purine derivatives"", ""Pyrimidines and pyrimidine derivatives"", ""Pyrrolidines"", ""Pyrrolines"", ""Secondary alcohols"", ""Secondary carboxylic acid amides"", ""Substituted imidazoles"", ""Tetrahydrofurans"", ""Tetrapyrroles and derivatives""]"
3995451,NotAvailable,"predicted_chebi_terms: [""deoxyribonucleoside (CHEBI:23636)"", ""N-glycosyl compound (CHEBI:21731)"", ""6-aminopurines (CHEBI:20706)"", ""aminopyrimidine (CHEBI:38338)"", ""fatty amide (CHEBI:29348)"", ""heterocyclic compound (CHEBI:5686)"", ""dicarboximide (CHEBI:35356)"", ""organosulfur compound (CHEBI:33261)"", ""imidazoles (CHEBI:24780)"", ""oxolanes (CHEBI:26912)"", ""pyrroline (CHEBI:23763)"", ""organic aromatic compound (CHEBI:33659)"", ""pyrrolidines (CHEBI:38260)"", ""carboxamide (CHEBI:37622)"", ""ketimine (CHEBI:33272)"", ""secondary alcohol (CHEBI:35681)"", ""oxacycle (CHEBI:38104)"", ""dipolar compound (CHEBI:51151)"", ""organonitrogen heterocyclic compound (CHEBI:38101)"", ""carbonyl compound (CHEBI:36586)"", ""organic molecule (CHEBI:72695)"", ""organic salt (CHEBI:24868)"", ""primary amine (CHEBI:32877)"", ""organic oxide (CHEBI:25701)"", ""zwitterion (CHEBI:27369)"", ""organic molecular entity (CHEBI:50860)"", ""metallotetrapyrrole (CHEBI:33909)"", ""chemical entity (CHEBI:24431)"", ""nucleobase-containing molecular entity (CHEBI:61120)"", ""oxygen molecular entity (CHEBI:25806)"", ""organooxygen compound (CHEBI:36963)"", ""carbohydrates and carbohydrate derivatives (CHEBI:78616)"", ""glycoside (CHEBI:24400)"", ""organic heterocyclic compound (CHEBI:24532)"", ""imidazopyrimidine (CHEBI:35875)"", ""purines (CHEBI:26401)"", ""diazines (CHEBI:38313)"", ""pyrimidines (CHEBI:39447)"", ""lipid (CHEBI:18059)"", ""azole (CHEBI:68452)"", ""organic acid (CHEBI:64709)"", ""carboxylic acid (CHEBI:33575)"", ""amide (CHEBI:32988)"", ""nitrogen molecular entity (CHEBI:51143)"", ""organonitrogen compound (CHEBI:35352)"", ""imine (CHEBI:24783)"", ""polyol (CHEBI:26191)"", ""organic hydroxy compound (CHEBI:33822)"", ""alcohol (CHEBI:30879)"", ""transition element molecular entity (CHEBI:33497)"", ""amine (CHEBI:32952)"", ""tetrapyrrole (CHEBI:26932)""]"
3995451,NotAvailable,"predicted_lipidmaps_terms: [""Fatty amides (FA08)"", ""Fatty Acyls (FA)""]"
3995451,NotAvailable,Classification_version: 2.1
4013029,CHEMONTID:0000000,Kingdom: Organic compounds
4013029,CHEMONTID:0000012,Superclass: Lipids and lipid-like molecules
4013029,CHEMONTID:0003909,Class: Fatty Acyls
4013029,CHEMONTID:0000513,Subclass: Eicosanoids
4013029,CHEMONTID:0000514,Direct_parent: Prostaglandins and related compounds
4013029,CHEMONTID:0001334,alternative_parents: Fatty alcohols
4013029,CHEMONTID:0000324,alternative_parents: Fatty acid esters
4013029,CHEMONTID:0002938,alternative_parents: Cyclopentanols
4013029,CHEMONTID:0003487,alternative_parents: Cyclic ketones
4013029,CHEMONTID:0001292,alternative_parents: Cyclic alcohols and derivatives
4013029,CHEMONTID:0001238,alternative_parents: Carboxylic acid esters
4013029,CHEMONTID:0001137,alternative_parents: Monocarboxylic acids and derivatives
4013029,CHEMONTID:0003940,alternative_parents: Organic oxides
4013029,CHEMONTID:0004150,alternative_parents: Hydrocarbon derivatives
4013029,NotAvailable,mMlecular_framework: Aliphatic homomonocyclic compounds
4013029,NotAvailable,"Substituents: [""Prostaglandin skeleton"", ""Fatty alcohol"", ""Fatty acid ester"", ""Cyclopentanol"", ""Cyclic alcohol"", ""Carboxylic acid ester"", ""Cyclic ketone"", ""Ketone"", ""Secondary alcohol"", ""Monocarboxylic acid or derivatives"", ""Carboxylic acid derivative"", ""Hydrocarbon derivative"", ""Organic oxide"", ""Organic oxygen compound"", ""Alcohol"", ""Carbonyl group"", ""Organooxygen compound"", ""Aliphatic homomonocyclic compound""]"
4013029,NotAvailable,External_descriptors: []
4013029,NotAvailable,"Ancestors: [""Alcohols and polyols"", ""Carbonyl compounds"", ""Carboxylic acid derivatives"", ""Carboxylic acid esters"", ""Carboxylic acids and derivatives"", ""Chemical entities"", ""Cyclic alcohols and derivatives"", ""Cyclic ketones"", ""Cyclopentanols"", ""Eicosanoids"", ""Fatty Acyls"", ""Fatty acid esters"", ""Fatty alcohols"", ""Hydrocarbon derivatives"", ""Ketones"", ""Lipids and lipid-like molecules"", ""Monocarboxylic acids and derivatives"", ""Organic acids and derivatives"", ""Organic compounds"", ""Organic oxides"", ""Organic oxygen compounds"", ""Organooxygen compounds"", ""Prostaglandins and related compounds"", ""Secondary alcohols""]"
4013029,NotAvailable,"predicted_chebi_terms: [""aliphatic alcohol (CHEBI:2571)"", ""fatty acid ester (CHEBI:35748)"", ""cyclopentanols (CHEBI:23495)"", ""cyclic ketone (CHEBI:3992)"", ""organic hydroxy compound (CHEBI:33822)"", ""carboxylic ester (CHEBI:33308)"", ""carbonyl compound (CHEBI:36586)"", ""organic oxide (CHEBI:25701)"", ""organic molecule (CHEBI:72695)"", ""prostanoid (CHEBI:26347)"", ""chemical entity (CHEBI:24431)"", ""lipid (CHEBI:18059)"", ""organooxygen compound (CHEBI:36963)"", ""oxygen molecular entity (CHEBI:25806)"", ""organic molecular entity (CHEBI:50860)"", ""polyol (CHEBI:26191)"", ""alcohol (CHEBI:30879)"", ""secondary alcohol (CHEBI:35681)"", ""ketone (CHEBI:17087)"", ""icosanoid (CHEBI:23899)""]"
4013029,NotAvailable,"predicted_lipidmaps_terms: [""Fatty alcohols (FA05)"", ""Fatty esters (FA07)"", ""Prostaglandins (FA0301)"", ""Fatty Acyls (FA)"", ""Eicosanoids (FA03)""]"
4013029,NotAvailable,Classification_version: 2.1
4021324,CHEMONTID:0000000,Kingdom: Organic compounds
4021324,CHEMONTID:0000289,"Superclass: Nucleosides, nucleotides, and analogues"
4021324,CHEMONTID:0000479,Class: Purine nucleosides
4021324,CHEMONTID:0000479,Direct_parent: Purine nucleosides
4021324,CHEMONTID:0002203,alternative_parents: Glycosylamines
4021324,CHEMONTID:0002987,alternative_parents: 6-aminopurines
4021324,CHEMONTID:0001497,alternative_parents: Pentoses
4021324,CHEMONTID:0004531,alternative_parents: 2-halopyrimidines
4021324,CHEMONTID:0001262,alternative_parents: Aminopyrimidines and derivatives
4021324,CHEMONTID:0001029,alternative_parents: Aryl bromides
4021324,CHEMONTID:0003886,alternative_parents: Imidolactams
4021324,CHEMONTID:0002311,alternative_parents: N-substituted imidazoles
4021324,CHEMONTID:0001967,alternative_parents: Oxolanes
4021324,CHEMONTID:0004144,alternative_parents: Heteroaromatic compounds
4021324,CHEMONTID:0001661,alternative_parents: Secondary alcohols
4021324,CHEMONTID:0004140,alternative_parents: Oxacyclic compounds
4021324,CHEMONTID:0004139,alternative_parents: Azacyclic compounds
4021324,CHEMONTID:0002450,alternative_parents: Primary amines
4021324,CHEMONTID:0000286,alternative_parents: Primary alcohols
4021324,CHEMONTID:0004150,alternative_parents: Hydrocarbon derivatives
4021324,CHEMONTID:0001515,alternative_parents: Organobromides
4021324,NotAvailable,mMlecular_framework: Aromatic heteropolycyclic compounds
4021324,NotAvailable,"Substituents: [""Purine nucleoside"", ""Glycosyl compound"", ""N-glycosyl compound"", ""6-aminopurine"", ""Pentose monosaccharide"", ""Imidazopyrimidine"", ""Purine"", ""Aminopyrimidine"", ""2-halopyrimidine"", ""Halopyrimidine"", ""Aryl bromide"", ""Aryl halide"", ""Monosaccharide"", ""N-substituted imidazole"", ""Imidolactam"", ""Pyrimidine"", ""Oxolane"", ""Azole"", ""Heteroaromatic compound"", ""Imidazole"", ""Secondary alcohol"", ""Organoheterocyclic compound"", ""Oxacycle"", ""Azacycle"", ""Organohalogen compound"", ""Organooxygen compound"", ""Organobromide"", ""Hydrocarbon derivative"", ""Organonitrogen compound"", ""Alcohol"", ""Organic nitrogen compound"", ""Primary alcohol"", ""Primary amine"", ""Amine"", ""Organic oxygen compound"", ""Aromatic heteropolycyclic compound""]"
4021324,NotAvailable,External_descriptors: []
4021324,NotAvailable,"Ancestors: [""2-halopyrimidines"", ""6-aminopurines"", ""Alcohols and polyols"", ""Amines"", ""Aminopyrimidines and derivatives"", ""Aryl bromides"", ""Aryl halides"", ""Azacyclic compounds"", ""Azoles"", ""Carbohydrates and carbohydrate conjugates"", ""Chemical entities"", ""Diazines"", ""Glycosyl compounds"", ""Glycosylamines"", ""Halopyrimidines"", ""Heteroaromatic compounds"", ""Hydrocarbon derivatives"", ""Imidazoles"", ""Imidazopyrimidines"", ""Imidolactams"", ""Monosaccharides"", ""N-substituted imidazoles"", ""Nucleosides, nucleotides, and analogues"", ""Organic compounds"", ""Organic nitrogen compounds"", ""Organic oxygen compounds"", ""Organobromides"", ""Organohalogen compounds"", ""Organoheterocyclic compounds"", ""Organonitrogen compounds"", ""Organooxygen compounds"", ""Organopnictogen compounds"", ""Oxacyclic compounds"", ""Oxolanes"", ""Pentoses"", ""Primary alcohols"", ""Primary amines"", ""Purine nucleosides"", ""Purines and purine derivatives"", ""Pyrimidines and pyrimidine derivatives"", ""Secondary alcohols"", ""Substituted imidazoles""]"
4021324,NotAvailable,"predicted_chebi_terms: [""N-glycosyl compound (CHEBI:21731)"", ""6-aminopurines (CHEBI:20706)"", ""pentose (CHEBI:25901)"", ""pyrimidines (CHEBI:39447)"", ""organohalogen compound (CHEBI:36684)"", ""aminopyrimidine (CHEBI:38338)"", ""organobromine compound (CHEBI:37141)"", ""heterocyclic compound (CHEBI:5686)"", ""dicarboximide (CHEBI:35356)"", ""organosulfur compound (CHEBI:33261)"", ""imidazoles (CHEBI:24780)"", ""oxolanes (CHEBI:26912)"", ""organic aromatic compound (CHEBI:33659)"", ""secondary alcohol (CHEBI:35681)"", ""oxacycle (CHEBI:38104)"", ""organonitrogen heterocyclic compound (CHEBI:38101)"", ""primary amine (CHEBI:32877)"", ""primary alcohol (CHEBI:15734)"", ""organic molecule (CHEBI:72695)"", ""purine nucleoside (CHEBI:26394)"", ""chemical entity (CHEBI:24431)"", ""oxygen molecular entity (CHEBI:25806)"", ""organic molecular entity (CHEBI:50860)"", ""organooxygen compound (CHEBI:36963)"", ""carbohydrates and carbohydrate derivatives (CHEBI:78616)"", ""glycoside (CHEBI:24400)"", ""organic heterocyclic compound (CHEBI:24532)"", ""imidazopyrimidine (CHEBI:35875)"", ""purines (CHEBI:26401)"", ""monosaccharide (CHEBI:35381)"", ""diazines (CHEBI:38313)"", ""haloarene (CHEBI:50887)"", ""azole (CHEBI:68452)"", ""polyol (CHEBI:26191)"", ""organic hydroxy compound (CHEBI:33822)"", ""alcohol (CHEBI:30879)"", ""nitrogen molecular entity (CHEBI:51143)"", ""organonitrogen compound (CHEBI:35352)"", ""amine (CHEBI:32952)"", ""nucleobase-containing molecular entity (CHEBI:61120)""]"
4021324,NotAvailable,predicted_lipidmaps_terms: []
4021324,NotAvailable,Classification_version: 2.1
4033774,CHEMONTID:0000000,Kingdom: Organic compounds
4033774,CHEMONTID:0000289,"Superclass: Nucleosides, nucleotides, and analogues"
4033774,CHEMONTID:0001506,Class: Purine nucleotides
4033774,CHEMONTID:0001544,Subclass: Purine ribonucleotides
4033774,CHEMONTID:0001617,Direct_parent: Purine ribonucleoside monophosphates
4033774,CHEMONTID:0002259,alternative_parents: Pentose phosphates
4033774,CHEMONTID:0003454,alternative_parents: 6-alkylaminopurines
4033774,CHEMONTID:0002203,alternative_parents: Glycosylamines
4033774,CHEMONTID:0001541,alternative_parents: Monosaccharide phosphates
4033774,CHEMONTID:0000327,alternative_parents: Bisphosphonates
4033774,CHEMONTID:0003901,alternative_parents: Dialkylarylamines
4033774,CHEMONTID:0001262,alternative_parents: Aminopyrimidines and derivatives
4033774,CHEMONTID:0003458,alternative_parents: Monoalkyl phosphates
4033774,CHEMONTID:0002311,alternative_parents: N-substituted imidazoles
4033774,CHEMONTID:0003886,alternative_parents: Imidolactams
4033774,CHEMONTID:0004144,alternative_parents: Heteroaromatic compounds
4033774,CHEMONTID:0001967,alternative_parents: Oxolanes
4033774,CHEMONTID:0001302,alternative_parents: Organic phosphonic acids
4033774,CHEMONTID:0001661,alternative_parents: Secondary alcohols
4033774,CHEMONTID:0002467,"alternative_parents: 1,2-diols"
4033774,CHEMONTID:0004140,alternative_parents: Oxacyclic compounds
4033774,CHEMONTID:0004139,alternative_parents: Azacyclic compounds
4033774,CHEMONTID:0001515,alternative_parents: Organobromides
4033774,CHEMONTID:0004150,alternative_parents: Hydrocarbon derivatives
4033774,CHEMONTID:0000400,alternative_parents: Organophosphorus compounds
4033774,CHEMONTID:0001025,alternative_parents: Alkyl bromides
4033774,CHEMONTID:0003940,alternative_parents: Organic oxides
4033774,NotAvailable,mMlecular_framework: Aromatic heteropolycyclic compounds
4033774,NotAvailable,"Substituents: [""Purine ribonucleoside monophosphate"", ""Pentose phosphate"", ""Pentose-5-phosphate"", ""Glycosyl compound"", ""N-glycosyl compound"", ""6-alkylaminopurine"", ""Monosaccharide phosphate"", ""Pentose monosaccharide"", ""6-aminopurine"", ""Imidazopyrimidine"", ""Bisphosphonate"", ""Purine"", ""Dialkylarylamine"", ""Monoalkyl phosphate"", ""Aminopyrimidine"", ""Imidolactam"", ""Alkyl phosphate"", ""N-substituted imidazole"", ""Monosaccharide"", ""Organic phosphoric acid derivative"", ""Phosphoric acid ester"", ""Pyrimidine"", ""Azole"", ""Imidazole"", ""Heteroaromatic compound"", ""Organophosphonic acid derivative"", ""Organophosphonic acid"", ""Oxolane"", ""Secondary alcohol"", ""1,2-diol"", ""Oxacycle"", ""Organoheterocyclic compound"", ""Azacycle"", ""Organobromide"", ""Organic nitrogen compound"", ""Organic oxygen compound"", ""Organic oxide"", ""Organophosphorus compound"", ""Hydrocarbon derivative"", ""Alcohol"", ""Organooxygen compound"", ""Amine"", ""Alkyl halide"", ""Alkyl bromide"", ""Organonitrogen compound"", ""Organohalogen compound"", ""Aromatic heteropolycyclic compound""]"
4033774,NotAvailable,External_descriptors: []
4033774,NotAvailable,"Ancestors: [""1,2-diols"", ""6-alkylaminopurines"", ""6-aminopurines"", ""Alcohols and polyols"", ""Alkyl bromides"", ""Alkyl halides"", ""Alkyl phosphates"", ""Amines"", ""Aminopyrimidines and derivatives"", ""Azacyclic compounds"", ""Azoles"", ""Bisphosphonates"", ""Carbohydrates and carbohydrate conjugates"", ""Chemical entities"", ""Dialkylarylamines"", ""Diazines"", ""Glycosyl compounds"", ""Glycosylamines"", ""Heteroaromatic compounds"", ""Hydrocarbon derivatives"", ""Imidazoles"", ""Imidazopyrimidines"", ""Imidolactams"", ""Monoalkyl phosphates"", ""Monosaccharide phosphates"", ""Monosaccharides"", ""N-substituted imidazoles"", ""Nucleosides, nucleotides, and analogues"", ""Organic acids and derivatives"", ""Organic compounds"", ""Organic nitrogen compounds"", ""Organic oxides"", ""Organic oxygen compounds"", ""Organic phosphonic acids"", ""Organic phosphonic acids and derivatives"", ""Organic phosphoric acids and derivatives"", ""Organobromides"", ""Organohalogen compounds"", ""Organoheterocyclic compounds"", ""Organonitrogen compounds"", ""Organooxygen compounds"", ""Organophosphorus compounds"", ""Organopnictogen compounds"", ""Oxacyclic compounds"", ""Oxolanes"", ""Pentose phosphates"", ""Pentoses"", ""Phosphate esters"", ""Polyols"", ""Purine nucleotides"", ""Purine ribonucleoside monophosphates"", ""Purine ribonucleotides"", ""Purines and purine derivatives"", ""Pyrimidines and pyrimidine derivatives"", ""Secondary alcohols"", ""Substituted imidazoles"", ""Tertiary alkylarylamines"", ""Tertiary amines""]"
4033774,NotAvailable,"predicted_chebi_terms: [""phospho sugar (CHEBI:33447)"", ""thiopurine (CHEBI:35666)"", ""N-glycosyl compound (CHEBI:21731)"", ""monosaccharide derivative (CHEBI:63367)"", ""carbohydrate phosphate (CHEBI:26816)"", ""1,1-bis(phosphonic acid) (CHEBI:77383)"", ""dialkylarylamine (CHEBI:23665)"", ""tertiary amino compound (CHEBI:50996)"", ""aminopyrimidine (CHEBI:38338)"", ""monoalkyl phosphate (CHEBI:25381)"", ""imidazoles (CHEBI:24780)"", ""heterocyclic compound (CHEBI:5686)"", ""dicarboximide (CHEBI:35356)"", ""organosulfur compound (CHEBI:33261)"", ""organic aromatic compound (CHEBI:33659)"", ""oxolanes (CHEBI:26912)"", ""phosphonic acids (CHEBI:26069)"", ""secondary alcohol (CHEBI:35681)"", ""polyol (CHEBI:26191)"", ""oxacycle (CHEBI:38104)"", ""organonitrogen heterocyclic compound (CHEBI:38101)"", ""organobromine compound (CHEBI:37141)"", ""organic molecule (CHEBI:72695)"", ""organophosphorus compound (CHEBI:25710)"", ""organic oxide (CHEBI:25701)"", ""purine ribonucleoside monophosphate (CHEBI:26397)"", ""chemical entity (CHEBI:24431)"", ""oxygen molecular entity (CHEBI:25806)"", ""organic molecular entity (CHEBI:50860)"", ""organooxygen compound (CHEBI:36963)"", ""carbohydrates and carbohydrate derivatives (CHEBI:78616)"", ""monosaccharide (CHEBI:35381)"", ""pentose (CHEBI:25901)"", ""organic heterocyclic compound (CHEBI:24532)"", ""imidazopyrimidine (CHEBI:35875)"", ""purines (CHEBI:26401)"", ""6-aminopurines (CHEBI:20706)"", ""glycoside (CHEBI:24400)"", ""organic acid (CHEBI:64709)"", ""nitrogen molecular entity (CHEBI:51143)"", ""organonitrogen compound (CHEBI:35352)"", ""amine (CHEBI:32952)"", ""tertiary amine (CHEBI:32876)"", ""diazines (CHEBI:38313)"", ""pyrimidines (CHEBI:39447)"", ""phosphoric acid derivative (CHEBI:26079)"", ""phosphoric ester (CHEBI:37734)"", ""alkyl phosphate (CHEBI:22324)"", ""azole (CHEBI:68452)"", ""organic hydroxy compound (CHEBI:33822)"", ""alcohol (CHEBI:30879)"", ""organohalogen compound (CHEBI:36684)"", ""haloalkane (CHEBI:24469)"", ""nucleobase-containing molecular entity (CHEBI:61120)"", ""purine nucleotide (CHEBI:26395)"", ""purine ribonucleotide (CHEBI:26400)""]"
4033774,NotAvailable,predicted_lipidmaps_terms: []
4033774,NotAvailable,Classification_version: 2.1
4043357,CHEMONTID:0000000,Kingdom: Organic compounds
4043357,CHEMONTID:0000289,"Superclass: Nucleosides, nucleotides, and analogues"
4043357,CHEMONTID:0000479,Class: Purine nucleosides
4043357,CHEMONTID:0000479,Direct_parent: Purine nucleosides
4043357,CHEMONTID:0002203,alternative_parents: Glycosylamines
4043357,CHEMONTID:0003454,alternative_parents: 6-alkylaminopurines
4043357,CHEMONTID:0001497,alternative_parents: Pentoses
4043357,CHEMONTID:0002458,alternative_parents: Secondary alkylarylamines
4043357,CHEMONTID:0001262,alternative_parents: Aminopyrimidines and derivatives
4043357,CHEMONTID:0002311,alternative_parents: N-substituted imidazoles
4043357,CHEMONTID:0003886,alternative_parents: Imidolactams
4043357,CHEMONTID:0002648,alternative_parents: Tetrahydrofurans
4043357,CHEMONTID:0004144,alternative_parents: Heteroaromatic compounds
4043357,CHEMONTID:0001661,alternative_parents: Secondary alcohols
4043357,CHEMONTID:0004140,alternative_parents: Oxacyclic compounds
4043357,CHEMONTID:0004139,alternative_parents: Azacyclic compounds
4043357,CHEMONTID:0000286,alternative_parents: Primary alcohols
4043357,CHEMONTID:0004557,alternative_parents: Organopnictogen compounds
4043357,CHEMONTID:0004150,alternative_parents: Hydrocarbon derivatives
4043357,NotAvailable,mMlecular_framework: Aromatic heteropolycyclic compounds
4043357,NotAvailable,"Substituents: [""Purine nucleoside"", ""Glycosyl compound"", ""N-glycosyl compound"", ""6-alkylaminopurine"", ""6-aminopurine"", ""Pentose monosaccharide"", ""Imidazopyrimidine"", ""Purine"", ""Aminopyrimidine"", ""Secondary aliphatic/aromatic amine"", ""Monosaccharide"", ""N-substituted imidazole"", ""Pyrimidine"", ""Imidolactam"", ""Tetrahydrofuran"", ""Azole"", ""Imidazole"", ""Heteroaromatic compound"", ""Secondary alcohol"", ""Organoheterocyclic compound"", ""Azacycle"", ""Secondary amine"", ""Oxacycle"", ""Amine"", ""Organic nitrogen compound"", ""Alcohol"", ""Hydrocarbon derivative"", ""Organopnictogen compound"", ""Organonitrogen compound"", ""Organooxygen compound"", ""Organic oxygen compound"", ""Primary alcohol"", ""Aromatic heteropolycyclic compound""]"
4043357,NotAvailable,External_descriptors: []
4043357,NotAvailable,"Ancestors: [""6-alkylaminopurines"", ""6-aminopurines"", ""Alcohols and polyols"", ""Amines"", ""Aminopyrimidines and derivatives"", ""Azacyclic compounds"", ""Azoles"", ""Carbohydrates and carbohydrate conjugates"", ""Chemical entities"", ""Diazines"", ""Glycosyl compounds"", ""Glycosylamines"", ""Heteroaromatic compounds"", ""Hydrocarbon derivatives"", ""Imidazoles"", ""Imidazopyrimidines"", ""Imidolactams"", ""Monosaccharides"", ""N-substituted imidazoles"", ""Nucleosides, nucleotides, and analogues"", ""Organic compounds"", ""Organic nitrogen compounds"", ""Organic oxygen compounds"", ""Organoheterocyclic compounds"", ""Organonitrogen compounds"", ""Organooxygen compounds"", ""Organopnictogen compounds"", ""Oxacyclic compounds"", ""Pentoses"", ""Primary alcohols"", ""Purine nucleosides"", ""Purines and purine derivatives"", ""Pyrimidines and pyrimidine derivatives"", ""Secondary alcohols"", ""Secondary alkylarylamines"", ""Secondary amines"", ""Substituted imidazoles"", ""Tetrahydrofurans""]"
4043357,NotAvailable,"predicted_chebi_terms: [""N-glycosyl compound (CHEBI:21731)"", ""thiopurine (CHEBI:35666)"", ""pentose (CHEBI:25901)"", ""secondary amine (CHEBI:32863)"", ""aminopyrimidine (CHEBI:38338)"", ""imidazoles (CHEBI:24780)"", ""heterocyclic compound (CHEBI:5686)"", ""dicarboximide (CHEBI:35356)"", ""oxolanes (CHEBI:26912)"", ""organic aromatic compound (CHEBI:33659)"", ""secondary alcohol (CHEBI:35681)"", ""oxacycle (CHEBI:38104)"", ""organonitrogen heterocyclic compound (CHEBI:38101)"", ""primary alcohol (CHEBI:15734)"", ""pnictogen molecular entity (CHEBI:33302)"", ""organic molecular entity (CHEBI:50860)"", ""organic molecule (CHEBI:72695)"", ""purine nucleoside (CHEBI:26394)"", ""chemical entity (CHEBI:24431)"", ""oxygen molecular entity (CHEBI:25806)"", ""organooxygen compound (CHEBI:36963)"", ""carbohydrates and carbohydrate derivatives (CHEBI:78616)"", ""glycoside (CHEBI:24400)"", ""organic heterocyclic compound (CHEBI:24532)"", ""imidazopyrimidine (CHEBI:35875)"", ""purines (CHEBI:26401)"", ""6-aminopurines (CHEBI:20706)"", ""monosaccharide (CHEBI:35381)"", ""nitrogen molecular entity (CHEBI:51143)"", ""organonitrogen compound (CHEBI:35352)"", ""amine (CHEBI:32952)"", ""diazines (CHEBI:38313)"", ""pyrimidines (CHEBI:39447)"", ""azole (CHEBI:68452)"", ""polyol (CHEBI:26191)"", ""organic hydroxy compound (CHEBI:33822)"", ""alcohol (CHEBI:30879)"", ""nucleobase-containing molecular entity (CHEBI:61120)""]"
4043357,NotAvailable,predicted_lipidmaps_terms: []
4043357,NotAvailable,Classification_version: 2.1
4048994,CHEMONTID:0000000,Kingdom: Organic compounds
4048994,CHEMONTID:0000002,Superclass: Organoheterocyclic compounds
4048994,CHEMONTID:0001455,Class: Tetrapyrroles and derivatives
4048994,CHEMONTID:0001926,Subclass: Metallotetrapyrroles
4048994,CHEMONTID:0001926,Direct_parent: Metallotetrapyrroles
4048994,CHEMONTID:0000331,alternative_parents: Fatty amides
4048994,CHEMONTID:0000091,alternative_parents: Pyrrolines
4048994,CHEMONTID:0000218,alternative_parents: Pyrrolidines
4048994,CHEMONTID:0001663,alternative_parents: Secondary carboxylic acid amides
4048994,CHEMONTID:0001661,alternative_parents: Secondary alcohols
4048994,CHEMONTID:0001662,alternative_parents: Primary carboxylic acid amides
4048994,CHEMONTID:0001673,alternative_parents: Ketimines
4048994,CHEMONTID:0004064,alternative_parents: Transition metal cyanide salts
4048994,CHEMONTID:0003633,"alternative_parents: Propargyl-type 1,3-dipolar organic compounds"
4048994,CHEMONTID:0004139,alternative_parents: Azacyclic compounds
4048994,CHEMONTID:0003632,"alternative_parents: Carbene-type 1,3-dipolar compounds"
4048994,CHEMONTID:0004026,alternative_parents: Cyanide salts
4048994,CHEMONTID:0004150,alternative_parents: Hydrocarbon derivatives
4048994,NotAvailable,alternative_parents: ''
4048994,CHEMONTID:0003995,alternative_parents: Organic cobalt salts
4048994,CHEMONTID:0001831,alternative_parents: Carbonyl compounds
4048994,CHEMONTID:0003940,alternative_parents: Organic oxides
4048994,CHEMONTID:0003610,alternative_parents: Organic zwitterions
4048994,NotAvailable,"Substituents: [""Metallotetrapyrrole skeleton"", ""Fatty amide"", ""Fatty acyl"", ""Pyrrolidine"", ""Pyrroline"", ""Carboxamide group"", ""Ketimine"", ""Primary carboxylic acid amide"", ""Secondary alcohol"", ""Secondary carboxylic acid amide"", ""Carboxylic acid derivative"", ""Azacycle"", ""Transition metal cyanide salt"", ""Organic cyanide salt"", ""Organic transition metal salt"", ""Propargyl-type 1,3-dipolar organic compound"", ""Carbene-type 1,3-dipolar compound"", ""Organic 1,3-dipolar compound"", ""Carbonyl group"", ""Hydrocarbon derivative"", ""Organooxygen compound"", ""Organonitrogen compound"", ""Organic oxide"", ""Organic nitrogen compound"", ""Alcohol"", ""Organic zwitterion"", ""Organic oxygen compound"", ""Imine"", ""Cyanide"", ""Organic salt"", ""Organic cobalt salt"", ""Aliphatic heteropolycyclic compound""]"
4048994,NotAvailable,External_descriptors: []
4048994,NotAvailable,"Ancestors: [""Alcohols and polyols"", ""Azacyclic compounds"", ""Carbene-type 1,3-dipolar compounds"", ""Carbonyl compounds"", ""Carboxylic acid amides"", ""Carboxylic acid derivatives"", ""Carboxylic acids and derivatives"", ""Chemical entities"", ""Cyanide salts"", ""Fatty Acyls"", ""Fatty amides"", ""Hydrocarbon derivatives"", ""Imines"", ""Ketimines"", ""Lipids and lipid-like molecules"", ""Metallotetrapyrroles"", ""Organic 1,3-dipolar compounds"", ""Organic acids and derivatives"", ""Organic cobalt salts"", ""Organic compounds"", ""Organic cyanides"", ""Organic metal salts"", ""Organic nitrogen compounds"", ""Organic oxides"", ""Organic oxygen compounds"", ""Organic salts"", ""Organic transition metal salts"", ""Organic zwitterions"", ""Organoheterocyclic compounds"", ""Organonitrogen compounds"", ""Organooxygen compounds"", ""Organopnictogen compounds"", ""Primary carboxylic acid amides"", ""Propargyl-type 1,3-dipolar organic compounds"", ""Pyrrolidines"", ""Pyrrolines"", ""Secondary alcohols"", ""Secondary carboxylic acid amides"", ""Tetrapyrroles and derivatives"", ""Transition metal cyanide salts""]"
4048994,NotAvailable,"predicted_chebi_terms: [""fatty amide (CHEBI:29348)"", ""pyrroline (CHEBI:23763)"", ""pyrrolidines (CHEBI:38260)"", ""carboxamide (CHEBI:37622)"", ""secondary alcohol (CHEBI:35681)"", ""ketimine (CHEBI:33272)"", ""transition element molecular entity (CHEBI:33497)"", ""cyanide salt (CHEBI:36572)"", ""dipolar compound (CHEBI:51151)"", ""organonitrogen heterocyclic compound (CHEBI:38101)"", ""organic molecule (CHEBI:72695)"", ""cyanides (CHEBI:23424)"", ""organic salt (CHEBI:24868)"", ""carbonyl compound (CHEBI:36586)"", ""organic oxide (CHEBI:25701)"", ""zwitterion (CHEBI:27369)"", ""organic molecular entity (CHEBI:50860)"", ""metallotetrapyrrole (CHEBI:33909)"", ""chemical entity (CHEBI:24431)"", ""lipid (CHEBI:18059)"", ""organooxygen compound (CHEBI:36963)"", ""organic heterocyclic compound (CHEBI:24532)"", ""organic acid (CHEBI:64709)"", ""carboxylic acid (CHEBI:33575)"", ""amide (CHEBI:32988)"", ""oxygen molecular entity (CHEBI:25806)"", ""polyol (CHEBI:26191)"", ""organic hydroxy compound (CHEBI:33822)"", ""alcohol (CHEBI:30879)"", ""nitrogen molecular entity (CHEBI:51143)"", ""organonitrogen compound (CHEBI:35352)"", ""imine (CHEBI:24783)"", ""tetrapyrrole (CHEBI:26932)""]"
4048994,NotAvailable,"predicted_lipidmaps_terms: [""Fatty amides (FA08)"", ""Fatty Acyls (FA)""]"
4048994,NotAvailable,Classification_version: 2.1
4068104,CHEMONTID:0000000,Kingdom: Organic compounds
4068104,CHEMONTID:0000002,Superclass: Organoheterocyclic compounds
4068104,CHEMONTID:0002332,Class: Benzisoxazoles
4068104,CHEMONTID:0002332,Direct_parent: Benzisoxazoles
4068104,CHEMONTID:0002448,alternative_parents: Benzenoids
4068104,CHEMONTID:0000081,alternative_parents: Isoxazoles
4068104,CHEMONTID:0004144,alternative_parents: Heteroaromatic compounds
4068104,CHEMONTID:0004140,alternative_parents: Oxacyclic compounds
4068104,CHEMONTID:0004139,alternative_parents: Azacyclic compounds
4068104,CHEMONTID:0004557,alternative_parents: Organopnictogen compounds
4068104,CHEMONTID:0000323,alternative_parents: Organooxygen compounds
4068104,CHEMONTID:0000278,alternative_parents: Organonitrogen compounds
4068104,CHEMONTID:0004150,alternative_parents: Hydrocarbon derivatives
4068104,NotAvailable,mMlecular_framework: Aromatic heteropolycyclic compounds
4068104,NotAvailable,"Substituents: [""Benzisoxazole"", ""Benzenoid"", ""Heteroaromatic compound"", ""Isoxazole"", ""Azole"", ""Oxacycle"", ""Azacycle"", ""Organic nitrogen compound"", ""Organic oxygen compound"", ""Organopnictogen compound"", ""Hydrocarbon derivative"", ""Organooxygen compound"", ""Organonitrogen compound"", ""Aromatic heteropolycyclic compound""]"
4068104,NotAvailable,External_descriptors: []
4068104,NotAvailable,"Ancestors: [""Azacyclic compounds"", ""Azoles"", ""Benzenoids"", ""Benzisoxazoles"", ""Chemical entities"", ""Heteroaromatic compounds"", ""Hydrocarbon derivatives"", ""Isoxazoles"", ""Organic compounds"", ""Organic nitrogen compounds"", ""Organic oxygen compounds"", ""Organoheterocyclic compounds"", ""Organonitrogen compounds"", ""Organooxygen compounds"", ""Organopnictogen compounds"", ""Oxacyclic compounds""]"
4068104,NotAvailable,"predicted_chebi_terms: [""benzenoid aromatic compound (CHEBI:33836)"", ""isoxazoles (CHEBI:55373)"", ""organic aromatic compound (CHEBI:33659)"", ""oxacycle (CHEBI:38104)"", ""organonitrogen heterocyclic compound (CHEBI:38101)"", ""pnictogen molecular entity (CHEBI:33302)"", ""organic molecular entity (CHEBI:50860)"", ""organooxygen compound (CHEBI:36963)"", ""organonitrogen compound (CHEBI:35352)"", ""organic molecule (CHEBI:72695)"", ""benzisoxazole (CHEBI:51549)"", ""chemical entity (CHEBI:24431)"", ""organic heterocyclic compound (CHEBI:24532)"", ""azole (CHEBI:68452)"", ""oxygen molecular entity (CHEBI:25806)"", ""nitrogen molecular entity (CHEBI:51143)""]"
4068104,NotAvailable,predicted_lipidmaps_terms: []
4068104,NotAvailable,Classification_version: 2.1
4079653,CHEMONTID:0000000,Kingdom: Organic compounds
4079653,CHEMONTID:0000289,"Superclass: Nucleosides, nucleotides, and analogues"
4079653,CHEMONTID:0001506,Class: Purine nucleotides
4079653,CHEMONTID:0001544,Subclass: Purine ribonucleotides
4079653,CHEMONTID:0001617,Direct_parent: Purine ribonucleoside monophosphates
4079653,CHEMONTID:0002259,alternative_parents: Pentose phosphates
4079653,CHEMONTID:0002203,alternative_parents: Glycosylamines
4079653,CHEMONTID:0002987,alternative_parents: 6-aminopurines
4079653,CHEMONTID:0001541,alternative_parents: Monosaccharide phosphates
4079653,CHEMONTID:0001262,alternative_parents: Aminopyrimidines and derivatives
4079653,CHEMONTID:0003457,alternative_parents: Alkyl phosphates
4079653,CHEMONTID:0003886,alternative_parents: Imidolactams
4079653,CHEMONTID:0002311,alternative_parents: N-substituted imidazoles
4079653,CHEMONTID:0001303,alternative_parents: Organic thiophosphoric acids and derivatives
4079653,CHEMONTID:0004144,alternative_parents: Heteroaromatic compounds
4079653,CHEMONTID:0001967,alternative_parents: Oxolanes
4079653,CHEMONTID:0002467,"alternative_parents: 1,2-diols"
4079653,CHEMONTID:0001661,alternative_parents: Secondary alcohols
4079653,CHEMONTID:0004140,alternative_parents: Oxacyclic compounds
4079653,CHEMONTID:0004139,alternative_parents: Azacyclic compounds
4079653,CHEMONTID:0004488,alternative_parents: Organic lithium salts
4079653,CHEMONTID:0004150,alternative_parents: Hydrocarbon derivatives
4079653,CHEMONTID:0003940,alternative_parents: Organic oxides
4079653,CHEMONTID:0002450,alternative_parents: Primary amines
4079653,CHEMONTID:0003609,alternative_parents: Organic cations
4079653,NotAvailable,mMlecular_framework: Aromatic heteropolycyclic compounds
4079653,NotAvailable,"Substituents: [""Purine ribonucleoside monophosphate"", ""Pentose phosphate"", ""Pentose-5-phosphate"", ""Glycosyl compound"", ""N-glycosyl compound"", ""6-aminopurine"", ""Monosaccharide phosphate"", ""Pentose monosaccharide"", ""Imidazopyrimidine"", ""Purine"", ""Aminopyrimidine"", ""Monosaccharide"", ""N-substituted imidazole"", ""Organic phosphoric acid derivative"", ""Phosphoric acid ester"", ""Imidolactam"", ""Pyrimidine"", ""Alkyl phosphate"", ""Organic thiophosphoric acid or derivatives"", ""Azole"", ""Oxolane"", ""Imidazole"", ""Heteroaromatic compound"", ""Secondary alcohol"", ""1,2-diol"", ""Organic lithium salt"", ""Organic alkali metal salt"", ""Azacycle"", ""Oxacycle"", ""Organoheterocyclic compound"", ""Organic salt"", ""Primary amine"", ""Organic nitrogen compound"", ""Hydrocarbon derivative"", ""Alcohol"", ""Organic oxide"", ""Organonitrogen compound"", ""Organic oxygen compound"", ""Organooxygen compound"", ""Amine"", ""Organic cation"", ""Aromatic heteropolycyclic compound""]"
4079653,NotAvailable,External_descriptors: []
4079653,NotAvailable,"Ancestors: [""1,2-diols"", ""6-aminopurines"", ""Alcohols and polyols"", ""Alkyl phosphates"", ""Amines"", ""Aminopyrimidines and derivatives"", ""Azacyclic compounds"", ""Azoles"", ""Carbohydrates and carbohydrate conjugates"", ""Chemical entities"", ""Diazines"", ""Glycosyl compounds"", ""Glycosylamines"", ""Heteroaromatic compounds"", ""Hydrocarbon derivatives"", ""Imidazoles"", ""Imidazopyrimidines"", ""Imidolactams"", ""Monosaccharide phosphates"", ""Monosaccharides"", ""N-substituted imidazoles"", ""Nucleosides, nucleotides, and analogues"", ""Organic acids and derivatives"", ""Organic alkali metal salts"", ""Organic anions"", ""Organic cations"", ""Organic compounds"", ""Organic lithium salts"", ""Organic metal salts"", ""Organic nitrogen compounds"", ""Organic oxides"", ""Organic oxygen compounds"", ""Organic phosphoric acids and derivatives"", ""Organic salts"", ""Organic thiophosphoric acids and derivatives"", ""Organoheterocyclic compounds"", ""Organonitrogen compounds"", ""Organooxygen compounds"", ""Organopnictogen compounds"", ""Oxacyclic compounds"", ""Oxolanes"", ""Pentose phosphates"", ""Pentoses"", ""Phosphate esters"", ""Polyols"", ""Primary amines"", ""Purine nucleotides"", ""Purine ribonucleoside monophosphates"", ""Purine ribonucleotides"", ""Purines and purine derivatives"", ""Pyrimidines and pyrimidine derivatives"", ""Secondary alcohols"", ""Substituted imidazoles""]"
4079653,NotAvailable,"predicted_chebi_terms: [""phospho sugar (CHEBI:33447)"", ""N-glycosyl compound (CHEBI:21731)"", ""6-aminopurines (CHEBI:20706)"", ""monosaccharide derivative (CHEBI:63367)"", ""carbohydrate phosphate (CHEBI:26816)"", ""aminopyrimidine (CHEBI:38338)"", ""alkyl phosphate (CHEBI:22324)"", ""heterocyclic compound (CHEBI:5686)"", ""dicarboximide (CHEBI:35356)"", ""organosulfur compound (CHEBI:33261)"", ""imidazoles (CHEBI:24780)"", ""organic thiophosphate (CHEBI:37512)"", ""organic aromatic compound (CHEBI:33659)"", ""oxolanes (CHEBI:26912)"", ""polyol (CHEBI:26191)"", ""secondary alcohol (CHEBI:35681)"", ""oxacycle (CHEBI:38104)"", ""organonitrogen heterocyclic compound (CHEBI:38101)"", ""organic salt (CHEBI:24868)"", ""lithium salt (CHEBI:35478)"", ""organic molecule (CHEBI:72695)"", ""organic oxide (CHEBI:25701)"", ""primary amine (CHEBI:32877)"", ""organic cation (CHEBI:25697)"", ""purine ribonucleoside monophosphate (CHEBI:26397)"", ""chemical entity (CHEBI:24431)"", ""oxygen molecular entity (CHEBI:25806)"", ""organic molecular entity (CHEBI:50860)"", ""organooxygen compound (CHEBI:36963)"", ""carbohydrates and carbohydrate derivatives (CHEBI:78616)"", ""monosaccharide (CHEBI:35381)"", ""pentose (CHEBI:25901)"", ""glycoside (CHEBI:24400)"", ""organic heterocyclic compound (CHEBI:24532)"", ""imidazopyrimidine (CHEBI:35875)"", ""purines (CHEBI:26401)"", ""diazines (CHEBI:38313)"", ""pyrimidines (CHEBI:39447)"", ""organic acid (CHEBI:64709)"", ""phosphoric acid derivative (CHEBI:26079)"", ""phosphoric ester (CHEBI:37734)"", ""azole (CHEBI:68452)"", ""organic hydroxy compound (CHEBI:33822)"", ""alcohol (CHEBI:30879)"", ""alkali metal salt (CHEBI:35479)"", ""nitrogen molecular entity (CHEBI:51143)"", ""organonitrogen compound (CHEBI:35352)"", ""amine (CHEBI:32952)"", ""nucleobase-containing molecular entity (CHEBI:61120)"", ""purine nucleotide (CHEBI:26395)"", ""purine ribonucleotide (CHEBI:26400)""]"
4079653,NotAvailable,predicted_lipidmaps_terms: []
4079653,NotAvailable,Classification_version: 2.1
4094065,CHEMONTID:0000000,Kingdom: Organic compounds
4094065,CHEMONTID:0000002,Superclass: Organoheterocyclic compounds
4094065,CHEMONTID:0001253,Class: Quinolines and derivatives
4094065,CHEMONTID:0001253,Direct_parent: Quinolines and derivatives
4094065,CHEMONTID:0000252,alternative_parents: Quinuclidines
4094065,CHEMONTID:0003899,alternative_parents: Aralkylamines
4094065,CHEMONTID:0000089,alternative_parents: Pyridines and derivatives
4094065,CHEMONTID:0000195,alternative_parents: Piperidines
4094065,CHEMONTID:0002448,alternative_parents: Benzenoids
4094065,CHEMONTID:0004144,alternative_parents: Heteroaromatic compounds
4094065,CHEMONTID:0002239,alternative_parents: Trialkylamines
4094065,CHEMONTID:0004139,alternative_parents: Azacyclic compounds
4094065,CHEMONTID:0004150,alternative_parents: Hydrocarbon derivatives
4094065,NotAvailable,mMlecular_framework: Aromatic heteropolycyclic compounds
4094065,NotAvailable,"Substituents: [""Quinoline"", ""Quinuclidine"", ""Aralkylamine"", ""Benzenoid"", ""Pyridine"", ""Piperidine"", ""Heteroaromatic compound"", ""Tertiary aliphatic amine"", ""Tertiary amine"", ""Azacycle"", ""Organic nitrogen compound"", ""Hydrocarbon derivative"", ""Organonitrogen compound"", ""Amine"", ""Aromatic heteropolycyclic compound""]"
4094065,NotAvailable,External_descriptors: []
4094065,NotAvailable,"Ancestors: [""Amines"", ""Aralkylamines"", ""Azacyclic compounds"", ""Benzenoids"", ""Chemical entities"", ""Heteroaromatic compounds"", ""Hydrocarbon derivatives"", ""Organic compounds"", ""Organic nitrogen compounds"", ""Organoheterocyclic compounds"", ""Organonitrogen compounds"", ""Organopnictogen compounds"", ""Piperidines"", ""Pyridines and derivatives"", ""Quinolines and derivatives"", ""Quinuclidines"", ""Tertiary amines"", ""Trialkylamines""]"
4094065,NotAvailable,"predicted_chebi_terms: [""quinuclidines (CHEBI:26518)"", ""aralkylamine (CHEBI:18000)"", ""pyridines (CHEBI:26421)"", ""piperidines (CHEBI:26151)"", ""benzenoid aromatic compound (CHEBI:33836)"", ""organic aromatic compound (CHEBI:33659)"", ""tertiary amino compound (CHEBI:50996)"", ""organonitrogen heterocyclic compound (CHEBI:38101)"", ""organic molecule (CHEBI:72695)"", ""quinolines (CHEBI:26513)"", ""chemical entity (CHEBI:24431)"", ""organic heterocyclic compound (CHEBI:24532)"", ""nitrogen molecular entity (CHEBI:51143)"", ""organic molecular entity (CHEBI:50860)"", ""organonitrogen compound (CHEBI:35352)"", ""amine (CHEBI:32952)"", ""tertiary amine (CHEBI:32876)""]"
4094065,NotAvailable,predicted_lipidmaps_terms: []
4094065,NotAvailable,Classification_version: 2.1
4103051,CHEMONTID:0000000,Kingdom: Organic compounds
4103051,CHEMONTID:0000012,Superclass: Lipids and lipid-like molecules
4103051,CHEMONTID:0000258,Class: Steroids and steroid derivatives
4103051,CHEMONTID:0003568,Subclass: Androstane steroids
4103051,CHEMONTID:0003568,Direct_parent: Androstane steroids
4103051,CHEMONTID:0003236,alternative_parents: 17-hydroxysteroids
4103051,CHEMONTID:0002978,alternative_parents: Delta-4-steroids
4103051,CHEMONTID:0001661,alternative_parents: Secondary alcohols
4103051,CHEMONTID:0001292,alternative_parents: Cyclic alcohols and derivatives
4103051,CHEMONTID:0004150,alternative_parents: Hydrocarbon derivatives
4103051,NotAvailable,mMlecular_framework: Aliphatic homopolycyclic compounds
4103051,NotAvailable,"Substituents: [""Androstane-skeleton"", ""17-hydroxysteroid"", ""Hydroxysteroid"", ""Delta-4-steroid"", ""Cyclic alcohol"", ""Secondary alcohol"", ""Organic oxygen compound"", ""Hydrocarbon derivative"", ""Organooxygen compound"", ""Alcohol"", ""Aliphatic homopolycyclic compound""]"
4103051,NotAvailable,External_descriptors: []
4103051,NotAvailable,"Ancestors: [""17-hydroxysteroids"", ""Alcohols and polyols"", ""Androstane steroids"", ""Chemical entities"", ""Cyclic alcohols and derivatives"", ""Delta-4-steroids"", ""Hydrocarbon derivatives"", ""Hydroxysteroids"", ""Lipids and lipid-like molecules"", ""Organic compounds"", ""Organic oxygen compounds"", ""Organooxygen compounds"", ""Secondary alcohols"", ""Steroids and steroid derivatives""]"
4103051,NotAvailable,"predicted_chebi_terms: [""17-hydroxy steroid (CHEBI:36838)"", ""steroid (CHEBI:35341)"", ""secondary alcohol (CHEBI:35681)"", ""organic hydroxy compound (CHEBI:33822)"", ""organic molecule (CHEBI:72695)"", ""androstanoid (CHEBI:50402)"", ""chemical entity (CHEBI:24431)"", ""lipid (CHEBI:18059)"", ""hydroxy steroid (CHEBI:35350)"", ""oxygen molecular entity (CHEBI:25806)"", ""organic molecular entity (CHEBI:50860)"", ""organooxygen compound (CHEBI:36963)"", ""polyol (CHEBI:26191)"", ""alcohol (CHEBI:30879)""]"
4103051,NotAvailable,"predicted_lipidmaps_terms: [""Sterol Lipids (ST)"", ""C19 steroids (androgens) and derivatives (ST0202)""]"
4103051,NotAvailable,Classification_version: 2.1
4129546,CHEMONTID:0000000,Kingdom: Organic compounds
4129546,CHEMONTID:0000264,Superclass: Organic acids and derivatives
4129546,CHEMONTID:0000265,Class: Carboxylic acids and derivatives
4129546,CHEMONTID:0000013,"Subclass: Amino acids, peptides, and analogues"
4129546,CHEMONTID:0000347,Intermediate_nodes: Amino acids and derivatives
4129546,CHEMONTID:0000060,Intermediate_nodes: Alpha amino acids and derivatives
4129546,CHEMONTID:0002404,Direct_parent: Alpha amino acids
4129546,CHEMONTID:0000344,alternative_parents: Thienopyridines
4129546,CHEMONTID:0003899,alternative_parents: Aralkylamines
4129546,CHEMONTID:0001099,alternative_parents: Chlorobenzenes
4129546,CHEMONTID:0000089,alternative_parents: Pyridines and derivatives
4129546,CHEMONTID:0001030,alternative_parents: Aryl chlorides
4129546,CHEMONTID:0000097,alternative_parents: Thiophenes
4129546,CHEMONTID:0004144,alternative_parents: Heteroaromatic compounds
4129546,CHEMONTID:0002239,alternative_parents: Trialkylamines
4129546,CHEMONTID:0004176,alternative_parents: Amino acids
4129546,CHEMONTID:0001137,alternative_parents: Monocarboxylic acids and derivatives
4129546,CHEMONTID:0004139,alternative_parents: Azacyclic compounds
4129546,CHEMONTID:0001205,alternative_parents: Carboxylic acids
4129546,CHEMONTID:0001831,alternative_parents: Carbonyl compounds
4129546,CHEMONTID:0004150,alternative_parents: Hydrocarbon derivatives
4129546,CHEMONTID:0003940,alternative_parents: Organic oxides
4129546,CHEMONTID:0001516,alternative_parents: Organochlorides
4129546,CHEMONTID:0004557,alternative_parents: Organopnictogen compounds
4129546,NotAvailable,mMlecular_framework: Aromatic heteropolycyclic compounds
4129546,NotAvailable,"Substituents: [""Alpha-amino acid"", ""Thienopyridine"", ""Chlorobenzene"", ""Halobenzene"", ""Aralkylamine"", ""Aryl chloride"", ""Aryl halide"", ""Monocyclic benzene moiety"", ""Pyridine"", ""Benzenoid"", ""Heteroaromatic compound"", ""Thiophene"", ""Tertiary aliphatic amine"", ""Tertiary amine"", ""Amino acid"", ""Azacycle"", ""Organoheterocyclic compound"", ""Carboxylic acid"", ""Monocarboxylic acid or derivatives"", ""Hydrocarbon derivative"", ""Organohalogen compound"", ""Organochloride"", ""Organopnictogen compound"", ""Organic oxygen compound"", ""Organonitrogen compound"", ""Carbonyl group"", ""Organooxygen compound"", ""Organic nitrogen compound"", ""Organic oxide"", ""Amine"", ""Aromatic heteropolycyclic compound""]"
4129546,NotAvailable,"External_descriptors: [[""source: CHEBI"", ""source_id: CHEBI:83504"", ""annotation: [\""tertiary amino compound\"", \""monocarboxylic acid\"", \""monochlorobenzenes\"", \""thienopyridine\""]""]]"
4129546,NotAvailable,"Ancestors: [""Alpha amino acids"", ""Alpha amino acids and derivatives"", ""Amines"", ""Amino acids"", ""Amino acids and derivatives"", ""Amino acids, peptides, and analogues"", ""Aralkylamines"", ""Aryl chlorides"", ""Aryl halides"", ""Azacyclic compounds"", ""Benzene and substituted derivatives"", ""Benzenoids"", ""Carbonyl compounds"", ""Carboxylic acids"", ""Carboxylic acids and derivatives"", ""Chemical entities"", ""Chlorobenzenes"", ""Halobenzenes"", ""Heteroaromatic compounds"", ""Hydrocarbon derivatives"", ""Monocarboxylic acids and derivatives"", ""Organic acids and derivatives"", ""Organic compounds"", ""Organic nitrogen compounds"", ""Organic oxides"", ""Organic oxygen compounds"", ""Organochlorides"", ""Organohalogen compounds"", ""Organoheterocyclic compounds"", ""Organonitrogen compounds"", ""Organooxygen compounds"", ""Organopnictogen compounds"", ""Pyridines and derivatives"", ""Tertiary amines"", ""Thienopyridines"", ""Thiophenes"", ""Trialkylamines""]"
4129546,NotAvailable,"predicted_chebi_terms: [""thienopyridine (CHEBI:37942)"", ""aralkylamine (CHEBI:18000)"", ""organochlorine compound (CHEBI:36683)"", ""pyridines (CHEBI:26421)"", ""thiophenes (CHEBI:26961)"", ""organic aromatic compound (CHEBI:33659)"", ""tertiary amino compound (CHEBI:50996)"", ""amino acid (CHEBI:33709)"", ""carbonyl compound (CHEBI:36586)"", ""organonitrogen heterocyclic compound (CHEBI:38101)"", ""carboxylic acid (CHEBI:33575)"", ""carboxylic acid anion (CHEBI:29067)"", ""organic molecule (CHEBI:72695)"", ""organic oxide (CHEBI:25701)"", ""pnictogen molecular entity (CHEBI:33302)"", ""organic molecular entity (CHEBI:50860)"", ""alpha-amino acid (CHEBI:33704)"", ""chemical entity (CHEBI:24431)"", ""organic heterocyclic compound (CHEBI:24532)"", ""nitrogen molecular entity (CHEBI:51143)"", ""organonitrogen compound (CHEBI:35352)"", ""amine (CHEBI:32952)"", ""benzenoid aromatic compound (CHEBI:33836)"", ""benzenes (CHEBI:22712)"", ""organohalogen compound (CHEBI:36684)"", ""haloarene (CHEBI:50887)"", ""tertiary amine (CHEBI:32876)"", ""organooxygen compound (CHEBI:36963)"", ""peptide (CHEBI:16670)"", ""oxygen molecular entity (CHEBI:25806)""]"
4129546,NotAvailable,predicted_lipidmaps_terms: []
4129546,NotAvailable,Classification_version: 2.1
4131139,CHEMONTID:0000000,Kingdom: Organic compounds
4131139,CHEMONTID:0000264,Superclass: Organic acids and derivatives
4131139,CHEMONTID:0004434,Class: Organic sulfonic acids and derivatives
4131139,CHEMONTID:0000270,Subclass: Organosulfonic acids and derivatives
4131139,CHEMONTID:0001179,Direct_parent: Organosulfonic acids
4131139,CHEMONTID:0001157,alternative_parents: Sulfonyls
4131139,CHEMONTID:0003311,alternative_parents: Alkanesulfonic acids
4131139,CHEMONTID:0001518,alternative_parents: Organoiodides
4131139,CHEMONTID:0003940,alternative_parents: Organic oxides
4131139,CHEMONTID:0004150,alternative_parents: Hydrocarbon derivatives
4131139,CHEMONTID:0001028,alternative_parents: Alkyl iodides
4131139,CHEMONTID:0003608,alternative_parents: Organic anions
4131139,NotAvailable,mMlecular_framework: Aliphatic acyclic compounds
4131139,NotAvailable,"Substituents: [""Alkanesulfonic acid"", ""Sulfonyl"", ""Organosulfonic acid"", ""Organic oxygen compound"", ""Organic oxide"", ""Hydrocarbon derivative"", ""Organosulfur compound"", ""Organoiodide"", ""Organohalogen compound"", ""Alkyl iodide"", ""Alkyl halide"", ""Organic anion"", ""Aliphatic acyclic compound""]"
4131139,NotAvailable,External_descriptors: []
4131139,NotAvailable,"Ancestors: [""Alkanesulfonic acids"", ""Alkanesulfonic acids and derivatives"", ""Alkyl halides"", ""Alkyl iodides"", ""Chemical entities"", ""Hydrocarbon derivatives"", ""Organic acids and derivatives"", ""Organic anions"", ""Organic compounds"", ""Organic oxides"", ""Organic oxygen compounds"", ""Organic sulfonic acids and derivatives"", ""Organohalogen compounds"", ""Organoiodides"", ""Organosulfonic acids"", ""Organosulfonic acids and derivatives"", ""Organosulfur compounds"", ""Sulfonyls""]"
4131139,NotAvailable,"predicted_chebi_terms: [""sulfone (CHEBI:35850)"", ""alkanesulfonic acid (CHEBI:47901)"", ""organoiodine compound (CHEBI:37142)"", ""organic oxide (CHEBI:25701)"", ""organic molecule (CHEBI:72695)"", ""organic anion (CHEBI:25696)"", ""organosulfonic acid (CHEBI:33551)"", ""chemical entity (CHEBI:24431)"", ""organosulfur compound (CHEBI:33261)"", ""organooxygen compound (CHEBI:36963)"", ""sulfonic acid derivative (CHEBI:33552)"", ""organic molecular entity (CHEBI:50860)"", ""organohalogen compound (CHEBI:36684)"", ""oxygen molecular entity (CHEBI:25806)"", ""haloalkane (CHEBI:24469)""]"
4131139,NotAvailable,predicted_lipidmaps_terms: []
4131139,NotAvailable,Classification_version: 2.1
4147757,CHEMONTID:0000000,Kingdom: Organic compounds
4147757,CHEMONTID:0002448,Superclass: Benzenoids
4147757,CHEMONTID:0002341,Class: Phenol ethers
4147757,CHEMONTID:0002341,Direct_parent: Phenol ethers
4147757,CHEMONTID:0004742,alternative_parents: Phenoxy compounds
4147757,CHEMONTID:0000128,alternative_parents: Alkyl aryl ethers
4147757,CHEMONTID:0000228,alternative_parents: Thiazolidinediones
4147757,CHEMONTID:0000089,alternative_parents: Pyridines and derivatives
4147757,CHEMONTID:0003033,alternative_parents: Dicarboximides
4147757,CHEMONTID:0004144,alternative_parents: Heteroaromatic compounds
4147757,CHEMONTID:0000364,alternative_parents: Organic carbonic acids and derivatives
4147757,CHEMONTID:0001368,alternative_parents: Thiocarbamic acid derivatives
4147757,CHEMONTID:0001661,alternative_parents: Secondary alcohols
4147757,CHEMONTID:0004139,alternative_parents: Azacyclic compounds
4147757,CHEMONTID:0000278,alternative_parents: Organonitrogen compounds
4147757,CHEMONTID:0003940,alternative_parents: Organic oxides
4147757,CHEMONTID:0004150,alternative_parents: Hydrocarbon derivatives
4147757,CHEMONTID:0003073,alternative_parents: Aromatic alcohols
4147757,CHEMONTID:0001831,alternative_parents: Carbonyl compounds
4147757,CHEMONTID:0004557,alternative_parents: Organopnictogen compounds
4147757,NotAvailable,mMlecular_framework: Aromatic heteromonocyclic compounds
4147757,NotAvailable,"Substituents: [""Phenoxy compound"", ""Phenol ether"", ""Alkyl aryl ether"", ""Thiazolidinedione"", ""Monocyclic benzene moiety"", ""Pyridine"", ""Dicarboximide"", ""Heteroaromatic compound"", ""Thiazolidine"", ""Carbonic acid derivative"", ""Secondary alcohol"", ""Thiocarbamic acid derivative"", ""Azacycle"", ""Ether"", ""Carboxylic acid derivative"", ""Organoheterocyclic compound"", ""Organic nitrogen compound"", ""Hydrocarbon derivative"", ""Organic oxide"", ""Organooxygen compound"", ""Organonitrogen compound"", ""Alcohol"", ""Organopnictogen compound"", ""Carbonyl group"", ""Organic oxygen compound"", ""Aromatic alcohol"", ""Aromatic heteromonocyclic compound""]"
4147757,NotAvailable,"External_descriptors: [[""source: CHEBI"", ""source_id: CHEBI:82937"", ""annotation: [\""aromatic ether\"", \""pyridines\"", \""thiazolidenediones\""]""]]"
4147757,NotAvailable,"Ancestors: [""Alcohols and polyols"", ""Alkyl aryl ethers"", ""Aromatic alcohols"", ""Azacyclic compounds"", ""Azolidines"", ""Benzene and substituted derivatives"", ""Benzenoids"", ""Carbonyl compounds"", ""Carboxylic acid derivatives"", ""Carboxylic acid imides"", ""Carboxylic acids and derivatives"", ""Chemical entities"", ""Dicarboximides"", ""Ethers"", ""Heteroaromatic compounds"", ""Hydrocarbon derivatives"", ""Organic acids and derivatives"", ""Organic carbonic acids and derivatives"", ""Organic compounds"", ""Organic nitrogen compounds"", ""Organic oxides"", ""Organic oxygen compounds"", ""Organoheterocyclic compounds"", ""Organonitrogen compounds"", ""Organooxygen compounds"", ""Organopnictogen compounds"", ""Organosulfur compounds"", ""Phenol ethers"", ""Phenoxy compounds"", ""Pyridines and derivatives"", ""Secondary alcohols"", ""Thiazolidinediones"", ""Thiazolidines"", ""Thiazolidinones"", ""Thiocarbamic acid derivatives"", ""Thiocarbonyl compounds""]"
4147757,NotAvailable,"predicted_chebi_terms: [""benzenes (CHEBI:22712)"", ""aromatic ether (CHEBI:35618)"", ""thiazolidenediones (CHEBI:50990)"", ""pyridines (CHEBI:26421)"", ""dicarboximide (CHEBI:35356)"", ""organic aromatic compound (CHEBI:33659)"", ""organooxygen compound (CHEBI:36963)"", ""thiocarbonyl compound (CHEBI:50492)"", ""secondary alcohol (CHEBI:35681)"", ""organonitrogen heterocyclic compound (CHEBI:38101)"", ""organonitrogen compound (CHEBI:35352)"", ""organic oxide (CHEBI:25701)"", ""organic molecule (CHEBI:72695)"", ""aromatic alcohol (CHEBI:33854)"", ""carbonyl compound (CHEBI:36586)"", ""pnictogen molecular entity (CHEBI:33302)"", ""organic molecular entity (CHEBI:50860)"", ""chemical entity (CHEBI:24431)"", ""benzenoid aromatic compound (CHEBI:33836)"", ""oxygen molecular entity (CHEBI:25806)"", ""ether (CHEBI:25698)"", ""organic heterocyclic compound (CHEBI:24532)"", ""thiazolidines (CHEBI:35622)"", ""thiazolidinone (CHEBI:48891)"", ""organosulfur compound (CHEBI:33261)"", ""polyol (CHEBI:26191)"", ""organic hydroxy compound (CHEBI:33822)"", ""alcohol (CHEBI:30879)"", ""nitrogen molecular entity (CHEBI:51143)""]"
4147757,NotAvailable,predicted_lipidmaps_terms: []
4147757,NotAvailable,Classification_version: 2.1
4147758,CHEMONTID:0000000,Kingdom: Organic compounds
4147758,CHEMONTID:0000012,Superclass: Lipids and lipid-like molecules
4147758,CHEMONTID:0000258,Class: Steroids and steroid derivatives
4147758,CHEMONTID:0001445,"Subclass: Bile acids, alcohols and derivatives"
4147758,CHEMONTID:0002194,"Intermediate_nodes: Hydroxy bile acids, alcohols and derivatives"
4147758,CHEMONTID:0001110,"Direct_parent: Tetrahydroxy bile acids, alcohols and derivatives"
4147758,CHEMONTID:0003238,alternative_parents: 7-hydroxysteroids
4147758,CHEMONTID:0003027,alternative_parents: 3-hydroxysteroids
4147758,CHEMONTID:0003241,alternative_parents: 12-hydroxysteroids
4147758,CHEMONTID:0001661,alternative_parents: Secondary alcohols
4147758,CHEMONTID:0001292,alternative_parents: Cyclic alcohols and derivatives
4147758,CHEMONTID:0002286,alternative_parents: Polyols
4147758,CHEMONTID:0000286,alternative_parents: Primary alcohols
4147758,CHEMONTID:0004150,alternative_parents: Hydrocarbon derivatives
4147758,NotAvailable,mMlecular_framework: Aliphatic homopolycyclic compounds
4147758,NotAvailable,"Substituents: [""Tetrahydroxy bile acid, alcohol, or derivatives"", ""24-hydroxysteroid"", ""7-hydroxysteroid"", ""Hydroxysteroid"", ""12-hydroxysteroid"", ""3-hydroxysteroid"", ""Cyclic alcohol"", ""Secondary alcohol"", ""Polyol"", ""Organic oxygen compound"", ""Hydrocarbon derivative"", ""Primary alcohol"", ""Organooxygen compound"", ""Alcohol"", ""Aliphatic homopolycyclic compound""]"
4147758,NotAvailable,"External_descriptors: [[""source: META CYC"", ""source_id: CPD-7261"", ""annotation: [\""a small molecule\""]""]]"
4147758,NotAvailable,"Ancestors: [""12-hydroxysteroids"", ""3-hydroxysteroids"", ""7-hydroxysteroids"", ""Alcohols and polyols"", ""Bile acids, alcohols and derivatives"", ""Chemical entities"", ""Cyclic alcohols and derivatives"", ""Hydrocarbon derivatives"", ""Hydroxy bile acids, alcohols and derivatives"", ""Hydroxysteroids"", ""Lipids and lipid-like molecules"", ""Organic compounds"", ""Organic oxygen compounds"", ""Organooxygen compounds"", ""Polyols"", ""Primary alcohols"", ""Secondary alcohols"", ""Steroids and steroid derivatives"", ""Tetrahydroxy bile acids, alcohols and derivatives""]"
4147758,NotAvailable,"predicted_chebi_terms: [""7-hydroxy steroid (CHEBI:36844)"", ""3-hydroxy steroid (CHEBI:36834)"", ""12-hydroxy steroid (CHEBI:36845)"", ""secondary alcohol (CHEBI:35681)"", ""organic hydroxy compound (CHEBI:33822)"", ""polyol (CHEBI:26191)"", ""primary alcohol (CHEBI:15734)"", ""organic molecule (CHEBI:72695)"", ""bile acid (CHEBI:3098)"", ""chemical entity (CHEBI:24431)"", ""lipid (CHEBI:18059)"", ""steroid (CHEBI:35341)"", ""hydroxy steroid (CHEBI:35350)"", ""oxygen molecular entity (CHEBI:25806)"", ""organic molecular entity (CHEBI:50860)"", ""organooxygen compound (CHEBI:36963)"", ""alcohol (CHEBI:30879)""]"
4147758,NotAvailable,"predicted_lipidmaps_terms: [""Sterol Lipids (ST)"", ""Bile acids and derivatives (ST04)""]"
4147758,NotAvailable,Classification_version: 2.1
4158954,CHEMONTID:0000000,Kingdom: Organic compounds
4158954,CHEMONTID:0000012,Superclass: Lipids and lipid-like molecules
4158954,CHEMONTID:0000259,Class: Prenol lipids
4158954,CHEMONTID:0001549,Subclass: Monoterpenoids
4158954,CHEMONTID:0001401,Direct_parent: Menthane monoterpenoids
4158954,CHEMONTID:0001563,alternative_parents: Monocyclic monoterpenoids
4158954,CHEMONTID:0001238,alternative_parents: Carboxylic acid esters
4158954,CHEMONTID:0001137,alternative_parents: Monocarboxylic acids and derivatives
4158954,CHEMONTID:0003940,alternative_parents: Organic oxides
4158954,CHEMONTID:0004150,alternative_parents: Hydrocarbon derivatives
4158954,CHEMONTID:0000124,alternative_parents: Aldehydes
4158954,NotAvailable,mMlecular_framework: Aliphatic homomonocyclic compounds
4158954,NotAvailable,"Substituents: [""P-menthane monoterpenoid"", ""Monocyclic monoterpenoid"", ""Carboxylic acid ester"", ""Monocarboxylic acid or derivatives"", ""Carboxylic acid derivative"", ""Organic oxygen compound"", ""Organic oxide"", ""Hydrocarbon derivative"", ""Organooxygen compound"", ""Carbonyl group"", ""Aldehyde"", ""Aliphatic homomonocyclic compound""]"
4158954,NotAvailable,External_descriptors: []
4158954,NotAvailable,"Ancestors: [""Aldehydes"", ""Carbonyl compounds"", ""Carboxylic acid derivatives"", ""Carboxylic acid esters"", ""Carboxylic acids and derivatives"", ""Chemical entities"", ""Hydrocarbon derivatives"", ""Lipids and lipid-like molecules"", ""Menthane monoterpenoids"", ""Monocarboxylic acids and derivatives"", ""Monocyclic monoterpenoids"", ""Monoterpenoids"", ""Organic acids and derivatives"", ""Organic compounds"", ""Organic oxides"", ""Organic oxygen compounds"", ""Organooxygen compounds"", ""Prenol lipids""]"
4158954,NotAvailable,"predicted_chebi_terms: [""monoterpenoid (CHEBI:25409)"", ""carboxylic ester (CHEBI:33308)"", ""monocarboxylic acid (CHEBI:25384)"", ""organic oxide (CHEBI:25701)"", ""organic molecule (CHEBI:72695)"", ""aldehyde (CHEBI:17478)"", ""p-menthane monoterpenoid (CHEBI:25186)"", ""chemical entity (CHEBI:24431)"", ""lipid (CHEBI:18059)"", ""ether lipid (CHEBI:64611)"", ""organic acid (CHEBI:64709)"", ""carboxylic acid (CHEBI:33575)"", ""organooxygen compound (CHEBI:36963)"", ""oxygen molecular entity (CHEBI:25806)"", ""organic molecular entity (CHEBI:50860)"", ""carbonyl compound (CHEBI:36586)""]"
4158954,NotAvailable,"predicted_lipidmaps_terms: [""C10 isoprenoids (monoterpenes) (PR0102)"", ""Menthane monoterpenoids (PR010209)"", ""Prenol Lipids (PR)""]"
4158954,NotAvailable,Classification_version: 2.1
4181439,CHEMONTID:0000000,Kingdom: Organic compounds
4181439,CHEMONTID:0000002,Superclass: Organoheterocyclic compounds
4181439,CHEMONTID:0000211,Class: Indoles and derivatives
4181439,CHEMONTID:0000210,Subclass: Carbazoles
4181439,CHEMONTID:0000210,Direct_parent: Carbazoles
4181439,CHEMONTID:0000190,alternative_parents: Methoxyphenols
4181439,CHEMONTID:0002497,alternative_parents: Indoles
4181439,CHEMONTID:0004628,alternative_parents: 4-alkoxyphenols
4181439,CHEMONTID:0004742,alternative_parents: Phenoxy compounds
4181439,CHEMONTID:0004113,alternative_parents: Methoxybenzenes
4181439,CHEMONTID:0000138,alternative_parents: Anisoles
4181439,CHEMONTID:0004646,alternative_parents: 1-hydroxy-2-unsubstituted benzenoids
4181439,CHEMONTID:0000128,alternative_parents: Alkyl aryl ethers
4181439,CHEMONTID:0000090,alternative_parents: Pyrroles
4181439,CHEMONTID:0004144,alternative_parents: Heteroaromatic compounds
4181439,CHEMONTID:0001661,alternative_parents: Secondary alcohols
4181439,CHEMONTID:0001897,"alternative_parents: 1,2-aminoalcohols"
4181439,CHEMONTID:0002228,alternative_parents: Dialkylamines
4181439,CHEMONTID:0004139,alternative_parents: Azacyclic compounds
4181439,CHEMONTID:0004150,alternative_parents: Hydrocarbon derivatives
4181439,CHEMONTID:0004557,alternative_parents: Organopnictogen compounds
4181439,NotAvailable,mMlecular_framework: Aromatic heteropolycyclic compounds
4181439,NotAvailable,"Substituents: [""Carbazole"", ""Methoxyphenol"", ""4-alkoxyphenol"", ""Indole"", ""Anisole"", ""Phenoxy compound"", ""Phenol ether"", ""Methoxybenzene"", ""Alkyl aryl ether"", ""1-hydroxy-2-unsubstituted benzenoid"", ""Phenol"", ""Benzenoid"", ""Monocyclic benzene moiety"", ""Pyrrole"", ""Heteroaromatic compound"", ""Secondary alcohol"", ""1,2-aminoalcohol"", ""Secondary amine"", ""Azacycle"", ""Secondary aliphatic amine"", ""Ether"", ""Hydrocarbon derivative"", ""Organic oxygen compound"", ""Alcohol"", ""Organopnictogen compound"", ""Organic nitrogen compound"", ""Amine"", ""Organonitrogen compound"", ""Organooxygen compound"", ""Aromatic heteropolycyclic compound""]"
4181439,NotAvailable,External_descriptors: []
4181439,NotAvailable,"Ancestors: [""1,2-aminoalcohols"", ""1-hydroxy-2-unsubstituted benzenoids"", ""4-alkoxyphenols"", ""Alcohols and polyols"", ""Alkanolamines"", ""Alkyl aryl ethers"", ""Amines"", ""Anisoles"", ""Azacyclic compounds"", ""Benzene and substituted derivatives"", ""Benzenoids"", ""Carbazoles"", ""Chemical entities"", ""Dialkylamines"", ""Ethers"", ""Heteroaromatic compounds"", ""Hydrocarbon derivatives"", ""Indoles"", ""Indoles and derivatives"", ""Methoxybenzenes"", ""Methoxyphenols"", ""Organic compounds"", ""Organic nitrogen compounds"", ""Organic oxygen compounds"", ""Organoheterocyclic compounds"", ""Organonitrogen compounds"", ""Organooxygen compounds"", ""Organopnictogen compounds"", ""Phenol ethers"", ""Phenols"", ""Phenoxy compounds"", ""Pyrroles"", ""Secondary alcohols"", ""Secondary amines""]"
4181439,NotAvailable,"predicted_chebi_terms: [""methoxybenzene (CHEBI:51683)"", ""phenols (CHEBI:33853)"", ""indoles (CHEBI:24828)"", ""benzenes (CHEBI:22712)"", ""aromatic ether (CHEBI:35618)"", ""pyrroles (CHEBI:26455)"", ""organic aromatic compound (CHEBI:33659)"", ""secondary alcohol (CHEBI:35681)"", ""amino alcohol (CHEBI:22478)"", ""secondary amino compound (CHEBI:50995)"", ""organonitrogen heterocyclic compound (CHEBI:38101)"", ""organic molecule (CHEBI:72695)"", ""pnictogen molecular entity (CHEBI:33302)"", ""organic molecular entity (CHEBI:50860)"", ""carbazoles (CHEBI:48513)"", ""chemical entity (CHEBI:24431)"", ""benzenoid aromatic compound (CHEBI:33836)"", ""organic heterocyclic compound (CHEBI:24532)"", ""oxygen molecular entity (CHEBI:25806)"", ""organooxygen compound (CHEBI:36963)"", ""ether (CHEBI:25698)"", ""polyol (CHEBI:26191)"", ""organic hydroxy compound (CHEBI:33822)"", ""alcohol (CHEBI:30879)"", ""nitrogen molecular entity (CHEBI:51143)"", ""organonitrogen compound (CHEBI:35352)"", ""amine (CHEBI:32952)"", ""secondary amine (CHEBI:32863)""]"
4181439,NotAvailable,predicted_lipidmaps_terms: []
4181439,NotAvailable,Classification_version: 2.1
4182953,CHEMONTID:0000000,Kingdom: Organic compounds
4182953,CHEMONTID:0000002,Superclass: Organoheterocyclic compounds
4182953,CHEMONTID:0001253,Class: Quinolines and derivatives
4182953,CHEMONTID:0002552,Subclass: Quinoline carboxylic acids
4182953,CHEMONTID:0002552,Direct_parent: Quinoline carboxylic acids
4182953,CHEMONTID:0003359,alternative_parents: N-arylpiperazines
4182953,CHEMONTID:0001144,alternative_parents: Fluoroquinolones
4182953,CHEMONTID:0000053,alternative_parents: Aminoquinolines and derivatives
4182953,CHEMONTID:0001716,alternative_parents: Hydroquinolones
4182953,CHEMONTID:0004403,alternative_parents: Haloquinolines
4182953,CHEMONTID:0001715,alternative_parents: Hydroquinolines
4182953,CHEMONTID:0002414,alternative_parents: Pyridinecarboxylic acids
4182953,CHEMONTID:0003901,alternative_parents: Dialkylarylamines
4182953,CHEMONTID:0001031,alternative_parents: Aryl fluorides
4182953,CHEMONTID:0002448,alternative_parents: Benzenoids
4182953,CHEMONTID:0003890,alternative_parents: Vinylogous amides
4182953,CHEMONTID:0001664,alternative_parents: Tertiary carboxylic acid amides
4182953,CHEMONTID:0004144,alternative_parents: Heteroaromatic compounds
4182953,CHEMONTID:0004176,alternative_parents: Amino acids
4182953,CHEMONTID:0001205,alternative_parents: Carboxylic acids
4182953,CHEMONTID:0004139,alternative_parents: Azacyclic compounds
4182953,CHEMONTID:0001831,alternative_parents: Carbonyl compounds
4182953,CHEMONTID:0004150,alternative_parents: Hydrocarbon derivatives
4182953,CHEMONTID:0003940,alternative_parents: Organic oxides
4182953,CHEMONTID:0001517,alternative_parents: Organofluorides
4182953,NotAvailable,mMlecular_framework: Aromatic heteropolycyclic compounds
4182953,NotAvailable,"Substituents: [""Quinoline-3-carboxylic acid"", ""Fluoroquinolone"", ""N-arylpiperazine"", ""Aminoquinoline"", ""Haloquinoline"", ""Dihydroquinolone"", ""Dihydroquinoline"", ""Pyridine carboxylic acid or derivatives"", ""Pyridine carboxylic acid"", ""Tertiary aliphatic/aromatic amine"", ""Dialkylarylamine"", ""Aryl fluoride"", ""1,4-diazinane"", ""Aryl halide"", ""Pyridine"", ""Benzenoid"", ""Piperazine"", ""Heteroaromatic compound"", ""Vinylogous amide"", ""Tertiary carboxylic acid amide"", ""Tertiary amine"", ""Amino acid or derivatives"", ""Carboxamide group"", ""Amino acid"", ""Carboxylic acid derivative"", ""Carboxylic acid"", ""Azacycle"", ""Organohalogen compound"", ""Organic nitrogen compound"", ""Organooxygen compound"", ""Organofluoride"", ""Carbonyl group"", ""Organic oxide"", ""Organic oxygen compound"", ""Hydrocarbon derivative"", ""Amine"", ""Organonitrogen compound"", ""Aromatic heteropolycyclic compound""]"
4182953,NotAvailable,External_descriptors: []
4182953,NotAvailable,"Ancestors: [""Amines"", ""Amino acids"", ""Amino acids and derivatives"", ""Amino acids, peptides, and analogues"", ""Aminoquinolines and derivatives"", ""Aryl fluorides"", ""Aryl halides"", ""Azacyclic compounds"", ""Benzenoids"", ""Carbonyl compounds"", ""Carboxylic acid amides"", ""Carboxylic acid derivatives"", ""Carboxylic acids"", ""Carboxylic acids and derivatives"", ""Chemical entities"", ""Dialkylarylamines"", ""Diazinanes"", ""Fluoroquinolones"", ""Haloquinolines"", ""Heteroaromatic compounds"", ""Hydrocarbon derivatives"", ""Hydroquinolines"", ""Hydroquinolones"", ""Monocarboxylic acids and derivatives"", ""N-arylpiperazines"", ""Organic acids and derivatives"", ""Organic compounds"", ""Organic nitrogen compounds"", ""Organic oxides"", ""Organic oxygen compounds"", ""Organofluorides"", ""Organohalogen compounds"", ""Organoheterocyclic compounds"", ""Organonitrogen compounds"", ""Organooxygen compounds"", ""Organopnictogen compounds"", ""Piperazines"", ""Pyridinecarboxylic acids"", ""Pyridinecarboxylic acids and derivatives"", ""Pyridines and derivatives"", ""Quinoline carboxylic acids"", ""Quinolines and derivatives"", ""Quinolones and derivatives"", ""Tertiary alkylarylamines"", ""Tertiary amines"", ""Tertiary carboxylic acid amides"", ""Vinylogous amides""]"
4182953,NotAvailable,"predicted_chebi_terms: [""N-arylpiperazine (CHEBI:46848)"", ""quinolone (CHEBI:23765)"", ""organofluorine compound (CHEBI:37143)"", ""aminoquinoline (CHEBI:36709)"", ""quinolines (CHEBI:26513)"", ""pyridines (CHEBI:26421)"", ""aromatic carboxylic acid (CHEBI:33859)"", ""dialkylarylamine (CHEBI:23665)"", ""tertiary amino compound (CHEBI:50996)"", ""benzenoid aromatic compound (CHEBI:33836)"", ""enone (CHEBI:51689)"", ""enamine (CHEBI:47989)"", ""carboxamide (CHEBI:37622)"", ""organic aromatic compound (CHEBI:33659)"", ""amino acid (CHEBI:33709)"", ""carboxylic acid (CHEBI:33575)"", ""organonitrogen heterocyclic compound (CHEBI:38101)"", ""carbonyl compound (CHEBI:36586)"", ""organic molecule (CHEBI:72695)"", ""organic oxide (CHEBI:25701)"", ""chemical entity (CHEBI:24431)"", ""organic heterocyclic compound (CHEBI:24532)"", ""organic heteromonocyclic compound (CHEBI:25693)"", ""piperazines (CHEBI:26144)"", ""pyridinemonocarboxylic acid (CHEBI:26420)"", ""nitrogen molecular entity (CHEBI:51143)"", ""organic molecular entity (CHEBI:50860)"", ""organonitrogen compound (CHEBI:35352)"", ""amine (CHEBI:32952)"", ""tertiary amine (CHEBI:32876)"", ""organohalogen compound (CHEBI:36684)"", ""haloarene (CHEBI:50887)"", ""organic acid (CHEBI:64709)"", ""organooxygen compound (CHEBI:36963)"", ""amide (CHEBI:32988)"", ""oxygen molecular entity (CHEBI:25806)"", ""carboxylic acid anion (CHEBI:29067)"", ""peptide (CHEBI:16670)""]"
4182953,NotAvailable,predicted_lipidmaps_terms: []
4182953,NotAvailable,Classification_version: 2.1
4183678,CHEMONTID:0000000,Kingdom: Organic compounds
4183678,CHEMONTID:0000264,Superclass: Organic acids and derivatives
4183678,CHEMONTID:0000265,Class: Carboxylic acids and derivatives
4183678,CHEMONTID:0000013,"Subclass: Amino acids, peptides, and analogues"
4183678,CHEMONTID:0000347,Intermediate_nodes: Amino acids and derivatives
4183678,CHEMONTID:0000060,Intermediate_nodes: Alpha amino acids and derivatives
4183678,CHEMONTID:0001189,Intermediate_nodes: N-acyl-alpha amino acids and derivatives
4183678,CHEMONTID:0002402,Direct_parent: N-acyl-alpha amino acids
4183678,CHEMONTID:0004313,alternative_parents: Cysteine and derivatives
4183678,CHEMONTID:0000262,alternative_parents: Fatty acids and conjugates
4183678,CHEMONTID:0003922,alternative_parents: Acetamides
4183678,CHEMONTID:0001663,alternative_parents: Secondary carboxylic acid amides
4183678,CHEMONTID:0001661,alternative_parents: Secondary alcohols
4183678,CHEMONTID:0001166,alternative_parents: Carboxylic acid salts
4183678,CHEMONTID:0003260,alternative_parents: Sulfenyl compounds
4183678,CHEMONTID:0001137,alternative_parents: Monocarboxylic acids and derivatives
4183678,CHEMONTID:0003862,alternative_parents: Dialkylthioethers
4183678,CHEMONTID:0001205,alternative_parents: Carboxylic acids
4183678,CHEMONTID:0000278,alternative_parents: Organonitrogen compounds
4183678,CHEMONTID:0003940,alternative_parents: Organic oxides
4183678,CHEMONTID:0004150,alternative_parents: Hydrocarbon derivatives
4183678,CHEMONTID:0001831,alternative_parents: Carbonyl compounds
4183678,CHEMONTID:0003608,alternative_parents: Organic anions
4183678,NotAvailable,mMlecular_framework: Aliphatic acyclic compounds
4183678,NotAvailable,"Substituents: [""N-acyl-alpha-amino acid"", ""Cysteine or derivatives"", ""Fatty acid"", ""Acetamide"", ""Carboxamide group"", ""Carboxylic acid salt"", ""Secondary alcohol"", ""Secondary carboxylic acid amide"", ""Sulfenyl compound"", ""Thioether"", ""Monocarboxylic acid or derivatives"", ""Carboxylic acid"", ""Dialkylthioether"", ""Alcohol"", ""Carbonyl group"", ""Organosulfur compound"", ""Organooxygen compound"", ""Organonitrogen compound"", ""Organic nitrogen compound"", ""Organic oxygen compound"", ""Organic oxide"", ""Hydrocarbon derivative"", ""Organic anion"", ""Aliphatic acyclic compound""]"
4183678,NotAvailable,External_descriptors: []
4183678,NotAvailable,"Ancestors: [""Acetamides"", ""Alcohols and polyols"", ""Alpha amino acids and derivatives"", ""Amino acids and derivatives"", ""Amino acids, peptides, and analogues"", ""Carbonyl compounds"", ""Carboxylic acid amides"", ""Carboxylic acid derivatives"", ""Carboxylic acid salts"", ""Carboxylic acids"", ""Carboxylic acids and derivatives"", ""Chemical entities"", ""Cysteine and derivatives"", ""Dialkylthioethers"", ""Fatty Acyls"", ""Fatty acids and conjugates"", ""Hydrocarbon derivatives"", ""Lipids and lipid-like molecules"", ""Monocarboxylic acids and derivatives"", ""N-acyl-alpha amino acids"", ""N-acyl-alpha amino acids and derivatives"", ""Organic acids and derivatives"", ""Organic anions"", ""Organic compounds"", ""Organic nitrogen compounds"", ""Organic oxides"", ""Organic oxygen compounds"", ""Organic salts"", ""Organonitrogen compounds"", ""Organooxygen compounds"", ""Organopnictogen compounds"", ""Organosulfur compounds"", ""Secondary alcohols"", ""Secondary carboxylic acid amides"", ""Sulfenyl compounds"", ""Thioethers""]"
4183678,NotAvailable,"predicted_chebi_terms: [""cysteine derivative (CHEBI:23509)"", ""monocarboxylic acid (CHEBI:25384)"", ""acetamides (CHEBI:22160)"", ""carboxamide (CHEBI:37622)"", ""secondary alcohol (CHEBI:35681)"", ""organic salt (CHEBI:24868)"", ""organosulfur compound (CHEBI:33261)"", ""aliphatic sulfide (CHEBI:22327)"", ""carboxylic acid (CHEBI:33575)"", ""organonitrogen compound (CHEBI:35352)"", ""organic oxide (CHEBI:25701)"", ""organic molecule (CHEBI:72695)"", ""carbonyl compound (CHEBI:36586)"", ""organic anion (CHEBI:25696)"", ""N-acyl-amino acid (CHEBI:51569)"", ""chemical entity (CHEBI:24431)"", ""organic acid (CHEBI:64709)"", ""organooxygen compound (CHEBI:36963)"", ""lipid (CHEBI:18059)"", ""amide (CHEBI:32988)"", ""oxygen molecular entity (CHEBI:25806)"", ""organic molecular entity (CHEBI:50860)"", ""polyol (CHEBI:26191)"", ""organic hydroxy compound (CHEBI:33822)"", ""alcohol (CHEBI:30879)"", ""organic sulfide (CHEBI:16385)"", ""nitrogen molecular entity (CHEBI:51143)"", ""carboxylic acid anion (CHEBI:29067)"", ""amino acid (CHEBI:33709)"", ""peptide (CHEBI:16670)""]"
4183678,NotAvailable,"predicted_lipidmaps_terms: [""Fatty Acids and Conjugates (FA01)"", ""Fatty Acyls (FA)""]"
4183678,NotAvailable,Classification_version: 2.1
4188041,CHEMONTID:0000000,Kingdom: Organic compounds
4188041,CHEMONTID:0000264,Superclass: Organic acids and derivatives
4188041,CHEMONTID:0000265,Class: Carboxylic acids and derivatives
4188041,CHEMONTID:0000013,"Subclass: Amino acids, peptides, and analogues"
4188041,CHEMONTID:0000347,Intermediate_nodes: Amino acids and derivatives
4188041,CHEMONTID:0000060,Direct_parent: Alpha amino acids and derivatives
4188041,CHEMONTID:0004742,alternative_parents: Phenoxy compounds
4188041,CHEMONTID:0002341,alternative_parents: Phenol ethers
4188041,CHEMONTID:0000128,alternative_parents: Alkyl aryl ethers
4188041,CHEMONTID:0000226,alternative_parents: Thiazolidines
4188041,CHEMONTID:0001663,alternative_parents: Secondary carboxylic acid amides
4188041,CHEMONTID:0001666,alternative_parents: Thiohemiaminal derivatives
4188041,CHEMONTID:0001137,alternative_parents: Monocarboxylic acids and derivatives
4188041,CHEMONTID:0003862,alternative_parents: Dialkylthioethers
4188041,CHEMONTID:0001205,alternative_parents: Carboxylic acids
4188041,CHEMONTID:0004139,alternative_parents: Azacyclic compounds
4188041,CHEMONTID:0003940,alternative_parents: Organic oxides
4188041,CHEMONTID:0004150,alternative_parents: Hydrocarbon derivatives
4188041,CHEMONTID:0001831,alternative_parents: Carbonyl compounds
4188041,CHEMONTID:0002449,alternative_parents: Amines
4188041,NotAvailable,mMlecular_framework: Aromatic heteromonocyclic compounds
4188041,NotAvailable,"Substituents: [""Alpha-amino acid or derivatives"", ""Phenoxy compound"", ""Phenol ether"", ""Alkyl aryl ether"", ""Monocyclic benzene moiety"", ""Benzenoid"", ""Thiazolidine"", ""Carboxamide group"", ""Secondary carboxylic acid amide"", ""Hemithioaminal"", ""Thioether"", ""Azacycle"", ""Dialkylthioether"", ""Organoheterocyclic compound"", ""Carboxylic acid"", ""Ether"", ""Monocarboxylic acid or derivatives"", ""Organic oxygen compound"", ""Organonitrogen compound"", ""Organooxygen compound"", ""Organic nitrogen compound"", ""Carbonyl group"", ""Organic oxide"", ""Amine"", ""Hydrocarbon derivative"", ""Aromatic heteromonocyclic compound""]"
4188041,NotAvailable,External_descriptors: []
4188041,NotAvailable,"Ancestors: [""Alkyl aryl ethers"", ""Alpha amino acids and derivatives"", ""Amines"", ""Amino acids and derivatives"", ""Amino acids, peptides, and analogues"", ""Azacyclic compounds"", ""Azolidines"", ""Benzene and substituted derivatives"", ""Benzenoids"", ""Carbonyl compounds"", ""Carboxylic acid amides"", ""Carboxylic acid derivatives"", ""Carboxylic acids"", ""Carboxylic acids and derivatives"", ""Chemical entities"", ""Dialkylthioethers"", ""Ethers"", ""Hydrocarbon derivatives"", ""Monocarboxylic acids and derivatives"", ""Organic acids and derivatives"", ""Organic compounds"", ""Organic nitrogen compounds"", ""Organic oxides"", ""Organic oxygen compounds"", ""Organoheterocyclic compounds"", ""Organonitrogen compounds"", ""Organooxygen compounds"", ""Organopnictogen compounds"", ""Organosulfur compounds"", ""Phenol ethers"", ""Phenoxy compounds"", ""Secondary carboxylic acid amides"", ""Thiazolidines"", ""Thioethers"", ""Thiohemiaminal derivatives""]"
4188041,NotAvailable,"predicted_chebi_terms: [""benzenes (CHEBI:22712)"", ""aromatic ether (CHEBI:35618)"", ""thiazolidines (CHEBI:35622)"", ""carboxamide (CHEBI:37622)"", ""organosulfur compound (CHEBI:33261)"", ""monocarboxylic acid (CHEBI:25384)"", ""aliphatic sulfide (CHEBI:22327)"", ""carboxylic acid (CHEBI:33575)"", ""organonitrogen heterocyclic compound (CHEBI:38101)"", ""organic oxide (CHEBI:25701)"", ""organic molecule (CHEBI:72695)"", ""carbonyl compound (CHEBI:36586)"", ""amine (CHEBI:32952)"", ""organonitrogen compound (CHEBI:35352)"", ""organooxygen compound (CHEBI:36963)"", ""chemical entity (CHEBI:24431)"", ""benzenoid aromatic compound (CHEBI:33836)"", ""oxygen molecular entity (CHEBI:25806)"", ""organic molecular entity (CHEBI:50860)"", ""ether (CHEBI:25698)"", ""organic heterocyclic compound (CHEBI:24532)"", ""organic acid (CHEBI:64709)"", ""amide (CHEBI:32988)"", ""organic sulfide (CHEBI:16385)"", ""nitrogen molecular entity (CHEBI:51143)"", ""carboxylic acid anion (CHEBI:29067)"", ""amino acid (CHEBI:33709)"", ""peptide (CHEBI:16670)""]"
4188041,NotAvailable,predicted_lipidmaps_terms: []
4188041,NotAvailable,Classification_version: 2.1
4203080,CHEMONTID:0000000,Kingdom: Organic compounds
4203080,CHEMONTID:0000002,Superclass: Organoheterocyclic compounds
4203080,CHEMONTID:0000295,Class: Benzodiazepines
4203080,CHEMONTID:0004097,"Subclass: 1,4-benzodiazepines"
4203080,CHEMONTID:0004098,"Direct_parent: Imidazo[1,5-a][1,4]benzodiazepines"
4203080,CHEMONTID:0000138,alternative_parents: Anisoles
4203080,CHEMONTID:0001336,"alternative_parents: 1,4-diazepines"
4203080,CHEMONTID:0000128,alternative_parents: Alkyl aryl ethers
4203080,CHEMONTID:0002529,alternative_parents: Carbonylimidazoles
4203080,CHEMONTID:0002311,alternative_parents: N-substituted imidazoles
4203080,CHEMONTID:0003890,alternative_parents: Vinylogous amides
4203080,CHEMONTID:0001664,alternative_parents: Tertiary carboxylic acid amides
4203080,CHEMONTID:0000218,alternative_parents: Pyrrolidines
4203080,CHEMONTID:0004144,alternative_parents: Heteroaromatic compounds
4203080,CHEMONTID:0001238,alternative_parents: Carboxylic acid esters
4203080,CHEMONTID:0000160,alternative_parents: Lactams
4203080,CHEMONTID:0001137,alternative_parents: Monocarboxylic acids and derivatives
4203080,CHEMONTID:0004139,alternative_parents: Azacyclic compounds
4203080,CHEMONTID:0004557,alternative_parents: Organopnictogen compounds
4203080,CHEMONTID:0003940,alternative_parents: Organic oxides
4203080,CHEMONTID:0000278,alternative_parents: Organonitrogen compounds
4203080,CHEMONTID:0004150,alternative_parents: Hydrocarbon derivatives
4203080,NotAvailable,mMlecular_framework: Aromatic heteropolycyclic compounds
4203080,NotAvailable,"Substituents: [""Imidazo[1,5-a][1,4]benzodiazepine"", ""Anisole"", ""Para-diazepine"", ""Alkyl aryl ether"", ""Imidazole-4-carbonyl group"", ""Benzenoid"", ""N-substituted imidazole"", ""Azole"", ""Heteroaromatic compound"", ""Vinylogous amide"", ""Tertiary carboxylic acid amide"", ""Pyrrolidine"", ""Imidazole"", ""Carboxamide group"", ""Carboxylic acid ester"", ""Lactam"", ""Azacycle"", ""Carboxylic acid derivative"", ""Ether"", ""Monocarboxylic acid or derivatives"", ""Organic oxygen compound"", ""Organic nitrogen compound"", ""Hydrocarbon derivative"", ""Organic oxide"", ""Organooxygen compound"", ""Organopnictogen compound"", ""Organonitrogen compound"", ""Aromatic heteropolycyclic compound""]"
4203080,NotAvailable,External_descriptors: []
4203080,NotAvailable,"Ancestors: [""1,4-benzodiazepines"", ""1,4-diazepines"", ""Alkyl aryl ethers"", ""Anisoles"", ""Azacyclic compounds"", ""Azoles"", ""Benzenoids"", ""Benzodiazepines"", ""Carbonylimidazoles"", ""Carboxylic acid amides"", ""Carboxylic acid derivatives"", ""Carboxylic acid esters"", ""Carboxylic acids and derivatives"", ""Chemical entities"", ""Diazepines"", ""Ethers"", ""Heteroaromatic compounds"", ""Hydrocarbon derivatives"", ""Imidazo[1,5-a][1,4]benzodiazepines"", ""Imidazoles"", ""Lactams"", ""Monocarboxylic acids and derivatives"", ""N-substituted imidazoles"", ""Organic acids and derivatives"", ""Organic compounds"", ""Organic nitrogen compounds"", ""Organic oxides"", ""Organic oxygen compounds"", ""Organoheterocyclic compounds"", ""Organonitrogen compounds"", ""Organooxygen compounds"", ""Organopnictogen compounds"", ""Phenol ethers"", ""Pyrrolidines"", ""Substituted imidazoles"", ""Tertiary carboxylic acid amides"", ""Vinylogous amides""]"
4203080,NotAvailable,"predicted_chebi_terms: [""methoxybenzene (CHEBI:51683)"", ""diazepine (CHEBI:47918)"", ""aromatic ether (CHEBI:35618)"", ""imidazoles (CHEBI:24780)"", ""enone (CHEBI:51689)"", ""enamine (CHEBI:47989)"", ""carboxamide (CHEBI:37622)"", ""pyrrolidines (CHEBI:38260)"", ""organic aromatic compound (CHEBI:33659)"", ""carboxylic ester (CHEBI:33308)"", ""lactam (CHEBI:24995)"", ""carbonyl compound (CHEBI:36586)"", ""organonitrogen heterocyclic compound (CHEBI:38101)"", ""pnictogen molecular entity (CHEBI:33302)"", ""organic molecular entity (CHEBI:50860)"", ""organic oxide (CHEBI:25701)"", ""organonitrogen compound (CHEBI:35352)"", ""organic molecule (CHEBI:72695)"", ""benzodiazepine (CHEBI:22720)"", ""chemical entity (CHEBI:24431)"", ""benzenoid aromatic compound (CHEBI:33836)"", ""organic heterocyclic compound (CHEBI:24532)"", ""oxygen molecular entity (CHEBI:25806)"", ""organooxygen compound (CHEBI:36963)"", ""ether (CHEBI:25698)"", ""azole (CHEBI:68452)"", ""amide (CHEBI:32988)"", ""nitrogen molecular entity (CHEBI:51143)""]"
4203080,NotAvailable,predicted_lipidmaps_terms: []
4203080,NotAvailable,Classification_version: 2.1
4210197,CHEMONTID:0000000,Kingdom: Organic compounds
4210197,CHEMONTID:0000289,"Superclass: Nucleosides, nucleotides, and analogues"
4210197,CHEMONTID:0000479,Class: Purine nucleosides
4210197,CHEMONTID:0000479,Direct_parent: Purine nucleosides
4210197,CHEMONTID:0002203,alternative_parents: Glycosylamines
4210197,CHEMONTID:0001497,alternative_parents: Pentoses
4210197,CHEMONTID:0002987,alternative_parents: 6-aminopurines
4210197,CHEMONTID:0001262,alternative_parents: Aminopyrimidines and derivatives
4210197,CHEMONTID:0002311,alternative_parents: N-substituted imidazoles
4210197,CHEMONTID:0003886,alternative_parents: Imidolactams
4210197,CHEMONTID:0001967,alternative_parents: Oxolanes
4210197,CHEMONTID:0004144,alternative_parents: Heteroaromatic compounds
4210197,CHEMONTID:0001661,alternative_parents: Secondary alcohols
4210197,CHEMONTID:0004140,alternative_parents: Oxacyclic compounds
4210197,CHEMONTID:0004139,alternative_parents: Azacyclic compounds
4210197,CHEMONTID:0002450,alternative_parents: Primary amines
4210197,CHEMONTID:0000286,alternative_parents: Primary alcohols
4210197,CHEMONTID:0004150,alternative_parents: Hydrocarbon derivatives
4210197,CHEMONTID:0000112,alternative_parents: Hydrazines and derivatives
4210197,NotAvailable,mMlecular_framework: Aromatic heteropolycyclic compounds
4210197,NotAvailable,"Substituents: [""Purine nucleoside"", ""Glycosyl compound"", ""N-glycosyl compound"", ""6-aminopurine"", ""Pentose monosaccharide"", ""Imidazopyrimidine"", ""Purine"", ""Aminopyrimidine"", ""Monosaccharide"", ""N-substituted imidazole"", ""Imidolactam"", ""Pyrimidine"", ""Azole"", ""Heteroaromatic compound"", ""Imidazole"", ""Oxolane"", ""Secondary alcohol"", ""Organoheterocyclic compound"", ""Azacycle"", ""Oxacycle"", ""Organooxygen compound"", ""Organonitrogen compound"", ""Amine"", ""Hydrazine derivative"", ""Alcohol"", ""Hydrocarbon derivative"", ""Organic nitrogen compound"", ""Organic oxygen compound"", ""Primary alcohol"", ""Primary amine"", ""Aromatic heteropolycyclic compound""]"
4210197,NotAvailable,External_descriptors: []
4210197,NotAvailable,"Ancestors: [""6-aminopurines"", ""Alcohols and polyols"", ""Amines"", ""Aminopyrimidines and derivatives"", ""Azacyclic compounds"", ""Azoles"", ""Carbohydrates and carbohydrate conjugates"", ""Chemical entities"", ""Diazines"", ""Glycosyl compounds"", ""Glycosylamines"", ""Heteroaromatic compounds"", ""Hydrazines and derivatives"", ""Hydrocarbon derivatives"", ""Imidazoles"", ""Imidazopyrimidines"", ""Imidolactams"", ""Monosaccharides"", ""N-substituted imidazoles"", ""Nucleosides, nucleotides, and analogues"", ""Organic compounds"", ""Organic nitrogen compounds"", ""Organic oxygen compounds"", ""Organoheterocyclic compounds"", ""Organonitrogen compounds"", ""Organooxygen compounds"", ""Organopnictogen compounds"", ""Oxacyclic compounds"", ""Oxolanes"", ""Pentoses"", ""Primary alcohols"", ""Primary amines"", ""Purine nucleosides"", ""Purines and purine derivatives"", ""Pyrimidines and pyrimidine derivatives"", ""Secondary alcohols"", ""Substituted imidazoles""]"
4210197,NotAvailable,"predicted_chebi_terms: [""N-glycosyl compound (CHEBI:21731)"", ""pentose (CHEBI:25901)"", ""6-aminopurines (CHEBI:20706)"", ""aminopyrimidine (CHEBI:38338)"", ""imidazoles (CHEBI:24780)"", ""heterocyclic compound (CHEBI:5686)"", ""dicarboximide (CHEBI:35356)"", ""organosulfur compound (CHEBI:33261)"", ""oxolanes (CHEBI:26912)"", ""organic aromatic compound (CHEBI:33659)"", ""secondary alcohol (CHEBI:35681)"", ""oxacycle (CHEBI:38104)"", ""organonitrogen heterocyclic compound (CHEBI:38101)"", ""primary amine (CHEBI:32877)"", ""primary alcohol (CHEBI:15734)"", ""organic molecule (CHEBI:72695)"", ""hydrazines (CHEBI:24631)"", ""purine nucleoside (CHEBI:26394)"", ""chemical entity (CHEBI:24431)"", ""oxygen molecular entity (CHEBI:25806)"", ""organic molecular entity (CHEBI:50860)"", ""organooxygen compound (CHEBI:36963)"", ""carbohydrates and carbohydrate derivatives (CHEBI:78616)"", ""glycoside (CHEBI:24400)"", ""monosaccharide (CHEBI:35381)"", ""organic heterocyclic compound (CHEBI:24532)"", ""imidazopyrimidine (CHEBI:35875)"", ""purines (CHEBI:26401)"", ""diazines (CHEBI:38313)"", ""pyrimidines (CHEBI:39447)"", ""azole (CHEBI:68452)"", ""polyol (CHEBI:26191)"", ""organic hydroxy compound (CHEBI:33822)"", ""alcohol (CHEBI:30879)"", ""nitrogen molecular entity (CHEBI:51143)"", ""organonitrogen compound (CHEBI:35352)"", ""amine (CHEBI:32952)"", ""nucleobase-containing molecular entity (CHEBI:61120)""]"
4210197,NotAvailable,predicted_lipidmaps_terms: []
4210197,NotAvailable,Classification_version: 2.1
4225618,CHEMONTID:0000000,Kingdom: Organic compounds
4225618,CHEMONTID:0000012,Superclass: Lipids and lipid-like molecules
4225618,CHEMONTID:0000258,Class: Steroids and steroid derivatives
4225618,CHEMONTID:0003568,Subclass: Androstane steroids
4225618,CHEMONTID:0003568,Direct_parent: Androstane steroids
4225618,CHEMONTID:0002976,alternative_parents: Delta-1-steroids
4225618,CHEMONTID:0004149,alternative_parents: Polycyclic hydrocarbons
4225618,CHEMONTID:0002840,alternative_parents: Cyclic olefins
4225618,CHEMONTID:0004476,alternative_parents: Unsaturated aliphatic hydrocarbons
4225618,NotAvailable,mMlecular_framework: Aliphatic homopolycyclic compounds
4225618,NotAvailable,"Substituents: [""Androstane-skeleton"", ""Delta-1-steroid"", ""Polycyclic hydrocarbon"", ""Cyclic olefin"", ""Unsaturated aliphatic hydrocarbon"", ""Unsaturated hydrocarbon"", ""Olefin"", ""Hydrocarbon"", ""Aliphatic homopolycyclic compound""]"
4225618,NotAvailable,External_descriptors: []
4225618,NotAvailable,"Ancestors: [""Androstane steroids"", ""Chemical entities"", ""Cyclic olefins"", ""Delta-1-steroids"", ""Hydrocarbons"", ""Lipids and lipid-like molecules"", ""Olefins"", ""Organic compounds"", ""Polycyclic hydrocarbons"", ""Steroids and steroid derivatives"", ""Unsaturated aliphatic hydrocarbons"", ""Unsaturated hydrocarbons""]"
4225618,NotAvailable,"predicted_chebi_terms: [""steroid (CHEBI:35341)"", ""hydrocarbon (CHEBI:24632)"", ""cyclic olefin (CHEBI:33642)"", ""androstanoid (CHEBI:50402)"", ""chemical entity (CHEBI:24431)"", ""organic molecule (CHEBI:72695)"", ""lipid (CHEBI:18059)"", ""olefin (CHEBI:33641)""]"
4225618,NotAvailable,"predicted_lipidmaps_terms: [""Sterol Lipids (ST)"", ""C19 steroids (androgens) and derivatives (ST0202)""]"
4225618,NotAvailable,Classification_version: 2.1
4250634,CHEMONTID:0000000,Kingdom: Organic compounds
4250634,CHEMONTID:0000002,Superclass: Organoheterocyclic compounds
4250634,CHEMONTID:0001797,Class: Imidazopyrimidines
4250634,CHEMONTID:0000245,Subclass: Purines and purine derivatives
4250634,CHEMONTID:0002987,Direct_parent: 6-aminopurines
4250634,CHEMONTID:0002255,alternative_parents: Glyceraldehyde-3-phosphates
4250634,CHEMONTID:0003458,alternative_parents: Monoalkyl phosphates
4250634,CHEMONTID:0001262,alternative_parents: Aminopyrimidines and derivatives
4250634,CHEMONTID:0002311,alternative_parents: N-substituted imidazoles
4250634,CHEMONTID:0003886,alternative_parents: Imidolactams
4250634,CHEMONTID:0004144,alternative_parents: Heteroaromatic compounds
4250634,CHEMONTID:0004139,alternative_parents: Azacyclic compounds
4250634,CHEMONTID:0002450,alternative_parents: Primary amines
4250634,CHEMONTID:0003940,alternative_parents: Organic oxides
4250634,CHEMONTID:0004150,alternative_parents: Hydrocarbon derivatives
4250634,CHEMONTID:0000124,alternative_parents: Aldehydes
4250634,NotAvailable,mMlecular_framework: Aromatic heteropolycyclic compounds
4250634,NotAvailable,"Substituents: [""6-aminopurine"", ""Glyceraldehyde-3-phosphate"", ""Aminopyrimidine"", ""Monoalkyl phosphate"", ""Imidolactam"", ""Alkyl phosphate"", ""Pyrimidine"", ""Phosphoric acid ester"", ""Monosaccharide"", ""N-substituted imidazole"", ""Organic phosphoric acid derivative"", ""Azole"", ""Heteroaromatic compound"", ""Imidazole"", ""Azacycle"", ""Organic nitrogen compound"", ""Organonitrogen compound"", ""Organooxygen compound"", ""Primary amine"", ""Hydrocarbon derivative"", ""Carbonyl group"", ""Organic oxide"", ""Organic oxygen compound"", ""Amine"", ""Aldehyde"", ""Aromatic heteropolycyclic compound""]"
4250634,NotAvailable,External_descriptors: []
4250634,NotAvailable,"Ancestors: [""6-aminopurines"", ""Aldehydes"", ""Alkyl phosphates"", ""Amidines"", ""Amines"", ""Aminopyrimidines and derivatives"", ""Azacyclic compounds"", ""Azoles"", ""Carbohydrates and carbohydrate conjugates"", ""Carbonyl compounds"", ""Carboximidamides"", ""Chemical entities"", ""Diazines"", ""Formamidines"", ""Glyceraldehyde-3-phosphates"", ""Heteroaromatic compounds"", ""Hydrocarbon derivatives"", ""Imidazoles"", ""Imidazopyrimidines"", ""Imidolactams"", ""Monoalkyl phosphates"", ""Monosaccharide phosphates"", ""Monosaccharides"", ""N-substituted imidazoles"", ""Organic 1,3-dipolar compounds"", ""Organic acids and derivatives"", ""Organic compounds"", ""Organic nitrogen compounds"", ""Organic oxides"", ""Organic oxygen compounds"", ""Organic phosphoric acids and derivatives"", ""Organoheterocyclic compounds"", ""Organonitrogen compounds"", ""Organooxygen compounds"", ""Organopnictogen compounds"", ""Phosphate esters"", ""Primary amines"", ""Propargyl-type 1,3-dipolar organic compounds"", ""Purines and purine derivatives"", ""Pyrimidines and pyrimidine derivatives"", ""Substituted imidazoles""]"
4250634,NotAvailable,"predicted_chebi_terms: [""aldotriose phosphate (CHEBI:35142)"", ""monoalkyl phosphate (CHEBI:25381)"", ""aminopyrimidine (CHEBI:38338)"", ""imidazoles (CHEBI:24780)"", ""heterocyclic compound (CHEBI:5686)"", ""dicarboximide (CHEBI:35356)"", ""organosulfur compound (CHEBI:33261)"", ""organic aromatic compound (CHEBI:33659)"", ""organonitrogen heterocyclic compound (CHEBI:38101)"", ""primary amine (CHEBI:32877)"", ""organic oxide (CHEBI:25701)"", ""organic molecule (CHEBI:72695)"", ""aldehyde (CHEBI:17478)"", ""6-aminopurines (CHEBI:20706)"", ""chemical entity (CHEBI:24431)"", ""oxygen molecular entity (CHEBI:25806)"", ""organic molecular entity (CHEBI:50860)"", ""organooxygen compound (CHEBI:36963)"", ""carbohydrates and carbohydrate derivatives (CHEBI:78616)"", ""monosaccharide (CHEBI:35381)"", ""monosaccharide derivative (CHEBI:63367)"", ""carbohydrate phosphate (CHEBI:26816)"", ""organic acid (CHEBI:64709)"", ""phosphoric acid derivative (CHEBI:26079)"", ""phosphoric ester (CHEBI:37734)"", ""alkyl phosphate (CHEBI:22324)"", ""organic heterocyclic compound (CHEBI:24532)"", ""diazines (CHEBI:38313)"", ""pyrimidines (CHEBI:39447)"", ""azole (CHEBI:68452)"", ""nitrogen molecular entity (CHEBI:51143)"", ""organonitrogen compound (CHEBI:35352)"", ""amine (CHEBI:32952)"", ""carbonyl compound (CHEBI:36586)"", ""imidazopyrimidine (CHEBI:35875)"", ""purines (CHEBI:26401)""]"
4250634,NotAvailable,predicted_lipidmaps_terms: []
4250634,NotAvailable,Classification_version: 2.1
4253267,CHEMONTID:0000000,Kingdom: Organic compounds
4253267,CHEMONTID:0000264,Superclass: Organic acids and derivatives
4253267,CHEMONTID:0000265,Class: Carboxylic acids and derivatives
4253267,CHEMONTID:0000013,"Subclass: Amino acids, peptides, and analogues"
4253267,CHEMONTID:0000347,Intermediate_nodes: Amino acids and derivatives
4253267,CHEMONTID:0001880,Direct_parent: Gamma amino acids and derivatives
4253267,CHEMONTID:0003899,alternative_parents: Aralkylamines
4253267,CHEMONTID:0000489,alternative_parents: Amino fatty acids
4253267,CHEMONTID:0000089,alternative_parents: Pyridines and derivatives
4253267,CHEMONTID:0004144,alternative_parents: Heteroaromatic compounds
4253267,CHEMONTID:0004176,alternative_parents: Amino acids
4253267,CHEMONTID:0001137,alternative_parents: Monocarboxylic acids and derivatives
4253267,CHEMONTID:0002228,alternative_parents: Dialkylamines
4253267,CHEMONTID:0001205,alternative_parents: Carboxylic acids
4253267,CHEMONTID:0004139,alternative_parents: Azacyclic compounds
4253267,CHEMONTID:0003940,alternative_parents: Organic oxides
4253267,CHEMONTID:0004150,alternative_parents: Hydrocarbon derivatives
4253267,CHEMONTID:0001831,alternative_parents: Carbonyl compounds
4253267,NotAvailable,mMlecular_framework: Aromatic heteromonocyclic compounds
4253267,NotAvailable,"Substituents: [""Gamma amino acid or derivatives"", ""Amino fatty acid"", ""Aralkylamine"", ""Pyridine"", ""Fatty acyl"", ""Heteroaromatic compound"", ""Amino acid"", ""Carboxylic acid"", ""Secondary aliphatic amine"", ""Monocarboxylic acid or derivatives"", ""Secondary amine"", ""Organoheterocyclic compound"", ""Azacycle"", ""Organonitrogen compound"", ""Organic oxygen compound"", ""Organooxygen compound"", ""Organic oxide"", ""Carbonyl group"", ""Amine"", ""Hydrocarbon derivative"", ""Organic nitrogen compound"", ""Aromatic heteromonocyclic compound""]"
4253267,NotAvailable,External_descriptors: []
4253267,NotAvailable,"Ancestors: [""Amines"", ""Amino acids"", ""Amino acids and derivatives"", ""Amino acids, peptides, and analogues"", ""Amino fatty acids"", ""Aralkylamines"", ""Azacyclic compounds"", ""Carbonyl compounds"", ""Carboxylic acids"", ""Carboxylic acids and derivatives"", ""Chemical entities"", ""Dialkylamines"", ""Fatty Acyls"", ""Fatty acids and conjugates"", ""Gamma amino acids and derivatives"", ""Heteroaromatic compounds"", ""Hydrocarbon derivatives"", ""Lipids and lipid-like molecules"", ""Monocarboxylic acids and derivatives"", ""Organic acids and derivatives"", ""Organic compounds"", ""Organic nitrogen compounds"", ""Organic oxides"", ""Organic oxygen compounds"", ""Organoheterocyclic compounds"", ""Organonitrogen compounds"", ""Organooxygen compounds"", ""Organopnictogen compounds"", ""Pyridines and derivatives"", ""Secondary amines""]"
4253267,NotAvailable,"predicted_chebi_terms: [""aralkylamine (CHEBI:18000)"", ""amino fatty acid (CHEBI:59650)"", ""pyridines (CHEBI:26421)"", ""organic aromatic compound (CHEBI:33659)"", ""amino acid (CHEBI:33709)"", ""monocarboxylic acid (CHEBI:25384)"", ""secondary amino compound (CHEBI:50995)"", ""carboxylic acid (CHEBI:33575)"", ""organonitrogen heterocyclic compound (CHEBI:38101)"", ""organic oxide (CHEBI:25701)"", ""organic molecule (CHEBI:72695)"", ""carbonyl compound (CHEBI:36586)"", ""organonitrogen compound (CHEBI:35352)"", ""organooxygen compound (CHEBI:36963)"", ""chemical entity (CHEBI:24431)"", ""nitrogen molecular entity (CHEBI:51143)"", ""organic molecular entity (CHEBI:50860)"", ""amine (CHEBI:32952)"", ""lipid (CHEBI:18059)"", ""organic heterocyclic compound (CHEBI:24532)"", ""organic acid (CHEBI:64709)"", ""secondary amine (CHEBI:32863)"", ""oxygen molecular entity (CHEBI:25806)"", ""carboxylic acid anion (CHEBI:29067)"", ""peptide (CHEBI:16670)""]"
4253267,NotAvailable,"predicted_lipidmaps_terms: [""Amino fatty acids (FA0110)"", ""Fatty Acyls (FA)"", ""Fatty Acids and Conjugates (FA01)""]"
4253267,NotAvailable,Classification_version: 2.1
4306515,CHEMONTID:0000000,Kingdom: Organic compounds
4306515,CHEMONTID:0000002,Superclass: Organoheterocyclic compounds
4306515,CHEMONTID:0000436,Class: Azoles
4306515,CHEMONTID:0000087,Subclass: Pyrazoles
4306515,CHEMONTID:0002019,Direct_parent: Phenylpyrazoles
4306515,CHEMONTID:0003999,alternative_parents: Methoxyanilines
4306515,CHEMONTID:0004742,alternative_parents: Phenoxy compounds
4306515,CHEMONTID:0004113,alternative_parents: Methoxybenzenes
4306515,CHEMONTID:0000138,alternative_parents: Anisoles
4306515,CHEMONTID:0001099,alternative_parents: Chlorobenzenes
4306515,CHEMONTID:0000128,alternative_parents: Alkyl aryl ethers
4306515,CHEMONTID:0001030,alternative_parents: Aryl chlorides
4306515,CHEMONTID:0004144,alternative_parents: Heteroaromatic compounds
4306515,CHEMONTID:0004139,alternative_parents: Azacyclic compounds
4306515,CHEMONTID:0004557,alternative_parents: Organopnictogen compounds
4306515,CHEMONTID:0000278,alternative_parents: Organonitrogen compounds
4306515,CHEMONTID:0001517,alternative_parents: Organofluorides
4306515,CHEMONTID:0001516,alternative_parents: Organochlorides
4306515,CHEMONTID:0004150,alternative_parents: Hydrocarbon derivatives
4306515,CHEMONTID:0001027,alternative_parents: Alkyl fluorides
4306515,NotAvailable,mMlecular_framework: Aromatic heteromonocyclic compounds
4306515,NotAvailable,"Substituents: [""Phenylpyrazole"", ""Methoxyaniline"", ""Phenoxy compound"", ""Anisole"", ""Methoxybenzene"", ""Phenol ether"", ""Alkyl aryl ether"", ""Chlorobenzene"", ""Halobenzene"", ""Aryl chloride"", ""Aryl halide"", ""Monocyclic benzene moiety"", ""Benzenoid"", ""Heteroaromatic compound"", ""Azacycle"", ""Ether"", ""Organohalogen compound"", ""Organonitrogen compound"", ""Alkyl fluoride"", ""Organooxygen compound"", ""Organic nitrogen compound"", ""Hydrocarbon derivative"", ""Organopnictogen compound"", ""Organic oxygen compound"", ""Alkyl halide"", ""Organochloride"", ""Organofluoride"", ""Aromatic heteromonocyclic compound""]"
4306515,NotAvailable,"External_descriptors: [[""source: CHEBI"", ""source_id: CHEBI:76274"", ""annotation: [\""organofluorine compound\"", \""pyrazoles\"", \""aromatic ether\"", \""organochlorine compound\""]""]]"
4306515,NotAvailable,"Ancestors: [""Alkyl aryl ethers"", ""Alkyl fluorides"", ""Alkyl halides"", ""Aniline and substituted anilines"", ""Anisoles"", ""Aryl chlorides"", ""Aryl halides"", ""Azacyclic compounds"", ""Azoles"", ""Benzene and substituted derivatives"", ""Benzenoids"", ""Chemical entities"", ""Chlorobenzenes"", ""Ethers"", ""Halobenzenes"", ""Heteroaromatic compounds"", ""Hydrocarbon derivatives"", ""Methoxyanilines"", ""Methoxybenzenes"", ""Organic compounds"", ""Organic nitrogen compounds"", ""Organic oxygen compounds"", ""Organochlorides"", ""Organofluorides"", ""Organohalogen compounds"", ""Organoheterocyclic compounds"", ""Organonitrogen compounds"", ""Organooxygen compounds"", ""Organopnictogen compounds"", ""Phenol ethers"", ""Phenoxy compounds"", ""Phenylpyrazoles"", ""Pyrazoles""]"
4306515,NotAvailable,"predicted_chebi_terms: [""substituted aniline (CHEBI:48975)"", ""methoxybenzene (CHEBI:51683)"", ""benzenes (CHEBI:22712)"", ""organochlorine compound (CHEBI:36683)"", ""aromatic ether (CHEBI:35618)"", ""organic aromatic compound (CHEBI:33659)"", ""organonitrogen heterocyclic compound (CHEBI:38101)"", ""pnictogen molecular entity (CHEBI:33302)"", ""organic molecular entity (CHEBI:50860)"", ""organonitrogen compound (CHEBI:35352)"", ""organofluorine compound (CHEBI:37143)"", ""organic molecule (CHEBI:72695)"", ""ring assembly (CHEBI:36820)"", ""pyrazoles (CHEBI:26410)"", ""chemical entity (CHEBI:24431)"", ""benzenoid aromatic compound (CHEBI:33836)"", ""anilines (CHEBI:22562)"", ""organohalogen compound (CHEBI:36684)"", ""oxygen molecular entity (CHEBI:25806)"", ""organooxygen compound (CHEBI:36963)"", ""ether (CHEBI:25698)"", ""haloarene (CHEBI:50887)"", ""organic heterocyclic compound (CHEBI:24532)"", ""nitrogen molecular entity (CHEBI:51143)"", ""haloalkane (CHEBI:24469)"", ""azole (CHEBI:68452)""]"
4306515,NotAvailable,predicted_lipidmaps_terms: []
4306515,NotAvailable,Classification_version: 2.1
4307039,CHEMONTID:0000000,Kingdom: Organic compounds
4307039,CHEMONTID:0000012,Superclass: Lipids and lipid-like molecules
4307039,CHEMONTID:0003909,Class: Fatty Acyls
4307039,CHEMONTID:0000513,Subclass: Eicosanoids
4307039,CHEMONTID:0000514,Direct_parent: Prostaglandins and related compounds
4307039,CHEMONTID:0002949,alternative_parents: Long-chain fatty acids
4307039,CHEMONTID:0000341,alternative_parents: Hydroxy fatty acids
4307039,CHEMONTID:0000339,alternative_parents: Unsaturated fatty acids
4307039,CHEMONTID:0002938,alternative_parents: Cyclopentanols
4307039,CHEMONTID:0003487,alternative_parents: Cyclic ketones
4307039,CHEMONTID:0001292,alternative_parents: Cyclic alcohols and derivatives
4307039,CHEMONTID:0001137,alternative_parents: Monocarboxylic acids and derivatives
4307039,CHEMONTID:0001205,alternative_parents: Carboxylic acids
4307039,CHEMONTID:0003940,alternative_parents: Organic oxides
4307039,CHEMONTID:0004150,alternative_parents: Hydrocarbon derivatives
4307039,NotAvailable,mMlecular_framework: Aliphatic homomonocyclic compounds
4307039,NotAvailable,"Substituents: [""Prostaglandin skeleton"", ""Long-chain fatty acid"", ""Hydroxy fatty acid"", ""Cyclopentanol"", ""Fatty acid"", ""Unsaturated fatty acid"", ""Cyclic alcohol"", ""Ketone"", ""Cyclic ketone"", ""Secondary alcohol"", ""Carboxylic acid"", ""Carboxylic acid derivative"", ""Monocarboxylic acid or derivatives"", ""Alcohol"", ""Hydrocarbon derivative"", ""Organic oxide"", ""Organic oxygen compound"", ""Organooxygen compound"", ""Carbonyl group"", ""Aliphatic homomonocyclic compound""]"
4307039,NotAvailable,External_descriptors: []
4307039,NotAvailable,"Ancestors: [""Alcohols and polyols"", ""Carbonyl compounds"", ""Carboxylic acids"", ""Carboxylic acids and derivatives"", ""Chemical entities"", ""Cyclic alcohols and derivatives"", ""Cyclic ketones"", ""Cyclopentanols"", ""Eicosanoids"", ""Fatty Acyls"", ""Fatty acids and conjugates"", ""Hydrocarbon derivatives"", ""Hydroxy fatty acids"", ""Ketones"", ""Lipids and lipid-like molecules"", ""Long-chain fatty acids"", ""Monocarboxylic acids and derivatives"", ""Organic acids and derivatives"", ""Organic compounds"", ""Organic oxides"", ""Organic oxygen compounds"", ""Organooxygen compounds"", ""Prostaglandins and related compounds"", ""Secondary alcohols"", ""Unsaturated fatty acids""]"
4307039,NotAvailable,"predicted_chebi_terms: [""long-chain fatty acid (CHEBI:15904)"", ""hydroxy fatty acid (CHEBI:24654)"", ""unsaturated fatty acid (CHEBI:27208)"", ""cyclopentanols (CHEBI:23495)"", ""cyclic ketone (CHEBI:3992)"", ""organic hydroxy compound (CHEBI:33822)"", ""carbonyl compound (CHEBI:36586)"", ""carboxylic acid (CHEBI:33575)"", ""carboxylic acid anion (CHEBI:29067)"", ""organic oxide (CHEBI:25701)"", ""organic molecule (CHEBI:72695)"", ""prostanoid (CHEBI:26347)"", ""chemical entity (CHEBI:24431)"", ""lipid (CHEBI:18059)"", ""organooxygen compound (CHEBI:36963)"", ""monocarboxylic acid (CHEBI:25384)"", ""oxygen molecular entity (CHEBI:25806)"", ""organic molecular entity (CHEBI:50860)"", ""polyol (CHEBI:26191)"", ""alcohol (CHEBI:30879)"", ""secondary alcohol (CHEBI:35681)"", ""ketone (CHEBI:17087)"", ""icosanoid (CHEBI:23899)""]"
4307039,NotAvailable,"predicted_lipidmaps_terms: [""Fatty Acids and Conjugates (FA01)"", ""Hydroxy fatty acids (FA0105)"", ""Unsaturated fatty acids (FA0103)"", ""Prostaglandins (FA0301)"", ""Fatty Acyls (FA)"", ""Eicosanoids (FA03)""]"
4307039,NotAvailable,Classification_version: 2.1
4311764,CHEMONTID:0000001,Kingdom: Inorganic compounds
4311764,CHEMONTID:0000424,Superclass: Mixed metal/non-metal compounds
4311764,CHEMONTID:0001270,Class: Miscellaneous mixed metal/non-metals
4311764,CHEMONTID:0001270,Direct_parent: Miscellaneous mixed metal/non-metals
4311764,CHEMONTID:0000442,alternative_parents: Metalloid salts
4311764,CHEMONTID:0004102,alternative_parents: Inorganic sodium salts
4311764,NotAvailable,"Substituents: [""Inorganic sodium salt"", ""Inorganic salt"", ""Miscellaneous mixed metal/non-metal"", ""Inorganic metalloid salt""]"
4311764,NotAvailable,"External_descriptors: [[""source: CHEBI"", ""source_id: CHEBI:50985"", ""annotation: [\""inorganic sodium salt\"", \""metal tetrahydridoborate\""]""]]"
4311764,NotAvailable,"Ancestors: [""Chemical entities"", ""Inorganic compounds"", ""Inorganic salts"", ""Inorganic sodium salts"", ""Metalloid salts"", ""Miscellaneous mixed metal/non-metals"", ""Mixed metal/non-metal compounds""]"
4311764,NotAvailable,"predicted_chebi_terms: [""inorganic salt (CHEBI:24839)"", ""inorganic sodium salt (CHEBI:38702)"", ""inorganic molecular entity (CHEBI:24835)"", ""chemical entity (CHEBI:24431)""]"
4311764,NotAvailable,predicted_lipidmaps_terms: []
4311764,NotAvailable,Classification_version: 2.1
4345065,CHEMONTID:0000000,Kingdom: Organic compounds
4345065,CHEMONTID:0000264,Superclass: Organic acids and derivatives
4345065,CHEMONTID:0000265,Class: Carboxylic acids and derivatives
4345065,CHEMONTID:0000013,"Subclass: Amino acids, peptides, and analogues"
4345065,CHEMONTID:0000348,Intermediate_nodes: Peptides
4345065,CHEMONTID:0004831,Direct_parent: Oligopeptides
4345065,CHEMONTID:0004321,alternative_parents: Phenylalanine and derivatives
4345065,CHEMONTID:0004311,alternative_parents: Histidine and derivatives
4345065,CHEMONTID:0001189,alternative_parents: N-acyl-alpha amino acids and derivatives
4345065,CHEMONTID:0000183,alternative_parents: Tryptamines and derivatives
4345065,CHEMONTID:0002309,alternative_parents: Alpha amino acid amides
4345065,CHEMONTID:0004314,alternative_parents: Alanine and derivatives
4345065,CHEMONTID:0004196,alternative_parents: 3-alkylindoles
4345065,CHEMONTID:0000188,alternative_parents: Amphetamines and derivatives
4345065,CHEMONTID:0003899,alternative_parents: Aralkylamines
4345065,CHEMONTID:0002257,alternative_parents: Substituted pyrroles
4345065,CHEMONTID:0000331,alternative_parents: Fatty amides
4345065,CHEMONTID:0000078,alternative_parents: Imidazoles
4345065,CHEMONTID:0004144,alternative_parents: Heteroaromatic compounds
4345065,CHEMONTID:0001663,alternative_parents: Secondary carboxylic acid amides
4345065,CHEMONTID:0001662,alternative_parents: Primary carboxylic acid amides
4345065,CHEMONTID:0004139,alternative_parents: Azacyclic compounds
4345065,CHEMONTID:0001831,alternative_parents: Carbonyl compounds
4345065,CHEMONTID:0004150,alternative_parents: Hydrocarbon derivatives
4345065,CHEMONTID:0000469,alternative_parents: Monoalkylamines
4345065,CHEMONTID:0003940,alternative_parents: Organic oxides
4345065,NotAvailable,mMlecular_framework: Aromatic heteropolycyclic compounds
4345065,NotAvailable,"Substituents: [""Alpha-oligopeptide"", ""Phenylalanine or derivatives"", ""Histidine or derivatives"", ""N-acyl-alpha amino acid or derivatives"", ""Alpha-amino acid amide"", ""Triptan"", ""Alanine or derivatives"", ""N-substituted-alpha-amino acid"", ""Alpha-amino acid or derivatives"", ""Amphetamine or derivatives"", ""3-alkylindole"", ""Indole or derivatives"", ""Indole"", ""Aralkylamine"", ""Monocyclic benzene moiety"", ""Substituted pyrrole"", ""Fatty amide"", ""Fatty acyl"", ""Benzenoid"", ""Heteroaromatic compound"", ""Pyrrole"", ""Imidazole"", ""Azole"", ""Amino acid or derivatives"", ""Carboxamide group"", ""Secondary carboxylic acid amide"", ""Primary carboxylic acid amide"", ""Organoheterocyclic compound"", ""Azacycle"", ""Amine"", ""Organic oxide"", ""Organic oxygen compound"", ""Carbonyl group"", ""Hydrocarbon derivative"", ""Organic nitrogen compound"", ""Primary amine"", ""Organooxygen compound"", ""Primary aliphatic amine"", ""Organonitrogen compound"", ""Aromatic heteropolycyclic compound""]"
4345065,NotAvailable,External_descriptors: []
4345065,NotAvailable,"Ancestors: [""3-alkylindoles"", ""Alanine and derivatives"", ""Alpha amino acid amides"", ""Alpha amino acids and derivatives"", ""Amines"", ""Amino acids and derivatives"", ""Amino acids, peptides, and analogues"", ""Amphetamines and derivatives"", ""Aralkylamines"", ""Azacyclic compounds"", ""Azoles"", ""Benzene and substituted derivatives"", ""Benzenoids"", ""Carbonyl compounds"", ""Carboxylic acid amides"", ""Carboxylic acid derivatives"", ""Carboxylic acids and derivatives"", ""Chemical entities"", ""Fatty Acyls"", ""Fatty amides"", ""Heteroaromatic compounds"", ""Histidine and derivatives"", ""Hydrocarbon derivatives"", ""Imidazoles"", ""Indoles"", ""Indoles and derivatives"", ""Lipids and lipid-like molecules"", ""Monoalkylamines"", ""N-acyl-alpha amino acids and derivatives"", ""Oligopeptides"", ""Organic acids and derivatives"", ""Organic compounds"", ""Organic nitrogen compounds"", ""Organic oxides"", ""Organic oxygen compounds"", ""Organoheterocyclic compounds"", ""Organonitrogen compounds"", ""Organooxygen compounds"", ""Organopnictogen compounds"", ""Peptides"", ""Phenethylamines"", ""Phenylalanine and derivatives"", ""Primary amines"", ""Primary carboxylic acid amides"", ""Pyrroles"", ""Secondary carboxylic acid amides"", ""Substituted pyrroles"", ""Tryptamines and derivatives""]"
4345065,NotAvailable,"predicted_chebi_terms: [""phenylalanine derivative (CHEBI:25985)"", ""histidine derivative (CHEBI:24599)"", ""N-acyl-amino acid (CHEBI:51569)"", ""tryptamines (CHEBI:27162)"", ""amino acid amide (CHEBI:22475)"", ""alanine derivative (CHEBI:22278)"", ""indoles (CHEBI:24828)"", ""amphetamines (CHEBI:35338)"", ""aralkylamine (CHEBI:18000)"", ""pyrroles (CHEBI:26455)"", ""fatty amide (CHEBI:29348)"", ""imidazoles (CHEBI:24780)"", ""organic aromatic compound (CHEBI:33659)"", ""carboxamide (CHEBI:37622)"", ""organonitrogen heterocyclic compound (CHEBI:38101)"", ""carbonyl compound (CHEBI:36586)"", ""organic molecule (CHEBI:72695)"", ""alkylamine (CHEBI:13759)"", ""organic oxide (CHEBI:25701)"", ""oligopeptide (CHEBI:25676)"", ""chemical entity (CHEBI:24431)"", ""organic acid (CHEBI:64709)"", ""carboxylic acid (CHEBI:33575)"", ""organonitrogen compound (CHEBI:35352)"", ""organooxygen compound (CHEBI:36963)"", ""organic heterocyclic compound (CHEBI:24532)"", ""benzenoid aromatic compound (CHEBI:33836)"", ""benzenes (CHEBI:22712)"", ""primary amine (CHEBI:32877)"", ""nitrogen molecular entity (CHEBI:51143)"", ""organic molecular entity (CHEBI:50860)"", ""amine (CHEBI:32952)"", ""lipid (CHEBI:18059)"", ""azole (CHEBI:68452)"", ""amide (CHEBI:32988)"", ""oxygen molecular entity (CHEBI:25806)"", ""peptide (CHEBI:16670)"", ""amino acid (CHEBI:33709)""]"
4345065,NotAvailable,"predicted_lipidmaps_terms: [""Fatty amides (FA08)"", ""Fatty Acyls (FA)""]"
4345065,NotAvailable,Classification_version: 2.1
4363341,CHEMONTID:0000000,Kingdom: Organic compounds
4363341,CHEMONTID:0000012,Superclass: Lipids and lipid-like molecules
4363341,CHEMONTID:0000259,Class: Prenol lipids
4363341,CHEMONTID:0001606,Subclass: Retinoids
4363341,CHEMONTID:0001606,Direct_parent: Retinoids
4363341,CHEMONTID:0001551,alternative_parents: Diterpenoids
4363341,CHEMONTID:0001334,alternative_parents: Fatty alcohols
4363341,CHEMONTID:0001661,alternative_parents: Secondary alcohols
4363341,CHEMONTID:0000286,alternative_parents: Primary alcohols
4363341,CHEMONTID:0004150,alternative_parents: Hydrocarbon derivatives
4363341,NotAvailable,mMlecular_framework: Aliphatic homomonocyclic compounds
4363341,NotAvailable,"Substituents: [""Retinoid skeleton"", ""Diterpenoid"", ""Fatty alcohol"", ""Fatty acyl"", ""Secondary alcohol"", ""Organic oxygen compound"", ""Hydrocarbon derivative"", ""Primary alcohol"", ""Organooxygen compound"", ""Alcohol"", ""Aliphatic homomonocyclic compound""]"
4363341,NotAvailable,External_descriptors: []
4363341,NotAvailable,"Ancestors: [""Alcohols and polyols"", ""Chemical entities"", ""Diterpenoids"", ""Fatty Acyls"", ""Fatty alcohols"", ""Hydrocarbon derivatives"", ""Lipids and lipid-like molecules"", ""Organic compounds"", ""Organic oxygen compounds"", ""Organooxygen compounds"", ""Prenol lipids"", ""Primary alcohols"", ""Retinoids"", ""Secondary alcohols""]"
4363341,NotAvailable,"predicted_chebi_terms: [""diterpenoid (CHEBI:23849)"", ""aliphatic alcohol (CHEBI:2571)"", ""secondary alcohol (CHEBI:35681)"", ""primary alcohol (CHEBI:15734)"", ""organic molecule (CHEBI:72695)"", ""retinoid (CHEBI:26537)"", ""chemical entity (CHEBI:24431)"", ""lipid (CHEBI:18059)"", ""ether lipid (CHEBI:64611)"", ""organooxygen compound (CHEBI:36963)"", ""oxygen molecular entity (CHEBI:25806)"", ""organic molecular entity (CHEBI:50860)"", ""polyol (CHEBI:26191)"", ""organic hydroxy compound (CHEBI:33822)"", ""alcohol (CHEBI:30879)""]"
4363341,NotAvailable,"predicted_lipidmaps_terms: [""C20 isoprenoids (diterpenes) (PR0104)"", ""Fatty alcohols (FA05)"", ""Retinoids (PR0109)"", ""Prenol Lipids (PR)"", ""Fatty Acyls (FA)""]"
4363341,NotAvailable,Classification_version: 2.1
4369359,CHEMONTID:0000000,Kingdom: Organic compounds
4369359,CHEMONTID:0000264,Superclass: Organic acids and derivatives
4369359,CHEMONTID:0000265,Class: Carboxylic acids and derivatives
4369359,CHEMONTID:0000013,"Subclass: Amino acids, peptides, and analogues"
4369359,CHEMONTID:0000347,Intermediate_nodes: Amino acids and derivatives
4369359,CHEMONTID:0001878,Direct_parent: Beta amino acids and derivatives
4369359,CHEMONTID:0000188,alternative_parents: Amphetamines and derivatives
4369359,CHEMONTID:0000313,alternative_parents: Triazolopyrazines
4369359,CHEMONTID:0003899,alternative_parents: Aralkylamines
4369359,CHEMONTID:0001100,alternative_parents: Fluorobenzenes
4369359,CHEMONTID:0000067,alternative_parents: Pyrazines
4369359,CHEMONTID:0001031,alternative_parents: Aryl fluorides
4369359,CHEMONTID:0000099,alternative_parents: Triazoles
4369359,CHEMONTID:0001664,alternative_parents: Tertiary carboxylic acid amides
4369359,CHEMONTID:0004144,alternative_parents: Heteroaromatic compounds
4369359,CHEMONTID:0004139,alternative_parents: Azacyclic compounds
4369359,CHEMONTID:0004150,alternative_parents: Hydrocarbon derivatives
4369359,CHEMONTID:0001831,alternative_parents: Carbonyl compounds
4369359,CHEMONTID:0000469,alternative_parents: Monoalkylamines
4369359,CHEMONTID:0003940,alternative_parents: Organic oxides
4369359,CHEMONTID:0001517,alternative_parents: Organofluorides
4369359,CHEMONTID:0004557,alternative_parents: Organopnictogen compounds
4369359,CHEMONTID:0001027,alternative_parents: Alkyl fluorides
4369359,NotAvailable,mMlecular_framework: Aromatic heteropolycyclic compounds
4369359,NotAvailable,"Substituents: [""Beta amino acid or derivatives"", ""Amphetamine or derivatives"", ""Triazolopyrazine"", ""Fluorobenzene"", ""Halobenzene"", ""Aralkylamine"", ""Aryl fluoride"", ""Aryl halide"", ""Monocyclic benzene moiety"", ""Pyrazine"", ""Benzenoid"", ""1,2,4-triazole"", ""Triazole"", ""Tertiary carboxylic acid amide"", ""Heteroaromatic compound"", ""Azole"", ""Carboxamide group"", ""Azacycle"", ""Organoheterocyclic compound"", ""Organic nitrogen compound"", ""Organohalogen compound"", ""Primary aliphatic amine"", ""Organic oxide"", ""Organopnictogen compound"", ""Organofluoride"", ""Carbonyl group"", ""Organic oxygen compound"", ""Amine"", ""Organonitrogen compound"", ""Alkyl halide"", ""Alkyl fluoride"", ""Hydrocarbon derivative"", ""Organooxygen compound"", ""Primary amine"", ""Aromatic heteropolycyclic compound""]"
4369359,NotAvailable,"External_descriptors: [[""source: CHEBI"", ""source_id: CHEBI:40237"", ""annotation: [\""trifluorobenzene\"", \""triazolopyrazine\""]""]]"
4369359,NotAvailable,"Ancestors: [""Alkyl fluorides"", ""Alkyl halides"", ""Amines"", ""Amino acids and derivatives"", ""Amino acids, peptides, and analogues"", ""Amphetamines and derivatives"", ""Aralkylamines"", ""Aryl fluorides"", ""Aryl halides"", ""Azacyclic compounds"", ""Azoles"", ""Benzene and substituted derivatives"", ""Benzenoids"", ""Beta amino acids and derivatives"", ""Carbonyl compounds"", ""Carboxylic acid amides"", ""Carboxylic acid derivatives"", ""Carboxylic acids and derivatives"", ""Chemical entities"", ""Diazines"", ""Fluorobenzenes"", ""Halobenzenes"", ""Heteroaromatic compounds"", ""Hydrocarbon derivatives"", ""Monoalkylamines"", ""Organic acids and derivatives"", ""Organic compounds"", ""Organic nitrogen compounds"", ""Organic oxides"", ""Organic oxygen compounds"", ""Organofluorides"", ""Organohalogen compounds"", ""Organoheterocyclic compounds"", ""Organonitrogen compounds"", ""Organooxygen compounds"", ""Organopnictogen compounds"", ""Phenethylamines"", ""Primary amines"", ""Pyrazines"", ""Tertiary carboxylic acid amides"", ""Triazoles"", ""Triazolopyrazines""]"
4369359,NotAvailable,"predicted_chebi_terms: [""amphetamines (CHEBI:35338)"", ""triazolopyrazine (CHEBI:48277)"", ""aralkylamine (CHEBI:18000)"", ""organofluorine compound (CHEBI:37143)"", ""pyrazines (CHEBI:38314)"", ""triazoles (CHEBI:35727)"", ""carboxamide (CHEBI:37622)"", ""organic aromatic compound (CHEBI:33659)"", ""organonitrogen heterocyclic compound (CHEBI:38101)"", ""organic molecule (CHEBI:72695)"", ""carbonyl compound (CHEBI:36586)"", ""alkylamine (CHEBI:13759)"", ""organic oxide (CHEBI:25701)"", ""pnictogen molecular entity (CHEBI:33302)"", ""organic molecular entity (CHEBI:50860)"", ""organonitrogen compound (CHEBI:35352)"", ""organooxygen compound (CHEBI:36963)"", ""chemical entity (CHEBI:24431)"", ""benzenoid aromatic compound (CHEBI:33836)"", ""benzenes (CHEBI:22712)"", ""primary amine (CHEBI:32877)"", ""organic heterocyclic compound (CHEBI:24532)"", ""nitrogen molecular entity (CHEBI:51143)"", ""amine (CHEBI:32952)"", ""organohalogen compound (CHEBI:36684)"", ""diazines (CHEBI:38313)"", ""haloarene (CHEBI:50887)"", ""azole (CHEBI:68452)"", ""amide (CHEBI:32988)"", ""oxygen molecular entity (CHEBI:25806)"", ""haloalkane (CHEBI:24469)"", ""amino acid (CHEBI:33709)"", ""peptide (CHEBI:16670)""]"
4369359,NotAvailable,predicted_lipidmaps_terms: []
4369359,NotAvailable,Classification_version: 2.1
4373102,CHEMONTID:0000000,Kingdom: Organic compounds
4373102,CHEMONTID:0000002,Superclass: Organoheterocyclic compounds
4373102,CHEMONTID:0000123,Class: Benzopyrans
4373102,CHEMONTID:0003410,Subclass: 1-benzopyrans
4373102,CHEMONTID:0003522,"Direct_parent: 2,2-dimethyl-1-benzopyrans"
4373102,CHEMONTID:0000128,alternative_parents: Alkyl aryl ethers
4373102,CHEMONTID:0002448,alternative_parents: Benzenoids
4373102,CHEMONTID:0004140,alternative_parents: Oxacyclic compounds
4373102,CHEMONTID:0004150,alternative_parents: Hydrocarbon derivatives
4373102,NotAvailable,mMlecular_framework: Aromatic heteropolycyclic compounds
4373102,NotAvailable,"Substituents: [""2,2-dimethyl-1-benzopyran"", ""Alkyl aryl ether"", ""Benzenoid"", ""Oxacycle"", ""Ether"", ""Organic oxygen compound"", ""Hydrocarbon derivative"", ""Organooxygen compound"", ""Aromatic heteropolycyclic compound""]"
4373102,NotAvailable,External_descriptors: []
4373102,NotAvailable,"Ancestors: [""1-benzopyrans"", ""2,2-dimethyl-1-benzopyrans"", ""Alkyl aryl ethers"", ""Benzenoids"", ""Benzopyrans"", ""Chemical entities"", ""Ethers"", ""Hydrocarbon derivatives"", ""Organic compounds"", ""Organic oxygen compounds"", ""Organoheterocyclic compounds"", ""Organooxygen compounds"", ""Oxacyclic compounds""]"
4373102,NotAvailable,"predicted_chebi_terms: [""aromatic ether (CHEBI:35618)"", ""benzenoid aromatic compound (CHEBI:33836)"", ""oxacycle (CHEBI:38104)"", ""organic molecule (CHEBI:72695)"", ""1-benzopyran (CHEBI:38443)"", ""chemical entity (CHEBI:24431)"", ""oxygen molecular entity (CHEBI:25806)"", ""organic molecular entity (CHEBI:50860)"", ""organooxygen compound (CHEBI:36963)"", ""ether (CHEBI:25698)"", ""organic heterocyclic compound (CHEBI:24532)"", ""benzopyran (CHEBI:22727)""]"
4373102,NotAvailable,"predicted_lipidmaps_terms: [""Benzopyranoids (PK1311)""]"
4373102,NotAvailable,Classification_version: 2.1
4396344,CHEMONTID:0000000,Kingdom: Organic compounds
4396344,CHEMONTID:0000279,Superclass: Alkaloids and derivatives
4396344,CHEMONTID:0000058,Class: Morphinans
4396344,CHEMONTID:0000058,Direct_parent: Morphinans
4396344,CHEMONTID:0000025,alternative_parents: Phenanthrenes and derivatives
4396344,CHEMONTID:0000210,alternative_parents: Carbazoles
4396344,CHEMONTID:0000048,alternative_parents: Tetralins
4396344,CHEMONTID:0004196,alternative_parents: 3-alkylindoles
4396344,CHEMONTID:0004189,alternative_parents: Coumarans
4396344,CHEMONTID:0004646,alternative_parents: 1-hydroxy-2-unsubstituted benzenoids
4396344,CHEMONTID:0000128,alternative_parents: Alkyl aryl ethers
4396344,CHEMONTID:0003899,alternative_parents: Aralkylamines
4396344,CHEMONTID:0000195,alternative_parents: Piperidines
4396344,CHEMONTID:0001670,alternative_parents: Tertiary alcohols
4396344,CHEMONTID:0000090,alternative_parents: Pyrroles
4396344,CHEMONTID:0004144,alternative_parents: Heteroaromatic compounds
4396344,CHEMONTID:0002239,alternative_parents: Trialkylamines
4396344,CHEMONTID:0001897,"alternative_parents: 1,2-aminoalcohols"
4396344,CHEMONTID:0000375,alternative_parents: Guanidines
4396344,CHEMONTID:0003633,"alternative_parents: Propargyl-type 1,3-dipolar organic compounds"
4396344,CHEMONTID:0004140,alternative_parents: Oxacyclic compounds
4396344,CHEMONTID:0004139,alternative_parents: Azacyclic compounds
4396344,CHEMONTID:0004150,alternative_parents: Hydrocarbon derivatives
4396344,CHEMONTID:0004557,alternative_parents: Organopnictogen compounds
4396344,NotAvailable,mMlecular_framework: Aromatic heteropolycyclic compounds
4396344,NotAvailable,"Substituents: [""Morphinan"", ""Phenanthrene"", ""Carbazole"", ""Tetralin"", ""3-alkylindole"", ""Indole"", ""Indole or derivatives"", ""Coumaran"", ""Alkyl aryl ether"", ""1-hydroxy-2-unsubstituted benzenoid"", ""Aralkylamine"", ""Benzenoid"", ""Piperidine"", ""Heteroaromatic compound"", ""Tertiary alcohol"", ""Pyrrole"", ""1,2-aminoalcohol"", ""Guanidine"", ""Tertiary aliphatic amine"", ""Tertiary amine"", ""Azacycle"", ""Organic 1,3-dipolar compound"", ""Organoheterocyclic compound"", ""Ether"", ""Propargyl-type 1,3-dipolar organic compound"", ""Oxacycle"", ""Alcohol"", ""Amine"", ""Organic oxygen compound"", ""Organopnictogen compound"", ""Organonitrogen compound"", ""Organooxygen compound"", ""Hydrocarbon derivative"", ""Organic nitrogen compound"", ""Aromatic heteropolycyclic compound""]"
4396344,NotAvailable,External_descriptors: []
4396344,NotAvailable,"Ancestors: [""1,2-aminoalcohols"", ""1-hydroxy-2-unsubstituted benzenoids"", ""3-alkylindoles"", ""Alcohols and polyols"", ""Alkaloids and derivatives"", ""Alkanolamines"", ""Alkyl aryl ethers"", ""Amines"", ""Aralkylamines"", ""Azacyclic compounds"", ""Benzenoids"", ""Carbazoles"", ""Chemical entities"", ""Coumarans"", ""Ethers"", ""Guanidines"", ""Heteroaromatic compounds"", ""Hydrocarbon derivatives"", ""Indoles"", ""Indoles and derivatives"", ""Morphinans"", ""Organic 1,3-dipolar compounds"", ""Organic compounds"", ""Organic nitrogen compounds"", ""Organic oxygen compounds"", ""Organoheterocyclic compounds"", ""Organonitrogen compounds"", ""Organooxygen compounds"", ""Organopnictogen compounds"", ""Oxacyclic compounds"", ""Phenanthrenes and derivatives"", ""Phenols"", ""Piperidines"", ""Propargyl-type 1,3-dipolar organic compounds"", ""Pyrroles"", ""Tertiary alcohols"", ""Tertiary amines"", ""Tetralins"", ""Trialkylamines""]"
4396344,NotAvailable,"predicted_chebi_terms: [""phenanthrenes (CHEBI:25961)"", ""carbazoles (CHEBI:48513)"", ""tetralins (CHEBI:36786)"", ""indoles (CHEBI:24828)"", ""1-benzofurans (CHEBI:38830)"", ""phenols (CHEBI:33853)"", ""aromatic ether (CHEBI:35618)"", ""aralkylamine (CHEBI:18000)"", ""piperidines (CHEBI:26151)"", ""tertiary alcohol (CHEBI:26878)"", ""pyrroles (CHEBI:26455)"", ""organic aromatic compound (CHEBI:33659)"", ""tertiary amino compound (CHEBI:50996)"", ""amino alcohol (CHEBI:22478)"", ""guanidines (CHEBI:24436)"", ""dipolar compound (CHEBI:51151)"", ""oxacycle (CHEBI:38104)"", ""organonitrogen heterocyclic compound (CHEBI:38101)"", ""organic molecule (CHEBI:72695)"", ""pnictogen molecular entity (CHEBI:33302)"", ""organic molecular entity (CHEBI:50860)"", ""morphinane alkaloid (CHEBI:25418)"", ""chemical entity (CHEBI:24431)"", ""benzenoid aromatic compound (CHEBI:33836)"", ""organic heterocyclic compound (CHEBI:24532)"", ""oxygen molecular entity (CHEBI:25806)"", ""organooxygen compound (CHEBI:36963)"", ""ether (CHEBI:25698)"", ""nitrogen molecular entity (CHEBI:51143)"", ""organonitrogen compound (CHEBI:35352)"", ""amine (CHEBI:32952)"", ""polyol (CHEBI:26191)"", ""organic hydroxy compound (CHEBI:33822)"", ""alcohol (CHEBI:30879)"", ""tertiary amine (CHEBI:32876)"", ""alkaloid (CHEBI:22315)""]"
4396344,NotAvailable,predicted_lipidmaps_terms: []
4396344,NotAvailable,Classification_version: 2.1
4440947,CHEMONTID:0000000,Kingdom: Organic compounds
4440947,CHEMONTID:0000264,Superclass: Organic acids and derivatives
4440947,CHEMONTID:0000265,Class: Carboxylic acids and derivatives
4440947,CHEMONTID:0000013,"Subclass: Amino acids, peptides, and analogues"
4440947,CHEMONTID:0000347,Intermediate_nodes: Amino acids and derivatives
4440947,CHEMONTID:0000060,Direct_parent: Alpha amino acids and derivatives
4440947,CHEMONTID:0000168,alternative_parents: Cephems
4440947,CHEMONTID:0001347,"alternative_parents: 1,3-thiazines"
4440947,CHEMONTID:0001664,alternative_parents: Tertiary carboxylic acid amides
4440947,CHEMONTID:0000102,alternative_parents: Azetidines
4440947,CHEMONTID:0004176,alternative_parents: Amino acids
4440947,CHEMONTID:0001666,alternative_parents: Thiohemiaminal derivatives
4440947,CHEMONTID:0001137,alternative_parents: Monocarboxylic acids and derivatives
4440947,CHEMONTID:0003862,alternative_parents: Dialkylthioethers
4440947,CHEMONTID:0001205,alternative_parents: Carboxylic acids
4440947,CHEMONTID:0004139,alternative_parents: Azacyclic compounds
4440947,CHEMONTID:0003940,alternative_parents: Organic oxides
4440947,CHEMONTID:0000469,alternative_parents: Monoalkylamines
4440947,CHEMONTID:0004150,alternative_parents: Hydrocarbon derivatives
4440947,CHEMONTID:0001831,alternative_parents: Carbonyl compounds
4440947,NotAvailable,mMlecular_framework: Aliphatic heteropolycyclic compounds
4440947,NotAvailable,"Substituents: [""Alpha-amino acid or derivatives"", ""Cephem"", ""Meta-thiazine"", ""Beta-lactam"", ""Tertiary carboxylic acid amide"", ""Azetidine"", ""Amino acid"", ""Carboxamide group"", ""Lactam"", ""Azacycle"", ""Organoheterocyclic compound"", ""Dialkylthioether"", ""Hemithioaminal"", ""Thioether"", ""Carboxylic acid"", ""Monocarboxylic acid or derivatives"", ""Organic nitrogen compound"", ""Primary aliphatic amine"", ""Organonitrogen compound"", ""Organooxygen compound"", ""Primary amine"", ""Carbonyl group"", ""Hydrocarbon derivative"", ""Organic oxide"", ""Amine"", ""Organic oxygen compound"", ""Aliphatic heteropolycyclic compound""]"
4440947,NotAvailable,External_descriptors: []
4440947,NotAvailable,"Ancestors: [""1,3-thiazines"", ""Alpha amino acids and derivatives"", ""Amines"", ""Amino acids"", ""Amino acids and derivatives"", ""Amino acids, peptides, and analogues"", ""Azacyclic compounds"", ""Azetidines"", ""Beta lactams"", ""Carbonyl compounds"", ""Carboxylic acid amides"", ""Carboxylic acid derivatives"", ""Carboxylic acids"", ""Carboxylic acids and derivatives"", ""Cephems"", ""Chemical entities"", ""Dialkylthioethers"", ""Hydrocarbon derivatives"", ""Lactams"", ""Monoalkylamines"", ""Monocarboxylic acids and derivatives"", ""Organic acids and derivatives"", ""Organic compounds"", ""Organic nitrogen compounds"", ""Organic oxides"", ""Organic oxygen compounds"", ""Organoheterocyclic compounds"", ""Organonitrogen compounds"", ""Organooxygen compounds"", ""Organopnictogen compounds"", ""Organosulfur compounds"", ""Primary amines"", ""Tertiary carboxylic acid amides"", ""Thiazines"", ""Thioethers"", ""Thiohemiaminal derivatives""]"
4440947,NotAvailable,"predicted_chebi_terms: [""cephem (CHEBI:38311)"", ""1,3-thiazine (CHEBI:46975)"", ""carboxamide (CHEBI:37622)"", ""azetidines (CHEBI:38777)"", ""amino acid (CHEBI:33709)"", ""organosulfur compound (CHEBI:33261)"", ""monocarboxylic acid (CHEBI:25384)"", ""aliphatic sulfide (CHEBI:22327)"", ""carboxylic acid (CHEBI:33575)"", ""organonitrogen heterocyclic compound (CHEBI:38101)"", ""organic oxide (CHEBI:25701)"", ""alkylamine (CHEBI:13759)"", ""organic molecule (CHEBI:72695)"", ""carbonyl compound (CHEBI:36586)"", ""organonitrogen compound (CHEBI:35352)"", ""organooxygen compound (CHEBI:36963)"", ""chemical entity (CHEBI:24431)"", ""organic heterocyclic compound (CHEBI:24532)"", ""lactam (CHEBI:24995)"", ""beta-lactam (CHEBI:35627)"", ""thiazine (CHEBI:38326)"", ""organic acid (CHEBI:64709)"", ""amide (CHEBI:32988)"", ""organic sulfide (CHEBI:16385)"", ""oxygen molecular entity (CHEBI:25806)"", ""organic molecular entity (CHEBI:50860)"", ""nitrogen molecular entity (CHEBI:51143)"", ""amine (CHEBI:32952)"", ""primary amine (CHEBI:32877)"", ""carboxylic acid anion (CHEBI:29067)"", ""peptide (CHEBI:16670)""]"
4440947,NotAvailable,predicted_lipidmaps_terms: []
4440947,NotAvailable,Classification_version: 2.1
4450329,CHEMONTID:0000000,Kingdom: Organic compounds
4450329,CHEMONTID:0002448,Superclass: Benzenoids
4450329,CHEMONTID:0002279,Class: Benzene and substituted derivatives
4450329,CHEMONTID:0002099,Subclass: Cyclohexylphenols
4450329,CHEMONTID:0002099,Direct_parent: Cyclohexylphenols
4450329,CHEMONTID:0002647,alternative_parents: Cyclohexanols
4450329,CHEMONTID:0003899,alternative_parents: Aralkylamines
4450329,CHEMONTID:0004647,alternative_parents: 1-hydroxy-4-unsubstituted benzenoids
4450329,CHEMONTID:0004646,alternative_parents: 1-hydroxy-2-unsubstituted benzenoids
4450329,CHEMONTID:0001670,alternative_parents: Tertiary alcohols
4450329,CHEMONTID:0001292,alternative_parents: Cyclic alcohols and derivatives
4450329,CHEMONTID:0002228,alternative_parents: Dialkylamines
4450329,CHEMONTID:0004557,alternative_parents: Organopnictogen compounds
4450329,CHEMONTID:0004150,alternative_parents: Hydrocarbon derivatives
4450329,NotAvailable,mMlecular_framework: Aromatic homomonocyclic compounds
4450329,NotAvailable,"Substituents: [""Cyclohexylphenol"", ""Cyclohexanol"", ""Phenol"", ""Aralkylamine"", ""1-hydroxy-2-unsubstituted benzenoid"", ""1-hydroxy-4-unsubstituted benzenoid"", ""Tertiary alcohol"", ""Cyclic alcohol"", ""Secondary amine"", ""Secondary aliphatic amine"", ""Amine"", ""Organooxygen compound"", ""Organonitrogen compound"", ""Organic nitrogen compound"", ""Hydrocarbon derivative"", ""Organopnictogen compound"", ""Organic oxygen compound"", ""Alcohol"", ""Aromatic homomonocyclic compound""]"
4450329,NotAvailable,External_descriptors: []
4450329,NotAvailable,"Ancestors: [""1-hydroxy-2-unsubstituted benzenoids"", ""1-hydroxy-4-unsubstituted benzenoids"", ""Alcohols and polyols"", ""Amines"", ""Aralkylamines"", ""Benzene and substituted derivatives"", ""Benzenoids"", ""Chemical entities"", ""Cyclic alcohols and derivatives"", ""Cyclohexanols"", ""Cyclohexylphenols"", ""Dialkylamines"", ""Hydrocarbon derivatives"", ""Organic compounds"", ""Organic nitrogen compounds"", ""Organic oxygen compounds"", ""Organonitrogen compounds"", ""Organooxygen compounds"", ""Organopnictogen compounds"", ""Phenols"", ""Secondary alcohols"", ""Secondary amines"", ""Tertiary alcohols""]"
4450329,NotAvailable,"predicted_chebi_terms: [""cyclohexanols (CHEBI:23480)"", ""aralkylamine (CHEBI:18000)"", ""phenols (CHEBI:33853)"", ""tertiary alcohol (CHEBI:26878)"", ""organic hydroxy compound (CHEBI:33822)"", ""secondary amino compound (CHEBI:50995)"", ""pnictogen molecular entity (CHEBI:33302)"", ""organic molecular entity (CHEBI:50860)"", ""organic molecule (CHEBI:72695)"", ""alkylbenzene (CHEBI:38976)"", ""ring assembly (CHEBI:36820)"", ""chemical entity (CHEBI:24431)"", ""oxygen molecular entity (CHEBI:25806)"", ""organooxygen compound (CHEBI:36963)"", ""polyol (CHEBI:26191)"", ""alcohol (CHEBI:30879)"", ""secondary alcohol (CHEBI:35681)"", ""nitrogen molecular entity (CHEBI:51143)"", ""organonitrogen compound (CHEBI:35352)"", ""amine (CHEBI:32952)"", ""benzenoid aromatic compound (CHEBI:33836)"", ""secondary amine (CHEBI:32863)"", ""benzenes (CHEBI:22712)""]"
4450329,NotAvailable,predicted_lipidmaps_terms: []
4450329,NotAvailable,Classification_version: 2.1
4456504,CHEMONTID:0000000,Kingdom: Organic compounds
4456504,CHEMONTID:0000012,Superclass: Lipids and lipid-like molecules
4456504,CHEMONTID:0000258,Class: Steroids and steroid derivatives
4456504,CHEMONTID:0001460,Subclass: Vitamin D and derivatives
4456504,CHEMONTID:0001460,Direct_parent: Vitamin D and derivatives
4456504,CHEMONTID:0001553,alternative_parents: Triterpenoids
4456504,CHEMONTID:0001185,alternative_parents: Sulfuric acid monoesters
4456504,CHEMONTID:0003456,alternative_parents: Alkyl sulfates
4456504,CHEMONTID:0000323,alternative_parents: Organooxygen compounds
4456504,CHEMONTID:0003940,alternative_parents: Organic oxides
4456504,CHEMONTID:0004150,alternative_parents: Hydrocarbon derivatives
4456504,NotAvailable,mMlecular_framework: Aliphatic homopolycyclic compounds
4456504,NotAvailable,"Substituents: [""Triterpenoid"", ""Sulfuric acid ester"", ""Alkyl sulfate"", ""Sulfate-ester"", ""Sulfuric acid monoester"", ""Organic sulfuric acid or derivatives"", ""Organic oxygen compound"", ""Organic oxide"", ""Hydrocarbon derivative"", ""Organooxygen compound"", ""Aliphatic homopolycyclic compound""]"
4456504,NotAvailable,External_descriptors: []
4456504,NotAvailable,"Ancestors: [""Alkyl sulfates"", ""Chemical entities"", ""Hydrocarbon derivatives"", ""Lipids and lipid-like molecules"", ""Organic acids and derivatives"", ""Organic compounds"", ""Organic oxides"", ""Organic oxygen compounds"", ""Organic sulfuric acids and derivatives"", ""Organooxygen compounds"", ""Prenol lipids"", ""Steroids and steroid derivatives"", ""Sulfuric acid esters"", ""Sulfuric acid monoesters"", ""Triterpenoids"", ""Vitamin D and derivatives""]"
4456504,NotAvailable,"predicted_chebi_terms: [""triterpenoid (CHEBI:36615)"", ""sulfuric ester (CHEBI:26819)"", ""alkyl sulfate (CHEBI:29281)"", ""organooxygen compound (CHEBI:36963)"", ""organic oxide (CHEBI:25701)"", ""organic molecule (CHEBI:72695)"", ""vitamin D (CHEBI:27300)"", ""chemical entity (CHEBI:24431)"", ""lipid (CHEBI:18059)"", ""ether lipid (CHEBI:64611)"", ""sulfuric acid derivative (CHEBI:37826)"", ""oxygen molecular entity (CHEBI:25806)"", ""organic molecular entity (CHEBI:50860)"", ""steroid (CHEBI:35341)""]"
4456504,NotAvailable,"predicted_lipidmaps_terms: [""C30 isoprenoids (triterpenes) (PR0106)"", ""Secosteroids (ST03)"", ""Prenol Lipids (PR)"", ""Sterol Lipids (ST)""]"
4456504,NotAvailable,Classification_version: 2.1
4460414,CHEMONTID:0000000,Kingdom: Organic compounds
4460414,CHEMONTID:0000012,Superclass: Lipids and lipid-like molecules
4460414,CHEMONTID:0000258,Class: Steroids and steroid derivatives
4460414,CHEMONTID:0003568,Subclass: Androstane steroids
4460414,CHEMONTID:0001467,Direct_parent: Androgens and derivatives
4460414,CHEMONTID:0002968,alternative_parents: 3-hydroxy delta-1-steroids
4460414,CHEMONTID:0002976,alternative_parents: Delta-1-steroids
4460414,CHEMONTID:0001661,alternative_parents: Secondary alcohols
4460414,CHEMONTID:0004150,alternative_parents: Hydrocarbon derivatives
4460414,NotAvailable,mMlecular_framework: Aliphatic homopolycyclic compounds
4460414,NotAvailable,"Substituents: [""Androgen-skeleton"", ""Hydroxysteroid"", ""3-hydroxysteroid"", ""3-hydroxy-delta-1-steroid"", ""Delta-1-steroid"", ""Secondary alcohol"", ""Organic oxygen compound"", ""Hydrocarbon derivative"", ""Organooxygen compound"", ""Alcohol"", ""Aliphatic homopolycyclic compound""]"
4460414,NotAvailable,External_descriptors: []
4460414,NotAvailable,"Ancestors: [""3-hydroxy delta-1-steroids"", ""3-hydroxysteroids"", ""Alcohols and polyols"", ""Androgens and derivatives"", ""Androstane steroids"", ""Chemical entities"", ""Delta-1-steroids"", ""Hydrocarbon derivatives"", ""Hydroxysteroids"", ""Lipids and lipid-like molecules"", ""Organic compounds"", ""Organic oxygen compounds"", ""Organooxygen compounds"", ""Secondary alcohols"", ""Steroids and steroid derivatives""]"
4460414,NotAvailable,"predicted_chebi_terms: [""3-hydroxy steroid (CHEBI:36834)"", ""steroid (CHEBI:35341)"", ""secondary alcohol (CHEBI:35681)"", ""organic molecule (CHEBI:72695)"", ""chemical entity (CHEBI:24431)"", ""lipid (CHEBI:18059)"", ""hydroxy steroid (CHEBI:35350)"", ""oxygen molecular entity (CHEBI:25806)"", ""organic molecular entity (CHEBI:50860)"", ""organooxygen compound (CHEBI:36963)"", ""polyol (CHEBI:26191)"", ""organic hydroxy compound (CHEBI:33822)"", ""alcohol (CHEBI:30879)"", ""androstanoid (CHEBI:50402)""]"
4460414,NotAvailable,"predicted_lipidmaps_terms: [""Sterol Lipids (ST)"", ""C19 steroids (androgens) and derivatives (ST0202)""]"
4460414,NotAvailable,Classification_version: 2.1
4464646,CHEMONTID:0000000,Kingdom: Organic compounds
4464646,CHEMONTID:0000279,Superclass: Alkaloids and derivatives
4464646,CHEMONTID:0000058,Class: Morphinans
4464646,CHEMONTID:0000058,Direct_parent: Morphinans
4464646,CHEMONTID:0000025,alternative_parents: Phenanthrenes and derivatives
4464646,CHEMONTID:0000048,alternative_parents: Tetralins
4464646,CHEMONTID:0004189,alternative_parents: Coumarans
4464646,CHEMONTID:0000128,alternative_parents: Alkyl aryl ethers
4464646,CHEMONTID:0004646,alternative_parents: 1-hydroxy-2-unsubstituted benzenoids
4464646,CHEMONTID:0000195,alternative_parents: Piperidines
4464646,CHEMONTID:0004184,alternative_parents: Trialkyl amine oxides
4464646,CHEMONTID:0001661,alternative_parents: Secondary alcohols
4464646,CHEMONTID:0003070,alternative_parents: Trisubstituted amine oxides and derivatives
4464646,CHEMONTID:0004140,alternative_parents: Oxacyclic compounds
4464646,CHEMONTID:0004139,alternative_parents: Azacyclic compounds
4464646,CHEMONTID:0004557,alternative_parents: Organopnictogen compounds
4464646,CHEMONTID:0003610,alternative_parents: Organic zwitterions
4464646,CHEMONTID:0003940,alternative_parents: Organic oxides
4464646,CHEMONTID:0004150,alternative_parents: Hydrocarbon derivatives
4464646,NotAvailable,mMlecular_framework: Aromatic heteropolycyclic compounds
4464646,NotAvailable,"Substituents: [""Morphinan"", ""Phenanthrene"", ""Tetralin"", ""Coumaran"", ""Alkyl aryl ether"", ""1-hydroxy-2-unsubstituted benzenoid"", ""Benzenoid"", ""Piperidine"", ""Trialkyl amine oxide"", ""Secondary alcohol"", ""N-oxide"", ""Ether"", ""Oxacycle"", ""Azacycle"", ""Organoheterocyclic compound"", ""Trisubstituted n-oxide"", ""Alcohol"", ""Organic zwitterion"", ""Hydrocarbon derivative"", ""Organooxygen compound"", ""Organonitrogen compound"", ""Organic oxide"", ""Organopnictogen compound"", ""Organic oxygen compound"", ""Organic nitrogen compound"", ""Aromatic heteropolycyclic compound""]"
4464646,NotAvailable,External_descriptors: []
4464646,NotAvailable,"Ancestors: [""1-hydroxy-2-unsubstituted benzenoids"", ""Alcohols and polyols"", ""Alkaloids and derivatives"", ""Alkyl aryl ethers"", ""Amine oxides and derivatives"", ""Amines"", ""Aminoxides"", ""Azacyclic compounds"", ""Benzenoids"", ""Chemical entities"", ""Coumarans"", ""Ethers"", ""Hydrocarbon derivatives"", ""Morphinans"", ""Organic compounds"", ""Organic nitrogen compounds"", ""Organic oxides"", ""Organic oxygen compounds"", ""Organic zwitterions"", ""Organoheterocyclic compounds"", ""Organonitrogen compounds"", ""Organooxygen compounds"", ""Organopnictogen compounds"", ""Oxacyclic compounds"", ""Phenanthrenes and derivatives"", ""Phenols"", ""Piperidines"", ""Secondary alcohols"", ""Tetralins"", ""Trialkyl amine oxides"", ""Trisubstituted amine oxides and derivatives""]"
4464646,NotAvailable,"predicted_chebi_terms: [""phenanthrenes (CHEBI:25961)"", ""tetralins (CHEBI:36786)"", ""1-benzofurans (CHEBI:38830)"", ""aromatic ether (CHEBI:35618)"", ""phenols (CHEBI:33853)"", ""piperidines (CHEBI:26151)"", ""organonitrogen compound (CHEBI:35352)"", ""N-oxide (CHEBI:35580)"", ""secondary alcohol (CHEBI:35681)"", ""oxacycle (CHEBI:38104)"", ""organonitrogen heterocyclic compound (CHEBI:38101)"", ""pnictogen molecular entity (CHEBI:33302)"", ""organic molecular entity (CHEBI:50860)"", ""zwitterion (CHEBI:27369)"", ""organic oxide (CHEBI:25701)"", ""organic molecule (CHEBI:72695)"", ""morphinane alkaloid (CHEBI:25418)"", ""chemical entity (CHEBI:24431)"", ""benzenoid aromatic compound (CHEBI:33836)"", ""organic heterocyclic compound (CHEBI:24532)"", ""oxygen molecular entity (CHEBI:25806)"", ""organooxygen compound (CHEBI:36963)"", ""ether (CHEBI:25698)"", ""nitrogen molecular entity (CHEBI:51143)"", ""polyol (CHEBI:26191)"", ""organic hydroxy compound (CHEBI:33822)"", ""alcohol (CHEBI:30879)"", ""amine (CHEBI:32952)"", ""N-substituted amine (CHEBI:35323)"", ""alkaloid (CHEBI:22315)""]"
4464646,NotAvailable,predicted_lipidmaps_terms: []
4464646,NotAvailable,Classification_version: 2.1
4475485,CHEMONTID:0000000,Kingdom: Organic compounds
4475485,CHEMONTID:0000002,Superclass: Organoheterocyclic compounds
4475485,CHEMONTID:0001346,Class: Diazines
4475485,CHEMONTID:0000075,Subclass: Pyrimidines and pyrimidine derivatives
4475485,CHEMONTID:0002308,Direct_parent: Phenylpyrimidines
4475485,CHEMONTID:0000299,alternative_parents: Medium-chain hydroxy acids and derivatives
4475485,CHEMONTID:0003086,alternative_parents: Medium-chain fatty acids
4475485,CHEMONTID:0000341,alternative_parents: Hydroxy fatty acids
4475485,CHEMONTID:0001713,alternative_parents: Beta hydroxy acids and derivatives
4475485,CHEMONTID:0001989,alternative_parents: Heterocyclic fatty acids
4475485,CHEMONTID:0000483,alternative_parents: Halogenated fatty acids
4475485,CHEMONTID:0001100,alternative_parents: Fluorobenzenes
4475485,CHEMONTID:0001585,alternative_parents: Organosulfonamides
4475485,CHEMONTID:0001031,alternative_parents: Aryl fluorides
4475485,CHEMONTID:0004439,alternative_parents: Organic sulfonamides
4475485,CHEMONTID:0003137,alternative_parents: Aminosulfonyl compounds
4475485,CHEMONTID:0004144,alternative_parents: Heteroaromatic compounds
4475485,CHEMONTID:0001661,alternative_parents: Secondary alcohols
4475485,CHEMONTID:0004139,alternative_parents: Azacyclic compounds
4475485,CHEMONTID:0001137,alternative_parents: Monocarboxylic acids and derivatives
4475485,CHEMONTID:0001205,alternative_parents: Carboxylic acids
4475485,CHEMONTID:0001831,alternative_parents: Carbonyl compounds
4475485,CHEMONTID:0004150,alternative_parents: Hydrocarbon derivatives
4475485,CHEMONTID:0003940,alternative_parents: Organic oxides
4475485,CHEMONTID:0001517,alternative_parents: Organofluorides
4475485,CHEMONTID:0000278,alternative_parents: Organonitrogen compounds
4475485,NotAvailable,mMlecular_framework: Aromatic heteromonocyclic compounds
4475485,NotAvailable,"Substituents: [""4-phenylpyrimidine"", ""Medium-chain hydroxy acid"", ""Medium-chain fatty acid"", ""Hydroxy fatty acid"", ""Beta-hydroxy acid"", ""Fluorobenzene"", ""Halobenzene"", ""Heterocyclic fatty acid"", ""Halogenated fatty acid"", ""Benzenoid"", ""Fatty acid"", ""Fatty acyl"", ""Organosulfonic acid amide"", ""Hydroxy acid"", ""Organic sulfonic acid amide"", ""Monocyclic benzene moiety"", ""Aryl halide"", ""Aryl fluoride"", ""Heteroaromatic compound"", ""Aminosulfonyl compound"", ""Sulfonyl"", ""Organosulfonic acid or derivatives"", ""Organic sulfonic acid or derivatives"", ""Secondary alcohol"", ""Monocarboxylic acid or derivatives"", ""Carboxylic acid derivative"", ""Carboxylic acid"", ""Azacycle"", ""Organosulfur compound"", ""Organic nitrogen compound"", ""Alcohol"", ""Organic oxygen compound"", ""Organic oxide"", ""Carbonyl group"", ""Hydrocarbon derivative"", ""Organohalogen compound"", ""Organofluoride"", ""Organonitrogen compound"", ""Organooxygen compound"", ""Aromatic heteromonocyclic compound""]"
4475485,NotAvailable,External_descriptors: []
4475485,NotAvailable,"Ancestors: [""Alcohols and polyols"", ""Aminosulfonyl compounds"", ""Aryl fluorides"", ""Aryl halides"", ""Azacyclic compounds"", ""Benzene and substituted derivatives"", ""Benzenoids"", ""Beta hydroxy acids and derivatives"", ""Branched fatty acids"", ""Carbonyl compounds"", ""Carboxylic acids"", ""Carboxylic acids and derivatives"", ""Chemical entities"", ""Diazines"", ""Fatty Acyls"", ""Fatty acids and conjugates"", ""Fluoroalkenes"", ""Fluorobenzenes"", ""Haloalkenes"", ""Halobenzenes"", ""Halogenated fatty acids"", ""Heteroaromatic compounds"", ""Heterocyclic fatty acids"", ""Hydrocarbon derivatives"", ""Hydroxy acids and derivatives"", ""Hydroxy fatty acids"", ""Imines"", ""Ketimines"", ""Lipids and lipid-like molecules"", ""Medium-chain fatty acids"", ""Medium-chain hydroxy acids and derivatives"", ""Monocarboxylic acids and derivatives"", ""Organic 1,3-dipolar compounds"", ""Organic acids and derivatives"", ""Organic compounds"", ""Organic nitrogen compounds"", ""Organic oxides"", ""Organic oxygen compounds"", ""Organic sulfonamides"", ""Organic sulfonic acids and derivatives"", ""Organofluorides"", ""Organohalogen compounds"", ""Organoheterocyclic compounds"", ""Organonitrogen compounds"", ""Organooxygen compounds"", ""Organopnictogen compounds"", ""Organosulfonamides"", ""Organosulfonic acids and derivatives"", ""Organosulfur compounds"", ""Phenylpyrimidines"", ""Propargyl-type 1,3-dipolar organic compounds"", ""Pyrimidines and pyrimidine derivatives"", ""Secondary alcohols"", ""Secondary ketimines"", ""Short-chain hydroxy acids and derivatives"", ""Sulfonyls"", ""Vinyl fluorides"", ""Vinyl halides""]"
4475485,NotAvailable,"predicted_chebi_terms: [""carbonyl compound (CHEBI:36586)"", ""medium-chain fatty acid (CHEBI:59554)"", ""hydroxy fatty acid (CHEBI:24654)"", ""3-hydroxy carboxylic acid (CHEBI:61355)"", ""heterocyclic fatty acid (CHEBI:48847)"", ""halo fatty acid (CHEBI:60692)"", ""organofluorine compound (CHEBI:37143)"", ""sulfonamide (CHEBI:35358)"", ""organosulfur compound (CHEBI:33261)"", ""organic molecular entity (CHEBI:50860)"", ""organonitrogen compound (CHEBI:35352)"", ""organic aromatic compound (CHEBI:33659)"", ""secondary alcohol (CHEBI:35681)"", ""organonitrogen heterocyclic compound (CHEBI:38101)"", ""monocarboxylic acid (CHEBI:25384)"", ""carboxylic acid (CHEBI:33575)"", ""organic molecule (CHEBI:72695)"", ""organic oxide (CHEBI:25701)"", ""pyrimidines (CHEBI:39447)"", ""chemical entity (CHEBI:24431)"", ""organic acid (CHEBI:64709)"", ""hydroxy carboxylic acid (CHEBI:24669)"", ""lipid (CHEBI:18059)"", ""organooxygen compound (CHEBI:36963)"", ""benzenoid aromatic compound (CHEBI:33836)"", ""benzenes (CHEBI:22712)"", ""organohalogen compound (CHEBI:36684)"", ""sulfonic acid derivative (CHEBI:33552)"", ""haloarene (CHEBI:50887)"", ""sulfone (CHEBI:35850)"", ""organic heterocyclic compound (CHEBI:24532)"", ""oxygen molecular entity (CHEBI:25806)"", ""polyol (CHEBI:26191)"", ""organic hydroxy compound (CHEBI:33822)"", ""alcohol (CHEBI:30879)"", ""nitrogen molecular entity (CHEBI:51143)"", ""diazines (CHEBI:38313)""]"
4475485,NotAvailable,"predicted_lipidmaps_terms: [""Fatty Acids and Conjugates (FA01)"", ""Hydroxy fatty acids (FA0105)"", ""Heterocyclic fatty acids (FA0115)"", ""Halogenated fatty acids (FA0109)"", ""Fatty Acyls (FA)""]"
4475485,NotAvailable,Classification_version: 2.1
4476319,CHEMONTID:0000000,Kingdom: Organic compounds
4476319,CHEMONTID:0000012,Superclass: Lipids and lipid-like molecules
4476319,CHEMONTID:0000258,Class: Steroids and steroid derivatives
4476319,CHEMONTID:0001460,Subclass: Vitamin D and derivatives
4476319,CHEMONTID:0001460,Direct_parent: Vitamin D and derivatives
4476319,CHEMONTID:0001553,alternative_parents: Triterpenoids
4476319,CHEMONTID:0001670,alternative_parents: Tertiary alcohols
4476319,CHEMONTID:0001661,alternative_parents: Secondary alcohols
4476319,CHEMONTID:0001292,alternative_parents: Cyclic alcohols and derivatives
4476319,CHEMONTID:0001167,alternative_parents: Dialkyl ethers
4476319,CHEMONTID:0004150,alternative_parents: Hydrocarbon derivatives
4476319,NotAvailable,mMlecular_framework: Aliphatic homopolycyclic compounds
4476319,NotAvailable,"Substituents: [""Triterpenoid"", ""Tertiary alcohol"", ""Cyclic alcohol"", ""Secondary alcohol"", ""Ether"", ""Dialkyl ether"", ""Organic oxygen compound"", ""Hydrocarbon derivative"", ""Organooxygen compound"", ""Alcohol"", ""Aliphatic homopolycyclic compound""]"
4476319,NotAvailable,External_descriptors: []
4476319,NotAvailable,"Ancestors: [""Alcohols and polyols"", ""Chemical entities"", ""Cyclic alcohols and derivatives"", ""Dialkyl ethers"", ""Ethers"", ""Hydrocarbon derivatives"", ""Lipids and lipid-like molecules"", ""Organic compounds"", ""Organic oxygen compounds"", ""Organooxygen compounds"", ""Prenol lipids"", ""Secondary alcohols"", ""Steroids and steroid derivatives"", ""Tertiary alcohols"", ""Triterpenoids"", ""Vitamin D and derivatives""]"
4476319,NotAvailable,"predicted_chebi_terms: [""triterpenoid (CHEBI:36615)"", ""tertiary alcohol (CHEBI:26878)"", ""secondary alcohol (CHEBI:35681)"", ""organic hydroxy compound (CHEBI:33822)"", ""ether (CHEBI:25698)"", ""organic molecule (CHEBI:72695)"", ""vitamin D (CHEBI:27300)"", ""chemical entity (CHEBI:24431)"", ""lipid (CHEBI:18059)"", ""ether lipid (CHEBI:64611)"", ""oxygen molecular entity (CHEBI:25806)"", ""organic molecular entity (CHEBI:50860)"", ""organooxygen compound (CHEBI:36963)"", ""polyol (CHEBI:26191)"", ""alcohol (CHEBI:30879)"", ""steroid (CHEBI:35341)""]"
4476319,NotAvailable,"predicted_lipidmaps_terms: [""C30 isoprenoids (triterpenes) (PR0106)"", ""Secosteroids (ST03)"", ""Prenol Lipids (PR)"", ""Sterol Lipids (ST)""]"
4476319,NotAvailable,Classification_version: 2.1
4479097,CHEMONTID:0000000,Kingdom: Organic compounds
4479097,CHEMONTID:0000002,Superclass: Organoheterocyclic compounds
4479097,CHEMONTID:0001455,Class: Tetrapyrroles and derivatives
4479097,CHEMONTID:0000353,Subclass: Corrinoids
4479097,CHEMONTID:0000352,Direct_parent: Cobalamin derivatives
4479097,CHEMONTID:0001926,alternative_parents: Metallotetrapyrroles
4479097,CHEMONTID:0000663,alternative_parents: Benzimidazole ribonucleosides and ribonucleotides
4479097,CHEMONTID:0002259,alternative_parents: Pentose phosphates
4479097,CHEMONTID:0002203,alternative_parents: Glycosylamines
4479097,CHEMONTID:0001541,alternative_parents: Monosaccharide phosphates
4479097,CHEMONTID:0000294,alternative_parents: Benzimidazoles
4479097,CHEMONTID:0001266,alternative_parents: Phosphoethanolamines
4479097,CHEMONTID:0003459,alternative_parents: Dialkyl phosphates
4479097,CHEMONTID:0002448,alternative_parents: Benzenoids
4479097,CHEMONTID:0000331,alternative_parents: Fatty amides
4479097,CHEMONTID:0002311,alternative_parents: N-substituted imidazoles
4479097,CHEMONTID:0001967,alternative_parents: Oxolanes
4479097,CHEMONTID:0000091,alternative_parents: Pyrrolines
4479097,CHEMONTID:0000218,alternative_parents: Pyrrolidines
4479097,CHEMONTID:0004144,alternative_parents: Heteroaromatic compounds
4479097,CHEMONTID:0001661,alternative_parents: Secondary alcohols
4479097,CHEMONTID:0001663,alternative_parents: Secondary carboxylic acid amides
4479097,CHEMONTID:0001662,alternative_parents: Primary carboxylic acid amides
4479097,CHEMONTID:0001673,alternative_parents: Ketimines
4479097,CHEMONTID:0003997,alternative_parents: Organic transition metal salts
4479097,CHEMONTID:0004140,alternative_parents: Oxacyclic compounds
4479097,CHEMONTID:0003632,"alternative_parents: Carbene-type 1,3-dipolar compounds"
4479097,CHEMONTID:0004139,alternative_parents: Azacyclic compounds
4479097,CHEMONTID:0001831,alternative_parents: Carbonyl compounds
4479097,CHEMONTID:0004557,alternative_parents: Organopnictogen compounds
4479097,CHEMONTID:0003940,alternative_parents: Organic oxides
4479097,CHEMONTID:0000286,alternative_parents: Primary alcohols
4479097,CHEMONTID:0004150,alternative_parents: Hydrocarbon derivatives
4479097,CHEMONTID:0003608,alternative_parents: Organic anions
4479097,NotAvailable,mMlecular_framework: Aromatic heteropolycyclic compounds
4479097,NotAvailable,"Substituents: [""Cobalamin"", ""Metallotetrapyrrole skeleton"", ""1-ribofuranosylbenzimidazole"", ""Pentose phosphate"", ""Glycosyl compound"", ""N-glycosyl compound"", ""Pentose monosaccharide"", ""Monosaccharide phosphate"", ""Benzimidazole"", ""Phosphoethanolamine"", ""Dialkyl phosphate"", ""Fatty acyl"", ""N-substituted imidazole"", ""Benzenoid"", ""Monosaccharide"", ""Alkyl phosphate"", ""Phosphoric acid ester"", ""Organic phosphoric acid derivative"", ""Fatty amide"", ""Imidazole"", ""Heteroaromatic compound"", ""Oxolane"", ""Azole"", ""Pyrroline"", ""Pyrrolidine"", ""Secondary carboxylic acid amide"", ""Secondary alcohol"", ""Ketimine"", ""Primary carboxylic acid amide"", ""Carboxamide group"", ""Carboxylic acid derivative"", ""Oxacycle"", ""Azacycle"", ""Organic transition metal salt"", ""Carbene-type 1,3-dipolar compound"", ""Imine"", ""Organic oxygen compound"", ""Organic nitrogen compound"", ""Hydrocarbon derivative"", ""Organic oxide"", ""Alcohol"", ""Organopnictogen compound"", ""Carbonyl group"", ""Primary alcohol"", ""Organooxygen compound"", ""Organonitrogen compound"", ""Organic anion"", ""Aromatic heteropolycyclic compound""]"
4479097,NotAvailable,External_descriptors: []
4479097,NotAvailable,"Ancestors: [""Alcohols and polyols"", ""Alkyl phosphates"", ""Azacyclic compounds"", ""Azoles"", ""Benzenoids"", ""Benzimidazole ribonucleosides and ribonucleotides"", ""Benzimidazoles"", ""Carbene-type 1,3-dipolar compounds"", ""Carbohydrates and carbohydrate conjugates"", ""Carbonyl compounds"", ""Carboxylic acid amides"", ""Carboxylic acid derivatives"", ""Carboxylic acids and derivatives"", ""Chemical entities"", ""Cobalamin derivatives"", ""Corrinoids"", ""Dialkyl phosphates"", ""Fatty Acyls"", ""Fatty amides"", ""Glycosyl compounds"", ""Glycosylamines"", ""Heteroaromatic compounds"", ""Hydrocarbon derivatives"", ""Imidazoles"", ""Imines"", ""Ketimines"", ""Lipids and lipid-like molecules"", ""Metallotetrapyrroles"", ""Monosaccharide phosphates"", ""Monosaccharides"", ""N-substituted imidazoles"", ""Nucleosides, nucleotides, and analogues"", ""Organic 1,3-dipolar compounds"", ""Organic acids and derivatives"", ""Organic anions"", ""Organic compounds"", ""Organic metal salts"", ""Organic nitrogen compounds"", ""Organic oxides"", ""Organic oxygen compounds"", ""Organic phosphoric acids and derivatives"", ""Organic salts"", ""Organic transition metal salts"", ""Organoheterocyclic compounds"", ""Organonitrogen compounds"", ""Organooxygen compounds"", ""Organopnictogen compounds"", ""Oxacyclic compounds"", ""Oxolanes"", ""Pentose phosphates"", ""Pentoses"", ""Phosphate esters"", ""Phosphoethanolamines"", ""Primary alcohols"", ""Primary carboxylic acid amides"", ""Pyrrolidines"", ""Pyrrolines"", ""Secondary alcohols"", ""Secondary carboxylic acid amides"", ""Substituted imidazoles"", ""Tetrapyrroles and derivatives""]"
4479097,NotAvailable,"predicted_chebi_terms: [""metallotetrapyrrole (CHEBI:33909)"", ""nucleobase-containing molecular entity (CHEBI:61120)"", ""phospho sugar (CHEBI:33447)"", ""N-glycosyl compound (CHEBI:21731)"", ""monosaccharide derivative (CHEBI:63367)"", ""carbohydrate phosphate (CHEBI:26816)"", ""benzimidazoles (CHEBI:22715)"", ""phosphoethanolamine (CHEBI:36711)"", ""dialkyl phosphate (CHEBI:16648)"", ""benzenoid aromatic compound (CHEBI:33836)"", ""fatty amide (CHEBI:29348)"", ""imidazoles (CHEBI:24780)"", ""oxolanes (CHEBI:26912)"", ""pyrroline (CHEBI:23763)"", ""pyrrolidines (CHEBI:38260)"", ""organic aromatic compound (CHEBI:33659)"", ""secondary alcohol (CHEBI:35681)"", ""carboxamide (CHEBI:37622)"", ""ketimine (CHEBI:33272)"", ""transition element molecular entity (CHEBI:33497)"", ""organic salt (CHEBI:24868)"", ""organic molecular entity (CHEBI:50860)"", ""oxacycle (CHEBI:38104)"", ""dipolar compound (CHEBI:51151)"", ""organonitrogen heterocyclic compound (CHEBI:38101)"", ""carbonyl compound (CHEBI:36586)"", ""pnictogen molecular entity (CHEBI:33302)"", ""organic oxide (CHEBI:25701)"", ""primary alcohol (CHEBI:15734)"", ""organic molecule (CHEBI:72695)"", ""organic anion (CHEBI:25696)"", ""cobalt corrinoid (CHEBI:33906)"", ""chemical entity (CHEBI:24431)"", ""organic heterocyclic compound (CHEBI:24532)"", ""tetrapyrrole (CHEBI:26932)"", ""oxygen molecular entity (CHEBI:25806)"", ""organooxygen compound (CHEBI:36963)"", ""carbohydrates and carbohydrate derivatives (CHEBI:78616)"", ""monosaccharide (CHEBI:35381)"", ""pentose (CHEBI:25901)"", ""glycoside (CHEBI:24400)"", ""organic acid (CHEBI:64709)"", ""phosphoric acid derivative (CHEBI:26079)"", ""phosphoric ester (CHEBI:37734)"", ""alkyl phosphate (CHEBI:22324)"", ""lipid (CHEBI:18059)"", ""azole (CHEBI:68452)"", ""polyol (CHEBI:26191)"", ""organic hydroxy compound (CHEBI:33822)"", ""alcohol (CHEBI:30879)"", ""carboxylic acid (CHEBI:33575)"", ""amide (CHEBI:32988)"", ""nitrogen molecular entity (CHEBI:51143)"", ""organonitrogen compound (CHEBI:35352)"", ""imine (CHEBI:24783)"", ""corrinoid (CHEBI:33913)""]"
4479097,NotAvailable,"predicted_lipidmaps_terms: [""Fatty amides (FA08)"", ""Fatty Acyls (FA)""]"
4479097,NotAvailable,Classification_version: 2.1
4525693,CHEMONTID:0000000,Kingdom: Organic compounds
4525693,CHEMONTID:0000012,Superclass: Lipids and lipid-like molecules
4525693,CHEMONTID:0000258,Class: Steroids and steroid derivatives
4525693,CHEMONTID:0001460,Subclass: Vitamin D and derivatives
4525693,CHEMONTID:0001460,Direct_parent: Vitamin D and derivatives
4525693,CHEMONTID:0001553,alternative_parents: Triterpenoids
4525693,CHEMONTID:0001670,alternative_parents: Tertiary alcohols
4525693,CHEMONTID:0001661,alternative_parents: Secondary alcohols
4525693,CHEMONTID:0001292,alternative_parents: Cyclic alcohols and derivatives
4525693,CHEMONTID:0004150,alternative_parents: Hydrocarbon derivatives
4525693,NotAvailable,mMlecular_framework: Aliphatic homopolycyclic compounds
4525693,NotAvailable,"Substituents: [""Triterpenoid"", ""Tertiary alcohol"", ""Cyclic alcohol"", ""Secondary alcohol"", ""Organic oxygen compound"", ""Hydrocarbon derivative"", ""Organooxygen compound"", ""Alcohol"", ""Aliphatic homopolycyclic compound""]"
4525693,NotAvailable,External_descriptors: []
4525693,NotAvailable,"Ancestors: [""Alcohols and polyols"", ""Chemical entities"", ""Cyclic alcohols and derivatives"", ""Hydrocarbon derivatives"", ""Lipids and lipid-like molecules"", ""Organic compounds"", ""Organic oxygen compounds"", ""Organooxygen compounds"", ""Prenol lipids"", ""Secondary alcohols"", ""Steroids and steroid derivatives"", ""Tertiary alcohols"", ""Triterpenoids"", ""Vitamin D and derivatives""]"
4525693,NotAvailable,"predicted_chebi_terms: [""triterpenoid (CHEBI:36615)"", ""tertiary alcohol (CHEBI:26878)"", ""secondary alcohol (CHEBI:35681)"", ""organic hydroxy compound (CHEBI:33822)"", ""organic molecule (CHEBI:72695)"", ""vitamin D (CHEBI:27300)"", ""chemical entity (CHEBI:24431)"", ""lipid (CHEBI:18059)"", ""ether lipid (CHEBI:64611)"", ""oxygen molecular entity (CHEBI:25806)"", ""organic molecular entity (CHEBI:50860)"", ""organooxygen compound (CHEBI:36963)"", ""polyol (CHEBI:26191)"", ""alcohol (CHEBI:30879)"", ""steroid (CHEBI:35341)""]"
4525693,NotAvailable,"predicted_lipidmaps_terms: [""C30 isoprenoids (triterpenes) (PR0106)"", ""Secosteroids (ST03)"", ""Prenol Lipids (PR)"", ""Sterol Lipids (ST)""]"
4525693,NotAvailable,Classification_version: 2.1
4564901,CHEMONTID:0000000,Kingdom: Organic compounds
4564901,CHEMONTID:0004603,Superclass: Organic oxygen compounds
4564901,CHEMONTID:0000323,Class: Organooxygen compounds
4564901,CHEMONTID:0000011,Subclass: Carbohydrates and carbohydrate conjugates
4564901,CHEMONTID:0000215,Intermediate_nodes: Sugar acids and derivatives
4564901,CHEMONTID:0001366,Intermediate_nodes: Sugar amino acids and derivatives
4564901,CHEMONTID:0001697,Intermediate_nodes: Pyranoid amino acids and derivatives
4564901,CHEMONTID:0001258,Intermediate_nodes: Neuraminic acids and derivatives
4564901,CHEMONTID:0003049,Intermediate_nodes: N-acylneuraminic acids and derivatives
4564901,CHEMONTID:0003048,Direct_parent: N-acylneuraminic acids
4564901,CHEMONTID:0000198,alternative_parents: Oligosaccharides
4564901,CHEMONTID:0000146,alternative_parents: Acylaminosugars
4564901,CHEMONTID:0003050,alternative_parents: Neuraminic acids
4564901,CHEMONTID:0002276,alternative_parents: N-acyl-alpha-hexosamines
4564901,CHEMONTID:0002815,alternative_parents: C-glucuronides
4564901,CHEMONTID:0002204,alternative_parents: C-glycosyl compounds
4564901,CHEMONTID:0002207,alternative_parents: O-glycosyl compounds
4564901,CHEMONTID:0004472,alternative_parents: Ketals
4564901,CHEMONTID:0000086,alternative_parents: Pyrans
4564901,CHEMONTID:0002012,alternative_parents: Oxanes
4564901,CHEMONTID:0003922,alternative_parents: Acetamides
4564901,CHEMONTID:0001663,alternative_parents: Secondary carboxylic acid amides
4564901,CHEMONTID:0001092,alternative_parents: Hemiacetals
4564901,CHEMONTID:0001661,alternative_parents: Secondary alcohols
4564901,CHEMONTID:0004140,alternative_parents: Oxacyclic compounds
4564901,CHEMONTID:0002286,alternative_parents: Polyols
4564901,CHEMONTID:0001137,alternative_parents: Monocarboxylic acids and derivatives
4564901,CHEMONTID:0001205,alternative_parents: Carboxylic acids
4564901,CHEMONTID:0004557,alternative_parents: Organopnictogen compounds
4564901,CHEMONTID:0000286,alternative_parents: Primary alcohols
4564901,CHEMONTID:0004150,alternative_parents: Hydrocarbon derivatives
4564901,CHEMONTID:0001831,alternative_parents: Carbonyl compounds
4564901,CHEMONTID:0003940,alternative_parents: Organic oxides
4564901,CHEMONTID:0000278,alternative_parents: Organonitrogen compounds
4564901,NotAvailable,mMlecular_framework: Aliphatic heteromonocyclic compounds
4564901,NotAvailable,"Substituents: [""Oligosaccharide"", ""N-acylneuraminic acid"", ""Acylaminosugar"", ""Neuraminic acid"", ""N-acyl-alpha-hexosamine"", ""C-glucuronide"", ""C-glycosyl compound"", ""Glycosyl compound"", ""O-glycosyl compound"", ""Ketal"", ""Pyran"", ""Oxane"", ""Acetamide"", ""Carboxamide group"", ""Hemiacetal"", ""Secondary carboxylic acid amide"", ""Secondary alcohol"", ""Acetal"", ""Monocarboxylic acid or derivatives"", ""Organoheterocyclic compound"", ""Carboxylic acid"", ""Carboxylic acid derivative"", ""Oxacycle"", ""Polyol"", ""Alcohol"", ""Organic oxide"", ""Organopnictogen compound"", ""Carbonyl group"", ""Hydrocarbon derivative"", ""Organic nitrogen compound"", ""Organonitrogen compound"", ""Primary alcohol"", ""Aliphatic heteromonocyclic compound""]"
4564901,NotAvailable,External_descriptors: []
4564901,NotAvailable,"Ancestors: [""Acetals"", ""Acetamides"", ""Acylaminosugars"", ""Alcohols and polyols"", ""Amino sugars"", ""Aminosaccharides"", ""C-glucuronides"", ""C-glycosyl compounds"", ""Carbohydrates and carbohydrate conjugates"", ""Carbonyl compounds"", ""Carboxylic acid amides"", ""Carboxylic acid derivatives"", ""Carboxylic acids"", ""Carboxylic acids and derivatives"", ""Chemical entities"", ""Ethers"", ""Glucuronic acid derivatives"", ""Glucuronides"", ""Glycosyl compounds"", ""Hemiacetals"", ""Hydrocarbon derivatives"", ""Ketals"", ""Monocarboxylic acids and derivatives"", ""N-acyl-alpha-hexosamines"", ""N-acylneuraminic acids"", ""N-acylneuraminic acids and derivatives"", ""Neuraminic acids"", ""Neuraminic acids and derivatives"", ""O-glycosyl compounds"", ""Oligosaccharides"", ""Organic acids and derivatives"", ""Organic compounds"", ""Organic nitrogen compounds"", ""Organic oxides"", ""Organic oxygen compounds"", ""Organoheterocyclic compounds"", ""Organonitrogen compounds"", ""Organooxygen compounds"", ""Organopnictogen compounds"", ""Oxacyclic compounds"", ""Oxanes"", ""Polyols"", ""Primary alcohols"", ""Pyranoid amino acids and derivatives"", ""Pyrans"", ""Secondary alcohols"", ""Secondary carboxylic acid amides"", ""Sugar acids and derivatives"", ""Sugar amino acids and derivatives""]"
4564901,NotAvailable,"predicted_chebi_terms: [""oligosaccharide (CHEBI:50699)"", ""amino sugar (CHEBI:28963)"", ""neuraminic acids (CHEBI:25508)"", ""N-acyl-hexosamine (CHEBI:21656)"", ""C-glycosyl compound (CHEBI:20857)"", ""glycoside (CHEBI:24400)"", ""ketal (CHEBI:59777)"", ""pyrans (CHEBI:26407)"", ""oxanes (CHEBI:46942)"", ""acetamides (CHEBI:22160)"", ""carboxamide (CHEBI:37622)"", ""hemiacetal (CHEBI:5653)"", ""secondary alcohol (CHEBI:35681)"", ""oxacycle (CHEBI:38104)"", ""polyol (CHEBI:26191)"", ""monocarboxylic acid (CHEBI:25384)"", ""carboxylic acid (CHEBI:33575)"", ""pnictogen molecular entity (CHEBI:33302)"", ""organic molecular entity (CHEBI:50860)"", ""primary alcohol (CHEBI:15734)"", ""organic molecule (CHEBI:72695)"", ""carbonyl compound (CHEBI:36586)"", ""organic oxide (CHEBI:25701)"", ""organonitrogen compound (CHEBI:35352)"", ""chemical entity (CHEBI:24431)"", ""oxygen molecular entity (CHEBI:25806)"", ""organooxygen compound (CHEBI:36963)"", ""carbohydrates and carbohydrate derivatives (CHEBI:78616)"", ""carbohydrate acid derivative (CHEBI:63436)"", ""amino acid (CHEBI:33709)"", ""glucosiduronic acid (CHEBI:24302)"", ""ether (CHEBI:25698)"", ""acetal (CHEBI:59769)"", ""organic heterocyclic compound (CHEBI:24532)"", ""organic acid (CHEBI:64709)"", ""amide (CHEBI:32988)"", ""organic hydroxy compound (CHEBI:33822)"", ""alcohol (CHEBI:30879)"", ""nitrogen molecular entity (CHEBI:51143)"", ""carboxylic acid anion (CHEBI:29067)""]"
4564901,NotAvailable,"predicted_lipidmaps_terms: [""Acylaminosugars (SL01)""]"
4564901,NotAvailable,Classification_version: 2.1
4572774,CHEMONTID:0000000,Kingdom: Organic compounds
4572774,CHEMONTID:0000002,Superclass: Organoheterocyclic compounds
4572774,CHEMONTID:0000211,Class: Indoles and derivatives
4572774,CHEMONTID:0000210,Subclass: Carbazoles
4572774,CHEMONTID:0000210,Direct_parent: Carbazoles
4572774,CHEMONTID:0000190,alternative_parents: Methoxyphenols
4572774,CHEMONTID:0002497,alternative_parents: Indoles
4572774,CHEMONTID:0004628,alternative_parents: 4-alkoxyphenols
4572774,CHEMONTID:0004742,alternative_parents: Phenoxy compounds
4572774,CHEMONTID:0004113,alternative_parents: Methoxybenzenes
4572774,CHEMONTID:0000138,alternative_parents: Anisoles
4572774,CHEMONTID:0004646,alternative_parents: 1-hydroxy-2-unsubstituted benzenoids
4572774,CHEMONTID:0000128,alternative_parents: Alkyl aryl ethers
4572774,CHEMONTID:0000090,alternative_parents: Pyrroles
4572774,CHEMONTID:0004144,alternative_parents: Heteroaromatic compounds
4572774,CHEMONTID:0001661,alternative_parents: Secondary alcohols
4572774,CHEMONTID:0001897,"alternative_parents: 1,2-aminoalcohols"
4572774,CHEMONTID:0002228,alternative_parents: Dialkylamines
4572774,CHEMONTID:0004139,alternative_parents: Azacyclic compounds
4572774,CHEMONTID:0004150,alternative_parents: Hydrocarbon derivatives
4572774,CHEMONTID:0004557,alternative_parents: Organopnictogen compounds
4572774,NotAvailable,mMlecular_framework: Aromatic heteropolycyclic compounds
4572774,NotAvailable,"Substituents: [""Carbazole"", ""Methoxyphenol"", ""4-alkoxyphenol"", ""Indole"", ""Anisole"", ""Phenoxy compound"", ""Phenol ether"", ""Methoxybenzene"", ""Alkyl aryl ether"", ""1-hydroxy-2-unsubstituted benzenoid"", ""Phenol"", ""Benzenoid"", ""Monocyclic benzene moiety"", ""Pyrrole"", ""Heteroaromatic compound"", ""Secondary alcohol"", ""1,2-aminoalcohol"", ""Secondary amine"", ""Azacycle"", ""Secondary aliphatic amine"", ""Ether"", ""Hydrocarbon derivative"", ""Organic oxygen compound"", ""Alcohol"", ""Organopnictogen compound"", ""Organic nitrogen compound"", ""Amine"", ""Organonitrogen compound"", ""Organooxygen compound"", ""Aromatic heteropolycyclic compound""]"
4572774,NotAvailable,External_descriptors: []
4572774,NotAvailable,"Ancestors: [""1,2-aminoalcohols"", ""1-hydroxy-2-unsubstituted benzenoids"", ""4-alkoxyphenols"", ""Alcohols and polyols"", ""Alkanolamines"", ""Alkyl aryl ethers"", ""Amines"", ""Anisoles"", ""Azacyclic compounds"", ""Benzene and substituted derivatives"", ""Benzenoids"", ""Carbazoles"", ""Chemical entities"", ""Dialkylamines"", ""Ethers"", ""Heteroaromatic compounds"", ""Hydrocarbon derivatives"", ""Indoles"", ""Indoles and derivatives"", ""Methoxybenzenes"", ""Methoxyphenols"", ""Organic compounds"", ""Organic nitrogen compounds"", ""Organic oxygen compounds"", ""Organoheterocyclic compounds"", ""Organonitrogen compounds"", ""Organooxygen compounds"", ""Organopnictogen compounds"", ""Phenol ethers"", ""Phenols"", ""Phenoxy compounds"", ""Pyrroles"", ""Secondary alcohols"", ""Secondary amines""]"
4572774,NotAvailable,"predicted_chebi_terms: [""methoxybenzene (CHEBI:51683)"", ""phenols (CHEBI:33853)"", ""indoles (CHEBI:24828)"", ""benzenes (CHEBI:22712)"", ""aromatic ether (CHEBI:35618)"", ""pyrroles (CHEBI:26455)"", ""organic aromatic compound (CHEBI:33659)"", ""secondary alcohol (CHEBI:35681)"", ""amino alcohol (CHEBI:22478)"", ""secondary amino compound (CHEBI:50995)"", ""organonitrogen heterocyclic compound (CHEBI:38101)"", ""organic molecule (CHEBI:72695)"", ""pnictogen molecular entity (CHEBI:33302)"", ""organic molecular entity (CHEBI:50860)"", ""carbazoles (CHEBI:48513)"", ""chemical entity (CHEBI:24431)"", ""benzenoid aromatic compound (CHEBI:33836)"", ""organic heterocyclic compound (CHEBI:24532)"", ""oxygen molecular entity (CHEBI:25806)"", ""organooxygen compound (CHEBI:36963)"", ""ether (CHEBI:25698)"", ""polyol (CHEBI:26191)"", ""organic hydroxy compound (CHEBI:33822)"", ""alcohol (CHEBI:30879)"", ""nitrogen molecular entity (CHEBI:51143)"", ""organonitrogen compound (CHEBI:35352)"", ""amine (CHEBI:32952)"", ""secondary amine (CHEBI:32863)""]"
4572774,NotAvailable,predicted_lipidmaps_terms: []
4572774,NotAvailable,Classification_version: 2.1
4588768,CHEMONTID:0000000,Kingdom: Organic compounds
4588768,CHEMONTID:0000012,Superclass: Lipids and lipid-like molecules
4588768,CHEMONTID:0003909,Class: Fatty Acyls
4588768,CHEMONTID:0000513,Subclass: Eicosanoids
4588768,CHEMONTID:0000514,Direct_parent: Prostaglandins and related compounds
4588768,CHEMONTID:0001334,alternative_parents: Fatty alcohols
4588768,CHEMONTID:0003417,alternative_parents: Fatty acid methyl esters
4588768,CHEMONTID:0002648,alternative_parents: Tetrahydrofurans
4588768,CHEMONTID:0003416,alternative_parents: Methyl esters
4588768,CHEMONTID:0001661,alternative_parents: Secondary alcohols
4588768,CHEMONTID:0001292,alternative_parents: Cyclic alcohols and derivatives
4588768,CHEMONTID:0004140,alternative_parents: Oxacyclic compounds
4588768,CHEMONTID:0001137,alternative_parents: Monocarboxylic acids and derivatives
4588768,CHEMONTID:0003940,alternative_parents: Organic oxides
4588768,CHEMONTID:0004150,alternative_parents: Hydrocarbon derivatives
4588768,CHEMONTID:0001831,alternative_parents: Carbonyl compounds
4588768,NotAvailable,mMlecular_framework: Aliphatic heteropolycyclic compounds
4588768,NotAvailable,"Substituents: [""Prostaglandin skeleton"", ""Fatty alcohol"", ""Fatty acid ester"", ""Fatty acid methyl ester"", ""Cyclic alcohol"", ""Tetrahydrofuran"", ""Methyl ester"", ""Secondary alcohol"", ""Carboxylic acid ester"", ""Monocarboxylic acid or derivatives"", ""Carboxylic acid derivative"", ""Oxacycle"", ""Organoheterocyclic compound"", ""Hydrocarbon derivative"", ""Organooxygen compound"", ""Organic oxide"", ""Organic oxygen compound"", ""Alcohol"", ""Carbonyl group"", ""Aliphatic heteropolycyclic compound""]"
4588768,NotAvailable,External_descriptors: []
4588768,NotAvailable,"Ancestors: [""Alcohols and polyols"", ""Carbonyl compounds"", ""Carboxylic acid derivatives"", ""Carboxylic acid esters"", ""Carboxylic acids and derivatives"", ""Chemical entities"", ""Cyclic alcohols and derivatives"", ""Eicosanoids"", ""Fatty Acyls"", ""Fatty acid esters"", ""Fatty acid methyl esters"", ""Fatty alcohols"", ""Hydrocarbon derivatives"", ""Lipids and lipid-like molecules"", ""Methyl esters"", ""Monocarboxylic acids and derivatives"", ""Organic acids and derivatives"", ""Organic compounds"", ""Organic oxides"", ""Organic oxygen compounds"", ""Organoheterocyclic compounds"", ""Organooxygen compounds"", ""Oxacyclic compounds"", ""Prostaglandins and related compounds"", ""Secondary alcohols"", ""Tetrahydrofurans""]"
4588768,NotAvailable,"predicted_chebi_terms: [""aliphatic alcohol (CHEBI:2571)"", ""fatty acid methyl ester (CHEBI:4986)"", ""oxolanes (CHEBI:26912)"", ""carboxylic ester (CHEBI:33308)"", ""secondary alcohol (CHEBI:35681)"", ""organic hydroxy compound (CHEBI:33822)"", ""oxacycle (CHEBI:38104)"", ""carbonyl compound (CHEBI:36586)"", ""organic oxide (CHEBI:25701)"", ""organic molecule (CHEBI:72695)"", ""prostanoid (CHEBI:26347)"", ""chemical entity (CHEBI:24431)"", ""lipid (CHEBI:18059)"", ""organooxygen compound (CHEBI:36963)"", ""fatty acid ester (CHEBI:35748)"", ""organic heterocyclic compound (CHEBI:24532)"", ""oxygen molecular entity (CHEBI:25806)"", ""organic molecular entity (CHEBI:50860)"", ""polyol (CHEBI:26191)"", ""alcohol (CHEBI:30879)"", ""icosanoid (CHEBI:23899)""]"
4588768,NotAvailable,"predicted_lipidmaps_terms: [""Fatty alcohols (FA05)"", ""Fatty esters (FA07)"", ""Prostaglandins (FA0301)"", ""Fatty Acyls (FA)"", ""Eicosanoids (FA03)""]"
4588768,NotAvailable,Classification_version: 2.1
4602007,CHEMONTID:0000000,Kingdom: Organic compounds
4602007,CHEMONTID:0000002,Superclass: Organoheterocyclic compounds
4602007,CHEMONTID:0001346,Class: Diazines
4602007,CHEMONTID:0000075,Subclass: Pyrimidines and pyrimidine derivatives
4602007,CHEMONTID:0002308,Direct_parent: Phenylpyrimidines
4602007,CHEMONTID:0000036,alternative_parents: Nitrobenzenes
4602007,CHEMONTID:0003924,alternative_parents: Phenylalkylamines
4602007,CHEMONTID:0000284,alternative_parents: Aniline and substituted anilines
4602007,CHEMONTID:0004612,alternative_parents: Nitroaromatic compounds
4602007,CHEMONTID:0002458,alternative_parents: Secondary alkylarylamines
4602007,CHEMONTID:0001262,alternative_parents: Aminopyrimidines and derivatives
4602007,CHEMONTID:0003886,alternative_parents: Imidolactams
4602007,CHEMONTID:0004144,alternative_parents: Heteroaromatic compounds
4602007,CHEMONTID:0003633,"alternative_parents: Propargyl-type 1,3-dipolar organic compounds"
4602007,CHEMONTID:0004139,alternative_parents: Azacyclic compounds
4602007,CHEMONTID:0001508,alternative_parents: Organic oxoazanium compounds
4602007,CHEMONTID:0004150,alternative_parents: Hydrocarbon derivatives
4602007,CHEMONTID:0003940,alternative_parents: Organic oxides
4602007,CHEMONTID:0003865,alternative_parents: Organic salts
4602007,CHEMONTID:0003610,alternative_parents: Organic zwitterions
4602007,CHEMONTID:0002450,alternative_parents: Primary amines
4602007,NotAvailable,mMlecular_framework: Aromatic heteromonocyclic compounds
4602007,NotAvailable,"Substituents: [""5-phenylpyrimidine"", ""Nitrobenzene"", ""Nitroaromatic compound"", ""Phenylalkylamine"", ""Aniline or substituted anilines"", ""Aminopyrimidine"", ""Secondary aliphatic/aromatic amine"", ""Monocyclic benzene moiety"", ""Imidolactam"", ""Benzenoid"", ""Heteroaromatic compound"", ""C-nitro compound"", ""Organic nitro compound"", ""Organic oxoazanium"", ""Azacycle"", ""Secondary amine"", ""Organic 1,3-dipolar compound"", ""Allyl-type 1,3-dipolar organic compound"", ""Propargyl-type 1,3-dipolar organic compound"", ""Primary amine"", ""Organic nitrogen compound"", ""Organonitrogen compound"", ""Amine"", ""Organic salt"", ""Organic zwitterion"", ""Organic oxygen compound"", ""Organic oxide"", ""Hydrocarbon derivative"", ""Aromatic heteromonocyclic compound""]"
4602007,NotAvailable,External_descriptors: []
4602007,NotAvailable,"Ancestors: [""Allyl-type 1,3-dipolar organic compounds"", ""Amines"", ""Aminopyrimidines and derivatives"", ""Aniline and substituted anilines"", ""Aralkylamines"", ""Azacyclic compounds"", ""Benzene and substituted derivatives"", ""Benzenoids"", ""C-nitro compounds"", ""Chemical entities"", ""Diazines"", ""Heteroaromatic compounds"", ""Hydrocarbon derivatives"", ""Imidolactams"", ""Nitroaromatic compounds"", ""Nitrobenzenes"", ""Organic 1,3-dipolar compounds"", ""Organic compounds"", ""Organic nitro compounds"", ""Organic nitrogen compounds"", ""Organic oxides"", ""Organic oxoazanium compounds"", ""Organic oxygen compounds"", ""Organic salts"", ""Organic zwitterions"", ""Organoheterocyclic compounds"", ""Organonitrogen compounds"", ""Organopnictogen compounds"", ""Phenylalkylamines"", ""Phenylpyrimidines"", ""Primary amines"", ""Propargyl-type 1,3-dipolar organic compounds"", ""Pyrimidines and pyrimidine derivatives"", ""Secondary alkylarylamines"", ""Secondary amines""]"
4602007,NotAvailable,"predicted_chebi_terms: [""nitrobenzenes (CHEBI:48109)"", ""phenylalkylamine (CHEBI:60977)"", ""anilines (CHEBI:22562)"", ""aromatic compound (CHEBI:33655)"", ""secondary amine (CHEBI:32863)"", ""aminopyrimidine (CHEBI:38338)"", ""heterocyclic compound (CHEBI:5686)"", ""dicarboximide (CHEBI:35356)"", ""organosulfur compound (CHEBI:33261)"", ""organic aromatic compound (CHEBI:33659)"", ""dipolar compound (CHEBI:51151)"", ""organonitrogen heterocyclic compound (CHEBI:38101)"", ""nitrogen molecular entity (CHEBI:51143)"", ""organooxygen compound (CHEBI:36963)"", ""organic molecule (CHEBI:72695)"", ""organic oxide (CHEBI:25701)"", ""organic salt (CHEBI:24868)"", ""zwitterion (CHEBI:27369)"", ""organic molecular entity (CHEBI:50860)"", ""primary amine (CHEBI:32877)"", ""pyrimidines (CHEBI:39447)"", ""chemical entity (CHEBI:24431)"", ""benzenoid aromatic compound (CHEBI:33836)"", ""benzenes (CHEBI:22712)"", ""organonitrogen compound (CHEBI:35352)"", ""amine (CHEBI:32952)"", ""aralkylamine (CHEBI:18000)"", ""nitro compound (CHEBI:35715)"", ""organic heterocyclic compound (CHEBI:24532)"", ""diazines (CHEBI:38313)"", ""oxygen molecular entity (CHEBI:25806)""]"
4602007,NotAvailable,predicted_lipidmaps_terms: []
4602007,NotAvailable,Classification_version: 2.1
4604180,CHEMONTID:0000000,Kingdom: Organic compounds
4604180,CHEMONTID:0004603,Superclass: Organic oxygen compounds
4604180,CHEMONTID:0000323,Class: Organooxygen compounds
4604180,CHEMONTID:0000011,Subclass: Carbohydrates and carbohydrate conjugates
4604180,CHEMONTID:0000198,Direct_parent: Oligosaccharides
4604180,CHEMONTID:0002207,alternative_parents: O-glycosyl compounds
4604180,CHEMONTID:0002946,"alternative_parents: 1,4-dioxepanes"
4604180,CHEMONTID:0002012,alternative_parents: Oxanes
4604180,CHEMONTID:0001967,alternative_parents: Oxolanes
4604180,CHEMONTID:0001661,alternative_parents: Secondary alcohols
4604180,CHEMONTID:0001092,alternative_parents: Hemiacetals
4604180,CHEMONTID:0002286,alternative_parents: Polyols
4604180,CHEMONTID:0004140,alternative_parents: Oxacyclic compounds
4604180,CHEMONTID:0001167,alternative_parents: Dialkyl ethers
4604180,CHEMONTID:0001656,alternative_parents: Acetals
4604180,CHEMONTID:0000286,alternative_parents: Primary alcohols
4604180,CHEMONTID:0004150,alternative_parents: Hydrocarbon derivatives
4604180,NotAvailable,mMlecular_framework: Aliphatic heteropolycyclic compounds
4604180,NotAvailable,"Substituents: [""Oligosaccharide"", ""Glycosyl compound"", ""O-glycosyl compound"", ""1,4-dioxepane"", ""Dioxepane"", ""Oxane"", ""Oxolane"", ""Secondary alcohol"", ""Hemiacetal"", ""Acetal"", ""Dialkyl ether"", ""Oxacycle"", ""Ether"", ""Polyol"", ""Organoheterocyclic compound"", ""Hydrocarbon derivative"", ""Primary alcohol"", ""Alcohol"", ""Aliphatic heteropolycyclic compound""]"
4604180,NotAvailable,"External_descriptors: [[""source: META CYC"", ""source_id: CPD-8939"", ""annotation: [\""an agaro-oligosaccharide\""]""]]"
4604180,NotAvailable,"Ancestors: [""1,4-dioxepanes"", ""Acetals"", ""Alcohols and polyols"", ""Carbohydrates and carbohydrate conjugates"", ""Chemical entities"", ""Dialkyl ethers"", ""Dioxepanes"", ""Ethers"", ""Glycosyl compounds"", ""Hemiacetals"", ""Hydrocarbon derivatives"", ""O-glycosyl compounds"", ""Oligosaccharides"", ""Organic compounds"", ""Organic oxygen compounds"", ""Organoheterocyclic compounds"", ""Organooxygen compounds"", ""Oxacyclic compounds"", ""Oxanes"", ""Oxolanes"", ""Polyols"", ""Primary alcohols"", ""Secondary alcohols""]"
4604180,NotAvailable,"predicted_chebi_terms: [""glycoside (CHEBI:24400)"", ""oxacycle (CHEBI:38104)"", ""oxanes (CHEBI:46942)"", ""oxolanes (CHEBI:26912)"", ""secondary alcohol (CHEBI:35681)"", ""hemiacetal (CHEBI:5653)"", ""polyol (CHEBI:26191)"", ""ether (CHEBI:25698)"", ""acetal (CHEBI:59769)"", ""primary alcohol (CHEBI:15734)"", ""organic molecule (CHEBI:72695)"", ""oligosaccharide (CHEBI:50699)"", ""chemical entity (CHEBI:24431)"", ""oxygen molecular entity (CHEBI:25806)"", ""organic molecular entity (CHEBI:50860)"", ""organooxygen compound (CHEBI:36963)"", ""carbohydrates and carbohydrate derivatives (CHEBI:78616)"", ""organic heterocyclic compound (CHEBI:24532)"", ""organic hydroxy compound (CHEBI:33822)"", ""alcohol (CHEBI:30879)""]"
4604180,NotAvailable,predicted_lipidmaps_terms: []
4604180,NotAvailable,Classification_version: 2.1
4620161,CHEMONTID:0000000,Kingdom: Organic compounds
4620161,CHEMONTID:0000012,Superclass: Lipids and lipid-like molecules
4620161,CHEMONTID:0003909,Class: Fatty Acyls
4620161,CHEMONTID:0000513,Subclass: Eicosanoids
4620161,CHEMONTID:0000514,Direct_parent: Prostaglandins and related compounds
4620161,CHEMONTID:0001565,alternative_parents: Iridoids and derivatives
4620161,CHEMONTID:0001564,alternative_parents: Bicyclic monoterpenoids
4620161,CHEMONTID:0000341,alternative_parents: Hydroxy fatty acids
4620161,CHEMONTID:0001989,alternative_parents: Heterocyclic fatty acids
4620161,CHEMONTID:0000338,alternative_parents: Branched fatty acids
4620161,CHEMONTID:0002648,alternative_parents: Tetrahydrofurans
4620161,CHEMONTID:0001661,alternative_parents: Secondary alcohols
4620161,CHEMONTID:0001292,alternative_parents: Cyclic alcohols and derivatives
4620161,CHEMONTID:0004140,alternative_parents: Oxacyclic compounds
4620161,CHEMONTID:0001137,alternative_parents: Monocarboxylic acids and derivatives
4620161,CHEMONTID:0001167,alternative_parents: Dialkyl ethers
4620161,CHEMONTID:0001205,alternative_parents: Carboxylic acids
4620161,CHEMONTID:0003940,alternative_parents: Organic oxides
4620161,CHEMONTID:0004150,alternative_parents: Hydrocarbon derivatives
4620161,CHEMONTID:0003608,alternative_parents: Organic anions
4620161,NotAvailable,mMlecular_framework: Aliphatic heteropolycyclic compounds
4620161,NotAvailable,"Substituents: [""Prostaglandin skeleton"", ""Monoterpenoid"", ""11-noriridane monoterpenoid"", ""Bicyclic monoterpenoid"", ""Hydroxy fatty acid"", ""Heterocyclic fatty acid"", ""Branched fatty acid"", ""Tetrahydrofuran"", ""Cyclic alcohol"", ""Secondary alcohol"", ""Oxacycle"", ""Organoheterocyclic compound"", ""Monocarboxylic acid or derivatives"", ""Ether"", ""Dialkyl ether"", ""Carboxylic acid"", ""Carboxylic acid derivative"", ""Organic oxygen compound"", ""Organic oxide"", ""Hydrocarbon derivative"", ""Organooxygen compound"", ""Alcohol"", ""Organic anion"", ""Aliphatic heteropolycyclic compound""]"
4620161,NotAvailable,External_descriptors: []
4620161,NotAvailable,"Ancestors: [""Alcohols and polyols"", ""Bicyclic monoterpenoids"", ""Branched fatty acids"", ""Carboxylic acids"", ""Carboxylic acids and derivatives"", ""Chemical entities"", ""Cyclic alcohols and derivatives"", ""Dialkyl ethers"", ""Eicosanoids"", ""Ethers"", ""Fatty Acyls"", ""Fatty acids and conjugates"", ""Heterocyclic fatty acids"", ""Hydrocarbon derivatives"", ""Hydroxy fatty acids"", ""Iridoids and derivatives"", ""Lipids and lipid-like molecules"", ""Monocarboxylic acids and derivatives"", ""Monoterpenoids"", ""Organic acids and derivatives"", ""Organic anions"", ""Organic compounds"", ""Organic oxides"", ""Organic oxygen compounds"", ""Organoheterocyclic compounds"", ""Organooxygen compounds"", ""Oxacyclic compounds"", ""Prenol lipids"", ""Prostaglandins and related compounds"", ""Secondary alcohols"", ""Tetrahydrofurans""]"
4620161,NotAvailable,predicted_chebi_terms: []
4620161,NotAvailable,predicted_lipidmaps_terms: []
4620161,NotAvailable,Classification_version: 2.1
4626832,CHEMONTID:0000000,Kingdom: Organic compounds
4626832,CHEMONTID:0000264,Superclass: Organic acids and derivatives
4626832,CHEMONTID:0000265,Class: Carboxylic acids and derivatives
4626832,CHEMONTID:0000013,"Subclass: Amino acids, peptides, and analogues"
4626832,CHEMONTID:0000347,Intermediate_nodes: Amino acids and derivatives
4626832,CHEMONTID:0001880,Direct_parent: Gamma amino acids and derivatives
4626832,CHEMONTID:0000299,alternative_parents: Medium-chain hydroxy acids and derivatives
4626832,CHEMONTID:0000495,alternative_parents: Carbocyclic fatty acids
4626832,CHEMONTID:0003086,alternative_parents: Medium-chain fatty acids
4626832,CHEMONTID:0000341,alternative_parents: Hydroxy fatty acids
4626832,CHEMONTID:0001713,alternative_parents: Beta hydroxy acids and derivatives
4626832,CHEMONTID:0000489,alternative_parents: Amino fatty acids
4626832,CHEMONTID:0001661,alternative_parents: Secondary alcohols
4626832,CHEMONTID:0004176,alternative_parents: Amino acids
4626832,CHEMONTID:0001897,"alternative_parents: 1,2-aminoalcohols"
4626832,CHEMONTID:0001137,alternative_parents: Monocarboxylic acids and derivatives
4626832,CHEMONTID:0001205,alternative_parents: Carboxylic acids
4626832,CHEMONTID:0003940,alternative_parents: Organic oxides
4626832,CHEMONTID:0000469,alternative_parents: Monoalkylamines
4626832,CHEMONTID:0004150,alternative_parents: Hydrocarbon derivatives
4626832,CHEMONTID:0001831,alternative_parents: Carbonyl compounds
4626832,NotAvailable,mMlecular_framework: Aliphatic homomonocyclic compounds
4626832,NotAvailable,"Substituents: [""Gamma amino acid or derivatives"", ""Carbocyclic fatty acid"", ""Medium-chain hydroxy acid"", ""Medium-chain fatty acid"", ""Amino fatty acid"", ""Beta-hydroxy acid"", ""Hydroxy fatty acid"", ""Fatty acyl"", ""Fatty acid"", ""Hydroxy acid"", ""1,2-aminoalcohol"", ""Secondary alcohol"", ""Amino acid"", ""Monocarboxylic acid or derivatives"", ""Carboxylic acid"", ""Hydrocarbon derivative"", ""Organic oxide"", ""Organic oxygen compound"", ""Primary aliphatic amine"", ""Carbonyl group"", ""Organic nitrogen compound"", ""Alcohol"", ""Organonitrogen compound"", ""Amine"", ""Organooxygen compound"", ""Primary amine"", ""Aliphatic homomonocyclic compound""]"
4626832,NotAvailable,External_descriptors: []
4626832,NotAvailable,"Ancestors: [""1,2-aminoalcohols"", ""Alcohols and polyols"", ""Alkanolamines"", ""Amines"", ""Amino acids"", ""Amino acids and derivatives"", ""Amino acids, peptides, and analogues"", ""Amino fatty acids"", ""Beta hydroxy acids and derivatives"", ""Branched fatty acids"", ""Carbocyclic fatty acids"", ""Carbonyl compounds"", ""Carboxylic acids"", ""Carboxylic acids and derivatives"", ""Chemical entities"", ""Fatty Acyls"", ""Fatty acids and conjugates"", ""Gamma amino acids and derivatives"", ""Hydrocarbon derivatives"", ""Hydroxy acids and derivatives"", ""Hydroxy fatty acids"", ""Lipids and lipid-like molecules"", ""Medium-chain fatty acids"", ""Medium-chain hydroxy acids and derivatives"", ""Monoalkylamines"", ""Monocarboxylic acids and derivatives"", ""Organic acids and derivatives"", ""Organic compounds"", ""Organic nitrogen compounds"", ""Organic oxides"", ""Organic oxygen compounds"", ""Organonitrogen compounds"", ""Organooxygen compounds"", ""Organopnictogen compounds"", ""Primary amines"", ""Secondary alcohols"", ""Short-chain hydroxy acids and derivatives""]"
4626832,NotAvailable,"predicted_chebi_terms: [""carbonyl compound (CHEBI:36586)"", ""carbocyclic fatty acid (CHEBI:35744)"", ""medium-chain fatty acid (CHEBI:59554)"", ""hydroxy fatty acid (CHEBI:24654)"", ""3-hydroxy carboxylic acid (CHEBI:61355)"", ""amino fatty acid (CHEBI:59650)"", ""secondary alcohol (CHEBI:35681)"", ""amino acid (CHEBI:33709)"", ""amino alcohol (CHEBI:22478)"", ""monocarboxylic acid (CHEBI:25384)"", ""carboxylic acid (CHEBI:33575)"", ""organic oxide (CHEBI:25701)"", ""alkylamine (CHEBI:13759)"", ""organic molecule (CHEBI:72695)"", ""organonitrogen compound (CHEBI:35352)"", ""organooxygen compound (CHEBI:36963)"", ""chemical entity (CHEBI:24431)"", ""organic acid (CHEBI:64709)"", ""hydroxy carboxylic acid (CHEBI:24669)"", ""lipid (CHEBI:18059)"", ""oxygen molecular entity (CHEBI:25806)"", ""organic molecular entity (CHEBI:50860)"", ""polyol (CHEBI:26191)"", ""organic hydroxy compound (CHEBI:33822)"", ""alcohol (CHEBI:30879)"", ""nitrogen molecular entity (CHEBI:51143)"", ""amine (CHEBI:32952)"", ""primary amine (CHEBI:32877)""]"
4626832,NotAvailable,"predicted_lipidmaps_terms: [""Carbocyclic fatty acids (FA0114)"", ""Fatty Acids and Conjugates (FA01)"", ""Hydroxy fatty acids (FA0105)"", ""Amino fatty acids (FA0110)"", ""Fatty Acyls (FA)""]"
4626832,NotAvailable,Classification_version: 2.1
4630253,CHEMONTID:0000000,Kingdom: Organic compounds
4630253,CHEMONTID:0000012,Superclass: Lipids and lipid-like molecules
4630253,CHEMONTID:0000258,Class: Steroids and steroid derivatives
4630253,CHEMONTID:0001295,Subclass: Hydroxysteroids
4630253,CHEMONTID:0003095,Direct_parent: 21-hydroxysteroids
4630253,CHEMONTID:0001468,"alternative_parents: Gluco/mineralocorticoids, progestogins and derivatives"
4630253,CHEMONTID:0003058,alternative_parents: 20-oxosteroids
4630253,CHEMONTID:0002645,alternative_parents: Halogenated steroids
4630253,CHEMONTID:0002973,"alternative_parents: 3-oxo delta-1,4-steroids"
4630253,CHEMONTID:0003236,alternative_parents: 17-hydroxysteroids
4630253,CHEMONTID:0003228,alternative_parents: 11-hydroxysteroids
4630253,CHEMONTID:0002977,"alternative_parents: Delta-1,4-steroids"
4630253,CHEMONTID:0001670,alternative_parents: Tertiary alcohols
4630253,CHEMONTID:0002912,alternative_parents: Alpha-hydroxy ketones
4630253,CHEMONTID:0001661,alternative_parents: Secondary alcohols
4630253,CHEMONTID:0003487,alternative_parents: Cyclic ketones
4630253,CHEMONTID:0001292,alternative_parents: Cyclic alcohols and derivatives
4630253,CHEMONTID:0000286,alternative_parents: Primary alcohols
4630253,CHEMONTID:0001516,alternative_parents: Organochlorides
4630253,CHEMONTID:0003940,alternative_parents: Organic oxides
4630253,CHEMONTID:0004150,alternative_parents: Hydrocarbon derivatives
4630253,CHEMONTID:0001026,alternative_parents: Alkyl chlorides
4630253,NotAvailable,mMlecular_framework: Aliphatic homopolycyclic compounds
4630253,NotAvailable,"Substituents: [""21-hydroxysteroid"", ""Progestogin-skeleton"", ""Pregnane-skeleton"", ""20-oxosteroid"", ""17-hydroxysteroid"", ""11-hydroxysteroid"", ""Oxosteroid"", ""Halo-steroid"", ""7-halo-steroid"", ""3-oxosteroid"", ""3-oxo-delta-1,4-steroid"", ""Delta-1,4-steroid"", ""Tertiary alcohol"", ""Cyclic alcohol"", ""Alpha-hydroxy ketone"", ""Cyclic ketone"", ""Secondary alcohol"", ""Ketone"", ""Organic oxygen compound"", ""Organic oxide"", ""Hydrocarbon derivative"", ""Primary alcohol"", ""Organooxygen compound"", ""Organochloride"", ""Organohalogen compound"", ""Carbonyl group"", ""Alkyl halide"", ""Alkyl chloride"", ""Alcohol"", ""Aliphatic homopolycyclic compound""]"
4630253,NotAvailable,External_descriptors: []
4630253,NotAvailable,"Ancestors: [""11-hydroxysteroids"", ""17-hydroxysteroids"", ""20-oxosteroids"", ""21-hydroxysteroids"", ""3-oxo delta-1,4-steroids"", ""3-oxosteroids"", ""Alcohols and polyols"", ""Alkyl chlorides"", ""Alkyl halides"", ""Alpha-hydroxy ketones"", ""Carbonyl compounds"", ""Chemical entities"", ""Cyclic alcohols and derivatives"", ""Cyclic ketones"", ""Delta-1,4-steroids"", ""Gluco/mineralocorticoids, progestogins and derivatives"", ""Halogenated steroids"", ""Hydrocarbon derivatives"", ""Hydroxysteroids"", ""Ketones"", ""Lipids and lipid-like molecules"", ""Organic compounds"", ""Organic oxides"", ""Organic oxygen compounds"", ""Organochlorides"", ""Organohalogen compounds"", ""Organooxygen compounds"", ""Oxosteroids"", ""Pregnane steroids"", ""Primary alcohols"", ""Secondary alcohols"", ""Steroids and steroid derivatives"", ""Tertiary alcohols""]"
4630253,NotAvailable,"predicted_chebi_terms: [""corticosteroid hormone (CHEBI:36699)"", ""20-oxo steroid (CHEBI:36885)"", ""steroid (CHEBI:35341)"", ""organohalogen compound (CHEBI:36684)"", ""3-oxo-Delta(1),Delta(4)-steroid (CHEBI:77166)"", ""17-hydroxy steroid (CHEBI:36838)"", ""11-hydroxy steroid (CHEBI:36841)"", ""tertiary alcohol (CHEBI:26878)"", ""ketone (CHEBI:17087)"", ""secondary alcohol (CHEBI:35681)"", ""cyclic ketone (CHEBI:3992)"", ""organic hydroxy compound (CHEBI:33822)"", ""primary alcohol (CHEBI:15734)"", ""organochlorine compound (CHEBI:36683)"", ""organic oxide (CHEBI:25701)"", ""organic molecule (CHEBI:72695)"", ""21-hydroxy steroid (CHEBI:35344)"", ""chemical entity (CHEBI:24431)"", ""lipid (CHEBI:18059)"", ""oxo steroid (CHEBI:35789)"", ""3-oxo steroid (CHEBI:47788)"", ""hydroxy steroid (CHEBI:35350)"", ""oxygen molecular entity (CHEBI:25806)"", ""organic molecular entity (CHEBI:50860)"", ""organooxygen compound (CHEBI:36963)"", ""polyol (CHEBI:26191)"", ""alcohol (CHEBI:30879)"", ""carbonyl compound (CHEBI:36586)"", ""haloalkane (CHEBI:24469)""]"
4630253,NotAvailable,"predicted_lipidmaps_terms: [""C21 steroids (gluco/mineralocorticoids, progestogins) and derivatives (ST0203)"", ""Sterol Lipids (ST)""]"
4630253,NotAvailable,Classification_version: 2.1
4630562,CHEMONTID:0000000,Kingdom: Organic compounds
4630562,CHEMONTID:0004707,Superclass: Organic nitrogen compounds
4630562,CHEMONTID:0000278,Class: Organonitrogen compounds
4630562,CHEMONTID:0000503,Subclass: Quaternary ammonium salts
4630562,CHEMONTID:0000503,Direct_parent: Quaternary ammonium salts
4630562,CHEMONTID:0002434,alternative_parents: Alpha-hydrogen aldehydes
4630562,CHEMONTID:0003940,alternative_parents: Organic oxides
4630562,CHEMONTID:0000469,alternative_parents: Monoalkylamines
4630562,CHEMONTID:0004150,alternative_parents: Hydrocarbon derivatives
4630562,CHEMONTID:0003609,alternative_parents: Organic cations
4630562,NotAvailable,mMlecular_framework: Aliphatic acyclic compounds
4630562,NotAvailable,"Substituents: [""Quaternary ammonium salt"", ""Alpha-hydrogen aldehyde"", ""Organic oxygen compound"", ""Organic oxide"", ""Hydrocarbon derivative"", ""Primary amine"", ""Organooxygen compound"", ""Primary aliphatic amine"", ""Carbonyl group"", ""Amine"", ""Aldehyde"", ""Organic cation"", ""Aliphatic acyclic compound""]"
4630562,NotAvailable,External_descriptors: []
4630562,NotAvailable,"Ancestors: [""Aldehydes"", ""Alpha-hydrogen aldehydes"", ""Amines"", ""Carbonyl compounds"", ""Chemical entities"", ""Hydrocarbon derivatives"", ""Monoalkylamines"", ""Organic cations"", ""Organic compounds"", ""Organic nitrogen compounds"", ""Organic oxides"", ""Organic oxygen compounds"", ""Organonitrogen compounds"", ""Organooxygen compounds"", ""Organopnictogen compounds"", ""Primary amines"", ""Quaternary ammonium salts""]"
4630562,NotAvailable,"predicted_chebi_terms: [""aldehyde (CHEBI:17478)"", ""organic oxide (CHEBI:25701)"", ""alkylamine (CHEBI:13759)"", ""organic molecule (CHEBI:72695)"", ""organic cation (CHEBI:25697)"", ""quaternary ammonium salt (CHEBI:35273)"", ""chemical entity (CHEBI:24431)"", ""oxygen molecular entity (CHEBI:25806)"", ""organic molecular entity (CHEBI:50860)"", ""organooxygen compound (CHEBI:36963)"", ""carbonyl compound (CHEBI:36586)"", ""nitrogen molecular entity (CHEBI:51143)"", ""organonitrogen compound (CHEBI:35352)"", ""amine (CHEBI:32952)"", ""primary amine (CHEBI:32877)""]"
4630562,NotAvailable,predicted_lipidmaps_terms: []
4630562,NotAvailable,Classification_version: 2.1
4636208,CHEMONTID:0000000,Kingdom: Organic compounds
4636208,CHEMONTID:0000264,Superclass: Organic acids and derivatives
4636208,CHEMONTID:0000265,Class: Carboxylic acids and derivatives
4636208,CHEMONTID:0000013,"Subclass: Amino acids, peptides, and analogues"
4636208,CHEMONTID:0000347,Intermediate_nodes: Amino acids and derivatives
4636208,CHEMONTID:0000060,Intermediate_nodes: Alpha amino acids and derivatives
4636208,CHEMONTID:0001189,Intermediate_nodes: N-acyl-alpha amino acids and derivatives
4636208,CHEMONTID:0002402,Direct_parent: N-acyl-alpha amino acids
4636208,CHEMONTID:0000346,alternative_parents: Dicarboxylic acids and derivatives
4636208,CHEMONTID:0001347,"alternative_parents: 1,3-thiazines"
4636208,CHEMONTID:0000097,alternative_parents: Thiophenes
4636208,CHEMONTID:0004144,alternative_parents: Heteroaromatic compounds
4636208,CHEMONTID:0001663,alternative_parents: Secondary carboxylic acid amides
4636208,CHEMONTID:0001666,alternative_parents: Thiohemiaminal derivatives
4636208,CHEMONTID:0000470,alternative_parents: Enamines
4636208,CHEMONTID:0003862,alternative_parents: Dialkylthioethers
4636208,CHEMONTID:0001205,alternative_parents: Carboxylic acids
4636208,CHEMONTID:0004139,alternative_parents: Azacyclic compounds
4636208,CHEMONTID:0003940,alternative_parents: Organic oxides
4636208,CHEMONTID:0004150,alternative_parents: Hydrocarbon derivatives
4636208,CHEMONTID:0001831,alternative_parents: Carbonyl compounds
4636208,NotAvailable,mMlecular_framework: Aromatic heteromonocyclic compounds
4636208,NotAvailable,"Substituents: [""N-acyl-alpha-amino acid"", ""Meta-thiazine"", ""Dicarboxylic acid or derivatives"", ""Heteroaromatic compound"", ""Thiophene"", ""Carboxamide group"", ""Secondary carboxylic acid amide"", ""Carboxylic acid"", ""Enamine"", ""Azacycle"", ""Thioether"", ""Hemithioaminal"", ""Organoheterocyclic compound"", ""Dialkylthioether"", ""Hydrocarbon derivative"", ""Amine"", ""Organonitrogen compound"", ""Organooxygen compound"", ""Carbonyl group"", ""Organic oxygen compound"", ""Organic nitrogen compound"", ""Organic oxide"", ""Aromatic heteromonocyclic compound""]"
4636208,NotAvailable,External_descriptors: []
4636208,NotAvailable,"Ancestors: [""1,3-thiazines"", ""Alpha amino acids and derivatives"", ""Amines"", ""Amino acids and derivatives"", ""Amino acids, peptides, and analogues"", ""Azacyclic compounds"", ""Carbonyl compounds"", ""Carboxylic acid amides"", ""Carboxylic acid derivatives"", ""Carboxylic acids"", ""Carboxylic acids and derivatives"", ""Chemical entities"", ""Dialkylthioethers"", ""Dicarboxylic acids and derivatives"", ""Enamines"", ""Heteroaromatic compounds"", ""Hydrocarbon derivatives"", ""N-acyl-alpha amino acids"", ""N-acyl-alpha amino acids and derivatives"", ""Organic acids and derivatives"", ""Organic compounds"", ""Organic nitrogen compounds"", ""Organic oxides"", ""Organic oxygen compounds"", ""Organoheterocyclic compounds"", ""Organonitrogen compounds"", ""Organooxygen compounds"", ""Organopnictogen compounds"", ""Organosulfur compounds"", ""Secondary carboxylic acid amides"", ""Thiazines"", ""Thioethers"", ""Thiohemiaminal derivatives"", ""Thiophenes""]"
4636208,NotAvailable,"predicted_chebi_terms: [""dicarboxylic acid (CHEBI:35692)"", ""1,3-thiazine (CHEBI:46975)"", ""thiophenes (CHEBI:26961)"", ""organic aromatic compound (CHEBI:33659)"", ""carboxamide (CHEBI:37622)"", ""organosulfur compound (CHEBI:33261)"", ""enamine (CHEBI:47989)"", ""aliphatic sulfide (CHEBI:22327)"", ""carboxylic acid (CHEBI:33575)"", ""organonitrogen heterocyclic compound (CHEBI:38101)"", ""organic oxide (CHEBI:25701)"", ""organic molecule (CHEBI:72695)"", ""carbonyl compound (CHEBI:36586)"", ""N-acyl-amino acid (CHEBI:51569)"", ""chemical entity (CHEBI:24431)"", ""organic acid (CHEBI:64709)"", ""organic heterocyclic compound (CHEBI:24532)"", ""thiazine (CHEBI:38326)"", ""organooxygen compound (CHEBI:36963)"", ""amide (CHEBI:32988)"", ""nitrogen molecular entity (CHEBI:51143)"", ""organic molecular entity (CHEBI:50860)"", ""organonitrogen compound (CHEBI:35352)"", ""amine (CHEBI:32952)"", ""organic sulfide (CHEBI:16385)"", ""oxygen molecular entity (CHEBI:25806)"", ""carboxylic acid anion (CHEBI:29067)"", ""amino acid (CHEBI:33709)"", ""peptide (CHEBI:16670)""]"
4636208,NotAvailable,"predicted_lipidmaps_terms: [""Dicarboxylic acids (FA0117)""]"
4636208,NotAvailable,Classification_version: 2.1
4643920,CHEMONTID:0000000,Kingdom: Organic compounds
4643920,CHEMONTID:0000012,Superclass: Lipids and lipid-like molecules
4643920,CHEMONTID:0000258,Class: Steroids and steroid derivatives
4643920,CHEMONTID:0003568,Subclass: Androstane steroids
4643920,CHEMONTID:0003568,Direct_parent: Androstane steroids
4643920,CHEMONTID:0002979,alternative_parents: Delta-5-steroids
4643920,CHEMONTID:0004149,alternative_parents: Polycyclic hydrocarbons
4643920,CHEMONTID:0002840,alternative_parents: Cyclic olefins
4643920,CHEMONTID:0004476,alternative_parents: Unsaturated aliphatic hydrocarbons
4643920,NotAvailable,mMlecular_framework: Aliphatic homopolycyclic compounds
4643920,NotAvailable,"Substituents: [""Androstane-skeleton"", ""Delta-5-steroid"", ""Polycyclic hydrocarbon"", ""Cyclic olefin"", ""Unsaturated aliphatic hydrocarbon"", ""Unsaturated hydrocarbon"", ""Olefin"", ""Hydrocarbon"", ""Aliphatic homopolycyclic compound""]"
4643920,NotAvailable,External_descriptors: []
4643920,NotAvailable,"Ancestors: [""Androstane steroids"", ""Chemical entities"", ""Cyclic olefins"", ""Delta-5-steroids"", ""Hydrocarbons"", ""Lipids and lipid-like molecules"", ""Olefins"", ""Organic compounds"", ""Polycyclic hydrocarbons"", ""Steroids and steroid derivatives"", ""Unsaturated aliphatic hydrocarbons"", ""Unsaturated hydrocarbons""]"
4643920,NotAvailable,"predicted_chebi_terms: [""steroid (CHEBI:35341)"", ""hydrocarbon (CHEBI:24632)"", ""cyclic olefin (CHEBI:33642)"", ""androstanoid (CHEBI:50402)"", ""chemical entity (CHEBI:24431)"", ""organic molecule (CHEBI:72695)"", ""lipid (CHEBI:18059)"", ""olefin (CHEBI:33641)""]"
4643920,NotAvailable,"predicted_lipidmaps_terms: [""Sterol Lipids (ST)"", ""C19 steroids (androgens) and derivatives (ST0202)""]"
4643920,NotAvailable,Classification_version: 2.1
4657542,CHEMONTID:0000000,Kingdom: Organic compounds
4657542,CHEMONTID:0000264,Superclass: Organic acids and derivatives
4657542,CHEMONTID:0000265,Class: Carboxylic acids and derivatives
4657542,CHEMONTID:0000013,"Subclass: Amino acids, peptides, and analogues"
4657542,CHEMONTID:0000347,Intermediate_nodes: Amino acids and derivatives
4657542,CHEMONTID:0000060,Intermediate_nodes: Alpha amino acids and derivatives
4657542,CHEMONTID:0004321,Direct_parent: Phenylalanine and derivatives
4657542,CHEMONTID:0002551,alternative_parents: Phenylpropanoic acids
4657542,CHEMONTID:0000188,alternative_parents: Amphetamines and derivatives
4657542,CHEMONTID:0002404,alternative_parents: Alpha amino acids
4657542,CHEMONTID:0003899,alternative_parents: Aralkylamines
4657542,CHEMONTID:0004176,alternative_parents: Amino acids
4657542,CHEMONTID:0001137,alternative_parents: Monocarboxylic acids and derivatives
4657542,CHEMONTID:0002228,alternative_parents: Dialkylamines
4657542,CHEMONTID:0001205,alternative_parents: Carboxylic acids
4657542,CHEMONTID:0004557,alternative_parents: Organopnictogen compounds
4657542,CHEMONTID:0003940,alternative_parents: Organic oxides
4657542,CHEMONTID:0004150,alternative_parents: Hydrocarbon derivatives
4657542,CHEMONTID:0001831,alternative_parents: Carbonyl compounds
4657542,NotAvailable,mMlecular_framework: Aromatic homomonocyclic compounds
4657542,NotAvailable,"Substituents: [""Phenylalanine or derivatives"", ""3-phenylpropanoic-acid"", ""Alpha-amino acid"", ""Amphetamine or derivatives"", ""Aralkylamine"", ""Monocyclic benzene moiety"", ""Benzenoid"", ""Amino acid"", ""Secondary amine"", ""Monocarboxylic acid or derivatives"", ""Secondary aliphatic amine"", ""Carboxylic acid"", ""Organic nitrogen compound"", ""Organic oxide"", ""Organooxygen compound"", ""Organonitrogen compound"", ""Carbonyl group"", ""Organopnictogen compound"", ""Organic oxygen compound"", ""Amine"", ""Hydrocarbon derivative"", ""Aromatic homomonocyclic compound""]"
4657542,NotAvailable,External_descriptors: []
4657542,NotAvailable,"Ancestors: [""Alpha amino acids"", ""Alpha amino acids and derivatives"", ""Amines"", ""Amino acids"", ""Amino acids and derivatives"", ""Amino acids, peptides, and analogues"", ""Amphetamines and derivatives"", ""Aralkylamines"", ""Benzene and substituted derivatives"", ""Benzenoids"", ""Carbonyl compounds"", ""Carboxylic acids"", ""Carboxylic acids and derivatives"", ""Chemical entities"", ""Dialkylamines"", ""Hydrocarbon derivatives"", ""Monocarboxylic acids and derivatives"", ""Organic acids and derivatives"", ""Organic compounds"", ""Organic nitrogen compounds"", ""Organic oxides"", ""Organic oxygen compounds"", ""Organonitrogen compounds"", ""Organooxygen compounds"", ""Organopnictogen compounds"", ""Phenethylamines"", ""Phenylalanine and derivatives"", ""Phenylpropanoic acids"", ""Phenylpropanoids and polyketides"", ""Secondary amines""]"
4657542,NotAvailable,"predicted_chebi_terms: [""benzenes (CHEBI:22712)"", ""carboxylic acid (CHEBI:33575)"", ""amphetamines (CHEBI:35338)"", ""alpha-amino acid (CHEBI:33704)"", ""aralkylamine (CHEBI:18000)"", ""amino acid (CHEBI:33709)"", ""carbonyl compound (CHEBI:36586)"", ""secondary amino compound (CHEBI:50995)"", ""carboxylic acid anion (CHEBI:29067)"", ""pnictogen molecular entity (CHEBI:33302)"", ""organic molecular entity (CHEBI:50860)"", ""organic oxide (CHEBI:25701)"", ""organic molecule (CHEBI:72695)"", ""phenylalanine derivative (CHEBI:25985)"", ""chemical entity (CHEBI:24431)"", ""organooxygen compound (CHEBI:36963)"", ""benzenoid aromatic compound (CHEBI:33836)"", ""primary amine (CHEBI:32877)"", ""peptide (CHEBI:16670)"", ""organonitrogen compound (CHEBI:35352)"", ""nitrogen molecular entity (CHEBI:51143)"", ""amine (CHEBI:32952)"", ""secondary amine (CHEBI:32863)"", ""oxygen molecular entity (CHEBI:25806)""]"
4657542,NotAvailable,predicted_lipidmaps_terms: []
4657542,NotAvailable,Classification_version: 2.1
4659568,CHEMONTID:0000000,Kingdom: Organic compounds
4659568,CHEMONTID:0000261,Superclass: Phenylpropanoids and polyketides
4659568,CHEMONTID:0000476,Class: Cinnamic acids and derivatives
4659568,CHEMONTID:0001391,Subclass: Hydroxycinnamic acids and derivatives
4659568,CHEMONTID:0001391,Direct_parent: Hydroxycinnamic acids and derivatives
4659568,CHEMONTID:0000141,alternative_parents: Nitrophenols
4659568,CHEMONTID:0000036,alternative_parents: Nitrobenzenes
4659568,CHEMONTID:0004612,alternative_parents: Nitroaromatic compounds
4659568,CHEMONTID:0000135,alternative_parents: Catechols
4659568,CHEMONTID:0004647,alternative_parents: 1-hydroxy-4-unsubstituted benzenoids
4659568,CHEMONTID:0004646,alternative_parents: 1-hydroxy-2-unsubstituted benzenoids
4659568,CHEMONTID:0001664,alternative_parents: Tertiary carboxylic acid amides
4659568,CHEMONTID:0003633,"alternative_parents: Propargyl-type 1,3-dipolar organic compounds"
4659568,CHEMONTID:0001508,alternative_parents: Organic oxoazanium compounds
4659568,CHEMONTID:0000362,alternative_parents: Nitriles
4659568,CHEMONTID:0004557,alternative_parents: Organopnictogen compounds
4659568,CHEMONTID:0003610,alternative_parents: Organic zwitterions
4659568,CHEMONTID:0003940,alternative_parents: Organic oxides
4659568,CHEMONTID:0004150,alternative_parents: Hydrocarbon derivatives
4659568,CHEMONTID:0001831,alternative_parents: Carbonyl compounds
4659568,NotAvailable,mMlecular_framework: Aromatic homomonocyclic compounds
4659568,NotAvailable,"Substituents: [""Hydroxycinnamic acid or derivatives"", ""Nitrophenol"", ""Nitrobenzene"", ""Nitroaromatic compound"", ""Catechol"", ""1-hydroxy-4-unsubstituted benzenoid"", ""1-hydroxy-2-unsubstituted benzenoid"", ""Phenol"", ""Monocyclic benzene moiety"", ""Benzenoid"", ""Tertiary carboxylic acid amide"", ""Carboxamide group"", ""C-nitro compound"", ""Organic nitro compound"", ""Allyl-type 1,3-dipolar organic compound"", ""Propargyl-type 1,3-dipolar organic compound"", ""Carboxylic acid derivative"", ""Carbonitrile"", ""Nitrile"", ""Organic oxoazanium"", ""Organic 1,3-dipolar compound"", ""Organic nitrogen compound"", ""Organic zwitterion"", ""Organic oxide"", ""Hydrocarbon derivative"", ""Organic oxygen compound"", ""Organonitrogen compound"", ""Organooxygen compound"", ""Carbonyl group"", ""Organopnictogen compound"", ""Aromatic homomonocyclic compound""]"
4659568,NotAvailable,External_descriptors: []
4659568,NotAvailable,"Ancestors: [""1-hydroxy-2-unsubstituted benzenoids"", ""1-hydroxy-4-unsubstituted benzenoids"", ""Allyl-type 1,3-dipolar organic compounds"", ""Benzene and substituted derivatives"", ""Benzenediols"", ""Benzenoids"", ""C-nitro compounds"", ""Carbonyl compounds"", ""Carboxylic acid amides"", ""Carboxylic acid derivatives"", ""Carboxylic acids and derivatives"", ""Catechols"", ""Chemical entities"", ""Cinnamic acids and derivatives"", ""Hydrocarbon derivatives"", ""Hydroxycinnamic acids and derivatives"", ""Nitriles"", ""Nitroaromatic compounds"", ""Nitrobenzenes"", ""Nitrophenols"", ""Organic 1,3-dipolar compounds"", ""Organic acids and derivatives"", ""Organic compounds"", ""Organic cyanides"", ""Organic nitro compounds"", ""Organic nitrogen compounds"", ""Organic oxides"", ""Organic oxoazanium compounds"", ""Organic oxygen compounds"", ""Organic zwitterions"", ""Organonitrogen compounds"", ""Organooxygen compounds"", ""Organopnictogen compounds"", ""Phenols"", ""Phenylpropanoids and polyketides"", ""Propargyl-type 1,3-dipolar organic compounds"", ""Tertiary carboxylic acid amides""]"
4659568,NotAvailable,"predicted_chebi_terms: [""phenols (CHEBI:33853)"", ""nitrobenzenes (CHEBI:48109)"", ""aromatic compound (CHEBI:33655)"", ""catechols (CHEBI:33566)"", ""carboxamide (CHEBI:37622)"", ""dipolar compound (CHEBI:51151)"", ""nitrogen molecular entity (CHEBI:51143)"", ""organooxygen compound (CHEBI:36963)"", ""nitrile (CHEBI:18379)"", ""pnictogen molecular entity (CHEBI:33302)"", ""organic molecular entity (CHEBI:50860)"", ""zwitterion (CHEBI:27369)"", ""organic oxide (CHEBI:25701)"", ""organic molecule (CHEBI:72695)"", ""carbonyl compound (CHEBI:36586)"", ""hydroxycinnamic acid (CHEBI:24689)"", ""chemical entity (CHEBI:24431)"", ""benzenoid aromatic compound (CHEBI:33836)"", ""benzenes (CHEBI:22712)"", ""nitro compound (CHEBI:35715)"", ""benzenediols (CHEBI:33570)"", ""amide (CHEBI:32988)"", ""oxygen molecular entity (CHEBI:25806)"", ""organonitrogen compound (CHEBI:35352)"", ""cyanides (CHEBI:23424)"", ""olefinic compound (CHEBI:78840)""]"
4659568,NotAvailable,predicted_lipidmaps_terms: []
4659568,NotAvailable,Classification_version: 2.1
4659569,CHEMONTID:0000000,Kingdom: Organic compounds
4659569,CHEMONTID:0002448,Superclass: Benzenoids
4659569,CHEMONTID:0002279,Class: Benzene and substituted derivatives
4659569,CHEMONTID:0000120,Subclass: Benzophenones
4659569,CHEMONTID:0000120,Direct_parent: Benzophenones
4659569,CHEMONTID:0004297,alternative_parents: Aryl-phenylketones
4659569,CHEMONTID:0000369,alternative_parents: Diphenylmethanes
4659569,CHEMONTID:0000141,alternative_parents: Nitrophenols
4659569,CHEMONTID:0000036,alternative_parents: Nitrobenzenes
4659569,CHEMONTID:0000321,alternative_parents: Benzoyl derivatives
4659569,CHEMONTID:0000135,alternative_parents: Catechols
4659569,CHEMONTID:0004612,alternative_parents: Nitroaromatic compounds
4659569,CHEMONTID:0001091,alternative_parents: Toluenes
4659569,CHEMONTID:0004647,alternative_parents: 1-hydroxy-4-unsubstituted benzenoids
4659569,CHEMONTID:0004646,alternative_parents: 1-hydroxy-2-unsubstituted benzenoids
4659569,CHEMONTID:0003633,"alternative_parents: Propargyl-type 1,3-dipolar organic compounds"
4659569,CHEMONTID:0001508,alternative_parents: Organic oxoazanium compounds
4659569,CHEMONTID:0004557,alternative_parents: Organopnictogen compounds
4659569,CHEMONTID:0004150,alternative_parents: Hydrocarbon derivatives
4659569,CHEMONTID:0000278,alternative_parents: Organonitrogen compounds
4659569,CHEMONTID:0003940,alternative_parents: Organic oxides
4659569,NotAvailable,mMlecular_framework: Aromatic homomonocyclic compounds
4659569,NotAvailable,"Substituents: [""Benzophenone"", ""Diphenylmethane"", ""Aryl-phenylketone"", ""Nitrophenol"", ""Nitrobenzene"", ""Nitroaromatic compound"", ""Benzoyl"", ""Catechol"", ""Aryl ketone"", ""1-hydroxy-4-unsubstituted benzenoid"", ""1-hydroxy-2-unsubstituted benzenoid"", ""Toluene"", ""Phenol"", ""Ketone"", ""Organic nitro compound"", ""C-nitro compound"", ""Organic 1,3-dipolar compound"", ""Propargyl-type 1,3-dipolar organic compound"", ""Allyl-type 1,3-dipolar organic compound"", ""Organic oxoazanium"", ""Organic nitrogen compound"", ""Hydrocarbon derivative"", ""Organic oxide"", ""Organic oxygen compound"", ""Organopnictogen compound"", ""Organonitrogen compound"", ""Organooxygen compound"", ""Aromatic homomonocyclic compound""]"
4659569,NotAvailable,"External_descriptors: [[""source: CHEBI"", ""source_id: CHEBI:63630"", ""annotation: [\""benzophenones\""]""], [""source: META CYC"", ""source_id: CPD-7664"", ""annotation: [\""a small molecule\""]""]]"
4659569,NotAvailable,"Ancestors: [""1-hydroxy-2-unsubstituted benzenoids"", ""1-hydroxy-4-unsubstituted benzenoids"", ""Allyl-type 1,3-dipolar organic compounds"", ""Aryl ketones"", ""Aryl-phenylketones"", ""Benzene and substituted derivatives"", ""Benzenediols"", ""Benzenoids"", ""Benzophenones"", ""Benzoyl derivatives"", ""C-nitro compounds"", ""Carbonyl compounds"", ""Catechols"", ""Chemical entities"", ""Diphenylmethanes"", ""Hydrocarbon derivatives"", ""Ketones"", ""Nitroaromatic compounds"", ""Nitrobenzenes"", ""Nitrophenols"", ""Organic 1,3-dipolar compounds"", ""Organic compounds"", ""Organic nitro compounds"", ""Organic nitrogen compounds"", ""Organic oxides"", ""Organic oxoazanium compounds"", ""Organic oxygen compounds"", ""Organonitrogen compounds"", ""Organooxygen compounds"", ""Organopnictogen compounds"", ""Phenols"", ""Phenylketones"", ""Propargyl-type 1,3-dipolar organic compounds"", ""Toluenes""]"
4659569,NotAvailable,"predicted_chebi_terms: [""aromatic ketone (CHEBI:76224)"", ""diarylmethane (CHEBI:51614)"", ""phenols (CHEBI:33853)"", ""nitrobenzenes (CHEBI:48109)"", ""carbonyl compound (CHEBI:36586)"", ""catechols (CHEBI:33566)"", ""aromatic compound (CHEBI:33655)"", ""toluenes (CHEBI:27024)"", ""dipolar compound (CHEBI:51151)"", ""nitrogen molecular entity (CHEBI:51143)"", ""organooxygen compound (CHEBI:36963)"", ""pnictogen molecular entity (CHEBI:33302)"", ""organic molecular entity (CHEBI:50860)"", ""organic molecule (CHEBI:72695)"", ""organonitrogen compound (CHEBI:35352)"", ""organic oxide (CHEBI:25701)"", ""benzophenones (CHEBI:22726)"", ""chemical entity (CHEBI:24431)"", ""oxygen molecular entity (CHEBI:25806)"", ""ketone (CHEBI:17087)"", ""benzenoid aromatic compound (CHEBI:33836)"", ""benzenes (CHEBI:22712)"", ""benzenediols (CHEBI:33570)"", ""nitro compound (CHEBI:35715)""]"
4659569,NotAvailable,predicted_lipidmaps_terms: []
4659569,NotAvailable,Classification_version: 2.1
4672313,CHEMONTID:0000000,Kingdom: Organic compounds
4672313,CHEMONTID:0000012,Superclass: Lipids and lipid-like molecules
4672313,CHEMONTID:0000259,Class: Prenol lipids
4672313,CHEMONTID:0001551,Subclass: Diterpenoids
4672313,CHEMONTID:0000676,Direct_parent: Taxanes and derivatives
4672313,CHEMONTID:0003469,alternative_parents: N-benzylbenzamides
4672313,CHEMONTID:0002966,alternative_parents: Tetracarboxylic acids and derivatives
4672313,CHEMONTID:0001878,alternative_parents: Beta amino acids and derivatives
4672313,CHEMONTID:0001350,alternative_parents: Benzoic acid esters
4672313,CHEMONTID:0003099,alternative_parents: 3-halobenzoic acids and derivatives
4672313,CHEMONTID:0000321,alternative_parents: Benzoyl derivatives
4672313,CHEMONTID:0001100,alternative_parents: Fluorobenzenes
4672313,CHEMONTID:0000324,alternative_parents: Fatty acid esters
4672313,CHEMONTID:0003420,alternative_parents: Alpha-acyloxy ketones
4672313,CHEMONTID:0001540,alternative_parents: Monosaccharides
4672313,CHEMONTID:0001031,alternative_parents: Aryl fluorides
4672313,CHEMONTID:0001663,alternative_parents: Secondary carboxylic acid amides
4672313,CHEMONTID:0001661,alternative_parents: Secondary alcohols
4672313,CHEMONTID:0000070,alternative_parents: Oxetanes
4672313,CHEMONTID:0000118,alternative_parents: Ketones
4672313,CHEMONTID:0001292,alternative_parents: Cyclic alcohols and derivatives
4672313,CHEMONTID:0001238,alternative_parents: Carboxylic acid esters
4672313,CHEMONTID:0004140,alternative_parents: Oxacyclic compounds
4672313,CHEMONTID:0001167,alternative_parents: Dialkyl ethers
4672313,CHEMONTID:0004557,alternative_parents: Organopnictogen compounds
4672313,CHEMONTID:0000278,alternative_parents: Organonitrogen compounds
4672313,CHEMONTID:0001517,alternative_parents: Organofluorides
4672313,CHEMONTID:0003940,alternative_parents: Organic oxides
4672313,CHEMONTID:0004150,alternative_parents: Hydrocarbon derivatives
4672313,NotAvailable,mMlecular_framework: Aromatic heteropolycyclic compounds
4672313,NotAvailable,"Substituents: [""11(15->1)-abeotaxane diterpenoid"", ""N-benzylbenzamide"", ""Tetracarboxylic acid or derivatives"", ""Beta amino acid or derivatives"", ""Halobenzoic acid or derivatives"", ""3-halobenzoic acid or derivatives"", ""Benzoate ester"", ""Benzoic acid or derivatives"", ""Benzamide"", ""Benzoyl"", ""Alpha-acyloxy ketone"", ""Halobenzene"", ""Fluorobenzene"", ""Fatty acid ester"", ""Fatty acyl"", ""Benzenoid"", ""Monosaccharide"", ""Monocyclic benzene moiety"", ""Aryl halide"", ""Aryl fluoride"", ""Cyclic alcohol"", ""Secondary carboxylic acid amide"", ""Secondary alcohol"", ""Oxetane"", ""Ketone"", ""Carboxylic acid ester"", ""Carboxamide group"", ""Oxacycle"", ""Organoheterocyclic compound"", ""Ether"", ""Dialkyl ether"", ""Carboxylic acid derivative"", ""Organic nitrogen compound"", ""Organic oxygen compound"", ""Organopnictogen compound"", ""Organic oxide"", ""Hydrocarbon derivative"", ""Organooxygen compound"", ""Organonitrogen compound"", ""Organofluoride"", ""Organohalogen compound"", ""Carbonyl group"", ""Alcohol"", ""Aromatic heteropolycyclic compound""]"
4672313,NotAvailable,External_descriptors: []
4672313,NotAvailable,"Ancestors: [""3-halobenzoic acids and derivatives"", ""Alcohols and polyols"", ""Alpha,beta-unsaturated carboxylic esters"", ""Alpha-acyloxy carbonyl compounds"", ""Alpha-acyloxy ketones"", ""Benzamides"", ""Benzene and substituted derivatives"", ""Benzenoids"", ""Benzoic acid esters"", ""Benzoic acids and derivatives"", ""Benzoyl derivatives"", ""Beta-hydroxy ketones"", ""Carbohydrates and carbohydrate conjugates"", ""Carbonyl compounds"", ""Carboxylic acid amides"", ""Carboxylic acid derivatives"", ""Carboxylic acid esters"", ""Carboxylic acids and derivatives"", ""Chemical entities"", ""Cyclic alcohols and derivatives"", ""Dialkyl ethers"", ""Diterpenoids"", ""Enoate esters"", ""Ethers"", ""Fatty Acyls"", ""Fatty acid esters"", ""Fatty amides"", ""Fluoroalkenes"", ""Fluorobenzenes"", ""Haloalkenes"", ""Halobenzenes"", ""Halobenzoic acids and derivatives"", ""Hydrocarbon derivatives"", ""Ketones"", ""Lipids and lipid-like molecules"", ""Monosaccharides"", ""N-acyl amines"", ""N-benzylbenzamides"", ""Organic acids and derivatives"", ""Organic compounds"", ""Organic nitrogen compounds"", ""Organic oxides"", ""Organic oxygen compounds"", ""Organofluorides"", ""Organohalogen compounds"", ""Organoheterocyclic compounds"", ""Organonitrogen compounds"", ""Organooxygen compounds"", ""Organopnictogen compounds"", ""Oxacyclic compounds"", ""Oxetanes"", ""Prenol lipids"", ""Secondary alcohols"", ""Taxanes and derivatives"", ""Tetracarboxylic acids and derivatives"", ""Vinyl fluorides"", ""Vinyl halides""]"
4672313,NotAvailable,predicted_chebi_terms: []
4672313,NotAvailable,predicted_lipidmaps_terms: []
4672313,NotAvailable,Classification_version: 2.1
4711697,CHEMONTID:0000000,Kingdom: Organic compounds
4711697,CHEMONTID:0000002,Superclass: Organoheterocyclic compounds
4711697,CHEMONTID:0000211,Class: Indoles and derivatives
4711697,CHEMONTID:0001753,Subclass: Benzoylindoles
4711697,CHEMONTID:0001753,Direct_parent: Benzoylindoles
4711697,CHEMONTID:0001252,alternative_parents: Indole-3-acetic acid derivatives
4711697,CHEMONTID:0002013,alternative_parents: Indolecarboxylic acids and derivatives
4711697,CHEMONTID:0004196,alternative_parents: 3-alkylindoles
4711697,CHEMONTID:0003100,alternative_parents: 4-halobenzoic acids and derivatives
4711697,CHEMONTID:0000138,alternative_parents: Anisoles
4711697,CHEMONTID:0000321,alternative_parents: Benzoyl derivatives
4711697,CHEMONTID:0000128,alternative_parents: Alkyl aryl ethers
4711697,CHEMONTID:0001099,alternative_parents: Chlorobenzenes
4711697,CHEMONTID:0002257,alternative_parents: Substituted pyrroles
4711697,CHEMONTID:0001030,alternative_parents: Aryl chlorides
4711697,CHEMONTID:0004144,alternative_parents: Heteroaromatic compounds
4711697,CHEMONTID:0001137,alternative_parents: Monocarboxylic acids and derivatives
4711697,CHEMONTID:0004139,alternative_parents: Azacyclic compounds
4711697,CHEMONTID:0001205,alternative_parents: Carboxylic acids
4711697,CHEMONTID:0000278,alternative_parents: Organonitrogen compounds
4711697,CHEMONTID:0004557,alternative_parents: Organopnictogen compounds
4711697,CHEMONTID:0003940,alternative_parents: Organic oxides
4711697,CHEMONTID:0004150,alternative_parents: Hydrocarbon derivatives
4711697,CHEMONTID:0001831,alternative_parents: Carbonyl compounds
4711697,CHEMONTID:0001516,alternative_parents: Organochlorides
4711697,NotAvailable,mMlecular_framework: Aromatic heteropolycyclic compounds
4711697,NotAvailable,"Substituents: [""Benzoylindole"", ""Indole-3-acetic acid derivative"", ""Indolecarboxylic acid derivative"", ""Indolyl carboxylic acid derivative"", ""4-halobenzoic acid or derivatives"", ""Halobenzoic acid or derivatives"", ""3-alkylindole"", ""Indole"", ""Benzoic acid or derivatives"", ""Anisole"", ""Benzoyl"", ""Chlorobenzene"", ""Alkyl aryl ether"", ""Halobenzene"", ""Benzenoid"", ""Substituted pyrrole"", ""Aryl chloride"", ""Aryl halide"", ""Monocyclic benzene moiety"", ""Heteroaromatic compound"", ""Pyrrole"", ""Carboxylic acid derivative"", ""Carboxylic acid"", ""Ether"", ""Azacycle"", ""Monocarboxylic acid or derivatives"", ""Hydrocarbon derivative"", ""Organic oxygen compound"", ""Carbonyl group"", ""Organic nitrogen compound"", ""Organopnictogen compound"", ""Organic oxide"", ""Organohalogen compound"", ""Organochloride"", ""Organonitrogen compound"", ""Organooxygen compound"", ""Aromatic heteropolycyclic compound""]"
4711697,NotAvailable,"External_descriptors: [[""source: CHEBI"", ""source_id: CHEBI:71026"", ""annotation: [\""monochlorobenzenes\"", \""N-acylindole\"", \""indole-3-acetic acids\""]""]]"
4711697,NotAvailable,"Ancestors: [""3-alkylindoles"", ""4-halobenzoic acids and derivatives"", ""Alkyl aryl ethers"", ""Anisoles"", ""Aryl chlorides"", ""Aryl halides"", ""Azacyclic compounds"", ""Benzene and substituted derivatives"", ""Benzenoids"", ""Benzoic acids and derivatives"", ""Benzoyl derivatives"", ""Benzoylindoles"", ""Carbonyl compounds"", ""Carboxylic acids"", ""Carboxylic acids and derivatives"", ""Chemical entities"", ""Chlorobenzenes"", ""Ethers"", ""Halobenzenes"", ""Halobenzoic acids and derivatives"", ""Heteroaromatic compounds"", ""Hydrocarbon derivatives"", ""Indole-3-acetic acid derivatives"", ""Indolecarboxylic acids and derivatives"", ""Indoles"", ""Indoles and derivatives"", ""Indolyl carboxylic acids and derivatives"", ""Monocarboxylic acids and derivatives"", ""Organic acids and derivatives"", ""Organic compounds"", ""Organic nitrogen compounds"", ""Organic oxides"", ""Organic oxygen compounds"", ""Organochlorides"", ""Organohalogen compounds"", ""Organoheterocyclic compounds"", ""Organonitrogen compounds"", ""Organooxygen compounds"", ""Organopnictogen compounds"", ""Phenol ethers"", ""Pyrroles"", ""Substituted pyrroles""]"
4711697,NotAvailable,"predicted_chebi_terms: [""indole-3-acetic acids (CHEBI:24803)"", ""indolyl carboxylic acid (CHEBI:46867)"", ""indoles (CHEBI:24828)"", ""carbonyl compound (CHEBI:36586)"", ""organohalogen compound (CHEBI:36684)"", ""methoxybenzene (CHEBI:51683)"", ""aromatic ether (CHEBI:35618)"", ""organochlorine compound (CHEBI:36683)"", ""pyrroles (CHEBI:26455)"", ""organic aromatic compound (CHEBI:33659)"", ""organonitrogen heterocyclic compound (CHEBI:38101)"", ""carboxylic acid (CHEBI:33575)"", ""carboxylic acid anion (CHEBI:29067)"", ""organonitrogen compound (CHEBI:35352)"", ""pnictogen molecular entity (CHEBI:33302)"", ""organic molecular entity (CHEBI:50860)"", ""organic oxide (CHEBI:25701)"", ""organic molecule (CHEBI:72695)"", ""N-acylindole (CHEBI:75884)"", ""chemical entity (CHEBI:24431)"", ""organic heterocyclic compound (CHEBI:24532)"", ""benzenoid aromatic compound (CHEBI:33836)"", ""benzenes (CHEBI:22712)"", ""oxygen molecular entity (CHEBI:25806)"", ""organooxygen compound (CHEBI:36963)"", ""ether (CHEBI:25698)"", ""haloarene (CHEBI:50887)"", ""nitrogen molecular entity (CHEBI:51143)""]"
4711697,NotAvailable,predicted_lipidmaps_terms: []
4711697,NotAvailable,Classification_version: 2.1
4868768,CHEMONTID:0000000,Kingdom: Organic compounds
4868768,CHEMONTID:0000261,Superclass: Phenylpropanoids and polyketides
4868768,CHEMONTID:0000147,Class: Macrolides and analogues
4868768,CHEMONTID:0000147,Direct_parent: Macrolides and analogues
4868768,CHEMONTID:0002207,alternative_parents: O-glycosyl compounds
4868768,CHEMONTID:0004472,alternative_parents: Ketals
4868768,CHEMONTID:0001540,alternative_parents: Monosaccharides
4868768,CHEMONTID:0000086,alternative_parents: Pyrans
4868768,CHEMONTID:0002012,alternative_parents: Oxanes
4868768,CHEMONTID:0003922,alternative_parents: Acetamides
4868768,CHEMONTID:0001670,alternative_parents: Tertiary alcohols
4868768,CHEMONTID:0001967,alternative_parents: Oxolanes
4868768,CHEMONTID:0001661,alternative_parents: Secondary alcohols
4868768,CHEMONTID:0001663,alternative_parents: Secondary carboxylic acid amides
4868768,CHEMONTID:0000050,alternative_parents: Lactones
4868768,CHEMONTID:0001238,alternative_parents: Carboxylic acid esters
4868768,CHEMONTID:0001137,alternative_parents: Monocarboxylic acids and derivatives
4868768,CHEMONTID:0001167,alternative_parents: Dialkyl ethers
4868768,CHEMONTID:0004140,alternative_parents: Oxacyclic compounds
4868768,CHEMONTID:0000278,alternative_parents: Organonitrogen compounds
4868768,CHEMONTID:0003940,alternative_parents: Organic oxides
4868768,CHEMONTID:0001831,alternative_parents: Carbonyl compounds
4868768,CHEMONTID:0004150,alternative_parents: Hydrocarbon derivatives
4868768,CHEMONTID:0004557,alternative_parents: Organopnictogen compounds
4868768,NotAvailable,mMlecular_framework: Aliphatic heteropolycyclic compounds
4868768,NotAvailable,"Substituents: [""Macrolide"", ""Glycosyl compound"", ""O-glycosyl compound"", ""Ketal"", ""Monosaccharide"", ""Pyran"", ""Oxane"", ""Acetamide"", ""Tertiary alcohol"", ""Oxolane"", ""Carboxamide group"", ""Carboxylic acid ester"", ""Lactone"", ""Secondary carboxylic acid amide"", ""Secondary alcohol"", ""Acetal"", ""Carboxylic acid derivative"", ""Dialkyl ether"", ""Ether"", ""Monocarboxylic acid or derivatives"", ""Oxacycle"", ""Organoheterocyclic compound"", ""Organopnictogen compound"", ""Carbonyl group"", ""Organic oxide"", ""Hydrocarbon derivative"", ""Organic nitrogen compound"", ""Alcohol"", ""Organic oxygen compound"", ""Organonitrogen compound"", ""Organooxygen compound"", ""Aliphatic heteropolycyclic compound""]"
4868768,NotAvailable,External_descriptors: []
4868768,NotAvailable,"Ancestors: [""Acetals"", ""Acetamides"", ""Alcohols and polyols"", ""Carbohydrates and carbohydrate conjugates"", ""Carbonyl compounds"", ""Carboxylic acid amides"", ""Carboxylic acid derivatives"", ""Carboxylic acid esters"", ""Carboxylic acids and derivatives"", ""Chemical entities"", ""Dialkyl ethers"", ""Ethers"", ""Glycosyl compounds"", ""Hydrocarbon derivatives"", ""Ketals"", ""Lactones"", ""Macrolides and analogues"", ""Monocarboxylic acids and derivatives"", ""Monosaccharides"", ""O-glycosyl compounds"", ""Organic acids and derivatives"", ""Organic compounds"", ""Organic nitrogen compounds"", ""Organic oxides"", ""Organic oxygen compounds"", ""Organoheterocyclic compounds"", ""Organonitrogen compounds"", ""Organooxygen compounds"", ""Organopnictogen compounds"", ""Oxacyclic compounds"", ""Oxanes"", ""Oxolanes"", ""Phenylpropanoids and polyketides"", ""Pyrans"", ""Secondary alcohols"", ""Secondary carboxylic acid amides"", ""Tertiary alcohols""]"
4868768,NotAvailable,"predicted_chebi_terms: [""glycoside (CHEBI:24400)"", ""ketal (CHEBI:59777)"", ""monosaccharide (CHEBI:35381)"", ""pyrans (CHEBI:26407)"", ""oxanes (CHEBI:46942)"", ""acetamides (CHEBI:22160)"", ""tertiary alcohol (CHEBI:26878)"", ""oxolanes (CHEBI:26912)"", ""secondary alcohol (CHEBI:35681)"", ""carboxamide (CHEBI:37622)"", ""lactone (CHEBI:25000)"", ""carboxylic ester (CHEBI:33308)"", ""monocarboxylic acid (CHEBI:25384)"", ""ether (CHEBI:25698)"", ""oxacycle (CHEBI:38104)"", ""organonitrogen compound (CHEBI:35352)"", ""organic oxide (CHEBI:25701)"", ""carbonyl compound (CHEBI:36586)"", ""organic molecule (CHEBI:72695)"", ""pnictogen molecular entity (CHEBI:33302)"", ""organic molecular entity (CHEBI:50860)"", ""macrolide (CHEBI:25106)"", ""chemical entity (CHEBI:24431)"", ""oxygen molecular entity (CHEBI:25806)"", ""organooxygen compound (CHEBI:36963)"", ""carbohydrates and carbohydrate derivatives (CHEBI:78616)"", ""acetal (CHEBI:59769)"", ""organic heterocyclic compound (CHEBI:24532)"", ""organic acid (CHEBI:64709)"", ""carboxylic acid (CHEBI:33575)"", ""amide (CHEBI:32988)"", ""polyol (CHEBI:26191)"", ""organic hydroxy compound (CHEBI:33822)"", ""alcohol (CHEBI:30879)"", ""nitrogen molecular entity (CHEBI:51143)""]"
4868768,NotAvailable,"predicted_lipidmaps_terms: [""Macrolides and lactone polyketides (PK04)""]"
4868768,NotAvailable,Classification_version: 2.1
4962190,CHEMONTID:0000000,Kingdom: Organic compounds
4962190,CHEMONTID:0000002,Superclass: Organoheterocyclic compounds
4962190,CHEMONTID:0002491,Class: Azolidines
4962190,CHEMONTID:0000250,Subclass: Imidazolidines
4962190,CHEMONTID:0001149,Intermediate_nodes: Imidazolidinones
4962190,CHEMONTID:0001150,Intermediate_nodes: Imidazolidinediones
4962190,CHEMONTID:0002273,Intermediate_nodes: Hydantoins
4962190,CHEMONTID:0002282,Direct_parent: Phenylhydantoins
4962190,CHEMONTID:0000369,alternative_parents: Diphenylmethanes
4962190,CHEMONTID:0002547,alternative_parents: Phenylimidazolidines
4962190,CHEMONTID:0000060,alternative_parents: Alpha amino acids and derivatives
4962190,CHEMONTID:0003210,alternative_parents: 5-monosubstituted hydantoins
4962190,CHEMONTID:0002023,alternative_parents: N-acyl ureas
4962190,CHEMONTID:0001100,alternative_parents: Fluorobenzenes
4962190,CHEMONTID:0001031,alternative_parents: Aryl fluorides
4962190,CHEMONTID:0003033,alternative_parents: Dicarboximides
4962190,CHEMONTID:0004139,alternative_parents: Azacyclic compounds
4962190,CHEMONTID:0004557,alternative_parents: Organopnictogen compounds
4962190,CHEMONTID:0000278,alternative_parents: Organonitrogen compounds
4962190,CHEMONTID:0001517,alternative_parents: Organofluorides
4962190,CHEMONTID:0003940,alternative_parents: Organic oxides
4962190,CHEMONTID:0004150,alternative_parents: Hydrocarbon derivatives
4962190,CHEMONTID:0001831,alternative_parents: Carbonyl compounds
4962190,NotAvailable,mMlecular_framework: Aromatic heteromonocyclic compounds
4962190,NotAvailable,"Substituents: [""Diphenylmethane"", ""5-phenylhydantoin"", ""Phenylimidazolidine"", ""Alpha-amino acid or derivatives"", ""5-monosubstituted hydantoin"", ""Fluorobenzene"", ""Ureide"", ""Halobenzene"", ""N-acyl urea"", ""Aryl fluoride"", ""Aryl halide"", ""Monocyclic benzene moiety"", ""Benzenoid"", ""Dicarboximide"", ""Carbonic acid derivative"", ""Urea"", ""Azacycle"", ""Carboxylic acid derivative"", ""Organofluoride"", ""Organohalogen compound"", ""Organooxygen compound"", ""Hydrocarbon derivative"", ""Organic nitrogen compound"", ""Carbonyl group"", ""Organic oxide"", ""Organopnictogen compound"", ""Organic oxygen compound"", ""Organonitrogen compound"", ""Aromatic heteromonocyclic compound""]"
4962190,NotAvailable,External_descriptors: []
4962190,NotAvailable,"Ancestors: [""5-monosubstituted hydantoins"", ""Alpha amino acids and derivatives"", ""Amino acids and derivatives"", ""Amino acids, peptides, and analogues"", ""Aryl fluorides"", ""Aryl halides"", ""Azacyclic compounds"", ""Azolidines"", ""Benzene and substituted derivatives"", ""Benzenoids"", ""Carbonyl compounds"", ""Carboxylic acid derivatives"", ""Carboxylic acid imides"", ""Carboxylic acids and derivatives"", ""Chemical entities"", ""Dicarboximides"", ""Diphenylmethanes"", ""Fluorobenzenes"", ""Halobenzenes"", ""Hydantoins"", ""Hydrocarbon derivatives"", ""Imidazolidinediones"", ""Imidazolidines"", ""Imidazolidinones"", ""N-acyl ureas"", ""Organic acids and derivatives"", ""Organic carbonic acids and derivatives"", ""Organic compounds"", ""Organic nitrogen compounds"", ""Organic oxides"", ""Organic oxygen compounds"", ""Organofluorides"", ""Organohalogen compounds"", ""Organoheterocyclic compounds"", ""Organonitrogen compounds"", ""Organooxygen compounds"", ""Organopnictogen compounds"", ""Phenylhydantoins"", ""Phenylimidazolidines"", ""Ureas"", ""Ureides""]"
4962190,NotAvailable,"predicted_chebi_terms: [""diarylmethane (CHEBI:51614)"", ""imidazolidines (CHEBI:38261)"", ""organonitrogen compound (CHEBI:35352)"", ""organooxygen compound (CHEBI:36963)"", ""imidazolidine-2,4-dione (CHEBI:24628)"", ""N-acylurea (CHEBI:74266)"", ""organofluorine compound (CHEBI:37143)"", ""dicarboximide (CHEBI:35356)"", ""organonitrogen heterocyclic compound (CHEBI:38101)"", ""pnictogen molecular entity (CHEBI:33302)"", ""organic molecular entity (CHEBI:50860)"", ""organic oxide (CHEBI:25701)"", ""organic molecule (CHEBI:72695)"", ""carbonyl compound (CHEBI:36586)"", ""chemical entity (CHEBI:24431)"", ""benzenoid aromatic compound (CHEBI:33836)"", ""benzenes (CHEBI:22712)"", ""organic heterocyclic compound (CHEBI:24532)"", ""amino acid (CHEBI:33709)"", ""peptide (CHEBI:16670)"", ""imidazolidinone (CHEBI:55370)"", ""ureas (CHEBI:47857)"", ""organohalogen compound (CHEBI:36684)"", ""haloarene (CHEBI:50887)"", ""nitrogen molecular entity (CHEBI:51143)"", ""oxygen molecular entity (CHEBI:25806)""]"
4962190,NotAvailable,predicted_lipidmaps_terms: []
4962190,NotAvailable,Classification_version: 2.1
4998366,CHEMONTID:0000000,Kingdom: Organic compounds
4998366,CHEMONTID:0000012,Superclass: Lipids and lipid-like molecules
4998366,CHEMONTID:0000258,Class: Steroids and steroid derivatives
4998366,CHEMONTID:0003568,Subclass: Androstane steroids
4998366,CHEMONTID:0001467,Direct_parent: Androgens and derivatives
4998366,CHEMONTID:0001295,alternative_parents: Hydroxysteroids
4998366,CHEMONTID:0002974,alternative_parents: 3-oxo delta-4-steroids
4998366,CHEMONTID:0003558,alternative_parents: 17-oxosteroids
4998366,CHEMONTID:0002978,alternative_parents: Delta-4-steroids
4998366,CHEMONTID:0004325,alternative_parents: Cyclohexenones
4998366,CHEMONTID:0001661,alternative_parents: Secondary alcohols
4998366,CHEMONTID:0003940,alternative_parents: Organic oxides
4998366,CHEMONTID:0004150,alternative_parents: Hydrocarbon derivatives
4998366,NotAvailable,mMlecular_framework: Aliphatic homopolycyclic compounds
4998366,NotAvailable,"Substituents: [""Androgen-skeleton"", ""3-oxo-delta-4-steroid"", ""3-oxosteroid"", ""2-hydroxysteroid"", ""Oxosteroid"", ""17-oxosteroid"", ""Hydroxysteroid"", ""Delta-4-steroid"", ""Cyclohexenone"", ""Cyclic ketone"", ""Secondary alcohol"", ""Ketone"", ""Organic oxygen compound"", ""Carbonyl group"", ""Hydrocarbon derivative"", ""Organic oxide"", ""Organooxygen compound"", ""Alcohol"", ""Aliphatic homopolycyclic compound""]"
4998366,NotAvailable,External_descriptors: []
4998366,NotAvailable,"Ancestors: [""17-oxosteroids"", ""3-oxo delta-4-steroids"", ""3-oxosteroids"", ""Alcohols and polyols"", ""Androgens and derivatives"", ""Androstane steroids"", ""Carbonyl compounds"", ""Chemical entities"", ""Cyclic ketones"", ""Cyclohexenones"", ""Delta-4-steroids"", ""Hydrocarbon derivatives"", ""Hydroxysteroids"", ""Ketones"", ""Lipids and lipid-like molecules"", ""Organic compounds"", ""Organic oxides"", ""Organic oxygen compounds"", ""Organooxygen compounds"", ""Oxosteroids"", ""Secondary alcohols"", ""Steroids and steroid derivatives""]"
4998366,NotAvailable,"predicted_chebi_terms: [""hydroxy steroid (CHEBI:35350)"", ""3-oxo Delta(4)-steroid (CHEBI:47909)"", ""17-oxo steroid (CHEBI:19168)"", ""steroid (CHEBI:35341)"", ""cyclohexenones (CHEBI:48953)"", ""secondary alcohol (CHEBI:35681)"", ""organic oxide (CHEBI:25701)"", ""organic molecule (CHEBI:72695)"", ""3-hydroxy steroid (CHEBI:36834)"", ""chemical entity (CHEBI:24431)"", ""lipid (CHEBI:18059)"", ""oxo steroid (CHEBI:35789)"", ""3-oxo steroid (CHEBI:47788)"", ""oxygen molecular entity (CHEBI:25806)"", ""organic molecular entity (CHEBI:50860)"", ""organooxygen compound (CHEBI:36963)"", ""carbonyl compound (CHEBI:36586)"", ""ketone (CHEBI:17087)"", ""cyclic ketone (CHEBI:3992)"", ""polyol (CHEBI:26191)"", ""organic hydroxy compound (CHEBI:33822)"", ""alcohol (CHEBI:30879)"", ""androstanoid (CHEBI:50402)""]"
4998366,NotAvailable,"predicted_lipidmaps_terms: [""Sterol Lipids (ST)"", ""C19 steroids (androgens) and derivatives (ST0202)""]"
4998366,NotAvailable,Classification_version: 2.1
5001396,CHEMONTID:0000000,Kingdom: Organic compounds
5001396,CHEMONTID:0000261,Superclass: Phenylpropanoids and polyketides
5001396,CHEMONTID:0000145,Class: Coumarins and derivatives
5001396,CHEMONTID:0000145,Direct_parent: Coumarins and derivatives
5001396,CHEMONTID:0003410,alternative_parents: 1-benzopyrans
5001396,CHEMONTID:0000481,alternative_parents: Pyranones and derivatives
5001396,CHEMONTID:0002279,alternative_parents: Benzene and substituted derivatives
5001396,CHEMONTID:0003889,alternative_parents: Vinylogous acids
5001396,CHEMONTID:0004144,alternative_parents: Heteroaromatic compounds
5001396,CHEMONTID:0000050,alternative_parents: Lactones
5001396,CHEMONTID:0000118,alternative_parents: Ketones
5001396,CHEMONTID:0004140,alternative_parents: Oxacyclic compounds
5001396,CHEMONTID:0003940,alternative_parents: Organic oxides
5001396,CHEMONTID:0004150,alternative_parents: Hydrocarbon derivatives
5001396,CHEMONTID:0003608,alternative_parents: Organic anions
5001396,NotAvailable,mMlecular_framework: Aromatic heteropolycyclic compounds
5001396,NotAvailable,"Substituents: [""Coumarin"", ""Benzopyran"", ""1-benzopyran"", ""Pyranone"", ""Monocyclic benzene moiety"", ""Pyran"", ""Benzenoid"", ""Heteroaromatic compound"", ""Vinylogous acid"", ""Ketone"", ""Lactone"", ""Oxacycle"", ""Organoheterocyclic compound"", ""Organooxygen compound"", ""Organic oxygen compound"", ""Hydrocarbon derivative"", ""Carbonyl group"", ""Organic oxide"", ""Organic anion"", ""Aromatic heteropolycyclic compound""]"
5001396,NotAvailable,External_descriptors: []
5001396,NotAvailable,"Ancestors: [""1-benzopyrans"", ""Benzene and substituted derivatives"", ""Benzenoids"", ""Benzopyrans"", ""Carbonyl compounds"", ""Chemical entities"", ""Coumarins and derivatives"", ""Heteroaromatic compounds"", ""Hydrocarbon derivatives"", ""Ketones"", ""Lactones"", ""Organic acids and derivatives"", ""Organic anions"", ""Organic compounds"", ""Organic oxides"", ""Organic oxygen compounds"", ""Organoheterocyclic compounds"", ""Organooxygen compounds"", ""Oxacyclic compounds"", ""Phenylpropanoids and polyketides"", ""Pyranones and derivatives"", ""Pyrans"", ""Vinylogous acids""]"
5001396,NotAvailable,"predicted_chebi_terms: [""1-benzopyran (CHEBI:38443)"", ""pyranone (CHEBI:37963)"", ""benzenes (CHEBI:22712)"", ""enone (CHEBI:51689)"", ""enol (CHEBI:33823)"", ""organic aromatic compound (CHEBI:33659)"", ""lactone (CHEBI:25000)"", ""ketone (CHEBI:17087)"", ""oxacycle (CHEBI:38104)"", ""organic oxide (CHEBI:25701)"", ""organic molecule (CHEBI:72695)"", ""organic anion (CHEBI:25696)"", ""coumarins (CHEBI:23403)"", ""chemical entity (CHEBI:24431)"", ""organic heterocyclic compound (CHEBI:24532)"", ""benzopyran (CHEBI:22727)"", ""pyrans (CHEBI:26407)"", ""benzenoid aromatic compound (CHEBI:33836)"", ""organic acid (CHEBI:64709)"", ""oxygen molecular entity (CHEBI:25806)"", ""organic molecular entity (CHEBI:50860)"", ""organooxygen compound (CHEBI:36963)"", ""carbonyl compound (CHEBI:36586)""]"
5001396,NotAvailable,"predicted_lipidmaps_terms: [""Benzopyranoids (PK1311)""]"
5001396,NotAvailable,Classification_version: 2.1
5046514,CHEMONTID:0000000,Kingdom: Organic compounds
5046514,CHEMONTID:0000279,Superclass: Alkaloids and derivatives
5046514,CHEMONTID:0000058,Class: Morphinans
5046514,CHEMONTID:0000058,Direct_parent: Morphinans
5046514,CHEMONTID:0002813,alternative_parents: O-glucuronides
5046514,CHEMONTID:0000025,alternative_parents: Phenanthrenes and derivatives
5046514,CHEMONTID:0002207,alternative_parents: O-glycosyl compounds
5046514,CHEMONTID:0000048,alternative_parents: Tetralins
5046514,CHEMONTID:0004189,alternative_parents: Coumarans
5046514,CHEMONTID:0000138,alternative_parents: Anisoles
5046514,CHEMONTID:0003899,alternative_parents: Aralkylamines
5046514,CHEMONTID:0001713,alternative_parents: Beta hydroxy acids and derivatives
5046514,CHEMONTID:0000128,alternative_parents: Alkyl aryl ethers
5046514,CHEMONTID:0000086,alternative_parents: Pyrans
5046514,CHEMONTID:0000195,alternative_parents: Piperidines
5046514,CHEMONTID:0002012,alternative_parents: Oxanes
5046514,CHEMONTID:0001540,alternative_parents: Monosaccharides
5046514,CHEMONTID:0002239,alternative_parents: Trialkylamines
5046514,CHEMONTID:0004176,alternative_parents: Amino acids
5046514,CHEMONTID:0001661,alternative_parents: Secondary alcohols
5046514,CHEMONTID:0001137,alternative_parents: Monocarboxylic acids and derivatives
5046514,CHEMONTID:0001205,alternative_parents: Carboxylic acids
5046514,CHEMONTID:0004139,alternative_parents: Azacyclic compounds
5046514,CHEMONTID:0002286,alternative_parents: Polyols
5046514,CHEMONTID:0001656,alternative_parents: Acetals
5046514,CHEMONTID:0004140,alternative_parents: Oxacyclic compounds
5046514,CHEMONTID:0004150,alternative_parents: Hydrocarbon derivatives
5046514,CHEMONTID:0001831,alternative_parents: Carbonyl compounds
5046514,CHEMONTID:0003940,alternative_parents: Organic oxides
5046514,CHEMONTID:0004557,alternative_parents: Organopnictogen compounds
5046514,NotAvailable,mMlecular_framework: Aromatic heteropolycyclic compounds
5046514,NotAvailable,"Substituents: [""Morphinan"", ""O-glucuronide"", ""1-o-glucuronide"", ""Phenanthrene"", ""Glucuronic acid or derivatives"", ""O-glycosyl compound"", ""Glycosyl compound"", ""Tetralin"", ""Coumaran"", ""Anisole"", ""Alkyl aryl ether"", ""Beta-hydroxy acid"", ""Aralkylamine"", ""Hydroxy acid"", ""Oxane"", ""Monosaccharide"", ""Piperidine"", ""Benzenoid"", ""Pyran"", ""Amino acid or derivatives"", ""Amino acid"", ""Secondary alcohol"", ""Tertiary amine"", ""Tertiary aliphatic amine"", ""Acetal"", ""Carboxylic acid derivative"", ""Carboxylic acid"", ""Ether"", ""Oxacycle"", ""Azacycle"", ""Monocarboxylic acid or derivatives"", ""Organoheterocyclic compound"", ""Polyol"", ""Organic nitrogen compound"", ""Alcohol"", ""Amine"", ""Hydrocarbon derivative"", ""Organic oxygen compound"", ""Organopnictogen compound"", ""Organic oxide"", ""Carbonyl group"", ""Organooxygen compound"", ""Organonitrogen compound"", ""Aromatic heteropolycyclic compound""]"
5046514,NotAvailable,External_descriptors: []
5046514,NotAvailable,"Ancestors: [""Acetals"", ""Alcohols and polyols"", ""Alkaloids and derivatives"", ""Alkyl aryl ethers"", ""Amines"", ""Amino acids"", ""Amino acids and derivatives"", ""Amino acids, peptides, and analogues"", ""Anisoles"", ""Aralkylamines"", ""Azacyclic compounds"", ""Benzenoids"", ""Beta hydroxy acids and derivatives"", ""Carbohydrates and carbohydrate conjugates"", ""Carbonyl compounds"", ""Carboxylic acids"", ""Carboxylic acids and derivatives"", ""Chemical entities"", ""Coumarans"", ""Ethers"", ""Glucuronic acid derivatives"", ""Glucuronides"", ""Glycosyl compounds"", ""Hydrocarbon derivatives"", ""Hydroxy acids and derivatives"", ""Monocarboxylic acids and derivatives"", ""Monosaccharides"", ""Morphinans"", ""O-glucuronides"", ""O-glycosyl compounds"", ""Organic acids and derivatives"", ""Organic compounds"", ""Organic nitrogen compounds"", ""Organic oxides"", ""Organic oxygen compounds"", ""Organoheterocyclic compounds"", ""Organonitrogen compounds"", ""Organooxygen compounds"", ""Organopnictogen compounds"", ""Oxacyclic compounds"", ""Oxanes"", ""Phenanthrenes and derivatives"", ""Phenol ethers"", ""Piperidines"", ""Polyols"", ""Pyrans"", ""Secondary alcohols"", ""Sugar acids and derivatives"", ""Tertiary amines"", ""Tetralins"", ""Trialkylamines""]"
5046514,NotAvailable,"predicted_chebi_terms: [""glucosiduronic acid (CHEBI:24302)"", ""phenanthrenes (CHEBI:25961)"", ""glycoside (CHEBI:24400)"", ""tetralins (CHEBI:36786)"", ""1-benzofurans (CHEBI:38830)"", ""methoxybenzene (CHEBI:51683)"", ""aralkylamine (CHEBI:18000)"", ""3-hydroxy carboxylic acid (CHEBI:61355)"", ""aromatic ether (CHEBI:35618)"", ""pyrans (CHEBI:26407)"", ""piperidines (CHEBI:26151)"", ""oxanes (CHEBI:46942)"", ""monosaccharide (CHEBI:35381)"", ""tertiary amino compound (CHEBI:50996)"", ""amino acid (CHEBI:33709)"", ""secondary alcohol (CHEBI:35681)"", ""monocarboxylic acid (CHEBI:25384)"", ""carboxylic acid (CHEBI:33575)"", ""organonitrogen heterocyclic compound (CHEBI:38101)"", ""polyol (CHEBI:26191)"", ""acetal (CHEBI:59769)"", ""oxacycle (CHEBI:38104)"", ""organic molecule (CHEBI:72695)"", ""carbonyl compound (CHEBI:36586)"", ""organic oxide (CHEBI:25701)"", ""pnictogen molecular entity (CHEBI:33302)"", ""organic molecular entity (CHEBI:50860)"", ""morphinane alkaloid (CHEBI:25418)"", ""chemical entity (CHEBI:24431)"", ""oxygen molecular entity (CHEBI:25806)"", ""organooxygen compound (CHEBI:36963)"", ""carbohydrates and carbohydrate derivatives (CHEBI:78616)"", ""carbohydrate acid derivative (CHEBI:63436)"", ""benzenoid aromatic compound (CHEBI:33836)"", ""organic heterocyclic compound (CHEBI:24532)"", ""nitrogen molecular entity (CHEBI:51143)"", ""organonitrogen compound (CHEBI:35352)"", ""amine (CHEBI:32952)"", ""organic acid (CHEBI:64709)"", ""hydroxy carboxylic acid (CHEBI:24669)"", ""ether (CHEBI:25698)"", ""tertiary amine (CHEBI:32876)"", ""organic hydroxy compound (CHEBI:33822)"", ""alcohol (CHEBI:30879)"", ""alkaloid (CHEBI:22315)"", ""carboxylic acid anion (CHEBI:29067)"", ""peptide (CHEBI:16670)""]"
5046514,NotAvailable,predicted_lipidmaps_terms: []
5046514,NotAvailable,Classification_version: 2.1
5056740,CHEMONTID:0000000,Kingdom: Organic compounds
5056740,CHEMONTID:0000289,"Superclass: Nucleosides, nucleotides, and analogues"
5056740,CHEMONTID:0001506,Class: Purine nucleotides
5056740,CHEMONTID:0001544,Subclass: Purine ribonucleotides
5056740,CHEMONTID:0001619,Direct_parent: Purine ribonucleoside triphosphates
5056740,CHEMONTID:0001617,alternative_parents: Purine ribonucleoside monophosphates
5056740,CHEMONTID:0002259,alternative_parents: Pentose phosphates
5056740,CHEMONTID:0002203,alternative_parents: Glycosylamines
5056740,CHEMONTID:0002987,alternative_parents: 6-aminopurines
5056740,CHEMONTID:0001541,alternative_parents: Monosaccharide phosphates
5056740,CHEMONTID:0003458,alternative_parents: Monoalkyl phosphates
5056740,CHEMONTID:0001262,alternative_parents: Aminopyrimidines and derivatives
5056740,CHEMONTID:0002311,alternative_parents: N-substituted imidazoles
5056740,CHEMONTID:0003886,alternative_parents: Imidolactams
5056740,CHEMONTID:0001029,alternative_parents: Aryl bromides
5056740,CHEMONTID:0004144,alternative_parents: Heteroaromatic compounds
5056740,CHEMONTID:0001967,alternative_parents: Oxolanes
5056740,CHEMONTID:0002467,"alternative_parents: 1,2-diols"
5056740,CHEMONTID:0001661,alternative_parents: Secondary alcohols
5056740,CHEMONTID:0004140,alternative_parents: Oxacyclic compounds
5056740,CHEMONTID:0004139,alternative_parents: Azacyclic compounds
5056740,CHEMONTID:0001515,alternative_parents: Organobromides
5056740,CHEMONTID:0003940,alternative_parents: Organic oxides
5056740,CHEMONTID:0004150,alternative_parents: Hydrocarbon derivatives
5056740,CHEMONTID:0002450,alternative_parents: Primary amines
5056740,NotAvailable,mMlecular_framework: Aromatic heteropolycyclic compounds
5056740,NotAvailable,"Substituents: [""Purine ribonucleoside triphosphate"", ""Purine ribonucleoside monophosphate"", ""Pentose phosphate"", ""Pentose-5-phosphate"", ""Glycosyl compound"", ""N-glycosyl compound"", ""6-aminopurine"", ""Monosaccharide phosphate"", ""Pentose monosaccharide"", ""Imidazopyrimidine"", ""Purine"", ""Aminopyrimidine"", ""Monoalkyl phosphate"", ""Pyrimidine"", ""Monosaccharide"", ""Alkyl phosphate"", ""N-substituted imidazole"", ""Phosphoric acid ester"", ""Imidolactam"", ""Aryl halide"", ""Aryl bromide"", ""Organic phosphoric acid derivative"", ""Azole"", ""Heteroaromatic compound"", ""Imidazole"", ""Oxolane"", ""1,2-diol"", ""Secondary alcohol"", ""Oxacycle"", ""Azacycle"", ""Organoheterocyclic compound"", ""Alcohol"", ""Organooxygen compound"", ""Organic nitrogen compound"", ""Organohalogen compound"", ""Hydrocarbon derivative"", ""Organic oxide"", ""Organic oxygen compound"", ""Amine"", ""Organonitrogen compound"", ""Organobromide"", ""Primary amine"", ""Aromatic heteropolycyclic compound""]"
5056740,NotAvailable,External_descriptors: []
5056740,NotAvailable,"Ancestors: [""1,2-diols"", ""6-aminopurines"", ""Alcohols and polyols"", ""Alkyl phosphates"", ""Amines"", ""Aminopyrimidines and derivatives"", ""Aryl bromides"", ""Aryl halides"", ""Azacyclic compounds"", ""Azoles"", ""Carbohydrates and carbohydrate conjugates"", ""Chemical entities"", ""Diazines"", ""Glycosyl compounds"", ""Glycosylamines"", ""Heteroaromatic compounds"", ""Hydrocarbon derivatives"", ""Imidazoles"", ""Imidazopyrimidines"", ""Imidolactams"", ""Monoalkyl phosphates"", ""Monosaccharide phosphates"", ""Monosaccharides"", ""N-substituted imidazoles"", ""Nucleosides, nucleotides, and analogues"", ""Organic acids and derivatives"", ""Organic compounds"", ""Organic nitrogen compounds"", ""Organic oxides"", ""Organic oxygen compounds"", ""Organic phosphoric acids and derivatives"", ""Organobromides"", ""Organohalogen compounds"", ""Organoheterocyclic compounds"", ""Organonitrogen compounds"", ""Organooxygen compounds"", ""Organopnictogen compounds"", ""Oxacyclic compounds"", ""Oxolanes"", ""Pentose phosphates"", ""Pentoses"", ""Phosphate esters"", ""Polyols"", ""Primary amines"", ""Purine nucleotides"", ""Purine ribonucleoside monophosphates"", ""Purine ribonucleoside triphosphates"", ""Purine ribonucleotides"", ""Purines and purine derivatives"", ""Pyrimidines and pyrimidine derivatives"", ""Secondary alcohols"", ""Substituted imidazoles""]"
5056740,NotAvailable,"predicted_chebi_terms: [""purine ribonucleoside monophosphate (CHEBI:26397)"", ""phospho sugar (CHEBI:33447)"", ""N-glycosyl compound (CHEBI:21731)"", ""6-aminopurines (CHEBI:20706)"", ""monosaccharide derivative (CHEBI:63367)"", ""carbohydrate phosphate (CHEBI:26816)"", ""monoalkyl phosphate (CHEBI:25381)"", ""aminopyrimidine (CHEBI:38338)"", ""imidazoles (CHEBI:24780)"", ""heterocyclic compound (CHEBI:5686)"", ""dicarboximide (CHEBI:35356)"", ""organosulfur compound (CHEBI:33261)"", ""organobromine compound (CHEBI:37141)"", ""organic aromatic compound (CHEBI:33659)"", ""oxolanes (CHEBI:26912)"", ""polyol (CHEBI:26191)"", ""secondary alcohol (CHEBI:35681)"", ""oxacycle (CHEBI:38104)"", ""organonitrogen heterocyclic compound (CHEBI:38101)"", ""organic oxide (CHEBI:25701)"", ""organic molecule (CHEBI:72695)"", ""primary amine (CHEBI:32877)"", ""purine ribonucleoside triphosphate (CHEBI:26398)"", ""chemical entity (CHEBI:24431)"", ""nucleobase-containing molecular entity (CHEBI:61120)"", ""purine nucleotide (CHEBI:26395)"", ""purine ribonucleotide (CHEBI:26400)"", ""oxygen molecular entity (CHEBI:25806)"", ""organic molecular entity (CHEBI:50860)"", ""organooxygen compound (CHEBI:36963)"", ""carbohydrates and carbohydrate derivatives (CHEBI:78616)"", ""monosaccharide (CHEBI:35381)"", ""pentose (CHEBI:25901)"", ""glycoside (CHEBI:24400)"", ""organic heterocyclic compound (CHEBI:24532)"", ""imidazopyrimidine (CHEBI:35875)"", ""purines (CHEBI:26401)"", ""organic acid (CHEBI:64709)"", ""phosphoric acid derivative (CHEBI:26079)"", ""phosphoric ester (CHEBI:37734)"", ""alkyl phosphate (CHEBI:22324)"", ""diazines (CHEBI:38313)"", ""pyrimidines (CHEBI:39447)"", ""azole (CHEBI:68452)"", ""organohalogen compound (CHEBI:36684)"", ""haloarene (CHEBI:50887)"", ""organic hydroxy compound (CHEBI:33822)"", ""alcohol (CHEBI:30879)"", ""nitrogen molecular entity (CHEBI:51143)"", ""organonitrogen compound (CHEBI:35352)"", ""amine (CHEBI:32952)""]"
5056740,NotAvailable,predicted_lipidmaps_terms: []
5056740,NotAvailable,Classification_version: 2.1
5090946,CHEMONTID:0000000,Kingdom: Organic compounds
5090946,CHEMONTID:0000012,Superclass: Lipids and lipid-like molecules
5090946,CHEMONTID:0000258,Class: Steroids and steroid derivatives
5090946,CHEMONTID:0003566,Subclass: Cholestane steroids
5090946,CHEMONTID:0003566,Direct_parent: Cholestane steroids
5090946,CHEMONTID:0001295,alternative_parents: Hydroxysteroids
5090946,CHEMONTID:0001670,alternative_parents: Tertiary alcohols
5090946,CHEMONTID:0001292,alternative_parents: Cyclic alcohols and derivatives
5090946,CHEMONTID:0004150,alternative_parents: Hydrocarbon derivatives
5090946,NotAvailable,mMlecular_framework: Aliphatic homopolycyclic compounds
5090946,NotAvailable,"Substituents: [""Cholestane-skeleton"", ""Hydroxysteroid"", ""5-hydroxysteroid"", ""Tertiary alcohol"", ""Cyclic alcohol"", ""Organic oxygen compound"", ""Hydrocarbon derivative"", ""Organooxygen compound"", ""Alcohol"", ""Aliphatic homopolycyclic compound""]"
5090946,NotAvailable,External_descriptors: []
5090946,NotAvailable,"Ancestors: [""Alcohols and polyols"", ""Chemical entities"", ""Cholestane steroids"", ""Cyclic alcohols and derivatives"", ""Hydrocarbon derivatives"", ""Hydroxysteroids"", ""Lipids and lipid-like molecules"", ""Organic compounds"", ""Organic oxygen compounds"", ""Organooxygen compounds"", ""Steroids and steroid derivatives"", ""Tertiary alcohols""]"
5090946,NotAvailable,"predicted_chebi_terms: [""hydroxy steroid (CHEBI:35350)"", ""tertiary alcohol (CHEBI:26878)"", ""organic hydroxy compound (CHEBI:33822)"", ""organic molecule (CHEBI:72695)"", ""cholestanoid (CHEBI:50401)"", ""chemical entity (CHEBI:24431)"", ""lipid (CHEBI:18059)"", ""steroid (CHEBI:35341)"", ""oxygen molecular entity (CHEBI:25806)"", ""organic molecular entity (CHEBI:50860)"", ""organooxygen compound (CHEBI:36963)"", ""polyol (CHEBI:26191)"", ""alcohol (CHEBI:30879)""]"
5090946,NotAvailable,"predicted_lipidmaps_terms: [""Sterol Lipids (ST)""]"
5090946,NotAvailable,Classification_version: 2.1
5120108,CHEMONTID:0000000,Kingdom: Organic compounds
5120108,CHEMONTID:0000002,Superclass: Organoheterocyclic compounds
5120108,CHEMONTID:0001455,Class: Tetrapyrroles and derivatives
5120108,CHEMONTID:0000353,Subclass: Corrinoids
5120108,CHEMONTID:0001221,Direct_parent: Precorrins
5120108,CHEMONTID:0001926,alternative_parents: Metallotetrapyrroles
5120108,CHEMONTID:0000091,alternative_parents: Pyrrolines
5120108,CHEMONTID:0000218,alternative_parents: Pyrrolidines
5120108,CHEMONTID:0001673,alternative_parents: Ketimines
5120108,CHEMONTID:0001205,alternative_parents: Carboxylic acids
5120108,CHEMONTID:0003632,"alternative_parents: Carbene-type 1,3-dipolar compounds"
5120108,CHEMONTID:0004139,alternative_parents: Azacyclic compounds
5120108,CHEMONTID:0003940,alternative_parents: Organic oxides
5120108,CHEMONTID:0003995,alternative_parents: Organic cobalt salts
5120108,CHEMONTID:0004150,alternative_parents: Hydrocarbon derivatives
5120108,CHEMONTID:0001831,alternative_parents: Carbonyl compounds
5120108,CHEMONTID:0003609,alternative_parents: Organic cations
5120108,NotAvailable,mMlecular_framework: Aliphatic heteropolycyclic compounds
5120108,NotAvailable,"Substituents: [""Precorrin"", ""Metallotetrapyrrole skeleton"", ""Pyrrolidine"", ""Pyrroline"", ""Ketimine"", ""Organic transition metal salt"", ""Azacycle"", ""Carboxylic acid derivative"", ""Carbene-type 1,3-dipolar compound"", ""Carboxylic acid"", ""Organic cobalt salt"", ""Carbonyl group"", ""Hydrocarbon derivative"", ""Organic oxide"", ""Organic oxygen compound"", ""Organooxygen compound"", ""Organonitrogen compound"", ""Organic nitrogen compound"", ""Imine"", ""Organic salt"", ""Organic cation"", ""Aliphatic heteropolycyclic compound""]"
5120108,NotAvailable,External_descriptors: []
5120108,NotAvailable,"Ancestors: [""Azacyclic compounds"", ""Carbene-type 1,3-dipolar compounds"", ""Carbonyl compounds"", ""Carboxylic acids"", ""Carboxylic acids and derivatives"", ""Chemical entities"", ""Corrinoids"", ""Hydrocarbon derivatives"", ""Imines"", ""Ketimines"", ""Metallotetrapyrroles"", ""Organic 1,3-dipolar compounds"", ""Organic acids and derivatives"", ""Organic cations"", ""Organic cobalt salts"", ""Organic compounds"", ""Organic metal salts"", ""Organic nitrogen compounds"", ""Organic oxides"", ""Organic oxygen compounds"", ""Organic salts"", ""Organic transition metal salts"", ""Organoheterocyclic compounds"", ""Organonitrogen compounds"", ""Organooxygen compounds"", ""Organopnictogen compounds"", ""Precorrins"", ""Pyrrolidines"", ""Pyrrolines"", ""Tetrapyrroles and derivatives""]"
5120108,NotAvailable,"predicted_chebi_terms: [""metallotetrapyrrole (CHEBI:33909)"", ""pyrroline (CHEBI:23763)"", ""pyrrolidines (CHEBI:38260)"", ""ketimine (CHEBI:33272)"", ""carboxylic acid (CHEBI:33575)"", ""dipolar compound (CHEBI:51151)"", ""organonitrogen heterocyclic compound (CHEBI:38101)"", ""organic oxide (CHEBI:25701)"", ""organic salt (CHEBI:24868)"", ""organic molecule (CHEBI:72695)"", ""carbonyl compound (CHEBI:36586)"", ""organic cation (CHEBI:25697)"", ""nitrile (CHEBI:18379)"", ""chemical entity (CHEBI:24431)"", ""organic heterocyclic compound (CHEBI:24532)"", ""tetrapyrrole (CHEBI:26932)"", ""nitrogen molecular entity (CHEBI:51143)"", ""organic molecular entity (CHEBI:50860)"", ""organonitrogen compound (CHEBI:35352)"", ""imine (CHEBI:24783)"", ""organic acid (CHEBI:64709)"", ""oxygen molecular entity (CHEBI:25806)"", ""transition element molecular entity (CHEBI:33497)"", ""organooxygen compound (CHEBI:36963)"", ""corrinoid (CHEBI:33913)"", ""carboxylic acid anion (CHEBI:29067)""]"
5120108,NotAvailable,predicted_lipidmaps_terms: []
5120108,NotAvailable,Classification_version: 2.1
5120109,CHEMONTID:0000000,Kingdom: Organic compounds
5120109,CHEMONTID:0000002,Superclass: Organoheterocyclic compounds
5120109,CHEMONTID:0001455,Class: Tetrapyrroles and derivatives
5120109,CHEMONTID:0001926,Subclass: Metallotetrapyrroles
5120109,CHEMONTID:0001926,Direct_parent: Metallotetrapyrroles
5120109,CHEMONTID:0000331,alternative_parents: Fatty amides
5120109,CHEMONTID:0000091,alternative_parents: Pyrrolines
5120109,CHEMONTID:0000218,alternative_parents: Pyrrolidines
5120109,CHEMONTID:0001663,alternative_parents: Secondary carboxylic acid amides
5120109,CHEMONTID:0001661,alternative_parents: Secondary alcohols
5120109,CHEMONTID:0001662,alternative_parents: Primary carboxylic acid amides
5120109,CHEMONTID:0001673,alternative_parents: Ketimines
5120109,CHEMONTID:0003632,"alternative_parents: Carbene-type 1,3-dipolar compounds"
5120109,CHEMONTID:0004139,alternative_parents: Azacyclic compounds
5120109,CHEMONTID:0003940,alternative_parents: Organic oxides
5120109,CHEMONTID:0003995,alternative_parents: Organic cobalt salts
5120109,CHEMONTID:0004150,alternative_parents: Hydrocarbon derivatives
5120109,CHEMONTID:0001831,alternative_parents: Carbonyl compounds
5120109,CHEMONTID:0003609,alternative_parents: Organic cations
5120109,NotAvailable,mMlecular_framework: Aliphatic heteropolycyclic compounds
5120109,NotAvailable,"Substituents: [""Metallotetrapyrrole skeleton"", ""Fatty amide"", ""Fatty acyl"", ""Pyrrolidine"", ""Pyrroline"", ""Carboxamide group"", ""Ketimine"", ""Secondary carboxylic acid amide"", ""Secondary alcohol"", ""Primary carboxylic acid amide"", ""Organic transition metal salt"", ""Azacycle"", ""Carboxylic acid derivative"", ""Carbene-type 1,3-dipolar compound"", ""Hydrocarbon derivative"", ""Organic cobalt salt"", ""Alcohol"", ""Organooxygen compound"", ""Organonitrogen compound"", ""Organic oxygen compound"", ""Imine"", ""Organic nitrogen compound"", ""Organic salt"", ""Organic oxide"", ""Carbonyl group"", ""Organic cation"", ""Aliphatic heteropolycyclic compound""]"
5120109,NotAvailable,External_descriptors: []
5120109,NotAvailable,"Ancestors: [""Alcohols and polyols"", ""Azacyclic compounds"", ""Carbene-type 1,3-dipolar compounds"", ""Carbonyl compounds"", ""Carboxylic acid amides"", ""Carboxylic acid derivatives"", ""Carboxylic acids and derivatives"", ""Chemical entities"", ""Fatty Acyls"", ""Fatty amides"", ""Hydrocarbon derivatives"", ""Imines"", ""Ketimines"", ""Lipids and lipid-like molecules"", ""Metallotetrapyrroles"", ""Organic 1,3-dipolar compounds"", ""Organic acids and derivatives"", ""Organic cations"", ""Organic cobalt salts"", ""Organic compounds"", ""Organic metal salts"", ""Organic nitrogen compounds"", ""Organic oxides"", ""Organic oxygen compounds"", ""Organic salts"", ""Organic transition metal salts"", ""Organoheterocyclic compounds"", ""Organonitrogen compounds"", ""Organooxygen compounds"", ""Organopnictogen compounds"", ""Primary carboxylic acid amides"", ""Pyrrolidines"", ""Pyrrolines"", ""Secondary alcohols"", ""Secondary carboxylic acid amides"", ""Tetrapyrroles and derivatives""]"
5120109,NotAvailable,"predicted_chebi_terms: [""fatty amide (CHEBI:29348)"", ""pyrroline (CHEBI:23763)"", ""pyrrolidines (CHEBI:38260)"", ""carboxamide (CHEBI:37622)"", ""secondary alcohol (CHEBI:35681)"", ""ketimine (CHEBI:33272)"", ""dipolar compound (CHEBI:51151)"", ""organonitrogen heterocyclic compound (CHEBI:38101)"", ""organic oxide (CHEBI:25701)"", ""organic salt (CHEBI:24868)"", ""organic molecule (CHEBI:72695)"", ""carbonyl compound (CHEBI:36586)"", ""organic cation (CHEBI:25697)"", ""metallotetrapyrrole (CHEBI:33909)"", ""chemical entity (CHEBI:24431)"", ""lipid (CHEBI:18059)"", ""organooxygen compound (CHEBI:36963)"", ""organic heterocyclic compound (CHEBI:24532)"", ""organic acid (CHEBI:64709)"", ""carboxylic acid (CHEBI:33575)"", ""amide (CHEBI:32988)"", ""oxygen molecular entity (CHEBI:25806)"", ""organic molecular entity (CHEBI:50860)"", ""polyol (CHEBI:26191)"", ""organic hydroxy compound (CHEBI:33822)"", ""alcohol (CHEBI:30879)"", ""nitrogen molecular entity (CHEBI:51143)"", ""organonitrogen compound (CHEBI:35352)"", ""imine (CHEBI:24783)"", ""transition element molecular entity (CHEBI:33497)"", ""tetrapyrrole (CHEBI:26932)""]"
5120109,NotAvailable,"predicted_lipidmaps_terms: [""Fatty amides (FA08)"", ""Fatty Acyls (FA)""]"
5120109,NotAvailable,Classification_version: 2.1
5120666,CHEMONTID:0000000,Kingdom: Organic compounds
5120666,CHEMONTID:0004603,Superclass: Organic oxygen compounds
5120666,CHEMONTID:0000323,Class: Organooxygen compounds
5120666,CHEMONTID:0000011,Subclass: Carbohydrates and carbohydrate conjugates
5120666,CHEMONTID:0003305,Intermediate_nodes: Aminosaccharides
5120666,CHEMONTID:0000282,Direct_parent: Aminoglycosides
5120666,CHEMONTID:0000147,alternative_parents: Macrolides and analogues
5120666,CHEMONTID:0002207,alternative_parents: O-glycosyl compounds
5120666,CHEMONTID:0002012,alternative_parents: Oxanes
5120666,CHEMONTID:0001540,alternative_parents: Monosaccharides
5120666,CHEMONTID:0001670,alternative_parents: Tertiary alcohols
5120666,CHEMONTID:0002239,alternative_parents: Trialkylamines
5120666,CHEMONTID:0001661,alternative_parents: Secondary alcohols
5120666,CHEMONTID:0001897,"alternative_parents: 1,2-aminoalcohols"
5120666,CHEMONTID:0000347,alternative_parents: Amino acids and derivatives
5120666,CHEMONTID:0001238,alternative_parents: Carboxylic acid esters
5120666,CHEMONTID:0003487,alternative_parents: Cyclic ketones
5120666,CHEMONTID:0000050,alternative_parents: Lactones
5120666,CHEMONTID:0004140,alternative_parents: Oxacyclic compounds
5120666,CHEMONTID:0001656,alternative_parents: Acetals
5120666,CHEMONTID:0001137,alternative_parents: Monocarboxylic acids and derivatives
5120666,CHEMONTID:0004557,alternative_parents: Organopnictogen compounds
5120666,CHEMONTID:0003940,alternative_parents: Organic oxides
5120666,CHEMONTID:0000124,alternative_parents: Aldehydes
5120666,CHEMONTID:0004150,alternative_parents: Hydrocarbon derivatives
5120666,NotAvailable,mMlecular_framework: Aliphatic heteromonocyclic compounds
5120666,NotAvailable,"Substituents: [""Aminoglycoside core"", ""Macrolide"", ""Glycosyl compound"", ""O-glycosyl compound"", ""Monosaccharide"", ""Oxane"", ""Tertiary alcohol"", ""1,2-aminoalcohol"", ""Amino acid or derivatives"", ""Carboxylic acid ester"", ""Ketone"", ""Lactone"", ""Secondary alcohol"", ""Cyclic ketone"", ""Tertiary amine"", ""Tertiary aliphatic amine"", ""Carboxylic acid derivative"", ""Monocarboxylic acid or derivatives"", ""Oxacycle"", ""Organoheterocyclic compound"", ""Acetal"", ""Organic oxide"", ""Aldehyde"", ""Organopnictogen compound"", ""Alcohol"", ""Hydrocarbon derivative"", ""Organonitrogen compound"", ""Amine"", ""Organic nitrogen compound"", ""Carbonyl group"", ""Aliphatic heteromonocyclic compound""]"
5120666,NotAvailable,External_descriptors: []
5120666,NotAvailable,"Ancestors: [""1,2-aminoalcohols"", ""Acetals"", ""Alcohols and polyols"", ""Aldehydes"", ""Alkanolamines"", ""Amines"", ""Amino acids and derivatives"", ""Amino acids, peptides, and analogues"", ""Aminoglycosides"", ""Aminosaccharides"", ""Carbohydrates and carbohydrate conjugates"", ""Carbonyl compounds"", ""Carboxylic acid derivatives"", ""Carboxylic acid esters"", ""Carboxylic acids and derivatives"", ""Chemical entities"", ""Cyclic ketones"", ""Ethers"", ""Glycosyl compounds"", ""Hydrocarbon derivatives"", ""Ketones"", ""Lactones"", ""Macrolides and analogues"", ""Monocarboxylic acids and derivatives"", ""Monosaccharides"", ""O-glycosyl compounds"", ""Organic acids and derivatives"", ""Organic compounds"", ""Organic nitrogen compounds"", ""Organic oxides"", ""Organic oxygen compounds"", ""Organoheterocyclic compounds"", ""Organonitrogen compounds"", ""Organooxygen compounds"", ""Organopnictogen compounds"", ""Oxacyclic compounds"", ""Oxanes"", ""Phenylpropanoids and polyketides"", ""Secondary alcohols"", ""Tertiary alcohols"", ""Tertiary amines"", ""Trialkylamines""]"
5120666,NotAvailable,"predicted_chebi_terms: [""macrolide (CHEBI:25106)"", ""glycoside (CHEBI:24400)"", ""oxanes (CHEBI:46942)"", ""monosaccharide (CHEBI:35381)"", ""tertiary alcohol (CHEBI:26878)"", ""tertiary amino compound (CHEBI:50996)"", ""secondary alcohol (CHEBI:35681)"", ""amino alcohol (CHEBI:22478)"", ""organonitrogen compound (CHEBI:35352)"", ""organooxygen compound (CHEBI:36963)"", ""carboxylic ester (CHEBI:33308)"", ""cyclic ketone (CHEBI:3992)"", ""lactone (CHEBI:25000)"", ""oxacycle (CHEBI:38104)"", ""acetal (CHEBI:59769)"", ""monocarboxylic acid (CHEBI:25384)"", ""pnictogen molecular entity (CHEBI:33302)"", ""organic molecular entity (CHEBI:50860)"", ""organic oxide (CHEBI:25701)"", ""aldehyde (CHEBI:17478)"", ""organic molecule (CHEBI:72695)"", ""aminoglycoside (CHEBI:47779)"", ""chemical entity (CHEBI:24431)"", ""oxygen molecular entity (CHEBI:25806)"", ""carbohydrates and carbohydrate derivatives (CHEBI:78616)"", ""organic heterocyclic compound (CHEBI:24532)"", ""polyol (CHEBI:26191)"", ""organic hydroxy compound (CHEBI:33822)"", ""alcohol (CHEBI:30879)"", ""nitrogen molecular entity (CHEBI:51143)"", ""amine (CHEBI:32952)"", ""tertiary amine (CHEBI:32876)"", ""organic acid (CHEBI:64709)"", ""carboxylic acid (CHEBI:33575)"", ""carbonyl compound (CHEBI:36586)"", ""ketone (CHEBI:17087)"", ""ether (CHEBI:25698)"", ""amino sugar (CHEBI:28963)"", ""amino acid (CHEBI:33709)"", ""peptide (CHEBI:16670)""]"
5120666,NotAvailable,"predicted_lipidmaps_terms: [""Macrolides and lactone polyketides (PK04)""]"
5120666,NotAvailable,Classification_version: 2.1
5137129,CHEMONTID:0000000,Kingdom: Organic compounds
5137129,CHEMONTID:0002448,Superclass: Benzenoids
5137129,CHEMONTID:0000025,Class: Phenanthrenes and derivatives
5137129,CHEMONTID:0000025,Direct_parent: Phenanthrenes and derivatives
5137129,CHEMONTID:0000048,alternative_parents: Tetralins
5137129,CHEMONTID:0004189,alternative_parents: Coumarans
5137129,CHEMONTID:0003899,alternative_parents: Aralkylamines
5137129,CHEMONTID:0004646,alternative_parents: 1-hydroxy-2-unsubstituted benzenoids
5137129,CHEMONTID:0000128,alternative_parents: Alkyl aryl ethers
5137129,CHEMONTID:0000324,alternative_parents: Fatty acid esters
5137129,CHEMONTID:0000195,alternative_parents: Piperidines
5137129,CHEMONTID:0001096,alternative_parents: N-acyl amines
5137129,CHEMONTID:0001670,alternative_parents: Tertiary alcohols
5137129,CHEMONTID:0003416,alternative_parents: Methyl esters
5137129,CHEMONTID:0003626,alternative_parents: Enoate esters
5137129,CHEMONTID:0002239,alternative_parents: Trialkylamines
5137129,CHEMONTID:0001663,alternative_parents: Secondary carboxylic acid amides
5137129,CHEMONTID:0001897,"alternative_parents: 1,2-aminoalcohols"
5137129,CHEMONTID:0000347,alternative_parents: Amino acids and derivatives
5137129,CHEMONTID:0001292,alternative_parents: Cyclic alcohols and derivatives
5137129,CHEMONTID:0001137,alternative_parents: Monocarboxylic acids and derivatives
5137129,CHEMONTID:0004139,alternative_parents: Azacyclic compounds
5137129,CHEMONTID:0004140,alternative_parents: Oxacyclic compounds
5137129,CHEMONTID:0001831,alternative_parents: Carbonyl compounds
5137129,CHEMONTID:0004150,alternative_parents: Hydrocarbon derivatives
5137129,CHEMONTID:0003940,alternative_parents: Organic oxides
5137129,CHEMONTID:0004557,alternative_parents: Organopnictogen compounds
5137129,NotAvailable,mMlecular_framework: Aromatic heteropolycyclic compounds
5137129,NotAvailable,"Substituents: [""Phenanthrene"", ""Tetralin"", ""Coumaran"", ""Alkyl aryl ether"", ""1-hydroxy-2-unsubstituted benzenoid"", ""Fatty acid ester"", ""Aralkylamine"", ""N-acyl-amine"", ""Piperidine"", ""Fatty acyl"", ""Cyclic alcohol"", ""Tertiary alcohol"", ""Alpha,beta-unsaturated carboxylic ester"", ""Enoate ester"", ""Methyl ester"", ""1,2-aminoalcohol"", ""Amino acid or derivatives"", ""Carboxamide group"", ""Carboxylic acid ester"", ""Secondary carboxylic acid amide"", ""Tertiary amine"", ""Tertiary aliphatic amine"", ""Organoheterocyclic compound"", ""Azacycle"", ""Oxacycle"", ""Monocarboxylic acid or derivatives"", ""Carboxylic acid derivative"", ""Ether"", ""Carbonyl group"", ""Organic oxygen compound"", ""Amine"", ""Organopnictogen compound"", ""Organic nitrogen compound"", ""Hydrocarbon derivative"", ""Organic oxide"", ""Alcohol"", ""Organonitrogen compound"", ""Organooxygen compound"", ""Aromatic heteropolycyclic compound""]"
5137129,NotAvailable,External_descriptors: []
5137129,NotAvailable,"Ancestors: [""1,2-aminoalcohols"", ""1-hydroxy-2-unsubstituted benzenoids"", ""Alcohols and polyols"", ""Alkanolamines"", ""Alkyl aryl ethers"", ""Alpha,beta-unsaturated carboxylic esters"", ""Amines"", ""Amino acids and derivatives"", ""Amino acids, peptides, and analogues"", ""Aralkylamines"", ""Azacyclic compounds"", ""Benzenoids"", ""Carbonyl compounds"", ""Carboxylic acid amides"", ""Carboxylic acid derivatives"", ""Carboxylic acid esters"", ""Carboxylic acids and derivatives"", ""Chemical entities"", ""Coumarans"", ""Cyclic alcohols and derivatives"", ""Enoate esters"", ""Ethers"", ""Fatty Acyls"", ""Fatty acid esters"", ""Fatty amides"", ""Hydrocarbon derivatives"", ""Lipids and lipid-like molecules"", ""Methyl esters"", ""Monocarboxylic acids and derivatives"", ""N-acyl amines"", ""Organic acids and derivatives"", ""Organic compounds"", ""Organic nitrogen compounds"", ""Organic oxides"", ""Organic oxygen compounds"", ""Organoheterocyclic compounds"", ""Organonitrogen compounds"", ""Organooxygen compounds"", ""Organopnictogen compounds"", ""Oxacyclic compounds"", ""Phenanthrenes and derivatives"", ""Phenols"", ""Piperidines"", ""Secondary carboxylic acid amides"", ""Tertiary alcohols"", ""Tertiary amines"", ""Tetralins"", ""Trialkylamines""]"
5137129,NotAvailable,"predicted_chebi_terms: [""tetralins (CHEBI:36786)"", ""1-benzofurans (CHEBI:38830)"", ""aralkylamine (CHEBI:18000)"", ""phenols (CHEBI:33853)"", ""aromatic ether (CHEBI:35618)"", ""fatty acid ester (CHEBI:35748)"", ""piperidines (CHEBI:26151)"", ""fatty amide (CHEBI:29348)"", ""tertiary alcohol (CHEBI:26878)"", ""carboxylic ester (CHEBI:33308)"", ""enoate ester (CHEBI:51702)"", ""tertiary amino compound (CHEBI:50996)"", ""carboxamide (CHEBI:37622)"", ""amino alcohol (CHEBI:22478)"", ""organonitrogen compound (CHEBI:35352)"", ""organooxygen compound (CHEBI:36963)"", ""organic hydroxy compound (CHEBI:33822)"", ""carbonyl compound (CHEBI:36586)"", ""organonitrogen heterocyclic compound (CHEBI:38101)"", ""oxacycle (CHEBI:38104)"", ""organic molecule (CHEBI:72695)"", ""organic oxide (CHEBI:25701)"", ""pnictogen molecular entity (CHEBI:33302)"", ""organic molecular entity (CHEBI:50860)"", ""phenanthrenes (CHEBI:25961)"", ""chemical entity (CHEBI:24431)"", ""benzenoid aromatic compound (CHEBI:33836)"", ""organic heterocyclic compound (CHEBI:24532)"", ""nitrogen molecular entity (CHEBI:51143)"", ""amine (CHEBI:32952)"", ""oxygen molecular entity (CHEBI:25806)"", ""ether (CHEBI:25698)"", ""lipid (CHEBI:18059)"", ""polyol (CHEBI:26191)"", ""alcohol (CHEBI:30879)"", ""alpha,beta-unsaturated carboxylic ester (CHEBI:51737)"", ""tertiary amine (CHEBI:32876)"", ""amide (CHEBI:32988)"", ""amino acid (CHEBI:33709)"", ""peptide (CHEBI:16670)""]"
5137129,NotAvailable,"predicted_lipidmaps_terms: [""Fatty esters (FA07)"", ""N-acyl amines (FA0802)"", ""Fatty Acyls (FA)"", ""Fatty amides (FA08)""]"
5137129,NotAvailable,Classification_version: 2.1
5142094,CHEMONTID:0000000,Kingdom: Organic compounds
5142094,CHEMONTID:0000012,Superclass: Lipids and lipid-like molecules
5142094,CHEMONTID:0003909,Class: Fatty Acyls
5142094,CHEMONTID:0001766,Subclass: Fatty acyl glycosides
5142094,CHEMONTID:0003861,Direct_parent: Fatty acyl glycosides of mono- and disaccharides
5142094,CHEMONTID:0002125,alternative_parents: Alkyl glycosides
5142094,CHEMONTID:0002207,alternative_parents: O-glycosyl compounds
5142094,CHEMONTID:0001542,alternative_parents: Disaccharides
5142094,CHEMONTID:0002012,alternative_parents: Oxanes
5142094,CHEMONTID:0001661,alternative_parents: Secondary alcohols
5142094,CHEMONTID:0002286,alternative_parents: Polyols
5142094,CHEMONTID:0004140,alternative_parents: Oxacyclic compounds
5142094,CHEMONTID:0001656,alternative_parents: Acetals
5142094,CHEMONTID:0000286,alternative_parents: Primary alcohols
5142094,CHEMONTID:0004150,alternative_parents: Hydrocarbon derivatives
5142094,NotAvailable,mMlecular_framework: Aliphatic heteromonocyclic compounds
5142094,NotAvailable,"Substituents: [""Fatty acyl glycoside of mono- or disaccharide"", ""Alkyl glycoside"", ""Disaccharide"", ""Glycosyl compound"", ""O-glycosyl compound"", ""Oxane"", ""Secondary alcohol"", ""Acetal"", ""Organoheterocyclic compound"", ""Oxacycle"", ""Polyol"", ""Primary alcohol"", ""Organooxygen compound"", ""Hydrocarbon derivative"", ""Organic oxygen compound"", ""Alcohol"", ""Aliphatic heteromonocyclic compound""]"
5142094,NotAvailable,External_descriptors: []
5142094,NotAvailable,"Ancestors: [""Acetals"", ""Alcohols and polyols"", ""Alkyl glycosides"", ""Carbohydrates and carbohydrate conjugates"", ""Chemical entities"", ""Disaccharides"", ""Ethers"", ""Fatty Acyls"", ""Fatty acyl glycosides"", ""Fatty acyl glycosides of mono- and disaccharides"", ""Glycosyl compounds"", ""Hydrocarbon derivatives"", ""Lipids and lipid-like molecules"", ""O-glycosyl compounds"", ""Organic compounds"", ""Organic oxygen compounds"", ""Organoheterocyclic compounds"", ""Organooxygen compounds"", ""Oxacyclic compounds"", ""Oxanes"", ""Polyols"", ""Primary alcohols"", ""Secondary alcohols""]"
5142094,NotAvailable,"predicted_chebi_terms: [""glycoside (CHEBI:24400)"", ""disaccharide (CHEBI:36233)"", ""oxanes (CHEBI:46942)"", ""secondary alcohol (CHEBI:35681)"", ""polyol (CHEBI:26191)"", ""oxacycle (CHEBI:38104)"", ""acetal (CHEBI:59769)"", ""primary alcohol (CHEBI:15734)"", ""organic molecule (CHEBI:72695)"", ""O-acyl carbohydrate (CHEBI:52782)"", ""lipid (CHEBI:18059)"", ""chemical entity (CHEBI:24431)"", ""organooxygen compound (CHEBI:36963)"", ""fatty acid derivative (CHEBI:61697)"", ""oxygen molecular entity (CHEBI:25806)"", ""organic molecular entity (CHEBI:50860)"", ""carbohydrates and carbohydrate derivatives (CHEBI:78616)"", ""organic heterocyclic compound (CHEBI:24532)"", ""organic hydroxy compound (CHEBI:33822)"", ""alcohol (CHEBI:30879)"", ""ether (CHEBI:25698)""]"
5142094,NotAvailable,"predicted_lipidmaps_terms: [""Fatty acyl glycosides (FA13)"", ""Fatty acyl glycosides of mono- and disaccharides (FA1301)"", ""Fatty Acyls (FA)""]"
5142094,NotAvailable,Classification_version: 2.1
5149020,CHEMONTID:0000000,Kingdom: Organic compounds
5149020,CHEMONTID:0002448,Superclass: Benzenoids
5149020,CHEMONTID:0000025,Class: Phenanthrenes and derivatives
5149020,CHEMONTID:0000025,Direct_parent: Phenanthrenes and derivatives
5149020,CHEMONTID:0002810,alternative_parents: Cinnamic acid amides
5149020,CHEMONTID:0002054,alternative_parents: Isoquinolones and derivatives
5149020,CHEMONTID:0000048,alternative_parents: Tetralins
5149020,CHEMONTID:0004189,alternative_parents: Coumarans
5149020,CHEMONTID:0000037,alternative_parents: Styrenes
5149020,CHEMONTID:0004646,alternative_parents: 1-hydroxy-2-unsubstituted benzenoids
5149020,CHEMONTID:0000128,alternative_parents: Alkyl aryl ethers
5149020,CHEMONTID:0003899,alternative_parents: Aralkylamines
5149020,CHEMONTID:0001099,alternative_parents: Chlorobenzenes
5149020,CHEMONTID:0000195,alternative_parents: Piperidines
5149020,CHEMONTID:0001030,alternative_parents: Aryl chlorides
5149020,CHEMONTID:0001663,alternative_parents: Secondary carboxylic acid amides
5149020,CHEMONTID:0002239,alternative_parents: Trialkylamines
5149020,CHEMONTID:0000347,alternative_parents: Amino acids and derivatives
5149020,CHEMONTID:0000118,alternative_parents: Ketones
5149020,CHEMONTID:0004140,alternative_parents: Oxacyclic compounds
5149020,CHEMONTID:0004139,alternative_parents: Azacyclic compounds
5149020,CHEMONTID:0003940,alternative_parents: Organic oxides
5149020,CHEMONTID:0001516,alternative_parents: Organochlorides
5149020,CHEMONTID:0004150,alternative_parents: Hydrocarbon derivatives
5149020,NotAvailable,mMlecular_framework: Aromatic heteropolycyclic compounds
5149020,NotAvailable,"Substituents: [""Phenanthrene"", ""Cinnamic acid or derivatives"", ""Cinnamic acid amide"", ""Isoquinolone"", ""Tetralin"", ""Coumaran"", ""Styrene"", ""Alkyl aryl ether"", ""Halobenzene"", ""1-hydroxy-2-unsubstituted benzenoid"", ""Phenol"", ""Chlorobenzene"", ""Aralkylamine"", ""Monocyclic benzene moiety"", ""Piperidine"", ""Aryl halide"", ""Aryl chloride"", ""Secondary carboxylic acid amide"", ""Tertiary amine"", ""Ketone"", ""Tertiary aliphatic amine"", ""Amino acid or derivatives"", ""Carboxamide group"", ""Oxacycle"", ""Azacycle"", ""Carboxylic acid derivative"", ""Organoheterocyclic compound"", ""Ether"", ""Organic oxygen compound"", ""Amine"", ""Carbonyl group"", ""Organic nitrogen compound"", ""Hydrocarbon derivative"", ""Organooxygen compound"", ""Organonitrogen compound"", ""Organic oxide"", ""Organochloride"", ""Organohalogen compound"", ""Aromatic heteropolycyclic compound""]"
5149020,NotAvailable,External_descriptors: []
5149020,NotAvailable,"Ancestors: [""1-hydroxy-2-unsubstituted benzenoids"", ""Alkyl aryl ethers"", ""Amines"", ""Amino acids and derivatives"", ""Amino acids, peptides, and analogues"", ""Aralkylamines"", ""Aryl chlorides"", ""Aryl halides"", ""Azacyclic compounds"", ""Benzene and substituted derivatives"", ""Benzenoids"", ""Carbonyl compounds"", ""Carboxylic acid amides"", ""Carboxylic acid derivatives"", ""Carboxylic acids and derivatives"", ""Chemical entities"", ""Chlorobenzenes"", ""Cinnamic acid amides"", ""Cinnamic acids and derivatives"", ""Coumarans"", ""Ethers"", ""Halobenzenes"", ""Hydrocarbon derivatives"", ""Isoquinolines and derivatives"", ""Isoquinolones and derivatives"", ""Ketones"", ""Organic acids and derivatives"", ""Organic compounds"", ""Organic nitrogen compounds"", ""Organic oxides"", ""Organic oxygen compounds"", ""Organochlorides"", ""Organohalogen compounds"", ""Organoheterocyclic compounds"", ""Organonitrogen compounds"", ""Organooxygen compounds"", ""Organopnictogen compounds"", ""Oxacyclic compounds"", ""Phenanthrenes and derivatives"", ""Phenols"", ""Phenylpropanoids and polyketides"", ""Piperidines"", ""Secondary carboxylic acid amides"", ""Styrenes"", ""Tertiary amines"", ""Tetralins"", ""Trialkylamines""]"
5149020,NotAvailable,"predicted_chebi_terms: [""cinnamamides (CHEBI:23247)"", ""isoquinolines (CHEBI:24922)"", ""tetralins (CHEBI:36786)"", ""1-benzofurans (CHEBI:38830)"", ""styrenes (CHEBI:26799)"", ""phenols (CHEBI:33853)"", ""aromatic ether (CHEBI:35618)"", ""aralkylamine (CHEBI:18000)"", ""organochlorine compound (CHEBI:36683)"", ""piperidines (CHEBI:26151)"", ""carboxamide (CHEBI:37622)"", ""tertiary amino compound (CHEBI:50996)"", ""organonitrogen compound (CHEBI:35352)"", ""organooxygen compound (CHEBI:36963)"", ""ketone (CHEBI:17087)"", ""oxacycle (CHEBI:38104)"", ""organonitrogen heterocyclic compound (CHEBI:38101)"", ""organic oxide (CHEBI:25701)"", ""organic molecule (CHEBI:72695)"", ""phenanthrenes (CHEBI:25961)"", ""chemical entity (CHEBI:24431)"", ""olefinic compound (CHEBI:78840)"", ""organic heterocyclic compound (CHEBI:24532)"", ""benzenoid aromatic compound (CHEBI:33836)"", ""benzenes (CHEBI:22712)"", ""oxygen molecular entity (CHEBI:25806)"", ""organic molecular entity (CHEBI:50860)"", ""ether (CHEBI:25698)"", ""nitrogen molecular entity (CHEBI:51143)"", ""amine (CHEBI:32952)"", ""organohalogen compound (CHEBI:36684)"", ""haloarene (CHEBI:50887)"", ""organic acid (CHEBI:64709)"", ""carboxylic acid (CHEBI:33575)"", ""amide (CHEBI:32988)"", ""tertiary amine (CHEBI:32876)"", ""carbonyl compound (CHEBI:36586)"", ""amino acid (CHEBI:33709)"", ""peptide (CHEBI:16670)""]"
5149020,NotAvailable,predicted_lipidmaps_terms: []
5149020,NotAvailable,Classification_version: 2.1
5149021,CHEMONTID:0000000,Kingdom: Organic compounds
5149021,CHEMONTID:0002448,Superclass: Benzenoids
5149021,CHEMONTID:0000025,Class: Phenanthrenes and derivatives
5149021,CHEMONTID:0000025,Direct_parent: Phenanthrenes and derivatives
5149021,CHEMONTID:0002054,alternative_parents: Isoquinolones and derivatives
5149021,CHEMONTID:0000048,alternative_parents: Tetralins
5149021,CHEMONTID:0004189,alternative_parents: Coumarans
5149021,CHEMONTID:0004646,alternative_parents: 1-hydroxy-2-unsubstituted benzenoids
5149021,CHEMONTID:0000128,alternative_parents: Alkyl aryl ethers
5149021,CHEMONTID:0003899,alternative_parents: Aralkylamines
5149021,CHEMONTID:0000195,alternative_parents: Piperidines
5149021,CHEMONTID:0002279,alternative_parents: Benzene and substituted derivatives
5149021,CHEMONTID:0001670,alternative_parents: Tertiary alcohols
5149021,CHEMONTID:0002239,alternative_parents: Trialkylamines
5149021,CHEMONTID:0001897,"alternative_parents: 1,2-aminoalcohols"
5149021,CHEMONTID:0000118,alternative_parents: Ketones
5149021,CHEMONTID:0001292,alternative_parents: Cyclic alcohols and derivatives
5149021,CHEMONTID:0004140,alternative_parents: Oxacyclic compounds
5149021,CHEMONTID:0004139,alternative_parents: Azacyclic compounds
5149021,CHEMONTID:0003940,alternative_parents: Organic oxides
5149021,CHEMONTID:0004150,alternative_parents: Hydrocarbon derivatives
5149021,CHEMONTID:0004557,alternative_parents: Organopnictogen compounds
5149021,NotAvailable,mMlecular_framework: Aromatic heteropolycyclic compounds
5149021,NotAvailable,"Substituents: [""Phenanthrene"", ""Isoquinolone"", ""Tetralin"", ""Coumaran"", ""Alkyl aryl ether"", ""1-hydroxy-2-unsubstituted benzenoid"", ""Aralkylamine"", ""Monocyclic benzene moiety"", ""Piperidine"", ""Cyclic alcohol"", ""Tertiary alcohol"", ""Tertiary aliphatic amine"", ""Tertiary amine"", ""1,2-aminoalcohol"", ""Ketone"", ""Oxacycle"", ""Azacycle"", ""Organoheterocyclic compound"", ""Ether"", ""Alcohol"", ""Organonitrogen compound"", ""Organopnictogen compound"", ""Organooxygen compound"", ""Organic oxide"", ""Carbonyl group"", ""Organic oxygen compound"", ""Amine"", ""Organic nitrogen compound"", ""Hydrocarbon derivative"", ""Aromatic heteropolycyclic compound""]"
5149021,NotAvailable,External_descriptors: []
5149021,NotAvailable,"Ancestors: [""1,2-aminoalcohols"", ""1-hydroxy-2-unsubstituted benzenoids"", ""Alcohols and polyols"", ""Alkanolamines"", ""Alkyl aryl ethers"", ""Amines"", ""Aralkylamines"", ""Azacyclic compounds"", ""Benzene and substituted derivatives"", ""Benzenoids"", ""Carbonyl compounds"", ""Chemical entities"", ""Coumarans"", ""Cyclic alcohols and derivatives"", ""Ethers"", ""Hydrocarbon derivatives"", ""Isoquinolines and derivatives"", ""Isoquinolones and derivatives"", ""Ketones"", ""Organic compounds"", ""Organic nitrogen compounds"", ""Organic oxides"", ""Organic oxygen compounds"", ""Organoheterocyclic compounds"", ""Organonitrogen compounds"", ""Organooxygen compounds"", ""Organopnictogen compounds"", ""Oxacyclic compounds"", ""Phenanthrenes and derivatives"", ""Phenols"", ""Piperidines"", ""Tertiary alcohols"", ""Tertiary amines"", ""Tetralins"", ""Trialkylamines""]"
5149021,NotAvailable,"predicted_chebi_terms: [""isoquinolines (CHEBI:24922)"", ""tetralins (CHEBI:36786)"", ""1-benzofurans (CHEBI:38830)"", ""phenols (CHEBI:33853)"", ""aromatic ether (CHEBI:35618)"", ""aralkylamine (CHEBI:18000)"", ""piperidines (CHEBI:26151)"", ""benzenes (CHEBI:22712)"", ""tertiary alcohol (CHEBI:26878)"", ""tertiary amino compound (CHEBI:50996)"", ""amino alcohol (CHEBI:22478)"", ""ketone (CHEBI:17087)"", ""organic hydroxy compound (CHEBI:33822)"", ""oxacycle (CHEBI:38104)"", ""organonitrogen heterocyclic compound (CHEBI:38101)"", ""organic oxide (CHEBI:25701)"", ""organic molecule (CHEBI:72695)"", ""pnictogen molecular entity (CHEBI:33302)"", ""organic molecular entity (CHEBI:50860)"", ""phenanthrenes (CHEBI:25961)"", ""chemical entity (CHEBI:24431)"", ""organic heterocyclic compound (CHEBI:24532)"", ""benzenoid aromatic compound (CHEBI:33836)"", ""oxygen molecular entity (CHEBI:25806)"", ""organooxygen compound (CHEBI:36963)"", ""ether (CHEBI:25698)"", ""nitrogen molecular entity (CHEBI:51143)"", ""organonitrogen compound (CHEBI:35352)"", ""amine (CHEBI:32952)"", ""polyol (CHEBI:26191)"", ""alcohol (CHEBI:30879)"", ""tertiary amine (CHEBI:32876)"", ""carbonyl compound (CHEBI:36586)""]"
5149021,NotAvailable,predicted_lipidmaps_terms: []
5149021,NotAvailable,Classification_version: 2.1
5153863,CHEMONTID:0000000,Kingdom: Organic compounds
5153863,CHEMONTID:0000012,Superclass: Lipids and lipid-like molecules
5153863,CHEMONTID:0003909,Class: Fatty Acyls
5153863,CHEMONTID:0000513,Subclass: Eicosanoids
5153863,CHEMONTID:0000514,Direct_parent: Prostaglandins and related compounds
5153863,CHEMONTID:0002949,alternative_parents: Long-chain fatty acids
5153863,CHEMONTID:0000341,alternative_parents: Hydroxy fatty acids
5153863,CHEMONTID:0000339,alternative_parents: Unsaturated fatty acids
5153863,CHEMONTID:0001661,alternative_parents: Secondary alcohols
5153863,CHEMONTID:0003487,alternative_parents: Cyclic ketones
5153863,CHEMONTID:0001137,alternative_parents: Monocarboxylic acids and derivatives
5153863,CHEMONTID:0001205,alternative_parents: Carboxylic acids
5153863,CHEMONTID:0003940,alternative_parents: Organic oxides
5153863,CHEMONTID:0004150,alternative_parents: Hydrocarbon derivatives
5153863,NotAvailable,mMlecular_framework: Aliphatic homomonocyclic compounds
5153863,NotAvailable,"Substituents: [""Prostaglandin skeleton"", ""Long-chain fatty acid"", ""Hydroxy fatty acid"", ""Fatty acid"", ""Unsaturated fatty acid"", ""Ketone"", ""Cyclic ketone"", ""Secondary alcohol"", ""Carboxylic acid derivative"", ""Carboxylic acid"", ""Monocarboxylic acid or derivatives"", ""Organic oxide"", ""Organic oxygen compound"", ""Alcohol"", ""Hydrocarbon derivative"", ""Carbonyl group"", ""Organooxygen compound"", ""Aliphatic homomonocyclic compound""]"
5153863,NotAvailable,External_descriptors: []
5153863,NotAvailable,"Ancestors: [""Alcohols and polyols"", ""Carbonyl compounds"", ""Carboxylic acids"", ""Carboxylic acids and derivatives"", ""Chemical entities"", ""Cyclic ketones"", ""Eicosanoids"", ""Fatty Acyls"", ""Fatty acids and conjugates"", ""Hydrocarbon derivatives"", ""Hydroxy fatty acids"", ""Ketones"", ""Lipids and lipid-like molecules"", ""Long-chain fatty acids"", ""Monocarboxylic acids and derivatives"", ""Organic acids and derivatives"", ""Organic compounds"", ""Organic oxides"", ""Organic oxygen compounds"", ""Organooxygen compounds"", ""Prostaglandins and related compounds"", ""Secondary alcohols"", ""Unsaturated fatty acids""]"
5153863,NotAvailable,"predicted_chebi_terms: [""long-chain fatty acid (CHEBI:15904)"", ""hydroxy fatty acid (CHEBI:24654)"", ""unsaturated fatty acid (CHEBI:27208)"", ""secondary alcohol (CHEBI:35681)"", ""cyclic ketone (CHEBI:3992)"", ""monocarboxylic acid (CHEBI:25384)"", ""carboxylic acid (CHEBI:33575)"", ""organic oxide (CHEBI:25701)"", ""organic molecule (CHEBI:72695)"", ""prostanoid (CHEBI:26347)"", ""chemical entity (CHEBI:24431)"", ""lipid (CHEBI:18059)"", ""organooxygen compound (CHEBI:36963)"", ""oxygen molecular entity (CHEBI:25806)"", ""organic molecular entity (CHEBI:50860)"", ""polyol (CHEBI:26191)"", ""organic hydroxy compound (CHEBI:33822)"", ""alcohol (CHEBI:30879)"", ""carbonyl compound (CHEBI:36586)"", ""ketone (CHEBI:17087)"", ""organic acid (CHEBI:64709)"", ""icosanoid (CHEBI:23899)"", ""carboxylic acid anion (CHEBI:29067)""]"
5153863,NotAvailable,"predicted_lipidmaps_terms: [""Fatty Acids and Conjugates (FA01)"", ""Hydroxy fatty acids (FA0105)"", ""Unsaturated fatty acids (FA0103)"", ""Fatty Acyls (FA)"", ""Eicosanoids (FA03)"", ""Prostaglandins (FA0301)""]"
5153863,NotAvailable,Classification_version: 2.1
5200106,CHEMONTID:0000000,Kingdom: Organic compounds
5200106,CHEMONTID:0000012,Superclass: Lipids and lipid-like molecules
5200106,CHEMONTID:0000258,Class: Steroids and steroid derivatives
5200106,CHEMONTID:0001466,Subclass: Estrane steroids
5200106,CHEMONTID:0001466,Direct_parent: Estrane steroids
5200106,CHEMONTID:0003236,alternative_parents: 17-hydroxysteroids
5200106,CHEMONTID:0000025,alternative_parents: Phenanthrenes and derivatives
5200106,CHEMONTID:0000048,alternative_parents: Tetralins
5200106,CHEMONTID:0000138,alternative_parents: Anisoles
5200106,CHEMONTID:0000128,alternative_parents: Alkyl aryl ethers
5200106,CHEMONTID:0001661,alternative_parents: Secondary alcohols
5200106,CHEMONTID:0001292,alternative_parents: Cyclic alcohols and derivatives
5200106,CHEMONTID:0004150,alternative_parents: Hydrocarbon derivatives
5200106,NotAvailable,mMlecular_framework: Aromatic homopolycyclic compounds
5200106,NotAvailable,"Substituents: [""17-hydroxysteroid"", ""Estrane-skeleton"", ""Hydroxysteroid"", ""Phenanthrene"", ""Tetralin"", ""Anisole"", ""Alkyl aryl ether"", ""Benzenoid"", ""Cyclic alcohol"", ""Secondary alcohol"", ""Ether"", ""Alcohol"", ""Hydrocarbon derivative"", ""Organic oxygen compound"", ""Organooxygen compound"", ""Aromatic homopolycyclic compound""]"
5200106,NotAvailable,External_descriptors: []
5200106,NotAvailable,"Ancestors: [""17-hydroxysteroids"", ""Alcohols and polyols"", ""Alkyl aryl ethers"", ""Anisoles"", ""Benzenoids"", ""Chemical entities"", ""Cyclic alcohols and derivatives"", ""Estrane steroids"", ""Ethers"", ""Hydrocarbon derivatives"", ""Hydroxysteroids"", ""Lipids and lipid-like molecules"", ""Organic compounds"", ""Organic oxygen compounds"", ""Organooxygen compounds"", ""Phenanthrenes and derivatives"", ""Phenol ethers"", ""Secondary alcohols"", ""Steroids and steroid derivatives"", ""Tetralins""]"
5200106,NotAvailable,"predicted_chebi_terms: [""17-hydroxy steroid (CHEBI:36838)"", ""phenanthrenes (CHEBI:25961)"", ""tetralins (CHEBI:36786)"", ""methoxybenzene (CHEBI:51683)"", ""aromatic ether (CHEBI:35618)"", ""secondary alcohol (CHEBI:35681)"", ""organic hydroxy compound (CHEBI:33822)"", ""organic molecule (CHEBI:72695)"", ""steroid (CHEBI:35341)"", ""chemical entity (CHEBI:24431)"", ""lipid (CHEBI:18059)"", ""hydroxy steroid (CHEBI:35350)"", ""benzenoid aromatic compound (CHEBI:33836)"", ""oxygen molecular entity (CHEBI:25806)"", ""organic molecular entity (CHEBI:50860)"", ""organooxygen compound (CHEBI:36963)"", ""ether (CHEBI:25698)"", ""polyol (CHEBI:26191)"", ""alcohol (CHEBI:30879)""]"
5200106,NotAvailable,"predicted_lipidmaps_terms: [""Sterol Lipids (ST)"", ""C18 steroids (estrogens) and derivatives (ST0201)""]"
5200106,NotAvailable,Classification_version: 2.1
5201207,CHEMONTID:0000000,Kingdom: Organic compounds
5201207,CHEMONTID:0000261,Superclass: Phenylpropanoids and polyketides
5201207,CHEMONTID:0000147,Class: Macrolides and analogues
5201207,CHEMONTID:0002902,Subclass: Milbemycins
5201207,CHEMONTID:0002902,Direct_parent: Milbemycins
5201207,CHEMONTID:0002207,alternative_parents: O-glycosyl compounds
5201207,CHEMONTID:0001542,alternative_parents: Disaccharides
5201207,CHEMONTID:0004472,alternative_parents: Ketals
5201207,CHEMONTID:0002012,alternative_parents: Oxanes
5201207,CHEMONTID:0001670,alternative_parents: Tertiary alcohols
5201207,CHEMONTID:0001967,alternative_parents: Oxolanes
5201207,CHEMONTID:0001661,alternative_parents: Secondary alcohols
5201207,CHEMONTID:0000050,alternative_parents: Lactones
5201207,CHEMONTID:0001238,alternative_parents: Carboxylic acid esters
5201207,CHEMONTID:0004140,alternative_parents: Oxacyclic compounds
5201207,CHEMONTID:0001137,alternative_parents: Monocarboxylic acids and derivatives
5201207,CHEMONTID:0001167,alternative_parents: Dialkyl ethers
5201207,CHEMONTID:0003940,alternative_parents: Organic oxides
5201207,CHEMONTID:0004150,alternative_parents: Hydrocarbon derivatives
5201207,CHEMONTID:0001831,alternative_parents: Carbonyl compounds
5201207,NotAvailable,mMlecular_framework: Aliphatic heteropolycyclic compounds
5201207,NotAvailable,"Substituents: [""Milbemycin"", ""Disaccharide"", ""Glycosyl compound"", ""O-glycosyl compound"", ""Ketal"", ""Oxane"", ""Tertiary alcohol"", ""Oxolane"", ""Carboxylic acid ester"", ""Lactone"", ""Secondary alcohol"", ""Acetal"", ""Carboxylic acid derivative"", ""Dialkyl ether"", ""Ether"", ""Oxacycle"", ""Organoheterocyclic compound"", ""Monocarboxylic acid or derivatives"", ""Organic oxide"", ""Carbonyl group"", ""Hydrocarbon derivative"", ""Alcohol"", ""Organic oxygen compound"", ""Organooxygen compound"", ""Aliphatic heteropolycyclic compound""]"
5201207,NotAvailable,External_descriptors: []
5201207,NotAvailable,"Ancestors: [""Acetals"", ""Alcohols and polyols"", ""Carbohydrates and carbohydrate conjugates"", ""Carbonyl compounds"", ""Carboxylic acid derivatives"", ""Carboxylic acid esters"", ""Carboxylic acids and derivatives"", ""Chemical entities"", ""Dialkyl ethers"", ""Disaccharides"", ""Ethers"", ""Glycosyl compounds"", ""Hydrocarbon derivatives"", ""Ketals"", ""Lactones"", ""Macrolides and analogues"", ""Milbemycins"", ""Monocarboxylic acids and derivatives"", ""O-glycosyl compounds"", ""Organic acids and derivatives"", ""Organic compounds"", ""Organic oxides"", ""Organic oxygen compounds"", ""Organoheterocyclic compounds"", ""Organooxygen compounds"", ""Oxacyclic compounds"", ""Oxanes"", ""Oxolanes"", ""Phenylpropanoids and polyketides"", ""Secondary alcohols"", ""Tertiary alcohols""]"
5201207,NotAvailable,"predicted_chebi_terms: [""glycoside (CHEBI:24400)"", ""disaccharide (CHEBI:36233)"", ""ketal (CHEBI:59777)"", ""oxanes (CHEBI:46942)"", ""tertiary alcohol (CHEBI:26878)"", ""oxolanes (CHEBI:26912)"", ""secondary alcohol (CHEBI:35681)"", ""lactone (CHEBI:25000)"", ""carboxylic ester (CHEBI:33308)"", ""oxacycle (CHEBI:38104)"", ""monocarboxylic acid (CHEBI:25384)"", ""ether (CHEBI:25698)"", ""organic oxide (CHEBI:25701)"", ""organic molecule (CHEBI:72695)"", ""carbonyl compound (CHEBI:36586)"", ""milbemycin (CHEBI:50345)"", ""chemical entity (CHEBI:24431)"", ""oxygen molecular entity (CHEBI:25806)"", ""organic molecular entity (CHEBI:50860)"", ""organooxygen compound (CHEBI:36963)"", ""carbohydrates and carbohydrate derivatives (CHEBI:78616)"", ""acetal (CHEBI:59769)"", ""organic heterocyclic compound (CHEBI:24532)"", ""polyol (CHEBI:26191)"", ""organic hydroxy compound (CHEBI:33822)"", ""alcohol (CHEBI:30879)"", ""organic acid (CHEBI:64709)"", ""carboxylic acid (CHEBI:33575)"", ""macrolide (CHEBI:25106)""]"
5201207,NotAvailable,"predicted_lipidmaps_terms: [""Macrolides and lactone polyketides (PK04)""]"
5201207,NotAvailable,Classification_version: 2.1
5207588,CHEMONTID:0000000,Kingdom: Organic compounds
5207588,CHEMONTID:0000012,Superclass: Lipids and lipid-like molecules
5207588,CHEMONTID:0000258,Class: Steroids and steroid derivatives
5207588,CHEMONTID:0003568,Subclass: Androstane steroids
5207588,CHEMONTID:0001467,Direct_parent: Androgens and derivatives
5207588,CHEMONTID:0002974,alternative_parents: 3-oxo delta-4-steroids
5207588,CHEMONTID:0003236,alternative_parents: 17-hydroxysteroids
5207588,CHEMONTID:0002978,alternative_parents: Delta-4-steroids
5207588,CHEMONTID:0004325,alternative_parents: Cyclohexenones
5207588,CHEMONTID:0001661,alternative_parents: Secondary alcohols
5207588,CHEMONTID:0001292,alternative_parents: Cyclic alcohols and derivatives
5207588,CHEMONTID:0003940,alternative_parents: Organic oxides
5207588,CHEMONTID:0004150,alternative_parents: Hydrocarbon derivatives
5207588,NotAvailable,mMlecular_framework: Aliphatic homopolycyclic compounds
5207588,NotAvailable,"Substituents: [""Androgen-skeleton"", ""3-oxo-delta-4-steroid"", ""3-oxosteroid"", ""17-hydroxysteroid"", ""Oxosteroid"", ""2-hydroxysteroid"", ""Hydroxysteroid"", ""Delta-4-steroid"", ""Cyclohexenone"", ""Cyclic alcohol"", ""Cyclic ketone"", ""Secondary alcohol"", ""Ketone"", ""Organic oxygen compound"", ""Carbonyl group"", ""Hydrocarbon derivative"", ""Organic oxide"", ""Organooxygen compound"", ""Alcohol"", ""Aliphatic homopolycyclic compound""]"
5207588,NotAvailable,External_descriptors: []
5207588,NotAvailable,"Ancestors: [""17-hydroxysteroids"", ""3-oxo delta-4-steroids"", ""3-oxosteroids"", ""Alcohols and polyols"", ""Androgens and derivatives"", ""Androstane steroids"", ""Carbonyl compounds"", ""Chemical entities"", ""Cyclic alcohols and derivatives"", ""Cyclic ketones"", ""Cyclohexenones"", ""Delta-4-steroids"", ""Hydrocarbon derivatives"", ""Hydroxysteroids"", ""Ketones"", ""Lipids and lipid-like molecules"", ""Organic compounds"", ""Organic oxides"", ""Organic oxygen compounds"", ""Organooxygen compounds"", ""Oxosteroids"", ""Secondary alcohols"", ""Steroids and steroid derivatives""]"
5207588,NotAvailable,"predicted_chebi_terms: [""3-oxo Delta(4)-steroid (CHEBI:47909)"", ""17-hydroxy steroid (CHEBI:36838)"", ""steroid (CHEBI:35341)"", ""cyclohexenones (CHEBI:48953)"", ""secondary alcohol (CHEBI:35681)"", ""organic hydroxy compound (CHEBI:33822)"", ""organic oxide (CHEBI:25701)"", ""organic molecule (CHEBI:72695)"", ""3-hydroxy steroid (CHEBI:36834)"", ""chemical entity (CHEBI:24431)"", ""lipid (CHEBI:18059)"", ""oxo steroid (CHEBI:35789)"", ""3-oxo steroid (CHEBI:47788)"", ""hydroxy steroid (CHEBI:35350)"", ""oxygen molecular entity (CHEBI:25806)"", ""organic molecular entity (CHEBI:50860)"", ""organooxygen compound (CHEBI:36963)"", ""carbonyl compound (CHEBI:36586)"", ""ketone (CHEBI:17087)"", ""cyclic ketone (CHEBI:3992)"", ""polyol (CHEBI:26191)"", ""alcohol (CHEBI:30879)"", ""androstanoid (CHEBI:50402)""]"
5207588,NotAvailable,"predicted_lipidmaps_terms: [""Sterol Lipids (ST)"", ""C19 steroids (androgens) and derivatives (ST0202)""]"
5207588,NotAvailable,Classification_version: 2.1
5229472,CHEMONTID:0000000,Kingdom: Organic compounds
5229472,CHEMONTID:0000002,Superclass: Organoheterocyclic compounds
5229472,CHEMONTID:0001455,Class: Tetrapyrroles and derivatives
5229472,CHEMONTID:0000353,Subclass: Corrinoids
5229472,CHEMONTID:0001221,Direct_parent: Precorrins
5229472,CHEMONTID:0002995,alternative_parents: Pentacarboxylic acids and derivatives
5229472,CHEMONTID:0000331,alternative_parents: Fatty amides
5229472,CHEMONTID:0000091,alternative_parents: Pyrrolines
5229472,CHEMONTID:0000218,alternative_parents: Pyrrolidines
5229472,CHEMONTID:0001662,alternative_parents: Primary carboxylic acid amides
5229472,CHEMONTID:0001673,alternative_parents: Ketimines
5229472,CHEMONTID:0003633,"alternative_parents: Propargyl-type 1,3-dipolar organic compounds"
5229472,CHEMONTID:0000470,alternative_parents: Enamines
5229472,CHEMONTID:0002228,alternative_parents: Dialkylamines
5229472,CHEMONTID:0001205,alternative_parents: Carboxylic acids
5229472,CHEMONTID:0004139,alternative_parents: Azacyclic compounds
5229472,CHEMONTID:0003940,alternative_parents: Organic oxides
5229472,CHEMONTID:0004150,alternative_parents: Hydrocarbon derivatives
5229472,CHEMONTID:0001831,alternative_parents: Carbonyl compounds
5229472,NotAvailable,mMlecular_framework: Aliphatic heteropolycyclic compounds
5229472,NotAvailable,"Substituents: [""Precorrin"", ""Pentacarboxylic acid or derivatives"", ""Fatty amide"", ""Fatty acyl"", ""Pyrrolidine"", ""Pyrroline"", ""Carboxamide group"", ""Ketimine"", ""Primary carboxylic acid amide"", ""Carboxylic acid derivative"", ""Carboxylic acid"", ""Secondary aliphatic amine"", ""Enamine"", ""Azacycle"", ""Organic 1,3-dipolar compound"", ""Propargyl-type 1,3-dipolar organic compound"", ""Imine"", ""Organic oxygen compound"", ""Organic nitrogen compound"", ""Organic oxide"", ""Organonitrogen compound"", ""Organooxygen compound"", ""Hydrocarbon derivative"", ""Amine"", ""Carbonyl group"", ""Aliphatic heteropolycyclic compound""]"
5229472,NotAvailable,External_descriptors: []
5229472,NotAvailable,"Ancestors: [""Amines"", ""Azacyclic compounds"", ""Carbonyl compounds"", ""Carboxylic acid amides"", ""Carboxylic acid derivatives"", ""Carboxylic acids"", ""Carboxylic acids and derivatives"", ""Chemical entities"", ""Corrinoids"", ""Dialkylamines"", ""Enamines"", ""Fatty Acyls"", ""Fatty amides"", ""Hydrocarbon derivatives"", ""Imines"", ""Ketimines"", ""Lipids and lipid-like molecules"", ""Organic 1,3-dipolar compounds"", ""Organic acids and derivatives"", ""Organic compounds"", ""Organic nitrogen compounds"", ""Organic oxides"", ""Organic oxygen compounds"", ""Organoheterocyclic compounds"", ""Organonitrogen compounds"", ""Organooxygen compounds"", ""Organopnictogen compounds"", ""Pentacarboxylic acids and derivatives"", ""Precorrins"", ""Primary carboxylic acid amides"", ""Propargyl-type 1,3-dipolar organic compounds"", ""Pyrrolidines"", ""Pyrrolines"", ""Secondary amines"", ""Tetrapyrroles and derivatives""]"
5229472,NotAvailable,"predicted_chebi_terms: [""organooxygen compound (CHEBI:36963)"", ""fatty amide (CHEBI:29348)"", ""pyrroline (CHEBI:23763)"", ""pyrrolidines (CHEBI:38260)"", ""carboxamide (CHEBI:37622)"", ""ketimine (CHEBI:33272)"", ""dipolar compound (CHEBI:51151)"", ""enamine (CHEBI:47989)"", ""secondary amino compound (CHEBI:50995)"", ""carboxylic acid (CHEBI:33575)"", ""organonitrogen heterocyclic compound (CHEBI:38101)"", ""organic oxide (CHEBI:25701)"", ""organic molecule (CHEBI:72695)"", ""carbonyl compound (CHEBI:36586)"", ""nitrile (CHEBI:18379)"", ""chemical entity (CHEBI:24431)"", ""organic acid (CHEBI:64709)"", ""lipid (CHEBI:18059)"", ""organic heterocyclic compound (CHEBI:24532)"", ""amide (CHEBI:32988)"", ""nitrogen molecular entity (CHEBI:51143)"", ""organic molecular entity (CHEBI:50860)"", ""organonitrogen compound (CHEBI:35352)"", ""imine (CHEBI:24783)"", ""amine (CHEBI:32952)"", ""secondary amine (CHEBI:32863)"", ""oxygen molecular entity (CHEBI:25806)"", ""tetrapyrrole (CHEBI:26932)"", ""corrinoid (CHEBI:33913)"", ""carboxylic acid anion (CHEBI:29067)""]"
5229472,NotAvailable,"predicted_lipidmaps_terms: [""Fatty amides (FA08)"", ""Fatty Acyls (FA)""]"
5229472,NotAvailable,Classification_version: 2.1
5229473,CHEMONTID:0000000,Kingdom: Organic compounds
5229473,CHEMONTID:0000002,Superclass: Organoheterocyclic compounds
5229473,CHEMONTID:0001455,Class: Tetrapyrroles and derivatives
5229473,CHEMONTID:0000353,Subclass: Corrinoids
5229473,CHEMONTID:0001221,Direct_parent: Precorrins
5229473,CHEMONTID:0001926,alternative_parents: Metallotetrapyrroles
5229473,CHEMONTID:0002995,alternative_parents: Pentacarboxylic acids and derivatives
5229473,CHEMONTID:0000331,alternative_parents: Fatty amides
5229473,CHEMONTID:0000091,alternative_parents: Pyrrolines
5229473,CHEMONTID:0000218,alternative_parents: Pyrrolidines
5229473,CHEMONTID:0001662,alternative_parents: Primary carboxylic acid amides
5229473,CHEMONTID:0001673,alternative_parents: Ketimines
5229473,CHEMONTID:0001205,alternative_parents: Carboxylic acids
5229473,CHEMONTID:0003632,"alternative_parents: Carbene-type 1,3-dipolar compounds"
5229473,CHEMONTID:0004139,alternative_parents: Azacyclic compounds
5229473,CHEMONTID:0003940,alternative_parents: Organic oxides
5229473,CHEMONTID:0003995,alternative_parents: Organic cobalt salts
5229473,CHEMONTID:0004150,alternative_parents: Hydrocarbon derivatives
5229473,CHEMONTID:0001831,alternative_parents: Carbonyl compounds
5229473,CHEMONTID:0003609,alternative_parents: Organic cations
5229473,NotAvailable,mMlecular_framework: Aliphatic heteropolycyclic compounds
5229473,NotAvailable,"Substituents: [""Precorrin"", ""Metallotetrapyrrole skeleton"", ""Pentacarboxylic acid or derivatives"", ""Fatty amide"", ""Fatty acyl"", ""Pyrrolidine"", ""Pyrroline"", ""Carboxamide group"", ""Ketimine"", ""Primary carboxylic acid amide"", ""Carbene-type 1,3-dipolar compound"", ""Organic transition metal salt"", ""Azacycle"", ""Carboxylic acid derivative"", ""Carboxylic acid"", ""Organic cobalt salt"", ""Organic salt"", ""Organic oxide"", ""Organooxygen compound"", ""Organonitrogen compound"", ""Organic oxygen compound"", ""Carbonyl group"", ""Imine"", ""Organic nitrogen compound"", ""Hydrocarbon derivative"", ""Organic cation"", ""Aliphatic heteropolycyclic compound""]"
5229473,NotAvailable,External_descriptors: []
5229473,NotAvailable,"Ancestors: [""Azacyclic compounds"", ""Carbene-type 1,3-dipolar compounds"", ""Carbonyl compounds"", ""Carboxylic acid amides"", ""Carboxylic acid derivatives"", ""Carboxylic acids"", ""Carboxylic acids and derivatives"", ""Chemical entities"", ""Corrinoids"", ""Fatty Acyls"", ""Fatty amides"", ""Hydrocarbon derivatives"", ""Imines"", ""Ketimines"", ""Lipids and lipid-like molecules"", ""Metallotetrapyrroles"", ""Organic 1,3-dipolar compounds"", ""Organic acids and derivatives"", ""Organic cations"", ""Organic cobalt salts"", ""Organic compounds"", ""Organic metal salts"", ""Organic nitrogen compounds"", ""Organic oxides"", ""Organic oxygen compounds"", ""Organic salts"", ""Organic transition metal salts"", ""Organoheterocyclic compounds"", ""Organonitrogen compounds"", ""Organooxygen compounds"", ""Organopnictogen compounds"", ""Pentacarboxylic acids and derivatives"", ""Precorrins"", ""Primary carboxylic acid amides"", ""Pyrrolidines"", ""Pyrrolines"", ""Tetrapyrroles and derivatives""]"
5229473,NotAvailable,"predicted_chebi_terms: [""metallotetrapyrrole (CHEBI:33909)"", ""organooxygen compound (CHEBI:36963)"", ""fatty amide (CHEBI:29348)"", ""pyrroline (CHEBI:23763)"", ""pyrrolidines (CHEBI:38260)"", ""carboxamide (CHEBI:37622)"", ""ketimine (CHEBI:33272)"", ""carboxylic acid (CHEBI:33575)"", ""dipolar compound (CHEBI:51151)"", ""organonitrogen heterocyclic compound (CHEBI:38101)"", ""organic oxide (CHEBI:25701)"", ""organic salt (CHEBI:24868)"", ""organic molecule (CHEBI:72695)"", ""carbonyl compound (CHEBI:36586)"", ""organic cation (CHEBI:25697)"", ""nitrile (CHEBI:18379)"", ""chemical entity (CHEBI:24431)"", ""organic heterocyclic compound (CHEBI:24532)"", ""tetrapyrrole (CHEBI:26932)"", ""organic acid (CHEBI:64709)"", ""lipid (CHEBI:18059)"", ""amide (CHEBI:32988)"", ""nitrogen molecular entity (CHEBI:51143)"", ""organic molecular entity (CHEBI:50860)"", ""organonitrogen compound (CHEBI:35352)"", ""imine (CHEBI:24783)"", ""oxygen molecular entity (CHEBI:25806)"", ""transition element molecular entity (CHEBI:33497)"", ""corrinoid (CHEBI:33913)"", ""carboxylic acid anion (CHEBI:29067)""]"
5229473,NotAvailable,"predicted_lipidmaps_terms: [""Fatty amides (FA08)"", ""Fatty Acyls (FA)""]"
5229473,NotAvailable,Classification_version: 2.1
5229478,CHEMONTID:0000000,Kingdom: Organic compounds
5229478,CHEMONTID:0000002,Superclass: Organoheterocyclic compounds
5229478,CHEMONTID:0001455,Class: Tetrapyrroles and derivatives
5229478,CHEMONTID:0001926,Subclass: Metallotetrapyrroles
5229478,CHEMONTID:0001926,Direct_parent: Metallotetrapyrroles
5229478,CHEMONTID:0004502,alternative_parents: 5'-deoxyribonucleosides
5229478,CHEMONTID:0002203,alternative_parents: Glycosylamines
5229478,CHEMONTID:0002987,alternative_parents: 6-aminopurines
5229478,CHEMONTID:0001266,alternative_parents: Phosphoethanolamines
5229478,CHEMONTID:0001262,alternative_parents: Aminopyrimidines and derivatives
5229478,CHEMONTID:0003458,alternative_parents: Monoalkyl phosphates
5229478,CHEMONTID:0000331,alternative_parents: Fatty amides
5229478,CHEMONTID:0003886,alternative_parents: Imidolactams
5229478,CHEMONTID:0002311,alternative_parents: N-substituted imidazoles
5229478,CHEMONTID:0001967,alternative_parents: Oxolanes
5229478,CHEMONTID:0000091,alternative_parents: Pyrrolines
5229478,CHEMONTID:0000218,alternative_parents: Pyrrolidines
5229478,CHEMONTID:0004144,alternative_parents: Heteroaromatic compounds
5229478,CHEMONTID:0001662,alternative_parents: Primary carboxylic acid amides
5229478,CHEMONTID:0002467,"alternative_parents: 1,2-diols"
5229478,CHEMONTID:0001661,alternative_parents: Secondary alcohols
5229478,CHEMONTID:0001673,alternative_parents: Ketimines
5229478,CHEMONTID:0001663,alternative_parents: Secondary carboxylic acid amides
5229478,CHEMONTID:0004140,alternative_parents: Oxacyclic compounds
5229478,CHEMONTID:0004139,alternative_parents: Azacyclic compounds
5229478,CHEMONTID:0003632,"alternative_parents: Carbene-type 1,3-dipolar compounds"
5229478,CHEMONTID:0003633,"alternative_parents: Propargyl-type 1,3-dipolar organic compounds"
5229478,CHEMONTID:0003610,alternative_parents: Organic zwitterions
5229478,CHEMONTID:0002450,alternative_parents: Primary amines
5229478,CHEMONTID:0001831,alternative_parents: Carbonyl compounds
5229478,CHEMONTID:0003995,alternative_parents: Organic cobalt salts
5229478,CHEMONTID:0003940,alternative_parents: Organic oxides
5229478,CHEMONTID:0004150,alternative_parents: Hydrocarbon derivatives
5229478,NotAvailable,"Substituents: [""Metallotetrapyrrole skeleton"", ""5'-deoxyribonucleoside"", ""Glycosyl compound"", ""N-glycosyl compound"", ""6-aminopurine"", ""Purine"", ""Imidazopyrimidine"", ""Phosphoethanolamine"", ""Aminopyrimidine"", ""Monoalkyl phosphate"", ""Pyrimidine"", ""Fatty amide"", ""Alkyl phosphate"", ""Phosphoric acid ester"", ""Organic phosphoric acid derivative"", ""N-substituted imidazole"", ""Fatty acyl"", ""Imidolactam"", ""Oxolane"", ""Pyrrolidine"", ""Pyrroline"", ""Imidazole"", ""Heteroaromatic compound"", ""Azole"", ""1,2-diol"", ""Carboxamide group"", ""Ketimine"", ""Secondary carboxylic acid amide"", ""Primary carboxylic acid amide"", ""Secondary alcohol"", ""Propargyl-type 1,3-dipolar organic compound"", ""Carboxylic acid derivative"", ""Oxacycle"", ""Azacycle"", ""Organic transition metal salt"", ""Organic 1,3-dipolar compound"", ""Carbene-type 1,3-dipolar compound"", ""Organic cobalt salt"", ""Organic zwitterion"", ""Amine"", ""Primary amine"", ""Hydrocarbon derivative"", ""Organic oxygen compound"", ""Organic nitrogen compound"", ""Carbonyl group"", ""Imine"", ""Alcohol"", ""Organic salt"", ""Organic oxide"", ""Organonitrogen compound"", ""Organooxygen compound"", ""Aromatic heteropolycyclic compound""]"
5229478,NotAvailable,External_descriptors: []
5229478,NotAvailable,"Ancestors: [""1,2-diols"", ""5'-deoxyribonucleosides"", ""6-aminopurines"", ""Alcohols and polyols"", ""Alkyl phosphates"", ""Amines"", ""Aminopyrimidines and derivatives"", ""Azacyclic compounds"", ""Azoles"", ""Carbene-type 1,3-dipolar compounds"", ""Carbohydrates and carbohydrate conjugates"", ""Carbonyl compounds"", ""Carboxylic acid amides"", ""Carboxylic acid derivatives"", ""Carboxylic acids and derivatives"", ""Chemical entities"", ""Diazines"", ""Fatty Acyls"", ""Fatty amides"", ""Glycosyl compounds"", ""Glycosylamines"", ""Heteroaromatic compounds"", ""Hydrocarbon derivatives"", ""Imidazoles"", ""Imidazopyrimidines"", ""Imidolactams"", ""Imines"", ""Ketimines"", ""Lipids and lipid-like molecules"", ""Metallotetrapyrroles"", ""Monoalkyl phosphates"", ""N-substituted imidazoles"", ""Nucleosides, nucleotides, and analogues"", ""Organic 1,3-dipolar compounds"", ""Organic acids and derivatives"", ""Organic cobalt salts"", ""Organic compounds"", ""Organic metal salts"", ""Organic nitrogen compounds"", ""Organic oxides"", ""Organic oxygen compounds"", ""Organic phosphoric acids and derivatives"", ""Organic salts"", ""Organic transition metal salts"", ""Organic zwitterions"", ""Organoheterocyclic compounds"", ""Organonitrogen compounds"", ""Organooxygen compounds"", ""Organopnictogen compounds"", ""Oxacyclic compounds"", ""Oxolanes"", ""Phosphate esters"", ""Phosphoethanolamines"", ""Polyols"", ""Primary amines"", ""Primary carboxylic acid amides"", ""Propargyl-type 1,3-dipolar organic compounds"", ""Purines and purine derivatives"", ""Pyrimidines and pyrimidine derivatives"", ""Pyrrolidines"", ""Pyrrolines"", ""Secondary alcohols"", ""Secondary carboxylic acid amides"", ""Substituted imidazoles"", ""Tetrahydrofurans"", ""Tetrapyrroles and derivatives""]"
5229478,NotAvailable,"predicted_chebi_terms: [""deoxyribonucleoside (CHEBI:23636)"", ""N-glycosyl compound (CHEBI:21731)"", ""6-aminopurines (CHEBI:20706)"", ""phosphoethanolamine (CHEBI:36711)"", ""aminopyrimidine (CHEBI:38338)"", ""monoalkyl phosphate (CHEBI:25381)"", ""fatty amide (CHEBI:29348)"", ""heterocyclic compound (CHEBI:5686)"", ""dicarboximide (CHEBI:35356)"", ""organosulfur compound (CHEBI:33261)"", ""imidazoles (CHEBI:24780)"", ""oxolanes (CHEBI:26912)"", ""pyrroline (CHEBI:23763)"", ""pyrrolidines (CHEBI:38260)"", ""organic aromatic compound (CHEBI:33659)"", ""carboxamide (CHEBI:37622)"", ""polyol (CHEBI:26191)"", ""secondary alcohol (CHEBI:35681)"", ""ketimine (CHEBI:33272)"", ""oxacycle (CHEBI:38104)"", ""organonitrogen heterocyclic compound (CHEBI:38101)"", ""dipolar compound (CHEBI:51151)"", ""zwitterion (CHEBI:27369)"", ""organic molecular entity (CHEBI:50860)"", ""primary amine (CHEBI:32877)"", ""carbonyl compound (CHEBI:36586)"", ""organic salt (CHEBI:24868)"", ""organic oxide (CHEBI:25701)"", ""organic molecule (CHEBI:72695)"", ""metallotetrapyrrole (CHEBI:33909)"", ""chemical entity (CHEBI:24431)"", ""nucleobase-containing molecular entity (CHEBI:61120)"", ""oxygen molecular entity (CHEBI:25806)"", ""organooxygen compound (CHEBI:36963)"", ""carbohydrates and carbohydrate derivatives (CHEBI:78616)"", ""glycoside (CHEBI:24400)"", ""organic heterocyclic compound (CHEBI:24532)"", ""imidazopyrimidine (CHEBI:35875)"", ""purines (CHEBI:26401)"", ""organic acid (CHEBI:64709)"", ""phosphoric acid derivative (CHEBI:26079)"", ""phosphoric ester (CHEBI:37734)"", ""diazines (CHEBI:38313)"", ""pyrimidines (CHEBI:39447)"", ""alkyl phosphate (CHEBI:22324)"", ""lipid (CHEBI:18059)"", ""azole (CHEBI:68452)"", ""carboxylic acid (CHEBI:33575)"", ""amide (CHEBI:32988)"", ""organic hydroxy compound (CHEBI:33822)"", ""alcohol (CHEBI:30879)"", ""nitrogen molecular entity (CHEBI:51143)"", ""organonitrogen compound (CHEBI:35352)"", ""imine (CHEBI:24783)"", ""amine (CHEBI:32952)"", ""transition element molecular entity (CHEBI:33497)"", ""tetrapyrrole (CHEBI:26932)""]"
5229478,NotAvailable,"predicted_lipidmaps_terms: [""Fatty amides (FA08)"", ""Fatty Acyls (FA)""]"
5229478,NotAvailable,Classification_version: 2.1
5246681,CHEMONTID:0000000,Kingdom: Organic compounds
5246681,CHEMONTID:0000002,Superclass: Organoheterocyclic compounds
5246681,CHEMONTID:0000195,Class: Piperidines
5246681,CHEMONTID:0001581,Subclass: Piperidinones
5246681,CHEMONTID:0001581,Direct_parent: Piperidinones
5246681,CHEMONTID:0000164,alternative_parents: Delta lactams
5246681,CHEMONTID:0001663,alternative_parents: Secondary carboxylic acid amides
5246681,CHEMONTID:0001661,alternative_parents: Secondary alcohols
5246681,CHEMONTID:0004139,alternative_parents: Azacyclic compounds
5246681,CHEMONTID:0000278,alternative_parents: Organonitrogen compounds
5246681,CHEMONTID:0003940,alternative_parents: Organic oxides
5246681,CHEMONTID:0004150,alternative_parents: Hydrocarbon derivatives
5246681,CHEMONTID:0001831,alternative_parents: Carbonyl compounds
5246681,NotAvailable,mMlecular_framework: Aliphatic heteromonocyclic compounds
5246681,NotAvailable,"Substituents: [""Delta-lactam"", ""Piperidinone"", ""Carboxamide group"", ""Lactam"", ""Secondary alcohol"", ""Secondary carboxylic acid amide"", ""Carboxylic acid derivative"", ""Azacycle"", ""Organooxygen compound"", ""Organonitrogen compound"", ""Organic oxide"", ""Organic oxygen compound"", ""Alcohol"", ""Organic nitrogen compound"", ""Carbonyl group"", ""Hydrocarbon derivative"", ""Aliphatic heteromonocyclic compound""]"
5246681,NotAvailable,External_descriptors: []
5246681,NotAvailable,"Ancestors: [""Alcohols and polyols"", ""Azacyclic compounds"", ""Carbonyl compounds"", ""Carboxylic acid amides"", ""Carboxylic acid derivatives"", ""Carboxylic acids and derivatives"", ""Chemical entities"", ""Delta lactams"", ""Fatty Acyls"", ""Fatty amides"", ""Hydrocarbon derivatives"", ""Lactams"", ""Lipids and lipid-like molecules"", ""N-acyl amines"", ""Organic acids and derivatives"", ""Organic compounds"", ""Organic nitrogen compounds"", ""Organic oxides"", ""Organic oxygen compounds"", ""Organoheterocyclic compounds"", ""Organonitrogen compounds"", ""Organooxygen compounds"", ""Organopnictogen compounds"", ""Piperidines"", ""Piperidinones"", ""Secondary alcohols"", ""Secondary carboxylic acid amides""]"
5246681,NotAvailable,"predicted_chebi_terms: [""delta-lactam (CHEBI:77727)"", ""carboxamide (CHEBI:37622)"", ""secondary alcohol (CHEBI:35681)"", ""organonitrogen heterocyclic compound (CHEBI:38101)"", ""organonitrogen compound (CHEBI:35352)"", ""organic oxide (CHEBI:25701)"", ""organic molecule (CHEBI:72695)"", ""carbonyl compound (CHEBI:36586)"", ""piperidones (CHEBI:48589)"", ""chemical entity (CHEBI:24431)"", ""organic heterocyclic compound (CHEBI:24532)"", ""lactam (CHEBI:24995)"", ""organic acid (CHEBI:64709)"", ""carboxylic acid (CHEBI:33575)"", ""organooxygen compound (CHEBI:36963)"", ""amide (CHEBI:32988)"", ""oxygen molecular entity (CHEBI:25806)"", ""organic molecular entity (CHEBI:50860)"", ""polyol (CHEBI:26191)"", ""organic hydroxy compound (CHEBI:33822)"", ""alcohol (CHEBI:30879)"", ""nitrogen molecular entity (CHEBI:51143)"", ""piperidines (CHEBI:26151)""]"
5246681,NotAvailable,predicted_lipidmaps_terms: []
5246681,NotAvailable,Classification_version: 2.1
5255128,CHEMONTID:0000000,Kingdom: Organic compounds
5255128,CHEMONTID:0002448,Superclass: Benzenoids
5255128,CHEMONTID:0002279,Class: Benzene and substituted derivatives
5255128,CHEMONTID:0000176,Subclass: Benzoic acids and derivatives
5255128,CHEMONTID:0000281,Intermediate_nodes: Aminobenzoic acids and derivatives
5255128,CHEMONTID:0002948,Direct_parent: Aminobenzoic acids
5255128,CHEMONTID:0002565,alternative_parents: Benzoic acids
5255128,CHEMONTID:0004209,alternative_parents: m-Xylenes
5255128,CHEMONTID:0000321,alternative_parents: Benzoyl derivatives
5255128,CHEMONTID:0000284,alternative_parents: Aniline and substituted anilines
5255128,CHEMONTID:0002453,alternative_parents: Primary aromatic amines
5255128,CHEMONTID:0003890,alternative_parents: Vinylogous amides
5255128,CHEMONTID:0004176,alternative_parents: Amino acids
5255128,CHEMONTID:0002451,alternative_parents: Secondary amines
5255128,CHEMONTID:0001205,alternative_parents: Carboxylic acids
5255128,CHEMONTID:0000323,alternative_parents: Organooxygen compounds
5255128,CHEMONTID:0003940,alternative_parents: Organic oxides
5255128,CHEMONTID:0004150,alternative_parents: Hydrocarbon derivatives
5255128,NotAvailable,mMlecular_framework: Aromatic homomonocyclic compounds
5255128,NotAvailable,"Substituents: [""Aminobenzoic acid"", ""Benzoic acid"", ""Benzoyl"", ""M-xylene"", ""Xylene"", ""Aniline or substituted anilines"", ""Primary aromatic amine"", ""Vinylogous amide"", ""Amino acid"", ""Amino acid or derivatives"", ""Secondary amine"", ""Carboxylic acid"", ""Carboxylic acid derivative"", ""Amine"", ""Organooxygen compound"", ""Organonitrogen compound"", ""Organic oxide"", ""Organic oxygen compound"", ""Organic nitrogen compound"", ""Hydrocarbon derivative"", ""Aromatic homomonocyclic compound""]"
5255128,NotAvailable,External_descriptors: []
5255128,NotAvailable,"Ancestors: [""Amines"", ""Amino acids"", ""Amino acids and derivatives"", ""Amino acids, peptides, and analogues"", ""Aminobenzoic acids"", ""Aminobenzoic acids and derivatives"", ""Aniline and substituted anilines"", ""Benzene and substituted derivatives"", ""Benzenoids"", ""Benzoic acids"", ""Benzoic acids and derivatives"", ""Benzoyl derivatives"", ""Carboxylic acids"", ""Carboxylic acids and derivatives"", ""Chemical entities"", ""Hydrocarbon derivatives"", ""Monocarboxylic acids and derivatives"", ""Organic acids and derivatives"", ""Organic compounds"", ""Organic nitrogen compounds"", ""Organic oxides"", ""Organic oxygen compounds"", ""Organonitrogen compounds"", ""Organooxygen compounds"", ""Organopnictogen compounds"", ""Primary amines"", ""Primary aromatic amines"", ""Secondary amines"", ""Vinylogous amides"", ""Xylenes"", ""m-Xylenes""]"
5255128,NotAvailable,"predicted_chebi_terms: [""benzoic acids (CHEBI:22723)"", ""xylene (CHEBI:27338)"", ""carbonyl compound (CHEBI:36586)"", ""anilines (CHEBI:22562)"", ""primary arylamine (CHEBI:50471)"", ""enone (CHEBI:51689)"", ""enamine (CHEBI:47989)"", ""amino acid (CHEBI:33709)"", ""secondary amine (CHEBI:32863)"", ""carboxylic acid (CHEBI:33575)"", ""organooxygen compound (CHEBI:36963)"", ""organic oxide (CHEBI:25701)"", ""organic molecule (CHEBI:72695)"", ""aminobenzoic acid (CHEBI:22495)"", ""chemical entity (CHEBI:24431)"", ""benzenoid aromatic compound (CHEBI:33836)"", ""benzenes (CHEBI:22712)"", ""nitrogen molecular entity (CHEBI:51143)"", ""organic molecular entity (CHEBI:50860)"", ""organonitrogen compound (CHEBI:35352)"", ""amine (CHEBI:32952)"", ""primary amine (CHEBI:32877)"", ""organic acid (CHEBI:64709)"", ""oxygen molecular entity (CHEBI:25806)"", ""carboxylic acid anion (CHEBI:29067)"", ""peptide (CHEBI:16670)""]"
5255128,NotAvailable,predicted_lipidmaps_terms: []
5255128,NotAvailable,Classification_version: 2.1
5270766,CHEMONTID:0000000,Kingdom: Organic compounds
5270766,CHEMONTID:0000002,Superclass: Organoheterocyclic compounds
5270766,CHEMONTID:0001797,Class: Imidazopyrimidines
5270766,CHEMONTID:0000245,Subclass: Purines and purine derivatives
5270766,CHEMONTID:0000245,Direct_parent: Purines and purine derivatives
5270766,CHEMONTID:0001262,alternative_parents: Aminopyrimidines and derivatives
5270766,CHEMONTID:0002311,alternative_parents: N-substituted imidazoles
5270766,CHEMONTID:0001302,alternative_parents: Organic phosphonic acids
5270766,CHEMONTID:0004144,alternative_parents: Heteroaromatic compounds
5270766,CHEMONTID:0004139,alternative_parents: Azacyclic compounds
5270766,CHEMONTID:0002450,alternative_parents: Primary amines
5270766,CHEMONTID:0000400,alternative_parents: Organophosphorus compounds
5270766,CHEMONTID:0000323,alternative_parents: Organooxygen compounds
5270766,CHEMONTID:0003940,alternative_parents: Organic oxides
5270766,CHEMONTID:0004150,alternative_parents: Hydrocarbon derivatives
5270766,NotAvailable,mMlecular_framework: Aromatic heteropolycyclic compounds
5270766,NotAvailable,"Substituents: [""Purine"", ""Aminopyrimidine"", ""N-substituted imidazole"", ""Pyrimidine"", ""Azole"", ""Imidazole"", ""Organophosphonic acid"", ""Organophosphonic acid derivative"", ""Heteroaromatic compound"", ""Azacycle"", ""Organophosphorus compound"", ""Organooxygen compound"", ""Organonitrogen compound"", ""Amine"", ""Organic oxygen compound"", ""Primary amine"", ""Organic oxide"", ""Hydrocarbon derivative"", ""Organic nitrogen compound"", ""Aromatic heteropolycyclic compound""]"
5270766,NotAvailable,External_descriptors: []
5270766,NotAvailable,"Ancestors: [""Amines"", ""Aminopyrimidines and derivatives"", ""Azacyclic compounds"", ""Azoles"", ""Chemical entities"", ""Diazines"", ""Heteroaromatic compounds"", ""Hydrocarbon derivatives"", ""Imidazoles"", ""Imidazopyrimidines"", ""N-substituted imidazoles"", ""Organic acids and derivatives"", ""Organic compounds"", ""Organic nitrogen compounds"", ""Organic oxides"", ""Organic oxygen compounds"", ""Organic phosphonic acids"", ""Organic phosphonic acids and derivatives"", ""Organoheterocyclic compounds"", ""Organonitrogen compounds"", ""Organooxygen compounds"", ""Organophosphorus compounds"", ""Organopnictogen compounds"", ""Primary amines"", ""Purines and purine derivatives"", ""Pyrimidines and pyrimidine derivatives"", ""Substituted imidazoles""]"
5270766,NotAvailable,"predicted_chebi_terms: [""aminopyrimidine (CHEBI:38338)"", ""imidazoles (CHEBI:24780)"", ""phosphonic acids (CHEBI:26069)"", ""organic aromatic compound (CHEBI:33659)"", ""organonitrogen heterocyclic compound (CHEBI:38101)"", ""primary amine (CHEBI:32877)"", ""organophosphorus compound (CHEBI:25710)"", ""organooxygen compound (CHEBI:36963)"", ""organic oxide (CHEBI:25701)"", ""organic molecule (CHEBI:72695)"", ""purines (CHEBI:26401)"", ""chemical entity (CHEBI:24431)"", ""organic heterocyclic compound (CHEBI:24532)"", ""diazines (CHEBI:38313)"", ""pyrimidines (CHEBI:39447)"", ""azole (CHEBI:68452)"", ""organic acid (CHEBI:64709)"", ""nitrogen molecular entity (CHEBI:51143)"", ""organic molecular entity (CHEBI:50860)"", ""organonitrogen compound (CHEBI:35352)"", ""amine (CHEBI:32952)"", ""oxygen molecular entity (CHEBI:25806)"", ""imidazopyrimidine (CHEBI:35875)""]"
5270766,NotAvailable,predicted_lipidmaps_terms: []
5270766,NotAvailable,Classification_version: 2.1
5271264,CHEMONTID:0000000,Kingdom: Organic compounds
5271264,CHEMONTID:0000289,"Superclass: Nucleosides, nucleotides, and analogues"
5271264,CHEMONTID:0003737,Class: Nucleoside and nucleotide analogues
5271264,CHEMONTID:0003738,Subclass: Cyclopentyl nucleosides
5271264,CHEMONTID:0003738,Direct_parent: Cyclopentyl nucleosides
5271264,CHEMONTID:0000291,alternative_parents: Pyrimidones
5271264,CHEMONTID:0003886,alternative_parents: Imidolactams
5271264,CHEMONTID:0002202,alternative_parents: Hydropyrimidines
5271264,CHEMONTID:0002938,alternative_parents: Cyclopentanols
5271264,CHEMONTID:0004144,alternative_parents: Heteroaromatic compounds
5271264,CHEMONTID:0000364,alternative_parents: Organic carbonic acids and derivatives
5271264,CHEMONTID:0001292,alternative_parents: Cyclic alcohols and derivatives
5271264,CHEMONTID:0003633,"alternative_parents: Propargyl-type 1,3-dipolar organic compounds"
5271264,CHEMONTID:0001167,alternative_parents: Dialkyl ethers
5271264,CHEMONTID:0003152,alternative_parents: Carboximidamides
5271264,CHEMONTID:0004139,alternative_parents: Azacyclic compounds
5271264,CHEMONTID:0002450,alternative_parents: Primary amines
5271264,CHEMONTID:0004557,alternative_parents: Organopnictogen compounds
5271264,CHEMONTID:0003940,alternative_parents: Organic oxides
5271264,CHEMONTID:0004150,alternative_parents: Hydrocarbon derivatives
5271264,NotAvailable,mMlecular_framework: Aromatic heteromonocyclic compounds
5271264,NotAvailable,"Substituents: [""Cyclopentyl nucleoside"", ""Pyrimidone"", ""Imidolactam"", ""Pyrimidine"", ""1,2-dihydropyrimidine"", ""Hydropyrimidine"", ""Cyclopentanol"", ""Heteroaromatic compound"", ""Cyclic alcohol"", ""Secondary alcohol"", ""Carbonic acid derivative"", ""Azacycle"", ""Organoheterocyclic compound"", ""Organic 1,3-dipolar compound"", ""Propargyl-type 1,3-dipolar organic compound"", ""Carboximidamide"", ""Ether"", ""Dialkyl ether"", ""Organic nitrogen compound"", ""Organic oxygen compound"", ""Organopnictogen compound"", ""Organic oxide"", ""Hydrocarbon derivative"", ""Primary amine"", ""Organooxygen compound"", ""Organonitrogen compound"", ""Amine"", ""Alcohol"", ""Aromatic heteromonocyclic compound""]"
5271264,NotAvailable,External_descriptors: []
5271264,NotAvailable,"Ancestors: [""Alcohols and polyols"", ""Amines"", ""Azacyclic compounds"", ""Carboximidamides"", ""Chemical entities"", ""Cyclic alcohols and derivatives"", ""Cyclopentanols"", ""Cyclopentyl nucleosides"", ""Dialkyl ethers"", ""Diazines"", ""Ethers"", ""Heteroaromatic compounds"", ""Hydrocarbon derivatives"", ""Hydropyrimidines"", ""Imidolactams"", ""Nucleoside and nucleotide analogues"", ""Nucleosides, nucleotides, and analogues"", ""Organic 1,3-dipolar compounds"", ""Organic acids and derivatives"", ""Organic carbonic acids and derivatives"", ""Organic compounds"", ""Organic nitrogen compounds"", ""Organic oxides"", ""Organic oxygen compounds"", ""Organoheterocyclic compounds"", ""Organonitrogen compounds"", ""Organooxygen compounds"", ""Organopnictogen compounds"", ""Primary amines"", ""Propargyl-type 1,3-dipolar organic compounds"", ""Pyrimidines and pyrimidine derivatives"", ""Pyrimidones"", ""Secondary alcohols""]"
5271264,NotAvailable,predicted_chebi_terms: []
5271264,NotAvailable,predicted_lipidmaps_terms: []
5271264,NotAvailable,Classification_version: 2.1
5271801,CHEMONTID:0000000,Kingdom: Organic compounds
5271801,CHEMONTID:0000289,"Superclass: Nucleosides, nucleotides, and analogues"
5271801,CHEMONTID:0000479,Class: Purine nucleosides
5271801,CHEMONTID:0002179,"Subclass: Purine 2',3'-dideoxyribonucleosides"
5271801,CHEMONTID:0002179,"Direct_parent: Purine 2',3'-dideoxyribonucleosides"
5271801,CHEMONTID:0002987,alternative_parents: 6-aminopurines
5271801,CHEMONTID:0001262,alternative_parents: Aminopyrimidines and derivatives
5271801,CHEMONTID:0003458,alternative_parents: Monoalkyl phosphates
5271801,CHEMONTID:0002453,alternative_parents: Primary aromatic amines
5271801,CHEMONTID:0003886,alternative_parents: Imidolactams
5271801,CHEMONTID:0002311,alternative_parents: N-substituted imidazoles
5271801,CHEMONTID:0001967,alternative_parents: Oxolanes
5271801,CHEMONTID:0004144,alternative_parents: Heteroaromatic compounds
5271801,CHEMONTID:0004139,alternative_parents: Azacyclic compounds
5271801,CHEMONTID:0004140,alternative_parents: Oxacyclic compounds
5271801,CHEMONTID:0000323,alternative_parents: Organooxygen compounds
5271801,CHEMONTID:0004557,alternative_parents: Organopnictogen compounds
5271801,CHEMONTID:0004150,alternative_parents: Hydrocarbon derivatives
5271801,CHEMONTID:0001027,alternative_parents: Alkyl fluorides
5271801,CHEMONTID:0001517,alternative_parents: Organofluorides
5271801,CHEMONTID:0003940,alternative_parents: Organic oxides
5271801,NotAvailable,mMlecular_framework: Aromatic heteropolycyclic compounds
5271801,NotAvailable,"Substituents: [""Purine 2',3'-dideoxyribonucleoside"", ""6-aminopurine"", ""Purine"", ""Imidazopyrimidine"", ""Aminopyrimidine"", ""Monoalkyl phosphate"", ""Phosphoric acid ester"", ""Primary aromatic amine"", ""Pyrimidine"", ""Alkyl phosphate"", ""N-substituted imidazole"", ""Organic phosphoric acid derivative"", ""Imidolactam"", ""Azole"", ""Oxolane"", ""Imidazole"", ""Heteroaromatic compound"", ""Oxacycle"", ""Azacycle"", ""Organoheterocyclic compound"", ""Organonitrogen compound"", ""Organofluoride"", ""Alkyl fluoride"", ""Organohalogen compound"", ""Organic nitrogen compound"", ""Hydrocarbon derivative"", ""Organic oxide"", ""Organopnictogen compound"", ""Organic oxygen compound"", ""Amine"", ""Organooxygen compound"", ""Alkyl halide"", ""Primary amine"", ""Aromatic heteropolycyclic compound""]"
5271801,NotAvailable,External_descriptors: []
5271801,NotAvailable,"Ancestors: [""6-aminopurines"", ""Alkyl fluorides"", ""Alkyl halides"", ""Alkyl phosphates"", ""Amidines"", ""Amines"", ""Aminopyrimidines and derivatives"", ""Azacyclic compounds"", ""Azoles"", ""Carboximidamides"", ""Chemical entities"", ""Diazines"", ""Formamidines"", ""Heteroaromatic compounds"", ""Hydrocarbon derivatives"", ""Imidazoles"", ""Imidazopyrimidines"", ""Imidolactams"", ""Monoalkyl phosphates"", ""N-substituted imidazoles"", ""Nucleosides, nucleotides, and analogues"", ""Organic 1,3-dipolar compounds"", ""Organic acids and derivatives"", ""Organic compounds"", ""Organic nitrogen compounds"", ""Organic oxides"", ""Organic oxygen compounds"", ""Organic phosphoric acids and derivatives"", ""Organofluorides"", ""Organohalogen compounds"", ""Organoheterocyclic compounds"", ""Organonitrogen compounds"", ""Organooxygen compounds"", ""Organopnictogen compounds"", ""Oxacyclic compounds"", ""Oxolanes"", ""Phosphate esters"", ""Primary amines"", ""Primary aromatic amines"", ""Propargyl-type 1,3-dipolar organic compounds"", ""Purine 2',3'-dideoxyribonucleosides"", ""Purine nucleosides"", ""Purines and purine derivatives"", ""Pyrimidines and pyrimidine derivatives"", ""Substituted imidazoles"", ""Tetrahydrofurans""]"
5271801,NotAvailable,"predicted_chebi_terms: [""6-aminopurines (CHEBI:20706)"", ""aminopyrimidine (CHEBI:38338)"", ""monoalkyl phosphate (CHEBI:25381)"", ""primary arylamine (CHEBI:50471)"", ""heterocyclic compound (CHEBI:5686)"", ""dicarboximide (CHEBI:35356)"", ""organosulfur compound (CHEBI:33261)"", ""imidazoles (CHEBI:24780)"", ""oxolanes (CHEBI:26912)"", ""organic aromatic compound (CHEBI:33659)"", ""organonitrogen heterocyclic compound (CHEBI:38101)"", ""oxacycle (CHEBI:38104)"", ""organooxygen compound (CHEBI:36963)"", ""pnictogen molecular entity (CHEBI:33302)"", ""organic molecular entity (CHEBI:50860)"", ""organic molecule (CHEBI:72695)"", ""organofluorine compound (CHEBI:37143)"", ""organic oxide (CHEBI:25701)"", ""nucleobase-containing molecular entity (CHEBI:61120)"", ""chemical entity (CHEBI:24431)"", ""organic heterocyclic compound (CHEBI:24532)"", ""imidazopyrimidine (CHEBI:35875)"", ""purines (CHEBI:26401)"", ""diazines (CHEBI:38313)"", ""pyrimidines (CHEBI:39447)"", ""organic acid (CHEBI:64709)"", ""phosphoric acid derivative (CHEBI:26079)"", ""phosphoric ester (CHEBI:37734)"", ""alkyl phosphate (CHEBI:22324)"", ""nitrogen molecular entity (CHEBI:51143)"", ""organonitrogen compound (CHEBI:35352)"", ""amine (CHEBI:32952)"", ""primary amine (CHEBI:32877)"", ""azole (CHEBI:68452)"", ""oxygen molecular entity (CHEBI:25806)"", ""organohalogen compound (CHEBI:36684)"", ""haloalkane (CHEBI:24469)"", ""purine nucleoside (CHEBI:26394)""]"
5271801,NotAvailable,predicted_lipidmaps_terms: []
5271801,NotAvailable,Classification_version: 2.1
